accession,feature,score
SSL3|CC1,algpred2_hybrid_score,0.633
SSL3|CC5,algpred2_hybrid_score,0.184
SSL3|CC8,algpred2_hybrid_score,0.144
SSL3|CC22,algpred2_hybrid_score,0.158
SSL3|CC30,algpred2_hybrid_score,0.19
SSL3|CC93,algpred2_hybrid_score,0.123
SSL7|CC1,algpred2_hybrid_score,0.808
SSL7|CC5,algpred2_hybrid_score,0.723
SSL7|CC8,algpred2_hybrid_score,0.77
SSL7|CC22,algpred2_hybrid_score,0.262
SSL7|CC30,algpred2_hybrid_score,0.771
SSL7|CC93,algpred2_hybrid_score,0.752
SSL11|CC1,algpred2_hybrid_score,0.173
SSL11|CC5,algpred2_hybrid_score,0.274
SSL11|CC8,algpred2_hybrid_score,0.204
SSL11|CC22,algpred2_hybrid_score,0.199
SSL11|CC30,algpred2_hybrid_score,0.308
SSL11|CC93,algpred2_hybrid_score,0.237
YP_499183.1,algpred2_hybrid_score,0.035
YP_501487.1,algpred2_hybrid_score,0.027
YP_500419.1,algpred2_hybrid_score,0.075
YP_500337.1,algpred2_hybrid_score,0.173
YP_500378.1,algpred2_hybrid_score,-0.276
YP_499389.1,algpred2_hybrid_score,-0.295
YP_499915.1,algpred2_hybrid_score,0.191
YP_501058.1,algpred2_hybrid_score,0.552
YP_499703.1,algpred2_hybrid_score,-0.279
YP_500657.1,algpred2_hybrid_score,0.86
YP_499492.1,algpred2_hybrid_score,0.168
YP_501495.1,algpred2_hybrid_score,-0.399
YP_500791.1,algpred2_hybrid_score,0.044
YP_500348.1,algpred2_hybrid_score,0.685
YP_499292.1,algpred2_hybrid_score,0.205
YP_498758.1,algpred2_hybrid_score,0.1
YP_500086.1,algpred2_hybrid_score,0.093
YP_500438.1,algpred2_hybrid_score,0.121
YP_501182.1,algpred2_hybrid_score,-0.482
YP_500020.1,algpred2_hybrid_score,0.037
YP_501119.1,algpred2_hybrid_score,0.196
YP_500511.1,algpred2_hybrid_score,0.162
YP_500759.1,algpred2_hybrid_score,0.268
YP_498958.1,algpred2_hybrid_score,0.211
YP_499051.1,algpred2_hybrid_score,0.061
YP_499163.1,algpred2_hybrid_score,0.023
YP_499540.1,algpred2_hybrid_score,-0.368
YP_499616.1,algpred2_hybrid_score,0.173
YP_500587.1,algpred2_hybrid_score,0.163
YP_499721.1,algpred2_hybrid_score,-0.368
YP_499390.1,algpred2_hybrid_score,-0.179
YP_500936.1,algpred2_hybrid_score,0.035
YP_501445.1,algpred2_hybrid_score,-0.193
YP_501499.1,algpred2_hybrid_score,0.085
YP_499373.1,algpred2_hybrid_score,0.164
YP_501066.1,algpred2_hybrid_score,-0.33
YP_500763.1,algpred2_hybrid_score,-0.336
YP_500308.1,algpred2_hybrid_score,0.016
YP_499548.1,algpred2_hybrid_score,0.11
YP_501128.1,algpred2_hybrid_score,0.295
YP_499075.1,algpred2_hybrid_score,-0.437
YP_501077.1,algpred2_hybrid_score,0.593
YP_500800.1,algpred2_hybrid_score,0.183
YP_500576.1,algpred2_hybrid_score,0.088
YP_499961.1,algpred2_hybrid_score,0.227
YP_498794.1,algpred2_hybrid_score,-0.32
YP_500304.1,algpred2_hybrid_score,-0.434
YP_499855.1,algpred2_hybrid_score,0.12
YP_499262.1,algpred2_hybrid_score,-0.475
YP_008530245.1,algpred2_hybrid_score,0.097
YP_499857.1,algpred2_hybrid_score,1.166
YP_500261.1,algpred2_hybrid_score,0.264
YP_498610.1,algpred2_hybrid_score,-0.417
YP_500922.1,algpred2_hybrid_score,-0.167
YP_500433.1,algpred2_hybrid_score,0.068
YP_499934.1,algpred2_hybrid_score,0.03
YP_500542.1,algpred2_hybrid_score,0.58
YP_500426.1,algpred2_hybrid_score,0.097
YP_501450.1,algpred2_hybrid_score,0.067
YP_498730.1,algpred2_hybrid_score,-0.324
YP_499158.1,algpred2_hybrid_score,0.019
YP_500764.1,algpred2_hybrid_score,0.027
YP_500167.1,algpred2_hybrid_score,-0.474
YP_499002.1,algpred2_hybrid_score,0.04
YP_501474.1,algpred2_hybrid_score,0.228
YP_501139.1,algpred2_hybrid_score,0.099
YP_500711.1,algpred2_hybrid_score,0.011
YP_500549.1,algpred2_hybrid_score,0.107
YP_501122.1,algpred2_hybrid_score,0.019
YP_498678.1,algpred2_hybrid_score,-0.443
YP_499994.1,algpred2_hybrid_score,0.314
YP_499764.1,algpred2_hybrid_score,0.062
YP_500682.1,algpred2_hybrid_score,0.118
YP_501253.1,algpred2_hybrid_score,0.079
YP_500186.1,algpred2_hybrid_score,-0.434
YP_500068.1,algpred2_hybrid_score,-0.264
YP_499541.1,algpred2_hybrid_score,0.824
YP_499312.1,algpred2_hybrid_score,0.086
YP_500905.1,algpred2_hybrid_score,0.521
YP_499719.1,algpred2_hybrid_score,0.768
YP_499093.1,algpred2_hybrid_score,0.2
YP_499224.1,algpred2_hybrid_score,-0.379
YP_498647.1,algpred2_hybrid_score,0.206
YP_499525.1,algpred2_hybrid_score,0.075
YP_499522.1,algpred2_hybrid_score,0.16
YP_498928.1,algpred2_hybrid_score,0.641
YP_499123.1,algpred2_hybrid_score,0.253
YP_499058.1,algpred2_hybrid_score,0.24
YP_500459.1,algpred2_hybrid_score,-0.19
YP_499978.1,algpred2_hybrid_score,0.877
YP_501107.1,algpred2_hybrid_score,0.017
YP_499349.1,algpred2_hybrid_score,0.651
YP_499995.1,algpred2_hybrid_score,0.089
YP_500697.1,algpred2_hybrid_score,0.155
YP_500007.1,algpred2_hybrid_score,0.023
YP_499119.1,algpred2_hybrid_score,-0.401
YP_499685.1,algpred2_hybrid_score,-0.416
YP_500599.1,algpred2_hybrid_score,0.138
YP_500389.1,algpred2_hybrid_score,-0.251
YP_500162.1,algpred2_hybrid_score,-0.311
YP_501186.1,algpred2_hybrid_score,-0.02
YP_498609.1,algpred2_hybrid_score,-0.39
YP_500741.1,algpred2_hybrid_score,-0.403
YP_500804.1,algpred2_hybrid_score,0.245
YP_500449.1,algpred2_hybrid_score,-0.46
YP_500120.1,algpred2_hybrid_score,0.259
YP_500405.1,algpred2_hybrid_score,0.557
YP_499431.1,algpred2_hybrid_score,0.473
YP_498696.1,algpred2_hybrid_score,-0.368
YP_500550.1,algpred2_hybrid_score,-0.36
YP_500795.1,algpred2_hybrid_score,-0.389
YP_499888.1,algpred2_hybrid_score,0.17
YP_499558.1,algpred2_hybrid_score,0.172
YP_500393.1,algpred2_hybrid_score,0.091
YP_498896.1,algpred2_hybrid_score,0.097
YP_500255.1,algpred2_hybrid_score,-0.407
YP_501173.1,algpred2_hybrid_score,0.154
YP_499376.1,algpred2_hybrid_score,0.206
YP_500119.1,algpred2_hybrid_score,0.312
YP_501036.1,algpred2_hybrid_score,0.52
YP_500279.1,algpred2_hybrid_score,-0.457
YP_501481.1,algpred2_hybrid_score,-0.461
YP_501434.1,algpred2_hybrid_score,-0.464
YP_499264.1,algpred2_hybrid_score,0.208
YP_498768.1,algpred2_hybrid_score,-0.307
YP_499118.1,algpred2_hybrid_score,0.239
YP_500388.1,algpred2_hybrid_score,0.044
YP_498966.1,algpred2_hybrid_score,0.054
YP_501290.1,algpred2_hybrid_score,0.609
YP_499555.1,algpred2_hybrid_score,0.165
YP_501264.1,algpred2_hybrid_score,0.126
YP_500713.1,algpred2_hybrid_score,0.24
YP_499530.1,algpred2_hybrid_score,0.148
YP_499050.1,algpred2_hybrid_score,-0.23
YP_501132.1,algpred2_hybrid_score,0.053
YP_501053.1,algpred2_hybrid_score,0.578
YP_500864.1,algpred2_hybrid_score,0.484
YP_501208.1,algpred2_hybrid_score,0.236
YP_500495.1,algpred2_hybrid_score,0.071
YP_499100.1,algpred2_hybrid_score,0.086
YP_501383.1,algpred2_hybrid_score,0.113
YP_500189.1,algpred2_hybrid_score,0.116
YP_500399.1,algpred2_hybrid_score,0.046
YP_499396.1,algpred2_hybrid_score,-0.481
YP_499593.1,algpred2_hybrid_score,0.291
YP_499986.1,algpred2_hybrid_score,0.176
YP_500202.1,algpred2_hybrid_score,0.405
YP_498859.1,algpred2_hybrid_score,0.542
YP_498655.1,algpred2_hybrid_score,0.051
YP_500306.1,algpred2_hybrid_score,0.422
YP_499249.1,algpred2_hybrid_score,0.11
YP_499345.1,algpred2_hybrid_score,0.054
YP_498808.1,algpred2_hybrid_score,0.004
YP_499225.1,algpred2_hybrid_score,-0.476
YP_500380.1,algpred2_hybrid_score,0.432
YP_499451.1,algpred2_hybrid_score,-0.419
YP_008530243.1,algpred2_hybrid_score,0.088
YP_498838.1,algpred2_hybrid_score,0.089
YP_501152.1,algpred2_hybrid_score,-0.173
YP_500917.1,algpred2_hybrid_score,0.621
YP_498913.1,algpred2_hybrid_score,0.047
YP_500822.1,algpred2_hybrid_score,-0.427
YP_499470.1,algpred2_hybrid_score,0.416
YP_499771.1,algpred2_hybrid_score,-0.483
YP_500001.1,algpred2_hybrid_score,0.106
YP_500700.1,algpred2_hybrid_score,0.768
YP_499966.1,algpred2_hybrid_score,0.302
YP_499406.1,algpred2_hybrid_score,0.083
YP_500247.1,algpred2_hybrid_score,-0.386
YP_500390.1,algpred2_hybrid_score,0.219
YP_500734.1,algpred2_hybrid_score,0.075
YP_501286.1,algpred2_hybrid_score,0.793
YP_499814.1,algpred2_hybrid_score,0.006
YP_498729.1,algpred2_hybrid_score,0.074
YP_499402.1,algpred2_hybrid_score,-0.379
YP_500183.1,algpred2_hybrid_score,-0.156
YP_499565.1,algpred2_hybrid_score,0.997
YP_500645.1,algpred2_hybrid_score,-0.407
YP_498751.1,algpred2_hybrid_score,0.251
YP_498989.1,algpred2_hybrid_score,0.315
YP_500431.1,algpred2_hybrid_score,0.187
YP_500650.1,algpred2_hybrid_score,0.308
YP_499177.1,algpred2_hybrid_score,0.043
YP_498931.1,algpred2_hybrid_score,0.158
YP_500655.1,algpred2_hybrid_score,0.667
YP_499586.1,algpred2_hybrid_score,0.116
YP_500868.1,algpred2_hybrid_score,0.186
YP_501414.1,algpred2_hybrid_score,0.083
YP_500911.1,algpred2_hybrid_score,0.105
YP_499461.1,algpred2_hybrid_score,0.291
YP_499181.1,algpred2_hybrid_score,0.017
YP_499146.1,algpred2_hybrid_score,0.349
YP_498721.1,algpred2_hybrid_score,0.221
YP_499037.1,algpred2_hybrid_score,0.148
YP_501133.1,algpred2_hybrid_score,0.032
YP_501137.1,algpred2_hybrid_score,0.252
YP_500059.1,algpred2_hybrid_score,0.217
YP_498663.1,algpred2_hybrid_score,-0.482
YP_500986.1,algpred2_hybrid_score,0.159
YP_499809.1,algpred2_hybrid_score,0.328
YP_499832.1,algpred2_hybrid_score,0.199
YP_499397.1,algpred2_hybrid_score,-0.481
YP_501477.1,algpred2_hybrid_score,0.098
YP_500964.1,algpred2_hybrid_score,0.175
YP_501222.1,algpred2_hybrid_score,-0.476
YP_500398.1,algpred2_hybrid_score,0.07
YP_499787.1,algpred2_hybrid_score,0.038
YP_499107.1,algpred2_hybrid_score,-0.268
YP_501258.1,algpred2_hybrid_score,0.084
YP_500667.1,algpred2_hybrid_score,0.781
YP_499884.1,algpred2_hybrid_score,0.125
YP_500602.1,algpred2_hybrid_score,0.209
YP_500311.1,algpred2_hybrid_score,0.173
YP_499128.1,algpred2_hybrid_score,-0.472
YP_500445.1,algpred2_hybrid_score,0.024
YP_500806.1,algpred2_hybrid_score,-0.413
YP_500949.1,algpred2_hybrid_score,0.016
YP_500401.1,algpred2_hybrid_score,0.018
YP_501170.1,algpred2_hybrid_score,-0.283
YP_500913.1,algpred2_hybrid_score,0.262
YP_499329.1,algpred2_hybrid_score,0.156
YP_498826.1,algpred2_hybrid_score,0.071
YP_499760.1,algpred2_hybrid_score,0.103
YP_500855.1,algpred2_hybrid_score,0.177
YP_501478.1,algpred2_hybrid_score,0.526
YP_499794.1,algpred2_hybrid_score,0.04
YP_500719.1,algpred2_hybrid_score,0.084
YP_499998.1,algpred2_hybrid_score,0.711
YP_501418.1,algpred2_hybrid_score,-0.257
YP_500434.1,algpred2_hybrid_score,-0.358
YP_501338.1,algpred2_hybrid_score,0.034
YP_499913.1,algpred2_hybrid_score,-0.452
YP_498835.1,algpred2_hybrid_score,0.083
YP_500890.1,algpred2_hybrid_score,-0.449
YP_500883.1,algpred2_hybrid_score,-0.475
YP_500687.1,algpred2_hybrid_score,0.246
YP_498714.1,algpred2_hybrid_score,0.076
YP_501252.1,algpred2_hybrid_score,-0.473
YP_499172.1,algpred2_hybrid_score,0.206
YP_499276.1,algpred2_hybrid_score,0.475
YP_500553.1,algpred2_hybrid_score,0.317
YP_500301.1,algpred2_hybrid_score,-0.324
YP_500208.1,algpred2_hybrid_score,0.037
YP_499754.1,algpred2_hybrid_score,0.641
YP_501216.1,algpred2_hybrid_score,0.623
YP_498621.1,algpred2_hybrid_score,0.545
YP_499822.1,algpred2_hybrid_score,0.215
YP_499675.1,algpred2_hybrid_score,0.039
YP_499331.1,algpred2_hybrid_score,0.132
YP_501269.1,algpred2_hybrid_score,0.075
SSL3|CC1,bepipred3_median_epitope_score,0.1863291785120964
SSL3|CC5,bepipred3_median_epitope_score,0.19192589074373245
SSL3|CC8,bepipred3_median_epitope_score,0.20304512977600098
SSL3|CC22,bepipred3_median_epitope_score,0.19108916819095612
SSL3|CC30,bepipred3_median_epitope_score,0.1895763874053955
SSL3|CC93,bepipred3_median_epitope_score,0.17254997044801712
SSL7|CC1,bepipred3_median_epitope_score,0.15810173749923706
SSL7|CC5,bepipred3_median_epitope_score,0.15522055327892303
SSL7|CC8,bepipred3_median_epitope_score,0.13896456360816956
SSL7|CC22,bepipred3_median_epitope_score,0.17890825867652893
SSL7|CC30,bepipred3_median_epitope_score,0.16713175177574158
SSL7|CC93,bepipred3_median_epitope_score,0.15897712111473083
SSL11|CC1,bepipred3_median_epitope_score,0.18870284408330917
SSL11|CC5,bepipred3_median_epitope_score,0.19471091032028198
SSL11|CC8,bepipred3_median_epitope_score,0.1940649300813675
SSL11|CC22,bepipred3_median_epitope_score,0.17974920570850372
SSL11|CC30,bepipred3_median_epitope_score,0.18928641080856323
SSL11|CC93,bepipred3_median_epitope_score,0.18577447533607483
YP_499183.1,bepipred3_median_epitope_score,0.1328311786055565
YP_501487.1,bepipred3_median_epitope_score,0.1147560253739357
YP_500419.1,bepipred3_median_epitope_score,0.20248184353113174
YP_500337.1,bepipred3_median_epitope_score,0.11764221265912056
YP_500378.1,bepipred3_median_epitope_score,0.06381887942552567
YP_499389.1,bepipred3_median_epitope_score,0.1262204423546791
YP_501058.1,bepipred3_median_epitope_score,0.1366545781493187
YP_499703.1,bepipred3_median_epitope_score,0.08050694316625595
YP_500657.1,bepipred3_median_epitope_score,0.17520780116319656
YP_499492.1,bepipred3_median_epitope_score,0.12841078639030457
YP_501495.1,bepipred3_median_epitope_score,0.09286244213581085
YP_500791.1,bepipred3_median_epitope_score,0.03302266448736191
YP_500348.1,bepipred3_median_epitope_score,0.18458089232444763
YP_499292.1,bepipred3_median_epitope_score,0.05733930133283138
YP_498758.1,bepipred3_median_epitope_score,0.07534084469079971
YP_500086.1,bepipred3_median_epitope_score,0.18491029739379883
YP_500438.1,bepipred3_median_epitope_score,0.1824195832014084
YP_501182.1,bepipred3_median_epitope_score,0.06222841143608093
YP_500020.1,bepipred3_median_epitope_score,0.08246093988418579
YP_501119.1,bepipred3_median_epitope_score,0.2830106168985367
YP_500511.1,bepipred3_median_epitope_score,0.16548432409763336
YP_500759.1,bepipred3_median_epitope_score,0.07718115299940109
YP_498958.1,bepipred3_median_epitope_score,0.17662430554628372
YP_499051.1,bepipred3_median_epitope_score,0.06333379447460175
YP_499163.1,bepipred3_median_epitope_score,0.0659201592206955
YP_499540.1,bepipred3_median_epitope_score,0.12153621017932892
YP_499616.1,bepipred3_median_epitope_score,0.11284595727920532
YP_500587.1,bepipred3_median_epitope_score,0.11364056915044785
YP_499721.1,bepipred3_median_epitope_score,0.11744510009884834
YP_499390.1,bepipred3_median_epitope_score,0.11419849842786789
YP_500936.1,bepipred3_median_epitope_score,0.06547820568084717
YP_501445.1,bepipred3_median_epitope_score,0.0903230607509613
YP_501499.1,bepipred3_median_epitope_score,0.08999261260032654
YP_499373.1,bepipred3_median_epitope_score,0.13266339898109436
YP_501066.1,bepipred3_median_epitope_score,0.06507141888141632
YP_500763.1,bepipred3_median_epitope_score,0.05735854059457779
YP_500308.1,bepipred3_median_epitope_score,0.03063243255019188
YP_499548.1,bepipred3_median_epitope_score,0.17357272654771805
YP_501128.1,bepipred3_median_epitope_score,0.15137258917093277
YP_499075.1,bepipred3_median_epitope_score,0.0787329450249672
YP_501077.1,bepipred3_median_epitope_score,0.04571730084717274
YP_500800.1,bepipred3_median_epitope_score,0.14687223732471466
YP_500576.1,bepipred3_median_epitope_score,0.08852744102478027
YP_499961.1,bepipred3_median_epitope_score,0.12233500182628632
YP_498794.1,bepipred3_median_epitope_score,0.08197852224111557
YP_500304.1,bepipred3_median_epitope_score,0.07404949516057968
YP_499855.1,bepipred3_median_epitope_score,0.22763528674840927
YP_499262.1,bepipred3_median_epitope_score,0.04300561547279358
YP_008530245.1,bepipred3_median_epitope_score,0.08282430469989777
YP_499857.1,bepipred3_median_epitope_score,0.1302393078804016
YP_500261.1,bepipred3_median_epitope_score,0.10635572671890259
YP_498610.1,bepipred3_median_epitope_score,0.06383151561021805
YP_500922.1,bepipred3_median_epitope_score,0.07852695509791374
YP_500433.1,bepipred3_median_epitope_score,0.06895338743925095
YP_499934.1,bepipred3_median_epitope_score,0.09087123721837997
YP_500542.1,bepipred3_median_epitope_score,0.08912332355976105
YP_500426.1,bepipred3_median_epitope_score,0.06836320832371712
YP_501450.1,bepipred3_median_epitope_score,0.09732669591903687
YP_498730.1,bepipred3_median_epitope_score,0.12411508709192276
YP_499158.1,bepipred3_median_epitope_score,0.06859709322452545
YP_500764.1,bepipred3_median_epitope_score,0.06048933416604996
YP_500167.1,bepipred3_median_epitope_score,0.0269771758466959
YP_499002.1,bepipred3_median_epitope_score,0.04750274494290352
YP_501474.1,bepipred3_median_epitope_score,0.08029809594154358
YP_501139.1,bepipred3_median_epitope_score,0.14493642002344131
YP_500711.1,bepipred3_median_epitope_score,0.12491953745484352
YP_500549.1,bepipred3_median_epitope_score,0.06771354377269745
YP_501122.1,bepipred3_median_epitope_score,0.08960757777094841
YP_498678.1,bepipred3_median_epitope_score,0.04174383543431759
YP_499994.1,bepipred3_median_epitope_score,0.102419413626194
YP_499764.1,bepipred3_median_epitope_score,0.22437435388565063
YP_500682.1,bepipred3_median_epitope_score,0.11059381067752838
YP_501253.1,bepipred3_median_epitope_score,0.16750838607549667
YP_500186.1,bepipred3_median_epitope_score,0.1115291565656662
YP_500068.1,bepipred3_median_epitope_score,0.11564546450972557
YP_499541.1,bepipred3_median_epitope_score,0.15446513146162033
YP_499312.1,bepipred3_median_epitope_score,0.1127924770116806
YP_500905.1,bepipred3_median_epitope_score,0.0752405971288681
YP_499719.1,bepipred3_median_epitope_score,0.15042145550251007
YP_499093.1,bepipred3_median_epitope_score,0.08676594495773315
YP_499224.1,bepipred3_median_epitope_score,0.07571445405483246
YP_498647.1,bepipred3_median_epitope_score,0.12118688970804214
YP_499525.1,bepipred3_median_epitope_score,0.17042890191078186
YP_499522.1,bepipred3_median_epitope_score,0.13520268350839615
YP_498928.1,bepipred3_median_epitope_score,0.08292108401656151
YP_499123.1,bepipred3_median_epitope_score,0.20206302404403687
YP_499058.1,bepipred3_median_epitope_score,0.1111997589468956
YP_500459.1,bepipred3_median_epitope_score,0.0788957066833973
YP_499978.1,bepipred3_median_epitope_score,0.14792674034833908
YP_501107.1,bepipred3_median_epitope_score,0.10145755112171173
YP_499349.1,bepipred3_median_epitope_score,0.19273948669433594
YP_499995.1,bepipred3_median_epitope_score,0.06201531924307346
YP_500697.1,bepipred3_median_epitope_score,0.20591922104358673
YP_500007.1,bepipred3_median_epitope_score,0.2114994153380394
YP_499119.1,bepipred3_median_epitope_score,0.08225012198090553
YP_499685.1,bepipred3_median_epitope_score,0.0767960473895073
YP_500599.1,bepipred3_median_epitope_score,0.06850558519363403
YP_500389.1,bepipred3_median_epitope_score,0.07057715207338333
YP_500162.1,bepipred3_median_epitope_score,0.09428514540195465
YP_501186.1,bepipred3_median_epitope_score,0.05330446735024452
YP_498609.1,bepipred3_median_epitope_score,0.08517386019229889
YP_500741.1,bepipred3_median_epitope_score,0.06024501472711563
YP_500804.1,bepipred3_median_epitope_score,0.32880550622940063
YP_500449.1,bepipred3_median_epitope_score,0.058460742235183716
YP_500120.1,bepipred3_median_epitope_score,0.08008010685443878
YP_500405.1,bepipred3_median_epitope_score,0.03408261761069298
YP_499431.1,bepipred3_median_epitope_score,0.09787500277161598
YP_498696.1,bepipred3_median_epitope_score,0.12276433408260345
YP_500550.1,bepipred3_median_epitope_score,0.10827158391475677
YP_500795.1,bepipred3_median_epitope_score,0.12462446466088295
YP_499888.1,bepipred3_median_epitope_score,0.0891103520989418
YP_499558.1,bepipred3_median_epitope_score,0.0590241439640522
YP_500393.1,bepipred3_median_epitope_score,0.12234900891780853
YP_498896.1,bepipred3_median_epitope_score,0.12278773635625839
YP_500255.1,bepipred3_median_epitope_score,0.06770367920398712
YP_501173.1,bepipred3_median_epitope_score,0.049264732748270035
YP_499376.1,bepipred3_median_epitope_score,0.1821599155664444
YP_500119.1,bepipred3_median_epitope_score,0.12082821130752563
YP_501036.1,bepipred3_median_epitope_score,0.059227097779512405
YP_500279.1,bepipred3_median_epitope_score,0.06511148065328598
YP_501481.1,bepipred3_median_epitope_score,0.03267228417098522
YP_501434.1,bepipred3_median_epitope_score,0.07774215191602707
YP_499264.1,bepipred3_median_epitope_score,0.10834091156721115
YP_498768.1,bepipred3_median_epitope_score,0.07229539006948471
YP_499118.1,bepipred3_median_epitope_score,0.11915294826030731
YP_498966.1,bepipred3_median_epitope_score,0.11377422139048576
YP_501290.1,bepipred3_median_epitope_score,0.09656322002410889
YP_499555.1,bepipred3_median_epitope_score,0.28523290157318115
YP_501264.1,bepipred3_median_epitope_score,0.2193002700805664
YP_500713.1,bepipred3_median_epitope_score,0.2329287976026535
YP_499530.1,bepipred3_median_epitope_score,0.16346633434295654
YP_499050.1,bepipred3_median_epitope_score,0.07019447162747383
YP_501132.1,bepipred3_median_epitope_score,0.13292214274406433
YP_501053.1,bepipred3_median_epitope_score,0.06662634760141373
YP_500864.1,bepipred3_median_epitope_score,0.08653334528207779
YP_501208.1,bepipred3_median_epitope_score,0.11846880614757538
YP_500495.1,bepipred3_median_epitope_score,0.07784141600131989
YP_499100.1,bepipred3_median_epitope_score,0.08755744993686676
YP_501383.1,bepipred3_median_epitope_score,0.10299098491668701
YP_500189.1,bepipred3_median_epitope_score,0.07343754917383194
YP_500399.1,bepipred3_median_epitope_score,0.09199238568544388
YP_499396.1,bepipred3_median_epitope_score,0.09457028657197952
YP_499593.1,bepipred3_median_epitope_score,0.2197948396205902
YP_499986.1,bepipred3_median_epitope_score,0.19606798887252808
YP_500202.1,bepipred3_median_epitope_score,0.08573507517576218
YP_498859.1,bepipred3_median_epitope_score,0.10752804577350616
YP_498655.1,bepipred3_median_epitope_score,0.08541379123926163
YP_500306.1,bepipred3_median_epitope_score,0.07685155421495438
YP_499249.1,bepipred3_median_epitope_score,0.1563148945569992
YP_499345.1,bepipred3_median_epitope_score,0.08807644993066788
YP_498808.1,bepipred3_median_epitope_score,0.07727576047182083
YP_499225.1,bepipred3_median_epitope_score,0.06288471817970276
YP_500380.1,bepipred3_median_epitope_score,0.0848548486828804
YP_499451.1,bepipred3_median_epitope_score,0.04991668090224266
YP_008530243.1,bepipred3_median_epitope_score,0.13640300184488297
YP_498838.1,bepipred3_median_epitope_score,0.24169118702411652
YP_501152.1,bepipred3_median_epitope_score,0.11372749879956245
YP_500917.1,bepipred3_median_epitope_score,0.06241345964372158
YP_498913.1,bepipred3_median_epitope_score,0.09850271046161652
YP_500822.1,bepipred3_median_epitope_score,0.07412457093596458
YP_499470.1,bepipred3_median_epitope_score,0.09002123028039932
YP_499771.1,bepipred3_median_epitope_score,0.031748490408062935
YP_500001.1,bepipred3_median_epitope_score,0.05120651423931122
YP_500700.1,bepipred3_median_epitope_score,0.16078445315361023
YP_499966.1,bepipred3_median_epitope_score,0.28303730487823486
YP_499406.1,bepipred3_median_epitope_score,0.24718041718006134
YP_500247.1,bepipred3_median_epitope_score,0.09972051531076431
YP_500390.1,bepipred3_median_epitope_score,0.07488177716732025
YP_500734.1,bepipred3_median_epitope_score,0.11433766409754753
YP_501286.1,bepipred3_median_epitope_score,0.1479591503739357
YP_499814.1,bepipred3_median_epitope_score,0.11172590777277946
YP_498729.1,bepipred3_median_epitope_score,0.0766516849398613
YP_499402.1,bepipred3_median_epitope_score,0.07004304975271225
YP_500183.1,bepipred3_median_epitope_score,0.10905344784259796
YP_499565.1,bepipred3_median_epitope_score,0.058622315526008606
YP_500645.1,bepipred3_median_epitope_score,0.09539959207177162
YP_498751.1,bepipred3_median_epitope_score,0.10415482521057129
YP_498989.1,bepipred3_median_epitope_score,0.13657862693071365
YP_500431.1,bepipred3_median_epitope_score,0.13990043103694916
YP_500650.1,bepipred3_median_epitope_score,0.19336151331663132
YP_499177.1,bepipred3_median_epitope_score,0.027124270796775818
YP_498931.1,bepipred3_median_epitope_score,0.0550130195915699
YP_500655.1,bepipred3_median_epitope_score,0.13895940780639648
YP_499586.1,bepipred3_median_epitope_score,0.23320748656988144
YP_500868.1,bepipred3_median_epitope_score,0.11074312031269073
YP_501414.1,bepipred3_median_epitope_score,0.11520355939865112
YP_500911.1,bepipred3_median_epitope_score,0.09058832004666328
YP_499461.1,bepipred3_median_epitope_score,0.08135739341378212
YP_499181.1,bepipred3_median_epitope_score,0.06950905546545982
YP_499146.1,bepipred3_median_epitope_score,0.0786215253174305
YP_498721.1,bepipred3_median_epitope_score,0.1211121492087841
YP_499037.1,bepipred3_median_epitope_score,0.11985625699162483
YP_501133.1,bepipred3_median_epitope_score,0.04298292100429535
YP_501137.1,bepipred3_median_epitope_score,0.10413862392306328
YP_500059.1,bepipred3_median_epitope_score,0.09717607870697975
YP_498663.1,bepipred3_median_epitope_score,0.03838973306119442
YP_500986.1,bepipred3_median_epitope_score,0.23333421349525452
YP_499809.1,bepipred3_median_epitope_score,0.047432636842131615
YP_499832.1,bepipred3_median_epitope_score,0.20450833439826965
YP_499397.1,bepipred3_median_epitope_score,0.03918454796075821
YP_501477.1,bepipred3_median_epitope_score,0.11485680937767029
YP_500964.1,bepipred3_median_epitope_score,0.08735540136694908
YP_501222.1,bepipred3_median_epitope_score,0.08336726576089859
YP_500398.1,bepipred3_median_epitope_score,0.10490652918815613
YP_499787.1,bepipred3_median_epitope_score,0.10573568195104599
YP_499107.1,bepipred3_median_epitope_score,0.0808204859495163
YP_501258.1,bepipred3_median_epitope_score,0.11494473740458488
YP_500667.1,bepipred3_median_epitope_score,0.08488082513213158
YP_499884.1,bepipred3_median_epitope_score,0.1868656426668167
YP_500602.1,bepipred3_median_epitope_score,0.08733667433261871
YP_500311.1,bepipred3_median_epitope_score,0.0652177557349205
YP_499128.1,bepipred3_median_epitope_score,0.04099028371274471
YP_500445.1,bepipred3_median_epitope_score,0.04118630290031433
YP_500806.1,bepipred3_median_epitope_score,0.07571345940232277
YP_500949.1,bepipred3_median_epitope_score,0.030610643327236176
YP_500401.1,bepipred3_median_epitope_score,0.058492906391620636
YP_501170.1,bepipred3_median_epitope_score,0.1242058277130127
YP_500913.1,bepipred3_median_epitope_score,0.07274945080280304
YP_499329.1,bepipred3_median_epitope_score,0.24714188277721405
YP_498826.1,bepipred3_median_epitope_score,0.10338306427001953
YP_499760.1,bepipred3_median_epitope_score,0.07425399869680405
YP_500855.1,bepipred3_median_epitope_score,0.20207302272319794
YP_499794.1,bepipred3_median_epitope_score,0.07195213437080383
YP_500719.1,bepipred3_median_epitope_score,0.09100969135761261
YP_499998.1,bepipred3_median_epitope_score,0.07638321071863174
YP_501418.1,bepipred3_median_epitope_score,0.06388984620571136
YP_500434.1,bepipred3_median_epitope_score,0.10465947538614273
YP_501338.1,bepipred3_median_epitope_score,0.05599728226661682
YP_499913.1,bepipred3_median_epitope_score,0.03429313749074936
YP_498835.1,bepipred3_median_epitope_score,0.08605290949344635
YP_500890.1,bepipred3_median_epitope_score,0.04228144697844982
YP_500883.1,bepipred3_median_epitope_score,0.05334082245826721
YP_500687.1,bepipred3_median_epitope_score,0.13478286564350128
YP_498714.1,bepipred3_median_epitope_score,0.05898642912507057
YP_501252.1,bepipred3_median_epitope_score,0.0795181654393673
YP_499172.1,bepipred3_median_epitope_score,0.1785387247800827
YP_499276.1,bepipred3_median_epitope_score,0.16581783443689346
YP_500553.1,bepipred3_median_epitope_score,0.20129181444644928
YP_500301.1,bepipred3_median_epitope_score,0.07033826038241386
YP_500208.1,bepipred3_median_epitope_score,0.11497612670063972
YP_499754.1,bepipred3_median_epitope_score,0.0631987415254116
YP_501216.1,bepipred3_median_epitope_score,0.14487488567829132
YP_498621.1,bepipred3_median_epitope_score,0.04453597217798233
YP_499822.1,bepipred3_median_epitope_score,0.09687952324748039
YP_499675.1,bepipred3_median_epitope_score,0.03382506221532822
YP_499331.1,bepipred3_median_epitope_score,0.0920901894569397
YP_501269.1,bepipred3_median_epitope_score,0.11414484307169914
SSL3|CC1,ifnepitope2_median_score,0.595
SSL3|CC5,ifnepitope2_median_score,0.61
SSL3|CC8,ifnepitope2_median_score,0.6
SSL3|CC22,ifnepitope2_median_score,0.555
SSL3|CC30,ifnepitope2_median_score,0.57
SSL3|CC93,ifnepitope2_median_score,0.57
SSL7|CC1,ifnepitope2_median_score,0.58
SSL7|CC5,ifnepitope2_median_score,0.56
SSL7|CC8,ifnepitope2_median_score,0.57
SSL7|CC22,ifnepitope2_median_score,0.57
SSL7|CC30,ifnepitope2_median_score,0.57
SSL7|CC93,ifnepitope2_median_score,0.56
SSL11|CC1,ifnepitope2_median_score,0.55
SSL11|CC5,ifnepitope2_median_score,0.56
SSL11|CC8,ifnepitope2_median_score,0.53
SSL11|CC22,ifnepitope2_median_score,0.52
SSL11|CC30,ifnepitope2_median_score,0.565
SSL11|CC93,ifnepitope2_median_score,0.54
YP_499183.1,ifnepitope2_median_score,0.56
YP_501487.1,ifnepitope2_median_score,0.58
YP_500419.1,ifnepitope2_median_score,0.57
YP_500337.1,ifnepitope2_median_score,0.58
YP_500378.1,ifnepitope2_median_score,0.6
YP_499389.1,ifnepitope2_median_score,0.58
YP_499915.1,ifnepitope2_median_score,0.54
YP_501058.1,ifnepitope2_median_score,0.5
YP_499703.1,ifnepitope2_median_score,0.6
YP_500657.1,ifnepitope2_median_score,0.545
YP_499492.1,ifnepitope2_median_score,0.6
YP_501495.1,ifnepitope2_median_score,0.59
YP_500791.1,ifnepitope2_median_score,0.59
YP_500348.1,ifnepitope2_median_score,0.58
YP_499292.1,ifnepitope2_median_score,0.62
YP_498758.1,ifnepitope2_median_score,0.58
YP_500086.1,ifnepitope2_median_score,0.58
YP_500438.1,ifnepitope2_median_score,0.57
YP_501182.1,ifnepitope2_median_score,0.59
YP_500020.1,ifnepitope2_median_score,0.59
YP_501119.1,ifnepitope2_median_score,0.535
YP_500511.1,ifnepitope2_median_score,0.59
YP_500759.1,ifnepitope2_median_score,0.6
YP_498958.1,ifnepitope2_median_score,0.6
YP_499051.1,ifnepitope2_median_score,0.58
YP_499163.1,ifnepitope2_median_score,0.58
YP_499540.1,ifnepitope2_median_score,0.58
YP_499616.1,ifnepitope2_median_score,0.56
YP_500587.1,ifnepitope2_median_score,0.58
YP_499721.1,ifnepitope2_median_score,0.62
YP_499390.1,ifnepitope2_median_score,0.545
YP_500936.1,ifnepitope2_median_score,0.59
YP_501445.1,ifnepitope2_median_score,0.56
YP_501499.1,ifnepitope2_median_score,0.6
YP_499373.1,ifnepitope2_median_score,0.62
YP_501066.1,ifnepitope2_median_score,0.61
YP_500763.1,ifnepitope2_median_score,0.59
YP_500308.1,ifnepitope2_median_score,0.6
YP_499548.1,ifnepitope2_median_score,0.61
YP_501128.1,ifnepitope2_median_score,0.59
YP_499075.1,ifnepitope2_median_score,0.53
YP_501077.1,ifnepitope2_median_score,0.58
YP_500800.1,ifnepitope2_median_score,0.6
YP_500576.1,ifnepitope2_median_score,0.53
YP_499961.1,ifnepitope2_median_score,0.54
YP_498794.1,ifnepitope2_median_score,0.59
YP_500304.1,ifnepitope2_median_score,0.57
YP_499855.1,ifnepitope2_median_score,0.455
YP_499262.1,ifnepitope2_median_score,0.6
YP_008530245.1,ifnepitope2_median_score,0.61
YP_499857.1,ifnepitope2_median_score,0.6
YP_500261.1,ifnepitope2_median_score,0.55
YP_498610.1,ifnepitope2_median_score,0.58
YP_500922.1,ifnepitope2_median_score,0.57
YP_500433.1,ifnepitope2_median_score,0.59
YP_499934.1,ifnepitope2_median_score,0.56
YP_500542.1,ifnepitope2_median_score,0.57
YP_500426.1,ifnepitope2_median_score,0.59
YP_501450.1,ifnepitope2_median_score,0.535
YP_498730.1,ifnepitope2_median_score,0.61
YP_499158.1,ifnepitope2_median_score,0.52
YP_500764.1,ifnepitope2_median_score,0.62
YP_500167.1,ifnepitope2_median_score,0.57
YP_499002.1,ifnepitope2_median_score,0.58
YP_501474.1,ifnepitope2_median_score,0.58
YP_501139.1,ifnepitope2_median_score,0.605
YP_500711.1,ifnepitope2_median_score,0.51
YP_500549.1,ifnepitope2_median_score,0.5
YP_501122.1,ifnepitope2_median_score,0.57
YP_498678.1,ifnepitope2_median_score,0.62
YP_499994.1,ifnepitope2_median_score,0.54
YP_499764.1,ifnepitope2_median_score,0.585
YP_500682.1,ifnepitope2_median_score,0.6
YP_501253.1,ifnepitope2_median_score,0.6
YP_500186.1,ifnepitope2_median_score,0.59
YP_500068.1,ifnepitope2_median_score,0.61
YP_499541.1,ifnepitope2_median_score,0.61
YP_499312.1,ifnepitope2_median_score,0.54
YP_500905.1,ifnepitope2_median_score,0.58
YP_499719.1,ifnepitope2_median_score,0.58
YP_499093.1,ifnepitope2_median_score,0.62
YP_499224.1,ifnepitope2_median_score,0.59
YP_498647.1,ifnepitope2_median_score,0.62
YP_499525.1,ifnepitope2_median_score,0.54
YP_499522.1,ifnepitope2_median_score,0.62
YP_498928.1,ifnepitope2_median_score,0.61
YP_499123.1,ifnepitope2_median_score,0.6
YP_499058.1,ifnepitope2_median_score,0.6
YP_500459.1,ifnepitope2_median_score,0.6
YP_499978.1,ifnepitope2_median_score,0.56
YP_501107.1,ifnepitope2_median_score,0.49
YP_499349.1,ifnepitope2_median_score,0.64
YP_499995.1,ifnepitope2_median_score,0.62
YP_500697.1,ifnepitope2_median_score,0.51
YP_500007.1,ifnepitope2_median_score,0.5
YP_499119.1,ifnepitope2_median_score,0.56
YP_499685.1,ifnepitope2_median_score,0.59
YP_500599.1,ifnepitope2_median_score,0.59
YP_500389.1,ifnepitope2_median_score,0.59
YP_500162.1,ifnepitope2_median_score,0.53
YP_501186.1,ifnepitope2_median_score,0.63
YP_498609.1,ifnepitope2_median_score,0.59
YP_500741.1,ifnepitope2_median_score,0.59
YP_500804.1,ifnepitope2_median_score,0.65
YP_500449.1,ifnepitope2_median_score,0.58
YP_500120.1,ifnepitope2_median_score,0.62
YP_500405.1,ifnepitope2_median_score,0.6
YP_499431.1,ifnepitope2_median_score,0.6
YP_498696.1,ifnepitope2_median_score,0.58
YP_500550.1,ifnepitope2_median_score,0.61
YP_500795.1,ifnepitope2_median_score,0.61
YP_499888.1,ifnepitope2_median_score,0.6
YP_499558.1,ifnepitope2_median_score,0.59
YP_500393.1,ifnepitope2_median_score,0.59
YP_498896.1,ifnepitope2_median_score,0.6
YP_500255.1,ifnepitope2_median_score,0.62
YP_501173.1,ifnepitope2_median_score,0.63
YP_499376.1,ifnepitope2_median_score,0.485
YP_500119.1,ifnepitope2_median_score,0.58
YP_501036.1,ifnepitope2_median_score,0.495
YP_500279.1,ifnepitope2_median_score,0.6
YP_501481.1,ifnepitope2_median_score,0.6
YP_501434.1,ifnepitope2_median_score,0.57
YP_499264.1,ifnepitope2_median_score,0.65
YP_498768.1,ifnepitope2_median_score,0.57
YP_499118.1,ifnepitope2_median_score,0.57
YP_500388.1,ifnepitope2_median_score,0.56
YP_498966.1,ifnepitope2_median_score,0.55
YP_501290.1,ifnepitope2_median_score,0.55
YP_499555.1,ifnepitope2_median_score,0.59
YP_501264.1,ifnepitope2_median_score,0.49
YP_500713.1,ifnepitope2_median_score,0.58
YP_499530.1,ifnepitope2_median_score,0.52
YP_499050.1,ifnepitope2_median_score,0.58
YP_501132.1,ifnepitope2_median_score,0.51
YP_501053.1,ifnepitope2_median_score,0.63
YP_500864.1,ifnepitope2_median_score,0.55
YP_501208.1,ifnepitope2_median_score,0.58
YP_500495.1,ifnepitope2_median_score,0.565
YP_499100.1,ifnepitope2_median_score,0.62
YP_501383.1,ifnepitope2_median_score,0.57
YP_500189.1,ifnepitope2_median_score,0.6
YP_500399.1,ifnepitope2_median_score,0.56
YP_499396.1,ifnepitope2_median_score,0.59
YP_499593.1,ifnepitope2_median_score,0.53
YP_499986.1,ifnepitope2_median_score,0.55
YP_500202.1,ifnepitope2_median_score,0.59
YP_498859.1,ifnepitope2_median_score,0.54
YP_498655.1,ifnepitope2_median_score,0.58
YP_500306.1,ifnepitope2_median_score,0.61
YP_499249.1,ifnepitope2_median_score,0.6
YP_499345.1,ifnepitope2_median_score,0.58
YP_498808.1,ifnepitope2_median_score,0.57
YP_499225.1,ifnepitope2_median_score,0.57
YP_500380.1,ifnepitope2_median_score,0.6
YP_499451.1,ifnepitope2_median_score,0.57
YP_008530243.1,ifnepitope2_median_score,0.57
YP_498838.1,ifnepitope2_median_score,0.45
YP_501152.1,ifnepitope2_median_score,0.6
YP_500917.1,ifnepitope2_median_score,0.61
YP_498913.1,ifnepitope2_median_score,0.57
YP_500822.1,ifnepitope2_median_score,0.6
YP_499470.1,ifnepitope2_median_score,0.6
YP_499771.1,ifnepitope2_median_score,0.62
YP_500001.1,ifnepitope2_median_score,0.565
YP_500700.1,ifnepitope2_median_score,0.555
YP_499966.1,ifnepitope2_median_score,0.64
YP_499406.1,ifnepitope2_median_score,0.55
YP_500247.1,ifnepitope2_median_score,0.58
YP_500390.1,ifnepitope2_median_score,0.56
YP_500734.1,ifnepitope2_median_score,0.565
YP_501286.1,ifnepitope2_median_score,0.555
YP_499814.1,ifnepitope2_median_score,0.61
YP_498729.1,ifnepitope2_median_score,0.59
YP_499402.1,ifnepitope2_median_score,0.57
YP_500183.1,ifnepitope2_median_score,0.6
YP_499565.1,ifnepitope2_median_score,0.59
YP_500645.1,ifnepitope2_median_score,0.61
YP_498751.1,ifnepitope2_median_score,0.57
YP_498989.1,ifnepitope2_median_score,0.56
YP_500431.1,ifnepitope2_median_score,0.53
YP_500650.1,ifnepitope2_median_score,0.55
YP_499177.1,ifnepitope2_median_score,0.635
YP_498931.1,ifnepitope2_median_score,0.58
YP_500655.1,ifnepitope2_median_score,0.6
YP_499586.1,ifnepitope2_median_score,0.475
YP_500868.1,ifnepitope2_median_score,0.65
YP_501414.1,ifnepitope2_median_score,0.54
YP_500911.1,ifnepitope2_median_score,0.57
YP_499461.1,ifnepitope2_median_score,0.57
YP_499181.1,ifnepitope2_median_score,0.53
YP_499146.1,ifnepitope2_median_score,0.59
YP_498721.1,ifnepitope2_median_score,0.57
YP_499037.1,ifnepitope2_median_score,0.55
YP_501133.1,ifnepitope2_median_score,0.62
YP_501137.1,ifnepitope2_median_score,0.6
YP_500059.1,ifnepitope2_median_score,0.63
YP_498663.1,ifnepitope2_median_score,0.62
YP_500986.1,ifnepitope2_median_score,0.63
YP_499809.1,ifnepitope2_median_score,0.625
YP_499832.1,ifnepitope2_median_score,0.62
YP_499397.1,ifnepitope2_median_score,0.59
YP_501477.1,ifnepitope2_median_score,0.57
YP_500964.1,ifnepitope2_median_score,0.63
YP_501222.1,ifnepitope2_median_score,0.58
YP_500398.1,ifnepitope2_median_score,0.565
YP_499787.1,ifnepitope2_median_score,0.57
YP_499107.1,ifnepitope2_median_score,0.6
YP_501258.1,ifnepitope2_median_score,0.505
YP_500667.1,ifnepitope2_median_score,0.57
YP_499884.1,ifnepitope2_median_score,0.62
YP_500602.1,ifnepitope2_median_score,0.61
YP_500311.1,ifnepitope2_median_score,0.62
YP_499128.1,ifnepitope2_median_score,0.61
YP_500445.1,ifnepitope2_median_score,0.53
YP_500806.1,ifnepitope2_median_score,0.6
YP_500949.1,ifnepitope2_median_score,0.61
YP_500401.1,ifnepitope2_median_score,0.54
YP_501170.1,ifnepitope2_median_score,0.57
YP_500913.1,ifnepitope2_median_score,0.62
YP_499329.1,ifnepitope2_median_score,0.51
YP_498826.1,ifnepitope2_median_score,0.56
YP_499760.1,ifnepitope2_median_score,0.58
YP_500855.1,ifnepitope2_median_score,0.57
YP_501478.1,ifnepitope2_median_score,0.61
YP_499794.1,ifnepitope2_median_score,0.57
YP_500719.1,ifnepitope2_median_score,0.53
YP_499998.1,ifnepitope2_median_score,0.57
YP_501418.1,ifnepitope2_median_score,0.61
YP_500434.1,ifnepitope2_median_score,0.57
YP_501338.1,ifnepitope2_median_score,0.56
YP_499913.1,ifnepitope2_median_score,0.62
YP_498835.1,ifnepitope2_median_score,0.57
YP_500890.1,ifnepitope2_median_score,0.61
YP_500883.1,ifnepitope2_median_score,0.56
YP_500687.1,ifnepitope2_median_score,0.5
YP_498714.1,ifnepitope2_median_score,0.59
YP_501252.1,ifnepitope2_median_score,0.57
YP_499172.1,ifnepitope2_median_score,0.56
YP_499276.1,ifnepitope2_median_score,0.55
YP_500553.1,ifnepitope2_median_score,0.59
YP_500301.1,ifnepitope2_median_score,0.58
YP_500208.1,ifnepitope2_median_score,0.59
YP_499754.1,ifnepitope2_median_score,0.59
YP_501216.1,ifnepitope2_median_score,0.59
YP_498621.1,ifnepitope2_median_score,0.615
YP_499822.1,ifnepitope2_median_score,0.615
YP_499675.1,ifnepitope2_median_score,0.61
YP_499331.1,ifnepitope2_median_score,0.54
YP_501269.1,ifnepitope2_median_score,0.61
SSL3|CC1,mhci_median_score,0.265562
SSL3|CC1,mhci_median_percentile,0.784
SSL3|CC1,mhci_num_strong_binders,96
SSL3|CC5,mhci_median_score,0.26108
SSL3|CC5,mhci_median_percentile,0.787
SSL3|CC5,mhci_num_strong_binders,92
SSL3|CC8,mhci_median_score,0.260626
SSL3|CC8,mhci_median_percentile,0.787
SSL3|CC8,mhci_num_strong_binders,94
SSL3|CC22,mhci_median_score,0.248522
SSL3|CC22,mhci_median_percentile,0.859
SSL3|CC22,mhci_num_strong_binders,79
SSL3|CC30,mhci_median_score,0.261435
SSL3|CC30,mhci_median_percentile,0.832
SSL3|CC30,mhci_num_strong_binders,79
SSL3|CC93,mhci_median_score,0.2462755
SSL3|CC93,mhci_median_percentile,0.8305
SSL3|CC93,mhci_num_strong_binders,84
SSL7|CC1,mhci_median_score,0.240287
SSL7|CC1,mhci_median_percentile,0.868
SSL7|CC1,mhci_num_strong_binders,73
SSL7|CC5,mhci_median_score,0.23226049999999998
SSL7|CC5,mhci_median_percentile,0.881
SSL7|CC5,mhci_num_strong_binders,75
SSL7|CC8,mhci_median_score,0.221102
SSL7|CC8,mhci_median_percentile,0.83
SSL7|CC8,mhci_num_strong_binders,73
SSL7|CC22,mhci_median_score,0.220841
SSL7|CC22,mhci_median_percentile,0.907
SSL7|CC22,mhci_num_strong_binders,64
SSL7|CC30,mhci_median_score,0.222393
SSL7|CC30,mhci_median_percentile,0.882
SSL7|CC30,mhci_num_strong_binders,66
SSL7|CC93,mhci_median_score,0.221051
SSL7|CC93,mhci_median_percentile,0.8775
SSL7|CC93,mhci_num_strong_binders,70
SSL11|CC1,mhci_median_score,0.23776150000000001
SSL11|CC1,mhci_median_percentile,0.8325
SSL11|CC1,mhci_num_strong_binders,68
SSL11|CC5,mhci_median_score,0.2578195
SSL11|CC5,mhci_median_percentile,0.8214999999999999
SSL11|CC5,mhci_num_strong_binders,94
SSL11|CC8,mhci_median_score,0.230593
SSL11|CC8,mhci_median_percentile,0.908
SSL11|CC8,mhci_num_strong_binders,80
SSL11|CC22,mhci_median_score,0.276236
SSL11|CC22,mhci_median_percentile,0.719
SSL11|CC22,mhci_num_strong_binders,84
SSL11|CC30,mhci_median_score,0.2454
SSL11|CC30,mhci_median_percentile,0.886
SSL11|CC30,mhci_num_strong_binders,62
SSL11|CC93,mhci_median_score,0.254193
SSL11|CC93,mhci_median_percentile,0.833
SSL11|CC93,mhci_num_strong_binders,74
YP_499183.1,mhci_median_score,0.217469
YP_499183.1,mhci_median_percentile,1.0675
YP_499183.1,mhci_num_strong_binders,54
YP_501487.1,mhci_median_score,0.273003
YP_501487.1,mhci_median_percentile,0.762
YP_501487.1,mhci_num_strong_binders,80
YP_500419.1,mhci_median_score,0.241685
YP_500419.1,mhci_median_percentile,0.835
YP_500419.1,mhci_num_strong_binders,19
YP_500337.1,mhci_median_score,0.213738
YP_500337.1,mhci_median_percentile,0.977
YP_500337.1,mhci_num_strong_binders,30
YP_500378.1,mhci_median_score,0.24800899999999998
YP_500378.1,mhci_median_percentile,0.907
YP_500378.1,mhci_num_strong_binders,331
YP_499389.1,mhci_median_score,0.213617
YP_499389.1,mhci_median_percentile,0.973
YP_499389.1,mhci_num_strong_binders,42
YP_499915.1,mhci_median_score,0.259441
YP_499915.1,mhci_median_percentile,0.825
YP_499915.1,mhci_num_strong_binders,18
YP_501058.1,mhci_median_score,0.23591
YP_501058.1,mhci_median_percentile,0.845
YP_501058.1,mhci_num_strong_binders,94
YP_499703.1,mhci_median_score,0.226678
YP_499703.1,mhci_median_percentile,0.915
YP_499703.1,mhci_num_strong_binders,112
YP_500657.1,mhci_median_score,0.242724
YP_500657.1,mhci_median_percentile,0.855
YP_500657.1,mhci_num_strong_binders,32
YP_499492.1,mhci_median_score,0.24444700000000003
YP_499492.1,mhci_median_percentile,0.901
YP_499492.1,mhci_num_strong_binders,39
YP_501495.1,mhci_median_score,0.24990649999999998
YP_501495.1,mhci_median_percentile,0.8634999999999999
YP_501495.1,mhci_num_strong_binders,107
YP_500791.1,mhci_median_score,0.228597
YP_500791.1,mhci_median_percentile,0.919
YP_500791.1,mhci_num_strong_binders,206
YP_500348.1,mhci_median_score,0.217409
YP_500348.1,mhci_median_percentile,0.93
YP_500348.1,mhci_num_strong_binders,235
YP_499292.1,mhci_median_score,0.266706
YP_499292.1,mhci_median_percentile,0.817
YP_499292.1,mhci_num_strong_binders,246
YP_498758.1,mhci_median_score,0.223609
YP_498758.1,mhci_median_percentile,0.904
YP_498758.1,mhci_num_strong_binders,125
YP_500086.1,mhci_median_score,0.278369
YP_500086.1,mhci_median_percentile,0.759
YP_500086.1,mhci_num_strong_binders,32
YP_500438.1,mhci_median_score,0.264146
YP_500438.1,mhci_median_percentile,0.935
YP_500438.1,mhci_num_strong_binders,14
YP_501182.1,mhci_median_score,0.25485
YP_501182.1,mhci_median_percentile,0.839
YP_501182.1,mhci_num_strong_binders,306
YP_500020.1,mhci_median_score,0.236601
YP_500020.1,mhci_median_percentile,0.89
YP_500020.1,mhci_num_strong_binders,163
YP_501119.1,mhci_median_score,0.252015
YP_501119.1,mhci_median_percentile,0.991
YP_501119.1,mhci_num_strong_binders,14
YP_500511.1,mhci_median_score,0.2822525
YP_500511.1,mhci_median_percentile,0.8075
YP_500511.1,mhci_num_strong_binders,17
YP_500759.1,mhci_median_score,0.248616
YP_500759.1,mhci_median_percentile,0.8674999999999999
YP_500759.1,mhci_num_strong_binders,47
YP_498958.1,mhci_median_score,0.208203
YP_498958.1,mhci_median_percentile,1.0545
YP_498958.1,mhci_num_strong_binders,55
YP_499051.1,mhci_median_score,0.264003
YP_499051.1,mhci_median_percentile,0.8425
YP_499051.1,mhci_num_strong_binders,137
YP_499163.1,mhci_median_score,0.240978
YP_499163.1,mhci_median_percentile,0.877
YP_499163.1,mhci_num_strong_binders,99
YP_499540.1,mhci_median_score,0.239087
YP_499540.1,mhci_median_percentile,0.873
YP_499540.1,mhci_num_strong_binders,115
YP_499616.1,mhci_median_score,0.243479
YP_499616.1,mhci_median_percentile,0.899
YP_499616.1,mhci_num_strong_binders,85
YP_499721.1,mhci_median_score,0.261907
YP_499721.1,mhci_median_percentile,0.821
YP_499721.1,mhci_num_strong_binders,63
YP_499390.1,mhci_median_score,0.312884
YP_499390.1,mhci_median_percentile,0.669
YP_499390.1,mhci_num_strong_binders,69
YP_500936.1,mhci_median_score,0.242708
YP_500936.1,mhci_median_percentile,0.829
YP_500936.1,mhci_num_strong_binders,211
YP_501445.1,mhci_median_score,0.191907
YP_501445.1,mhci_median_percentile,1.04
YP_501445.1,mhci_num_strong_binders,52
YP_501499.1,mhci_median_score,0.261201
YP_501499.1,mhci_median_percentile,0.9484999999999999
YP_501499.1,mhci_num_strong_binders,49
YP_499373.1,mhci_median_score,0.24473899999999998
YP_499373.1,mhci_median_percentile,0.8534999999999999
YP_499373.1,mhci_num_strong_binders,77
YP_501066.1,mhci_median_score,0.234803
YP_501066.1,mhci_median_percentile,0.88
YP_501066.1,mhci_num_strong_binders,184
YP_500763.1,mhci_median_score,0.22706500000000002
YP_500763.1,mhci_median_percentile,0.9564999999999999
YP_500763.1,mhci_num_strong_binders,195
YP_500308.1,mhci_median_score,0.24263800000000002
YP_500308.1,mhci_median_percentile,0.8775
YP_500308.1,mhci_num_strong_binders,198
YP_499548.1,mhci_median_score,0.244857
YP_499548.1,mhci_median_percentile,0.834
YP_499548.1,mhci_num_strong_binders,82
YP_501128.1,mhci_median_score,0.196303
YP_501128.1,mhci_median_percentile,1.149
YP_501128.1,mhci_num_strong_binders,22
YP_499075.1,mhci_median_score,0.2440075
YP_499075.1,mhci_median_percentile,0.874
YP_499075.1,mhci_num_strong_binders,75
YP_501077.1,mhci_median_score,0.269679
YP_501077.1,mhci_median_percentile,0.885
YP_501077.1,mhci_num_strong_binders,40
YP_500800.1,mhci_median_score,0.200087
YP_500800.1,mhci_median_percentile,1.06
YP_500800.1,mhci_num_strong_binders,16
YP_500576.1,mhci_median_score,0.22709
YP_500576.1,mhci_median_percentile,0.937
YP_500576.1,mhci_num_strong_binders,80
YP_499961.1,mhci_median_score,0.291301
YP_499961.1,mhci_median_percentile,0.701
YP_499961.1,mhci_num_strong_binders,62
YP_498794.1,mhci_median_score,0.27198
YP_498794.1,mhci_median_percentile,0.812
YP_498794.1,mhci_num_strong_binders,190
YP_500304.1,mhci_median_score,0.243533
YP_500304.1,mhci_median_percentile,0.847
YP_500304.1,mhci_num_strong_binders,105
YP_499855.1,mhci_median_score,0.358282
YP_499855.1,mhci_median_percentile,0.51
YP_499855.1,mhci_num_strong_binders,18
YP_499262.1,mhci_median_score,0.240549
YP_499262.1,mhci_median_percentile,0.929
YP_499262.1,mhci_num_strong_binders,178
YP_499857.1,mhci_median_score,0.2067135
YP_499857.1,mhci_median_percentile,1.0715
YP_499857.1,mhci_num_strong_binders,118
YP_500261.1,mhci_median_score,0.2340485
YP_500261.1,mhci_median_percentile,0.983
YP_500261.1,mhci_num_strong_binders,25
YP_498610.1,mhci_median_score,0.231241
YP_498610.1,mhci_median_percentile,0.886
YP_498610.1,mhci_num_strong_binders,142
YP_500922.1,mhci_median_score,0.23095949999999998
YP_500922.1,mhci_median_percentile,0.9359999999999999
YP_500922.1,mhci_num_strong_binders,52
YP_500433.1,mhci_median_score,0.262942
YP_500433.1,mhci_median_percentile,0.817
YP_500433.1,mhci_num_strong_binders,165
YP_499934.1,mhci_median_score,0.246176
YP_499934.1,mhci_median_percentile,0.898
YP_499934.1,mhci_num_strong_binders,114
YP_500542.1,mhci_median_score,0.2722
YP_500542.1,mhci_median_percentile,0.836
YP_500542.1,mhci_num_strong_binders,185
YP_500426.1,mhci_median_score,0.199064
YP_500426.1,mhci_median_percentile,1.049
YP_500426.1,mhci_num_strong_binders,12
YP_501450.1,mhci_median_score,0.232028
YP_501450.1,mhci_median_percentile,0.932
YP_501450.1,mhci_num_strong_binders,92
YP_498730.1,mhci_median_score,0.211773
YP_498730.1,mhci_median_percentile,0.919
YP_498730.1,mhci_num_strong_binders,50
YP_499158.1,mhci_median_score,0.243356
YP_499158.1,mhci_median_percentile,0.851
YP_499158.1,mhci_num_strong_binders,97
YP_500764.1,mhci_median_score,0.231084
YP_500764.1,mhci_median_percentile,0.889
YP_500764.1,mhci_num_strong_binders,197
YP_500167.1,mhci_median_score,0.229072
YP_500167.1,mhci_median_percentile,0.959
YP_500167.1,mhci_num_strong_binders,139
YP_499002.1,mhci_median_score,0.2770265
YP_499002.1,mhci_median_percentile,0.8194999999999999
YP_499002.1,mhci_num_strong_binders,123
YP_501474.1,mhci_median_score,0.193881
YP_501474.1,mhci_median_percentile,1.094
YP_501474.1,mhci_num_strong_binders,51
YP_501139.1,mhci_median_score,0.203378
YP_501139.1,mhci_median_percentile,1.069
YP_501139.1,mhci_num_strong_binders,46
YP_500711.1,mhci_median_score,0.2288195
YP_500711.1,mhci_median_percentile,0.9524999999999999
YP_500711.1,mhci_num_strong_binders,96
YP_500549.1,mhci_median_score,0.245475
YP_500549.1,mhci_median_percentile,1.04
YP_500549.1,mhci_num_strong_binders,37
YP_501122.1,mhci_median_score,0.2442515
YP_501122.1,mhci_median_percentile,0.879
YP_501122.1,mhci_num_strong_binders,126
YP_498678.1,mhci_median_score,0.25328
YP_498678.1,mhci_median_percentile,0.887
YP_498678.1,mhci_num_strong_binders,143
YP_499994.1,mhci_median_score,0.2746815
YP_499994.1,mhci_median_percentile,0.804
YP_499994.1,mhci_num_strong_binders,48
YP_499764.1,mhci_median_score,0.218437
YP_499764.1,mhci_median_percentile,1.0394999999999999
YP_499764.1,mhci_num_strong_binders,10
YP_500682.1,mhci_median_score,0.17853000000000002
YP_500682.1,mhci_median_percentile,1.0870000000000002
YP_500682.1,mhci_num_strong_binders,39
YP_501253.1,mhci_median_score,0.193425
YP_501253.1,mhci_median_percentile,1.1235
YP_501253.1,mhci_num_strong_binders,19
YP_500186.1,mhci_median_score,0.252254
YP_500186.1,mhci_median_percentile,0.8995
YP_500186.1,mhci_num_strong_binders,117
YP_500068.1,mhci_median_score,0.2471045
YP_500068.1,mhci_median_percentile,0.919
YP_500068.1,mhci_num_strong_binders,59
YP_499541.1,mhci_median_score,0.234934
YP_499541.1,mhci_median_percentile,0.972
YP_499541.1,mhci_num_strong_binders,94
YP_499312.1,mhci_median_score,0.230873
YP_499312.1,mhci_median_percentile,0.849
YP_499312.1,mhci_num_strong_binders,81
YP_500905.1,mhci_median_score,0.255119
YP_500905.1,mhci_median_percentile,0.841
YP_500905.1,mhci_num_strong_binders,283
YP_499719.1,mhci_median_score,0.217365
YP_499719.1,mhci_median_percentile,0.98
YP_499719.1,mhci_num_strong_binders,105
YP_499093.1,mhci_median_score,0.242999
YP_499093.1,mhci_median_percentile,0.839
YP_499093.1,mhci_num_strong_binders,75
YP_499224.1,mhci_median_score,0.278327
YP_499224.1,mhci_median_percentile,0.773
YP_499224.1,mhci_num_strong_binders,125
YP_498647.1,mhci_median_score,0.274631
YP_498647.1,mhci_median_percentile,0.807
YP_498647.1,mhci_num_strong_binders,48
YP_499525.1,mhci_median_score,0.22853849999999998
YP_499525.1,mhci_median_percentile,0.824
YP_499525.1,mhci_num_strong_binders,47
YP_499522.1,mhci_median_score,0.25948950000000004
YP_499522.1,mhci_median_percentile,0.918
YP_499522.1,mhci_num_strong_binders,49
YP_498928.1,mhci_median_score,0.24845
YP_498928.1,mhci_median_percentile,0.81
YP_498928.1,mhci_num_strong_binders,322
YP_499123.1,mhci_median_score,0.27999
YP_499123.1,mhci_median_percentile,0.7655000000000001
YP_499123.1,mhci_num_strong_binders,63
YP_499058.1,mhci_median_score,0.314252
YP_499058.1,mhci_median_percentile,0.715
YP_499058.1,mhci_num_strong_binders,28
YP_500459.1,mhci_median_score,0.25732449999999996
YP_500459.1,mhci_median_percentile,0.829
YP_500459.1,mhci_num_strong_binders,181
YP_499978.1,mhci_median_score,0.1719515
YP_499978.1,mhci_median_percentile,1.1935
YP_499978.1,mhci_num_strong_binders,25
YP_501107.1,mhci_median_score,0.271237
YP_501107.1,mhci_median_percentile,0.823
YP_501107.1,mhci_num_strong_binders,102
YP_499349.1,mhci_median_score,0.2171855
YP_499349.1,mhci_median_percentile,1.093
YP_499349.1,mhci_num_strong_binders,21
YP_499995.1,mhci_median_score,0.222046
YP_499995.1,mhci_median_percentile,0.946
YP_499995.1,mhci_num_strong_binders,97
YP_500697.1,mhci_median_score,0.154
YP_500697.1,mhci_median_percentile,1.207
YP_500697.1,mhci_num_strong_binders,14
YP_500007.1,mhci_median_score,0.2272075
YP_500007.1,mhci_median_percentile,0.8785000000000001
YP_500007.1,mhci_num_strong_binders,44
YP_499119.1,mhci_median_score,0.263502
YP_499119.1,mhci_median_percentile,0.82
YP_499119.1,mhci_num_strong_binders,262
YP_499685.1,mhci_median_score,0.233235
YP_499685.1,mhci_median_percentile,0.937
YP_499685.1,mhci_num_strong_binders,116
YP_500599.1,mhci_median_score,0.246483
YP_500599.1,mhci_median_percentile,0.839
YP_500599.1,mhci_num_strong_binders,194
YP_500389.1,mhci_median_score,0.218215
YP_500389.1,mhci_median_percentile,0.93
YP_500389.1,mhci_num_strong_binders,140
YP_500162.1,mhci_median_score,0.220072
YP_500162.1,mhci_median_percentile,0.842
YP_500162.1,mhci_num_strong_binders,100
YP_501186.1,mhci_median_score,0.21124949999999998
YP_501186.1,mhci_median_percentile,0.9924999999999999
YP_501186.1,mhci_num_strong_binders,120
YP_498609.1,mhci_median_score,0.246386
YP_498609.1,mhci_median_percentile,0.866
YP_498609.1,mhci_num_strong_binders,209
YP_500741.1,mhci_median_score,0.25957
YP_500741.1,mhci_median_percentile,0.786
YP_500741.1,mhci_num_strong_binders,104
YP_500449.1,mhci_median_score,0.280407
YP_500449.1,mhci_median_percentile,0.82
YP_500449.1,mhci_num_strong_binders,73
YP_500120.1,mhci_median_score,0.245933
YP_500120.1,mhci_median_percentile,0.837
YP_500120.1,mhci_num_strong_binders,173
YP_500405.1,mhci_median_score,0.2167325
YP_500405.1,mhci_median_percentile,1.034
YP_500405.1,mhci_num_strong_binders,42
YP_499431.1,mhci_median_score,0.247342
YP_499431.1,mhci_median_percentile,0.877
YP_499431.1,mhci_num_strong_binders,155
YP_498696.1,mhci_median_score,0.243572
YP_498696.1,mhci_median_percentile,0.829
YP_498696.1,mhci_num_strong_binders,115
YP_500550.1,mhci_median_score,0.2908635
YP_500550.1,mhci_median_percentile,0.824
YP_500550.1,mhci_num_strong_binders,58
YP_500795.1,mhci_median_score,0.237473
YP_500795.1,mhci_median_percentile,0.9005000000000001
YP_500795.1,mhci_num_strong_binders,193
YP_499888.1,mhci_median_score,0.270575
YP_499888.1,mhci_median_percentile,0.861
YP_499888.1,mhci_num_strong_binders,128
YP_499558.1,mhci_median_score,0.25534999999999997
YP_499558.1,mhci_median_percentile,0.9395
YP_499558.1,mhci_num_strong_binders,52
YP_500393.1,mhci_median_score,0.251774
YP_500393.1,mhci_median_percentile,0.715
YP_500393.1,mhci_num_strong_binders,35
YP_498896.1,mhci_median_score,0.289159
YP_498896.1,mhci_median_percentile,0.708
YP_498896.1,mhci_num_strong_binders,109
YP_500255.1,mhci_median_score,0.205847
YP_500255.1,mhci_median_percentile,1.036
YP_500255.1,mhci_num_strong_binders,101
YP_501173.1,mhci_median_score,0.275103
YP_501173.1,mhci_median_percentile,0.806
YP_501173.1,mhci_num_strong_binders,113
YP_499376.1,mhci_median_score,0.24753950000000002
YP_499376.1,mhci_median_percentile,0.81
YP_499376.1,mhci_num_strong_binders,43
YP_500119.1,mhci_median_score,0.25716649999999996
YP_500119.1,mhci_median_percentile,0.8005
YP_500119.1,mhci_num_strong_binders,43
YP_501036.1,mhci_median_score,0.225202
YP_501036.1,mhci_median_percentile,0.9355
YP_501036.1,mhci_num_strong_binders,65
YP_500279.1,mhci_median_score,0.2550215
YP_500279.1,mhci_median_percentile,0.897
YP_500279.1,mhci_num_strong_binders,103
YP_501481.1,mhci_median_score,0.238317
YP_501481.1,mhci_median_percentile,0.8975
YP_501481.1,mhci_num_strong_binders,148
YP_501434.1,mhci_median_score,0.2369475
YP_501434.1,mhci_median_percentile,0.873
YP_501434.1,mhci_num_strong_binders,377
YP_499264.1,mhci_median_score,0.2453435
YP_499264.1,mhci_median_percentile,0.9045000000000001
YP_499264.1,mhci_num_strong_binders,69
YP_498768.1,mhci_median_score,0.2393615
YP_498768.1,mhci_median_percentile,0.877
YP_498768.1,mhci_num_strong_binders,290
YP_499118.1,mhci_median_score,0.222508
YP_499118.1,mhci_median_percentile,0.969
YP_499118.1,mhci_num_strong_binders,309
YP_500388.1,mhci_median_score,0.21363949999999998
YP_500388.1,mhci_median_percentile,1.0215
YP_500388.1,mhci_num_strong_binders,40
YP_498966.1,mhci_median_score,0.283232
YP_498966.1,mhci_median_percentile,0.801
YP_498966.1,mhci_num_strong_binders,93
YP_501290.1,mhci_median_score,0.25474949999999996
YP_501290.1,mhci_median_percentile,0.865
YP_501290.1,mhci_num_strong_binders,100
YP_501264.1,mhci_median_score,0.2632855
YP_501264.1,mhci_median_percentile,0.853
YP_501264.1,mhci_num_strong_binders,75
YP_500713.1,mhci_median_score,0.2278465
YP_500713.1,mhci_median_percentile,0.889
YP_500713.1,mhci_num_strong_binders,36
YP_499530.1,mhci_median_score,0.369311
YP_499530.1,mhci_median_percentile,0.588
YP_499530.1,mhci_num_strong_binders,27
YP_499050.1,mhci_median_score,0.24101
YP_499050.1,mhci_median_percentile,0.872
YP_499050.1,mhci_num_strong_binders,142
YP_501132.1,mhci_median_score,0.21790749999999998
YP_501132.1,mhci_median_percentile,0.937
YP_501132.1,mhci_num_strong_binders,35
YP_501053.1,mhci_median_score,0.29017899999999996
YP_501053.1,mhci_median_percentile,0.747
YP_501053.1,mhci_num_strong_binders,60
YP_500864.1,mhci_median_score,0.227488
YP_500864.1,mhci_median_percentile,0.872
YP_500864.1,mhci_num_strong_binders,54
YP_501208.1,mhci_median_score,0.248043
YP_501208.1,mhci_median_percentile,0.844
YP_501208.1,mhci_num_strong_binders,107
YP_500495.1,mhci_median_score,0.21323
YP_500495.1,mhci_median_percentile,0.953
YP_500495.1,mhci_num_strong_binders,121
YP_499100.1,mhci_median_score,0.243659
YP_499100.1,mhci_median_percentile,0.986
YP_499100.1,mhci_num_strong_binders,51
YP_501383.1,mhci_median_score,0.263128
YP_501383.1,mhci_median_percentile,0.775
YP_501383.1,mhci_num_strong_binders,58
YP_500189.1,mhci_median_score,0.257521
YP_500189.1,mhci_median_percentile,0.834
YP_500189.1,mhci_num_strong_binders,163
YP_500399.1,mhci_median_score,0.247033
YP_500399.1,mhci_median_percentile,0.909
YP_500399.1,mhci_num_strong_binders,78
YP_499396.1,mhci_median_score,0.238322
YP_499396.1,mhci_median_percentile,0.879
YP_499396.1,mhci_num_strong_binders,130
YP_499593.1,mhci_median_score,0.240558
YP_499593.1,mhci_median_percentile,0.899
YP_499593.1,mhci_num_strong_binders,41
YP_499986.1,mhci_median_score,0.260684
YP_499986.1,mhci_median_percentile,0.903
YP_499986.1,mhci_num_strong_binders,60
YP_500202.1,mhci_median_score,0.259674
YP_500202.1,mhci_median_percentile,0.91
YP_500202.1,mhci_num_strong_binders,38
YP_498859.1,mhci_median_score,0.2399945
YP_498859.1,mhci_median_percentile,0.8875
YP_498859.1,mhci_num_strong_binders,94
YP_498655.1,mhci_median_score,0.289939
YP_498655.1,mhci_median_percentile,0.761
YP_498655.1,mhci_num_strong_binders,70
YP_500306.1,mhci_median_score,0.25918450000000004
YP_500306.1,mhci_median_percentile,0.8694999999999999
YP_500306.1,mhci_num_strong_binders,155
YP_499249.1,mhci_median_score,0.221939
YP_499249.1,mhci_median_percentile,0.875
YP_499249.1,mhci_num_strong_binders,63
YP_499345.1,mhci_median_score,0.25099
YP_499345.1,mhci_median_percentile,0.867
YP_499345.1,mhci_num_strong_binders,114
YP_498808.1,mhci_median_score,0.238856
YP_498808.1,mhci_median_percentile,0.894
YP_498808.1,mhci_num_strong_binders,335
YP_499225.1,mhci_median_score,0.236428
YP_499225.1,mhci_median_percentile,0.897
YP_499225.1,mhci_num_strong_binders,134
YP_500380.1,mhci_median_score,0.2448305
YP_500380.1,mhci_median_percentile,0.9535
YP_500380.1,mhci_num_strong_binders,124
YP_499451.1,mhci_median_score,0.240998
YP_499451.1,mhci_median_percentile,0.824
YP_499451.1,mhci_num_strong_binders,178
YP_008530243.1,mhci_median_score,0.334145
YP_008530243.1,mhci_median_percentile,0.621
YP_008530243.1,mhci_num_strong_binders,57
YP_501152.1,mhci_median_score,0.229684
YP_501152.1,mhci_median_percentile,0.953
YP_501152.1,mhci_num_strong_binders,156
YP_500917.1,mhci_median_score,0.226566
YP_500917.1,mhci_median_percentile,0.9655
YP_500917.1,mhci_num_strong_binders,240
YP_498913.1,mhci_median_score,0.246224
YP_498913.1,mhci_median_percentile,0.858
YP_498913.1,mhci_num_strong_binders,65
YP_500822.1,mhci_median_score,0.240544
YP_500822.1,mhci_median_percentile,0.896
YP_500822.1,mhci_num_strong_binders,178
YP_499470.1,mhci_median_score,0.2123825
YP_499470.1,mhci_median_percentile,0.967
YP_499470.1,mhci_num_strong_binders,52
YP_499771.1,mhci_median_score,0.23561
YP_499771.1,mhci_median_percentile,0.905
YP_499771.1,mhci_num_strong_binders,99
YP_500001.1,mhci_median_score,0.258729
YP_500001.1,mhci_median_percentile,0.871
YP_500001.1,mhci_num_strong_binders,142
YP_500700.1,mhci_median_score,0.3099405
YP_500700.1,mhci_median_percentile,0.6930000000000001
YP_500700.1,mhci_num_strong_binders,24
YP_499966.1,mhci_median_score,0.193649
YP_499966.1,mhci_median_percentile,0.9245000000000001
YP_499966.1,mhci_num_strong_binders,13
YP_499406.1,mhci_median_score,0.213607
YP_499406.1,mhci_median_percentile,1.025
YP_499406.1,mhci_num_strong_binders,25
YP_500247.1,mhci_median_score,0.231525
YP_500247.1,mhci_median_percentile,0.932
YP_500247.1,mhci_num_strong_binders,86
YP_500390.1,mhci_median_score,0.250301
YP_500390.1,mhci_median_percentile,0.8755
YP_500390.1,mhci_num_strong_binders,84
YP_500734.1,mhci_median_score,0.235017
YP_500734.1,mhci_median_percentile,0.799
YP_500734.1,mhci_num_strong_binders,30
YP_501286.1,mhci_median_score,0.218701
YP_501286.1,mhci_median_percentile,0.991
YP_501286.1,mhci_num_strong_binders,26
YP_499814.1,mhci_median_score,0.281798
YP_499814.1,mhci_median_percentile,0.778
YP_499814.1,mhci_num_strong_binders,81
YP_498729.1,mhci_median_score,0.236107
YP_498729.1,mhci_median_percentile,0.926
YP_498729.1,mhci_num_strong_binders,152
YP_499402.1,mhci_median_score,0.227723
YP_499402.1,mhci_median_percentile,0.9065000000000001
YP_499402.1,mhci_num_strong_binders,172
YP_500183.1,mhci_median_score,0.23007149999999998
YP_500183.1,mhci_median_percentile,0.886
YP_500183.1,mhci_num_strong_binders,61
YP_499565.1,mhci_median_score,0.232122
YP_499565.1,mhci_median_percentile,0.92
YP_499565.1,mhci_num_strong_binders,122
YP_500645.1,mhci_median_score,0.228402
YP_500645.1,mhci_median_percentile,0.901
YP_500645.1,mhci_num_strong_binders,31
YP_498751.1,mhci_median_score,0.230738
YP_498751.1,mhci_median_percentile,0.949
YP_498751.1,mhci_num_strong_binders,54
YP_498989.1,mhci_median_score,0.285718
YP_498989.1,mhci_median_percentile,0.824
YP_498989.1,mhci_num_strong_binders,103
YP_500431.1,mhci_median_score,0.232994
YP_500431.1,mhci_median_percentile,0.903
YP_500431.1,mhci_num_strong_binders,36
YP_500650.1,mhci_median_score,0.246698
YP_500650.1,mhci_median_percentile,0.8915
YP_500650.1,mhci_num_strong_binders,219
YP_499177.1,mhci_median_score,0.22549
YP_499177.1,mhci_median_percentile,0.9984999999999999
YP_499177.1,mhci_num_strong_binders,126
YP_498931.1,mhci_median_score,0.236511
YP_498931.1,mhci_median_percentile,0.875
YP_498931.1,mhci_num_strong_binders,138
YP_500655.1,mhci_median_score,0.276103
YP_500655.1,mhci_median_percentile,0.741
YP_500655.1,mhci_num_strong_binders,60
YP_499586.1,mhci_median_score,0.226378
YP_499586.1,mhci_median_percentile,0.8185
YP_499586.1,mhci_num_strong_binders,20
YP_500868.1,mhci_median_score,0.183945
YP_500868.1,mhci_median_percentile,1.288
YP_500868.1,mhci_num_strong_binders,5
YP_501414.1,mhci_median_score,0.239384
YP_501414.1,mhci_median_percentile,0.85
YP_501414.1,mhci_num_strong_binders,192
YP_500911.1,mhci_median_score,0.221548
YP_500911.1,mhci_median_percentile,0.921
YP_500911.1,mhci_num_strong_binders,74
YP_499461.1,mhci_median_score,0.233338
YP_499461.1,mhci_median_percentile,0.857
YP_499461.1,mhci_num_strong_binders,172
YP_499181.1,mhci_median_score,0.232321
YP_499181.1,mhci_median_percentile,0.908
YP_499181.1,mhci_num_strong_binders,107
YP_499146.1,mhci_median_score,0.255286
YP_499146.1,mhci_median_percentile,0.8565
YP_499146.1,mhci_num_strong_binders,166
YP_498721.1,mhci_median_score,0.277836
YP_498721.1,mhci_median_percentile,0.788
YP_498721.1,mhci_num_strong_binders,79
YP_499037.1,mhci_median_score,0.21990500000000002
YP_499037.1,mhci_median_percentile,0.9915
YP_499037.1,mhci_num_strong_binders,26
YP_501133.1,mhci_median_score,0.249285
YP_501133.1,mhci_median_percentile,0.887
YP_501133.1,mhci_num_strong_binders,167
YP_501137.1,mhci_median_score,0.257434
YP_501137.1,mhci_median_percentile,0.876
YP_501137.1,mhci_num_strong_binders,119
YP_500059.1,mhci_median_score,0.29122899999999996
YP_500059.1,mhci_median_percentile,0.7585
YP_500059.1,mhci_num_strong_binders,59
YP_498663.1,mhci_median_score,0.24438300000000002
YP_498663.1,mhci_median_percentile,0.9265000000000001
YP_498663.1,mhci_num_strong_binders,159
YP_500986.1,mhci_median_score,0.2973165
YP_500986.1,mhci_median_percentile,0.602
YP_500986.1,mhci_num_strong_binders,25
YP_499809.1,mhci_median_score,0.215909
YP_499809.1,mhci_median_percentile,0.954
YP_499809.1,mhci_num_strong_binders,159
YP_499832.1,mhci_median_score,0.235699
YP_499832.1,mhci_median_percentile,0.904
YP_499832.1,mhci_num_strong_binders,11
YP_499397.1,mhci_median_score,0.260549
YP_499397.1,mhci_median_percentile,0.848
YP_499397.1,mhci_num_strong_binders,116
YP_501477.1,mhci_median_score,0.229203
YP_501477.1,mhci_median_percentile,0.896
YP_501477.1,mhci_num_strong_binders,50
YP_500964.1,mhci_median_score,0.231066
YP_500964.1,mhci_median_percentile,0.808
YP_500964.1,mhci_num_strong_binders,67
YP_501222.1,mhci_median_score,0.24856
YP_501222.1,mhci_median_percentile,0.809
YP_501222.1,mhci_num_strong_binders,96
YP_500398.1,mhci_median_score,0.249017
YP_500398.1,mhci_median_percentile,0.859
YP_500398.1,mhci_num_strong_binders,87
YP_499787.1,mhci_median_score,0.27203
YP_499787.1,mhci_median_percentile,0.731
YP_499787.1,mhci_num_strong_binders,117
YP_499107.1,mhci_median_score,0.226578
YP_499107.1,mhci_median_percentile,0.882
YP_499107.1,mhci_num_strong_binders,105
YP_501258.1,mhci_median_score,0.229106
YP_501258.1,mhci_median_percentile,0.952
YP_501258.1,mhci_num_strong_binders,39
YP_500667.1,mhci_median_score,0.22883
YP_500667.1,mhci_median_percentile,0.9365000000000001
YP_500667.1,mhci_num_strong_binders,198
YP_500602.1,mhci_median_score,0.223256
YP_500602.1,mhci_median_percentile,0.8545
YP_500602.1,mhci_num_strong_binders,66
YP_500311.1,mhci_median_score,0.2546405
YP_500311.1,mhci_median_percentile,0.8294999999999999
YP_500311.1,mhci_num_strong_binders,209
YP_499128.1,mhci_median_score,0.2442165
YP_499128.1,mhci_median_percentile,0.902
YP_499128.1,mhci_num_strong_binders,212
YP_500445.1,mhci_median_score,0.243022
YP_500445.1,mhci_median_percentile,0.907
YP_500445.1,mhci_num_strong_binders,93
YP_500806.1,mhci_median_score,0.2330045
YP_500806.1,mhci_median_percentile,0.9155
YP_500806.1,mhci_num_strong_binders,121
YP_500949.1,mhci_median_score,0.22379549999999998
YP_500949.1,mhci_median_percentile,0.9455
YP_500949.1,mhci_num_strong_binders,120
YP_500401.1,mhci_median_score,0.27565
YP_500401.1,mhci_median_percentile,0.769
YP_500401.1,mhci_num_strong_binders,126
YP_501170.1,mhci_median_score,0.2618735
YP_501170.1,mhci_median_percentile,0.8425
YP_501170.1,mhci_num_strong_binders,130
YP_500913.1,mhci_median_score,0.2295725
YP_500913.1,mhci_median_percentile,0.855
YP_500913.1,mhci_num_strong_binders,146
YP_499329.1,mhci_median_score,0.206235
YP_499329.1,mhci_median_percentile,1.127
YP_499329.1,mhci_num_strong_binders,8
YP_498826.1,mhci_median_score,0.2203985
YP_498826.1,mhci_median_percentile,0.967
YP_498826.1,mhci_num_strong_binders,96
YP_499760.1,mhci_median_score,0.2344495
YP_499760.1,mhci_median_percentile,0.907
YP_499760.1,mhci_num_strong_binders,136
YP_500855.1,mhci_median_score,0.2844335
YP_500855.1,mhci_median_percentile,0.883
YP_500855.1,mhci_num_strong_binders,17
YP_501478.1,mhci_median_score,0.2173735
YP_501478.1,mhci_median_percentile,0.9455
YP_501478.1,mhci_num_strong_binders,178
YP_499794.1,mhci_median_score,0.237307
YP_499794.1,mhci_median_percentile,0.869
YP_499794.1,mhci_num_strong_binders,171
YP_500719.1,mhci_median_score,0.25223850000000003
YP_500719.1,mhci_median_percentile,0.8414999999999999
YP_500719.1,mhci_num_strong_binders,101
YP_499998.1,mhci_median_score,0.220256
YP_499998.1,mhci_median_percentile,0.897
YP_499998.1,mhci_num_strong_binders,152
YP_501418.1,mhci_median_score,0.258866
YP_501418.1,mhci_median_percentile,0.765
YP_501418.1,mhci_num_strong_binders,141
YP_500434.1,mhci_median_score,0.249186
YP_500434.1,mhci_median_percentile,0.8534999999999999
YP_500434.1,mhci_num_strong_binders,234
YP_501338.1,mhci_median_score,0.26601450000000004
YP_501338.1,mhci_median_percentile,0.788
YP_501338.1,mhci_num_strong_binders,330
YP_499913.1,mhci_median_score,0.24510749999999998
YP_499913.1,mhci_median_percentile,0.949
YP_499913.1,mhci_num_strong_binders,137
YP_498835.1,mhci_median_score,0.24692
YP_498835.1,mhci_median_percentile,0.896
YP_498835.1,mhci_num_strong_binders,54
YP_500890.1,mhci_median_score,0.24788949999999998
YP_500890.1,mhci_median_percentile,0.859
YP_500890.1,mhci_num_strong_binders,221
YP_500883.1,mhci_median_score,0.256726
YP_500883.1,mhci_median_percentile,0.865
YP_500883.1,mhci_num_strong_binders,113
YP_500687.1,mhci_median_score,0.198034
YP_500687.1,mhci_median_percentile,1.088
YP_500687.1,mhci_num_strong_binders,17
YP_498714.1,mhci_median_score,0.2566385
YP_498714.1,mhci_median_percentile,0.829
YP_498714.1,mhci_num_strong_binders,91
YP_501252.1,mhci_median_score,0.241026
YP_501252.1,mhci_median_percentile,0.896
YP_501252.1,mhci_num_strong_binders,236
YP_499172.1,mhci_median_score,0.29228299999999996
YP_499172.1,mhci_median_percentile,0.69
YP_499172.1,mhci_num_strong_binders,26
YP_499276.1,mhci_median_score,0.187538
YP_499276.1,mhci_median_percentile,0.977
YP_499276.1,mhci_num_strong_binders,28
YP_500553.1,mhci_median_score,0.241194
YP_500553.1,mhci_median_percentile,0.821
YP_500553.1,mhci_num_strong_binders,50
YP_500301.1,mhci_median_score,0.270792
YP_500301.1,mhci_median_percentile,0.754
YP_500301.1,mhci_num_strong_binders,456
YP_500208.1,mhci_median_score,0.2481715
YP_500208.1,mhci_median_percentile,0.8645
YP_500208.1,mhci_num_strong_binders,32
YP_499754.1,mhci_median_score,0.2499
YP_499754.1,mhci_median_percentile,0.839
YP_499754.1,mhci_num_strong_binders,112
YP_501216.1,mhci_median_score,0.25858349999999997
YP_501216.1,mhci_median_percentile,0.6705000000000001
YP_501216.1,mhci_num_strong_binders,26
YP_498621.1,mhci_median_score,0.225045
YP_498621.1,mhci_median_percentile,0.984
YP_498621.1,mhci_num_strong_binders,159
YP_499675.1,mhci_median_score,0.257007
YP_499675.1,mhci_median_percentile,0.825
YP_499675.1,mhci_num_strong_binders,172
YP_499331.1,mhci_median_score,0.265732
YP_499331.1,mhci_median_percentile,0.768
YP_499331.1,mhci_num_strong_binders,123
YP_501269.1,mhci_median_score,0.218919
YP_501269.1,mhci_median_percentile,0.932
YP_501269.1,mhci_num_strong_binders,104
YP_500587.1,mhci_median_score,0.302245
YP_500587.1,mhci_median_percentile,0.67
YP_500587.1,mhci_num_strong_binders,33
YP_008530245.1,mhci_median_score,0.20319199999999998
YP_008530245.1,mhci_median_percentile,1.0935000000000001
YP_008530245.1,mhci_num_strong_binders,11
YP_498838.1,mhci_median_score,0.257384
YP_498838.1,mhci_median_percentile,0.928
YP_498838.1,mhci_num_strong_binders,26
YP_499884.1,mhci_median_score,0.2609225
YP_499884.1,mhci_median_percentile,0.8705
YP_499884.1,mhci_num_strong_binders,25
YP_499822.1,mhci_median_score,0.232282
YP_499822.1,mhci_median_percentile,0.93
YP_499822.1,mhci_num_strong_binders,6
YP_499555.1,mhci_median_score,0.238686
YP_499555.1,mhci_median_percentile,0.994
YP_499555.1,mhci_num_strong_binders,4
YP_500804.1,mhci_median_score,0.142233
YP_500804.1,mhci_median_percentile,1.0525
YP_500804.1,mhci_num_strong_binders,1
SSL3|CC1,mhcii_median_score,0.298843
SSL3|CC1,mhcii_median_percentile,2.67
SSL3|CC1,mhcii_num_strong_binders,17
SSL3|CC5,mhcii_median_score,0.3393335
SSL3|CC5,mhcii_median_percentile,2.65
SSL3|CC5,mhcii_num_strong_binders,21
SSL3|CC8,mhcii_median_score,0.2963675
SSL3|CC8,mhcii_median_percentile,2.5999999999999996
SSL3|CC8,mhcii_num_strong_binders,17
SSL3|CC22,mhcii_median_score,0.269828
SSL3|CC22,mhcii_median_percentile,3.11
SSL3|CC22,mhcii_num_strong_binders,20
SSL3|CC30,mhcii_median_score,0.281863
SSL3|CC30,mhcii_median_percentile,3.255
SSL3|CC30,mhcii_num_strong_binders,18
SSL3|CC93,mhcii_median_score,0.30018100000000003
SSL3|CC93,mhcii_median_percentile,2.855
SSL3|CC93,mhcii_num_strong_binders,23
SSL7|CC1,mhcii_median_score,0.30824450000000003
SSL7|CC1,mhcii_median_percentile,2.59
SSL7|CC1,mhcii_num_strong_binders,21
SSL7|CC5,mhcii_median_score,0.307068
SSL7|CC5,mhcii_median_percentile,2.56
SSL7|CC5,mhcii_num_strong_binders,21
SSL7|CC8,mhcii_median_score,0.326291
SSL7|CC8,mhcii_median_percentile,2.4050000000000002
SSL7|CC8,mhcii_num_strong_binders,23
SSL7|CC22,mhcii_median_score,0.291424
SSL7|CC22,mhcii_median_percentile,2.28
SSL7|CC22,mhcii_num_strong_binders,29
SSL7|CC30,mhcii_median_score,0.303671
SSL7|CC30,mhcii_median_percentile,2.38
SSL7|CC30,mhcii_num_strong_binders,23
SSL7|CC93,mhcii_median_score,0.287346
SSL7|CC93,mhcii_median_percentile,2.43
SSL7|CC93,mhcii_num_strong_binders,26
SSL11|CC1,mhcii_median_score,0.3257895
SSL11|CC1,mhcii_median_percentile,2.885
SSL11|CC1,mhcii_num_strong_binders,13
SSL11|CC5,mhcii_median_score,0.219625
SSL11|CC5,mhcii_median_percentile,3.0
SSL11|CC5,mhcii_num_strong_binders,5
SSL11|CC8,mhcii_median_score,0.266873
SSL11|CC8,mhcii_median_percentile,2.535
SSL11|CC8,mhcii_num_strong_binders,19
SSL11|CC22,mhcii_median_score,0.28506
SSL11|CC22,mhcii_median_percentile,2.815
SSL11|CC22,mhcii_num_strong_binders,13
SSL11|CC30,mhcii_median_score,0.31802949999999996
SSL11|CC30,mhcii_median_percentile,2.45
SSL11|CC30,mhcii_num_strong_binders,14
SSL11|CC93,mhcii_median_score,0.2627085
SSL11|CC93,mhcii_median_percentile,3.215
SSL11|CC93,mhcii_num_strong_binders,10
YP_499183.1,mhcii_median_score,0.327895
YP_499183.1,mhcii_median_percentile,2.37
YP_499183.1,mhcii_num_strong_binders,9
YP_501487.1,mhcii_median_score,0.3129225
YP_501487.1,mhcii_median_percentile,2.365
YP_501487.1,mhcii_num_strong_binders,22
YP_500419.1,mhcii_median_score,0.32766
YP_500419.1,mhcii_median_percentile,2.05
YP_500419.1,mhcii_num_strong_binders,13
YP_500378.1,mhcii_median_score,0.3007575
YP_500378.1,mhcii_median_percentile,2.6
YP_500378.1,mhcii_num_strong_binders,63
YP_499389.1,mhcii_median_score,0.345899
YP_499389.1,mhcii_median_percentile,2.43
YP_499389.1,mhcii_num_strong_binders,13
YP_499915.1,mhcii_median_score,0.196814
YP_499915.1,mhcii_median_percentile,3.8
YP_499915.1,mhcii_num_strong_binders,0
YP_501058.1,mhcii_median_score,0.348777
YP_501058.1,mhcii_median_percentile,2.4000000000000004
YP_501058.1,mhcii_num_strong_binders,27
YP_499703.1,mhcii_median_score,0.313823
YP_499703.1,mhcii_median_percentile,2.47
YP_499703.1,mhcii_num_strong_binders,44
YP_500657.1,mhcii_median_score,0.40851400000000004
YP_500657.1,mhcii_median_percentile,1.755
YP_500657.1,mhcii_num_strong_binders,20
YP_499492.1,mhcii_median_score,0.3354545
YP_499492.1,mhcii_median_percentile,2.575
YP_499492.1,mhcii_num_strong_binders,4
YP_501495.1,mhcii_median_score,0.31130650000000004
YP_501495.1,mhcii_median_percentile,2.3
YP_501495.1,mhcii_num_strong_binders,37
YP_500791.1,mhcii_median_score,0.26821150000000005
YP_500791.1,mhcii_median_percentile,2.855
YP_500791.1,mhcii_num_strong_binders,20
YP_500348.1,mhcii_median_score,0.295062
YP_500348.1,mhcii_median_percentile,2.49
YP_500348.1,mhcii_num_strong_binders,82
YP_499292.1,mhcii_median_score,0.303551
YP_499292.1,mhcii_median_percentile,2.9
YP_499292.1,mhcii_num_strong_binders,41
YP_498758.1,mhcii_median_score,0.309567
YP_498758.1,mhcii_median_percentile,2.81
YP_498758.1,mhcii_num_strong_binders,29
YP_500086.1,mhcii_median_score,0.34123349999999997
YP_500086.1,mhcii_median_percentile,2.6799999999999997
YP_500086.1,mhcii_num_strong_binders,5
YP_501182.1,mhcii_median_score,0.3524685
YP_501182.1,mhcii_median_percentile,2.295
YP_501182.1,mhcii_num_strong_binders,65
YP_500020.1,mhcii_median_score,0.301079
YP_500020.1,mhcii_median_percentile,2.645
YP_500020.1,mhcii_num_strong_binders,30
YP_500511.1,mhcii_median_score,0.2254445
YP_500511.1,mhcii_median_percentile,2.675
YP_500511.1,mhcii_num_strong_binders,0
YP_500759.1,mhcii_median_score,0.3515425
YP_500759.1,mhcii_median_percentile,1.8599999999999999
YP_500759.1,mhcii_num_strong_binders,10
YP_498958.1,mhcii_median_score,0.321212
YP_498958.1,mhcii_median_percentile,2.42
YP_498958.1,mhcii_num_strong_binders,33
YP_499051.1,mhcii_median_score,0.306424
YP_499051.1,mhcii_median_percentile,2.43
YP_499051.1,mhcii_num_strong_binders,28
YP_499163.1,mhcii_median_score,0.37418450000000003
YP_499163.1,mhcii_median_percentile,1.9049999999999998
YP_499163.1,mhcii_num_strong_binders,32
YP_499540.1,mhcii_median_score,0.352139
YP_499540.1,mhcii_median_percentile,2.25
YP_499540.1,mhcii_num_strong_binders,53
YP_499616.1,mhcii_median_score,0.256475
YP_499616.1,mhcii_median_percentile,2.99
YP_499616.1,mhcii_num_strong_binders,10
YP_500587.1,mhcii_median_score,0.325741
YP_500587.1,mhcii_median_percentile,2.83
YP_500587.1,mhcii_num_strong_binders,7
YP_499721.1,mhcii_median_score,0.292175
YP_499721.1,mhcii_median_percentile,2.27
YP_499721.1,mhcii_num_strong_binders,13
YP_500936.1,mhcii_median_score,0.334984
YP_500936.1,mhcii_median_percentile,2.29
YP_500936.1,mhcii_num_strong_binders,72
YP_501445.1,mhcii_median_score,0.39799850000000003
YP_501445.1,mhcii_median_percentile,2.08
YP_501445.1,mhcii_num_strong_binders,13
YP_501499.1,mhcii_median_score,0.32834050000000004
YP_501499.1,mhcii_median_percentile,2.455
YP_501499.1,mhcii_num_strong_binders,26
YP_499373.1,mhcii_median_score,0.2895375
YP_499373.1,mhcii_median_percentile,2.5949999999999998
YP_499373.1,mhcii_num_strong_binders,22
YP_501066.1,mhcii_median_score,0.33160449999999997
YP_501066.1,mhcii_median_percentile,2.365
YP_501066.1,mhcii_num_strong_binders,34
YP_500763.1,mhcii_median_score,0.3472525
YP_500763.1,mhcii_median_percentile,2.25
YP_500763.1,mhcii_num_strong_binders,75
YP_500308.1,mhcii_median_score,0.348325
YP_500308.1,mhcii_median_percentile,2.47
YP_500308.1,mhcii_num_strong_binders,15
YP_499548.1,mhcii_median_score,0.257752
YP_499548.1,mhcii_median_percentile,2.8
YP_499548.1,mhcii_num_strong_binders,10
YP_501128.1,mhcii_median_score,0.276644
YP_501128.1,mhcii_median_percentile,3.2
YP_501128.1,mhcii_num_strong_binders,8
YP_499075.1,mhcii_median_score,0.301083
YP_499075.1,mhcii_median_percentile,2.94
YP_499075.1,mhcii_num_strong_binders,9
YP_501077.1,mhcii_median_score,0.4743395
YP_501077.1,mhcii_median_percentile,1.195
YP_501077.1,mhcii_num_strong_binders,16
YP_500800.1,mhcii_median_score,0.236379
YP_500800.1,mhcii_median_percentile,2.87
YP_500800.1,mhcii_num_strong_binders,4
YP_500576.1,mhcii_median_score,0.34797100000000003
YP_500576.1,mhcii_median_percentile,1.7850000000000001
YP_500576.1,mhcii_num_strong_binders,22
YP_499961.1,mhcii_median_score,0.3123475
YP_499961.1,mhcii_median_percentile,2.765
YP_499961.1,mhcii_num_strong_binders,8
YP_498794.1,mhcii_median_score,0.3295265
YP_498794.1,mhcii_median_percentile,2.25
YP_498794.1,mhcii_num_strong_binders,39
YP_500304.1,mhcii_median_score,0.282707
YP_500304.1,mhcii_median_percentile,2.52
YP_500304.1,mhcii_num_strong_binders,13
YP_499855.1,mhcii_median_score,0.399716
YP_499855.1,mhcii_median_percentile,1.04
YP_499855.1,mhcii_num_strong_binders,8
YP_499262.1,mhcii_median_score,0.32449550000000005
YP_499262.1,mhcii_median_percentile,2.36
YP_499262.1,mhcii_num_strong_binders,32
YP_499857.1,mhcii_median_score,0.324164
YP_499857.1,mhcii_median_percentile,2.32
YP_499857.1,mhcii_num_strong_binders,51
YP_500261.1,mhcii_median_score,0.2425385
YP_500261.1,mhcii_median_percentile,2.185
YP_500261.1,mhcii_num_strong_binders,8
YP_498610.1,mhcii_median_score,0.29377600000000004
YP_498610.1,mhcii_median_percentile,2.565
YP_498610.1,mhcii_num_strong_binders,41
YP_500922.1,mhcii_median_score,0.286591
YP_500922.1,mhcii_median_percentile,2.9
YP_500922.1,mhcii_num_strong_binders,8
YP_500433.1,mhcii_median_score,0.335619
YP_500433.1,mhcii_median_percentile,2.34
YP_500433.1,mhcii_num_strong_binders,44
YP_499934.1,mhcii_median_score,0.300646
YP_499934.1,mhcii_median_percentile,2.29
YP_499934.1,mhcii_num_strong_binders,32
YP_500542.1,mhcii_median_score,0.29489299999999996
YP_500542.1,mhcii_median_percentile,2.7
YP_500542.1,mhcii_num_strong_binders,33
YP_501450.1,mhcii_median_score,0.323091
YP_501450.1,mhcii_median_percentile,2.2649999999999997
YP_501450.1,mhcii_num_strong_binders,21
YP_498730.1,mhcii_median_score,0.282602
YP_498730.1,mhcii_median_percentile,2.45
YP_498730.1,mhcii_num_strong_binders,9
YP_499158.1,mhcii_median_score,0.323731
YP_499158.1,mhcii_median_percentile,2.5
YP_499158.1,mhcii_num_strong_binders,12
YP_500764.1,mhcii_median_score,0.31075450000000004
YP_500764.1,mhcii_median_percentile,2.525
YP_500764.1,mhcii_num_strong_binders,55
YP_500167.1,mhcii_median_score,0.347377
YP_500167.1,mhcii_median_percentile,2.6900000000000004
YP_500167.1,mhcii_num_strong_binders,7
YP_499002.1,mhcii_median_score,0.315086
YP_499002.1,mhcii_median_percentile,2.87
YP_499002.1,mhcii_num_strong_binders,7
YP_501474.1,mhcii_median_score,0.264713
YP_501474.1,mhcii_median_percentile,2.33
YP_501474.1,mhcii_num_strong_binders,30
YP_501139.1,mhcii_median_score,0.334469
YP_501139.1,mhcii_median_percentile,2.565
YP_501139.1,mhcii_num_strong_binders,13
YP_500711.1,mhcii_median_score,0.377436
YP_500711.1,mhcii_median_percentile,2.065
YP_500711.1,mhcii_num_strong_binders,59
YP_500549.1,mhcii_median_score,0.350611
YP_500549.1,mhcii_median_percentile,3.04
YP_500549.1,mhcii_num_strong_binders,0
YP_501122.1,mhcii_median_score,0.265961
YP_501122.1,mhcii_median_percentile,2.86
YP_501122.1,mhcii_num_strong_binders,32
YP_498678.1,mhcii_median_score,0.269897
YP_498678.1,mhcii_median_percentile,3.08
YP_498678.1,mhcii_num_strong_binders,13
YP_499994.1,mhcii_median_score,0.420172
YP_499994.1,mhcii_median_percentile,1.77
YP_499994.1,mhcii_num_strong_binders,5
YP_500682.1,mhcii_median_score,0.3112745
YP_500682.1,mhcii_median_percentile,1.7349999999999999
YP_500682.1,mhcii_num_strong_binders,23
YP_500186.1,mhcii_median_score,0.3186565
YP_500186.1,mhcii_median_percentile,2.3099999999999996
YP_500186.1,mhcii_num_strong_binders,34
YP_500068.1,mhcii_median_score,0.3094165
YP_500068.1,mhcii_median_percentile,2.25
YP_500068.1,mhcii_num_strong_binders,34
YP_499541.1,mhcii_median_score,0.2484315
YP_499541.1,mhcii_median_percentile,2.895
YP_499541.1,mhcii_num_strong_binders,11
YP_499312.1,mhcii_median_score,0.24935849999999998
YP_499312.1,mhcii_median_percentile,3.065
YP_499312.1,mhcii_num_strong_binders,6
YP_500905.1,mhcii_median_score,0.320092
YP_500905.1,mhcii_median_percentile,2.49
YP_500905.1,mhcii_num_strong_binders,79
YP_499719.1,mhcii_median_score,0.35122200000000003
YP_499719.1,mhcii_median_percentile,2.315
YP_499719.1,mhcii_num_strong_binders,35
YP_499093.1,mhcii_median_score,0.278783
YP_499093.1,mhcii_median_percentile,2.96
YP_499093.1,mhcii_num_strong_binders,15
YP_499224.1,mhcii_median_score,0.34632850000000004
YP_499224.1,mhcii_median_percentile,2.12
YP_499224.1,mhcii_num_strong_binders,22
YP_498647.1,mhcii_median_score,0.426578
YP_498647.1,mhcii_median_percentile,2.39
YP_498647.1,mhcii_num_strong_binders,9
YP_499525.1,mhcii_median_score,0.43849249999999995
YP_499525.1,mhcii_median_percentile,2.11
YP_499525.1,mhcii_num_strong_binders,24
YP_499522.1,mhcii_median_score,0.388381
YP_499522.1,mhcii_median_percentile,2.42
YP_499522.1,mhcii_num_strong_binders,10
YP_498928.1,mhcii_median_score,0.351614
YP_498928.1,mhcii_median_percentile,2.075
YP_498928.1,mhcii_num_strong_binders,131
YP_499123.1,mhcii_median_score,0.26831950000000004
YP_499123.1,mhcii_median_percentile,3.235
YP_499123.1,mhcii_num_strong_binders,6
YP_499058.1,mhcii_median_score,0.3546095
YP_499058.1,mhcii_median_percentile,2.8
YP_499058.1,mhcii_num_strong_binders,9
YP_500459.1,mhcii_median_score,0.3213065
YP_500459.1,mhcii_median_percentile,2.6399999999999997
YP_500459.1,mhcii_num_strong_binders,44
YP_499978.1,mhcii_median_score,0.278904
YP_499978.1,mhcii_median_percentile,2.63
YP_499978.1,mhcii_num_strong_binders,9
YP_501107.1,mhcii_median_score,0.287609
YP_501107.1,mhcii_median_percentile,2.15
YP_501107.1,mhcii_num_strong_binders,27
YP_499349.1,mhcii_median_score,0.3275665
YP_499349.1,mhcii_median_percentile,2.44
YP_499349.1,mhcii_num_strong_binders,8
YP_499995.1,mhcii_median_score,0.275882
YP_499995.1,mhcii_median_percentile,2.925
YP_499995.1,mhcii_num_strong_binders,13
YP_500697.1,mhcii_median_score,0.370537
YP_500697.1,mhcii_median_percentile,2.5
YP_500697.1,mhcii_num_strong_binders,9
YP_499119.1,mhcii_median_score,0.31207
YP_499119.1,mhcii_median_percentile,2.44
YP_499119.1,mhcii_num_strong_binders,58
YP_499685.1,mhcii_median_score,0.332287
YP_499685.1,mhcii_median_percentile,2.27
YP_499685.1,mhcii_num_strong_binders,41
YP_500599.1,mhcii_median_score,0.30583099999999996
YP_500599.1,mhcii_median_percentile,2.62
YP_500599.1,mhcii_num_strong_binders,52
YP_500389.1,mhcii_median_score,0.323601
YP_500389.1,mhcii_median_percentile,2.58
YP_500389.1,mhcii_num_strong_binders,54
YP_500162.1,mhcii_median_score,0.3803065
YP_500162.1,mhcii_median_percentile,2.24
YP_500162.1,mhcii_num_strong_binders,19
YP_501186.1,mhcii_median_score,0.269893
YP_501186.1,mhcii_median_percentile,2.77
YP_501186.1,mhcii_num_strong_binders,25
YP_498609.1,mhcii_median_score,0.3233795
YP_498609.1,mhcii_median_percentile,2.36
YP_498609.1,mhcii_num_strong_binders,62
YP_500741.1,mhcii_median_score,0.296977
YP_500741.1,mhcii_median_percentile,2.59
YP_500741.1,mhcii_num_strong_binders,32
YP_500449.1,mhcii_median_score,0.310805
YP_500449.1,mhcii_median_percentile,2.505
YP_500449.1,mhcii_num_strong_binders,31
YP_500120.1,mhcii_median_score,0.32535349999999996
YP_500120.1,mhcii_median_percentile,2.55
YP_500120.1,mhcii_num_strong_binders,45
YP_499431.1,mhcii_median_score,0.363891
YP_499431.1,mhcii_median_percentile,2.44
YP_499431.1,mhcii_num_strong_binders,37
YP_498696.1,mhcii_median_score,0.327101
YP_498696.1,mhcii_median_percentile,2.56
YP_498696.1,mhcii_num_strong_binders,22
YP_500550.1,mhcii_median_score,0.354584
YP_500550.1,mhcii_median_percentile,2.0300000000000002
YP_500550.1,mhcii_num_strong_binders,31
YP_500795.1,mhcii_median_score,0.330803
YP_500795.1,mhcii_median_percentile,2.32
YP_500795.1,mhcii_num_strong_binders,62
YP_499888.1,mhcii_median_score,0.274029
YP_499888.1,mhcii_median_percentile,2.8
YP_499888.1,mhcii_num_strong_binders,28
YP_499558.1,mhcii_median_score,0.2843945
YP_499558.1,mhcii_median_percentile,3.255
YP_499558.1,mhcii_num_strong_binders,5
YP_500393.1,mhcii_median_score,0.2632105
YP_500393.1,mhcii_median_percentile,2.995
YP_500393.1,mhcii_num_strong_binders,3
YP_498896.1,mhcii_median_score,0.28037
YP_498896.1,mhcii_median_percentile,2.65
YP_498896.1,mhcii_num_strong_binders,25
YP_500255.1,mhcii_median_score,0.302361
YP_500255.1,mhcii_median_percentile,2.76
YP_500255.1,mhcii_num_strong_binders,24
YP_499376.1,mhcii_median_score,0.150648
YP_499376.1,mhcii_median_percentile,3.085
YP_499376.1,mhcii_num_strong_binders,5
YP_500119.1,mhcii_median_score,0.2559495
YP_500119.1,mhcii_median_percentile,3.065
YP_500119.1,mhcii_num_strong_binders,14
YP_501036.1,mhcii_median_score,0.3768165
YP_501036.1,mhcii_median_percentile,2.105
YP_501036.1,mhcii_num_strong_binders,3
YP_500279.1,mhcii_median_score,0.35143800000000003
YP_500279.1,mhcii_median_percentile,2.355
YP_500279.1,mhcii_num_strong_binders,32
YP_501481.1,mhcii_median_score,0.324915
YP_501481.1,mhcii_median_percentile,2.64
YP_501481.1,mhcii_num_strong_binders,22
YP_501434.1,mhcii_median_score,0.3023055
YP_501434.1,mhcii_median_percentile,2.615
YP_501434.1,mhcii_num_strong_binders,98
YP_499264.1,mhcii_median_score,0.348348
YP_499264.1,mhcii_median_percentile,2.535
YP_499264.1,mhcii_num_strong_binders,10
YP_498768.1,mhcii_median_score,0.322926
YP_498768.1,mhcii_median_percentile,2.45
YP_498768.1,mhcii_num_strong_binders,81
YP_499118.1,mhcii_median_score,0.3107925
YP_499118.1,mhcii_median_percentile,2.46
YP_499118.1,mhcii_num_strong_binders,143
YP_500388.1,mhcii_median_score,0.2682
YP_500388.1,mhcii_median_percentile,2.6
YP_500388.1,mhcii_num_strong_binders,9
YP_498966.1,mhcii_median_score,0.38214000000000004
YP_498966.1,mhcii_median_percentile,2.37
YP_498966.1,mhcii_num_strong_binders,35
YP_501290.1,mhcii_median_score,0.330593
YP_501290.1,mhcii_median_percentile,2.3
YP_501290.1,mhcii_num_strong_binders,28
YP_501264.1,mhcii_median_score,0.322679
YP_501264.1,mhcii_median_percentile,2.52
YP_501264.1,mhcii_num_strong_binders,21
YP_500713.1,mhcii_median_score,0.31799750000000004
YP_500713.1,mhcii_median_percentile,1.88
YP_500713.1,mhcii_num_strong_binders,16
YP_499050.1,mhcii_median_score,0.291438
YP_499050.1,mhcii_median_percentile,2.7
YP_499050.1,mhcii_num_strong_binders,36
YP_501132.1,mhcii_median_score,0.294956
YP_501132.1,mhcii_median_percentile,2.05
YP_501132.1,mhcii_num_strong_binders,20
YP_500864.1,mhcii_median_score,0.298212
YP_500864.1,mhcii_median_percentile,2.74
YP_500864.1,mhcii_num_strong_binders,10
YP_501208.1,mhcii_median_score,0.47892250000000003
YP_501208.1,mhcii_median_percentile,1.6600000000000001
YP_501208.1,mhcii_num_strong_binders,40
YP_500495.1,mhcii_median_score,0.346215
YP_500495.1,mhcii_median_percentile,2.26
YP_500495.1,mhcii_num_strong_binders,38
YP_499100.1,mhcii_median_score,0.2893465
YP_499100.1,mhcii_median_percentile,2.46
YP_499100.1,mhcii_num_strong_binders,10
YP_501383.1,mhcii_median_score,0.2836105
YP_501383.1,mhcii_median_percentile,3.3449999999999998
YP_501383.1,mhcii_num_strong_binders,6
YP_500189.1,mhcii_median_score,0.30415749999999997
YP_500189.1,mhcii_median_percentile,2.2649999999999997
YP_500189.1,mhcii_num_strong_binders,40
YP_500399.1,mhcii_median_score,0.367373
YP_500399.1,mhcii_median_percentile,2.35
YP_500399.1,mhcii_num_strong_binders,10
YP_499396.1,mhcii_median_score,0.320696
YP_499396.1,mhcii_median_percentile,2.56
YP_499396.1,mhcii_num_strong_binders,32
YP_499593.1,mhcii_median_score,0.407391
YP_499593.1,mhcii_median_percentile,2.615
YP_499593.1,mhcii_num_strong_binders,8
YP_499986.1,mhcii_median_score,0.379467
YP_499986.1,mhcii_median_percentile,1.85
YP_499986.1,mhcii_num_strong_binders,17
YP_500202.1,mhcii_median_score,0.2383575
YP_500202.1,mhcii_median_percentile,2.8049999999999997
YP_500202.1,mhcii_num_strong_binders,7
YP_498859.1,mhcii_median_score,0.296984
YP_498859.1,mhcii_median_percentile,2.315
YP_498859.1,mhcii_num_strong_binders,22
YP_500306.1,mhcii_median_score,0.303013
YP_500306.1,mhcii_median_percentile,2.65
YP_500306.1,mhcii_num_strong_binders,33
YP_499249.1,mhcii_median_score,0.2994415
YP_499249.1,mhcii_median_percentile,2.8099999999999996
YP_499249.1,mhcii_num_strong_binders,14
YP_499345.1,mhcii_median_score,0.279895
YP_499345.1,mhcii_median_percentile,2.86
YP_499345.1,mhcii_num_strong_binders,27
YP_498808.1,mhcii_median_score,0.299025
YP_498808.1,mhcii_median_percentile,2.61
YP_498808.1,mhcii_num_strong_binders,71
YP_499225.1,mhcii_median_score,0.3451115
YP_499225.1,mhcii_median_percentile,2.16
YP_499225.1,mhcii_num_strong_binders,34
YP_500380.1,mhcii_median_score,0.319249
YP_500380.1,mhcii_median_percentile,2.04
YP_500380.1,mhcii_num_strong_binders,30
YP_499451.1,mhcii_median_score,0.29038149999999996
YP_499451.1,mhcii_median_percentile,2.48
YP_499451.1,mhcii_num_strong_binders,50
YP_008530243.1,mhcii_median_score,0.399658
YP_008530243.1,mhcii_median_percentile,2.29
YP_008530243.1,mhcii_num_strong_binders,9
YP_501152.1,mhcii_median_score,0.328821
YP_501152.1,mhcii_median_percentile,2.45
YP_501152.1,mhcii_num_strong_binders,70
YP_500917.1,mhcii_median_score,0.311884
YP_500917.1,mhcii_median_percentile,2.65
YP_500917.1,mhcii_num_strong_binders,22
YP_498913.1,mhcii_median_score,0.2956135
YP_498913.1,mhcii_median_percentile,3.005
YP_498913.1,mhcii_num_strong_binders,5
YP_500822.1,mhcii_median_score,0.360152
YP_500822.1,mhcii_median_percentile,2.24
YP_500822.1,mhcii_num_strong_binders,66
YP_499470.1,mhcii_median_score,0.38529500000000005
YP_499470.1,mhcii_median_percentile,2.315
YP_499470.1,mhcii_num_strong_binders,30
YP_500001.1,mhcii_median_score,0.3504385
YP_500001.1,mhcii_median_percentile,2.35
YP_500001.1,mhcii_num_strong_binders,42
YP_499406.1,mhcii_median_score,0.34836
YP_499406.1,mhcii_median_percentile,1.8
YP_499406.1,mhcii_num_strong_binders,6
YP_500247.1,mhcii_median_score,0.325729
YP_500247.1,mhcii_median_percentile,2.15
YP_500247.1,mhcii_num_strong_binders,42
YP_500390.1,mhcii_median_score,0.338302
YP_500390.1,mhcii_median_percentile,2.28
YP_500390.1,mhcii_num_strong_binders,20
YP_500734.1,mhcii_median_score,0.284779
YP_500734.1,mhcii_median_percentile,3.18
YP_500734.1,mhcii_num_strong_binders,5
YP_501286.1,mhcii_median_score,0.3077765
YP_501286.1,mhcii_median_percentile,2.03
YP_501286.1,mhcii_num_strong_binders,22
YP_499814.1,mhcii_median_score,0.277678
YP_499814.1,mhcii_median_percentile,2.47
YP_499814.1,mhcii_num_strong_binders,8
YP_498729.1,mhcii_median_score,0.288089
YP_498729.1,mhcii_median_percentile,2.71
YP_498729.1,mhcii_num_strong_binders,34
YP_499402.1,mhcii_median_score,0.31434
YP_499402.1,mhcii_median_percentile,2.54
YP_499402.1,mhcii_num_strong_binders,44
YP_500183.1,mhcii_median_score,0.271741
YP_500183.1,mhcii_median_percentile,2.975
YP_500183.1,mhcii_num_strong_binders,5
YP_499565.1,mhcii_median_score,0.309339
YP_499565.1,mhcii_median_percentile,2.48
YP_499565.1,mhcii_num_strong_binders,33
YP_500645.1,mhcii_median_score,0.25586
YP_500645.1,mhcii_median_percentile,2.42
YP_500645.1,mhcii_num_strong_binders,5
YP_498751.1,mhcii_median_score,0.280424
YP_498751.1,mhcii_median_percentile,2.25
YP_498751.1,mhcii_num_strong_binders,19
YP_498989.1,mhcii_median_score,0.31826299999999996
YP_498989.1,mhcii_median_percentile,2.545
YP_498989.1,mhcii_num_strong_binders,26
YP_500431.1,mhcii_median_score,0.411582
YP_500431.1,mhcii_median_percentile,1.87
YP_500431.1,mhcii_num_strong_binders,24
YP_500650.1,mhcii_median_score,0.34376450000000003
YP_500650.1,mhcii_median_percentile,2.21
YP_500650.1,mhcii_num_strong_binders,115
YP_499177.1,mhcii_median_score,0.32302600000000004
YP_499177.1,mhcii_median_percentile,2.535
YP_499177.1,mhcii_num_strong_binders,8
YP_498931.1,mhcii_median_score,0.335869
YP_498931.1,mhcii_median_percentile,2.54
YP_498931.1,mhcii_num_strong_binders,24
YP_500655.1,mhcii_median_score,0.349883
YP_500655.1,mhcii_median_percentile,2.75
YP_500655.1,mhcii_num_strong_binders,4
YP_501414.1,mhcii_median_score,0.310906
YP_501414.1,mhcii_median_percentile,2.16
YP_501414.1,mhcii_num_strong_binders,71
YP_500911.1,mhcii_median_score,0.362034
YP_500911.1,mhcii_median_percentile,2.44
YP_500911.1,mhcii_num_strong_binders,28
YP_499461.1,mhcii_median_score,0.310951
YP_499461.1,mhcii_median_percentile,2.37
YP_499461.1,mhcii_num_strong_binders,65
YP_499181.1,mhcii_median_score,0.283696
YP_499181.1,mhcii_median_percentile,2.455
YP_499181.1,mhcii_num_strong_binders,16
YP_499146.1,mhcii_median_score,0.324666
YP_499146.1,mhcii_median_percentile,2.25
YP_499146.1,mhcii_num_strong_binders,49
YP_498721.1,mhcii_median_score,0.3108055
YP_498721.1,mhcii_median_percentile,2.665
YP_498721.1,mhcii_num_strong_binders,19
YP_499037.1,mhcii_median_score,0.4551535
YP_499037.1,mhcii_median_percentile,1.435
YP_499037.1,mhcii_num_strong_binders,14
YP_501133.1,mhcii_median_score,0.323302
YP_501133.1,mhcii_median_percentile,2.66
YP_501133.1,mhcii_num_strong_binders,30
YP_501137.1,mhcii_median_score,0.28202
YP_501137.1,mhcii_median_percentile,2.85
YP_501137.1,mhcii_num_strong_binders,15
YP_500059.1,mhcii_median_score,0.27328949999999996
YP_500059.1,mhcii_median_percentile,3.465
YP_500059.1,mhcii_num_strong_binders,0
YP_498663.1,mhcii_median_score,0.266641
YP_498663.1,mhcii_median_percentile,3.1
YP_498663.1,mhcii_num_strong_binders,13
YP_500986.1,mhcii_median_score,0.3297025
YP_500986.1,mhcii_median_percentile,2.21
YP_500986.1,mhcii_num_strong_binders,9
YP_499809.1,mhcii_median_score,0.284433
YP_499809.1,mhcii_median_percentile,2.58
YP_499809.1,mhcii_num_strong_binders,41
YP_499832.1,mhcii_median_score,0.376947
YP_499832.1,mhcii_median_percentile,2.73
YP_499832.1,mhcii_num_strong_binders,0
YP_501477.1,mhcii_median_score,0.287836
YP_501477.1,mhcii_median_percentile,3.64
YP_501477.1,mhcii_num_strong_binders,7
YP_500964.1,mhcii_median_score,0.31597
YP_500964.1,mhcii_median_percentile,2.18
YP_500964.1,mhcii_num_strong_binders,20
YP_501222.1,mhcii_median_score,0.284673
YP_501222.1,mhcii_median_percentile,2.34
YP_501222.1,mhcii_num_strong_binders,20
YP_499787.1,mhcii_median_score,0.274386
YP_499787.1,mhcii_median_percentile,3.325
YP_499787.1,mhcii_num_strong_binders,5
YP_499107.1,mhcii_median_score,0.261278
YP_499107.1,mhcii_median_percentile,2.67
YP_499107.1,mhcii_num_strong_binders,19
YP_501258.1,mhcii_median_score,0.345819
YP_501258.1,mhcii_median_percentile,1.68
YP_501258.1,mhcii_num_strong_binders,21
YP_500667.1,mhcii_median_score,0.325414
YP_500667.1,mhcii_median_percentile,2.39
YP_500667.1,mhcii_num_strong_binders,59
YP_500602.1,mhcii_median_score,0.29098
YP_500602.1,mhcii_median_percentile,2.775
YP_500602.1,mhcii_num_strong_binders,13
YP_500311.1,mhcii_median_score,0.305096
YP_500311.1,mhcii_median_percentile,2.63
YP_500311.1,mhcii_num_strong_binders,39
YP_499128.1,mhcii_median_score,0.3152005
YP_499128.1,mhcii_median_percentile,2.59
YP_499128.1,mhcii_num_strong_binders,21
YP_500445.1,mhcii_median_score,0.335798
YP_500445.1,mhcii_median_percentile,3.21
YP_500445.1,mhcii_num_strong_binders,7
YP_500806.1,mhcii_median_score,0.31317700000000004
YP_500806.1,mhcii_median_percentile,2.67
YP_500806.1,mhcii_num_strong_binders,19
YP_500949.1,mhcii_median_score,0.303705
YP_500949.1,mhcii_median_percentile,3.0
YP_500949.1,mhcii_num_strong_binders,6
YP_500401.1,mhcii_median_score,0.290391
YP_500401.1,mhcii_median_percentile,2.9
YP_500401.1,mhcii_num_strong_binders,2
YP_501170.1,mhcii_median_score,0.30857
YP_501170.1,mhcii_median_percentile,2.6
YP_501170.1,mhcii_num_strong_binders,38
YP_500913.1,mhcii_median_score,0.3107705
YP_500913.1,mhcii_median_percentile,2.53
YP_500913.1,mhcii_num_strong_binders,53
YP_499329.1,mhcii_median_score,0.23076000000000002
YP_499329.1,mhcii_median_percentile,4.630000000000001
YP_499329.1,mhcii_num_strong_binders,0
YP_498826.1,mhcii_median_score,0.3094925
YP_498826.1,mhcii_median_percentile,2.605
YP_498826.1,mhcii_num_strong_binders,34
YP_499760.1,mhcii_median_score,0.378446
YP_499760.1,mhcii_median_percentile,2.1
YP_499760.1,mhcii_num_strong_binders,47
YP_501478.1,mhcii_median_score,0.273828
YP_501478.1,mhcii_median_percentile,3.11
YP_501478.1,mhcii_num_strong_binders,16
YP_499794.1,mhcii_median_score,0.333325
YP_499794.1,mhcii_median_percentile,2.39
YP_499794.1,mhcii_num_strong_binders,44
YP_500719.1,mhcii_median_score,0.300094
YP_500719.1,mhcii_median_percentile,2.16
YP_500719.1,mhcii_num_strong_binders,28
YP_499998.1,mhcii_median_score,0.278793
YP_499998.1,mhcii_median_percentile,2.1
YP_499998.1,mhcii_num_strong_binders,28
YP_501418.1,mhcii_median_score,0.30885
YP_501418.1,mhcii_median_percentile,2.955
YP_501418.1,mhcii_num_strong_binders,21
YP_500434.1,mhcii_median_score,0.306627
YP_500434.1,mhcii_median_percentile,2.28
YP_500434.1,mhcii_num_strong_binders,62
YP_501338.1,mhcii_median_score,0.3150675
YP_501338.1,mhcii_median_percentile,2.635
YP_501338.1,mhcii_num_strong_binders,47
YP_499913.1,mhcii_median_score,0.361235
YP_499913.1,mhcii_median_percentile,2.55
YP_499913.1,mhcii_num_strong_binders,15
YP_498835.1,mhcii_median_score,0.30271
YP_498835.1,mhcii_median_percentile,3.32
YP_498835.1,mhcii_num_strong_binders,7
YP_500890.1,mhcii_median_score,0.30761700000000003
YP_500890.1,mhcii_median_percentile,2.885
YP_500890.1,mhcii_num_strong_binders,30
YP_500883.1,mhcii_median_score,0.342492
YP_500883.1,mhcii_median_percentile,2.29
YP_500883.1,mhcii_num_strong_binders,47
YP_498714.1,mhcii_median_score,0.310577
YP_498714.1,mhcii_median_percentile,2.57
YP_498714.1,mhcii_num_strong_binders,17
YP_501252.1,mhcii_median_score,0.32195450000000003
YP_501252.1,mhcii_median_percentile,2.4450000000000003
YP_501252.1,mhcii_num_strong_binders,60
YP_499276.1,mhcii_median_score,0.3409835
YP_499276.1,mhcii_median_percentile,1.9649999999999999
YP_499276.1,mhcii_num_strong_binders,10
YP_500553.1,mhcii_median_score,0.276492
YP_500553.1,mhcii_median_percentile,3.05
YP_500553.1,mhcii_num_strong_binders,2
YP_500301.1,mhcii_median_score,0.2983485
YP_500301.1,mhcii_median_percentile,2.425
YP_500301.1,mhcii_num_strong_binders,128
YP_500208.1,mhcii_median_score,0.2451845
YP_500208.1,mhcii_median_percentile,3.19
YP_500208.1,mhcii_num_strong_binders,11
YP_499754.1,mhcii_median_score,0.281035
YP_499754.1,mhcii_median_percentile,2.56
YP_499754.1,mhcii_num_strong_binders,15
YP_501216.1,mhcii_median_score,0.281602
YP_501216.1,mhcii_median_percentile,3.11
YP_501216.1,mhcii_num_strong_binders,3
YP_498621.1,mhcii_median_score,0.311705
YP_498621.1,mhcii_median_percentile,2.32
YP_498621.1,mhcii_num_strong_binders,7
YP_499675.1,mhcii_median_score,0.291712
YP_499675.1,mhcii_median_percentile,2.45
YP_499675.1,mhcii_num_strong_binders,17
YP_499331.1,mhcii_median_score,0.36739049999999995
YP_499331.1,mhcii_median_percentile,2.48
YP_499331.1,mhcii_num_strong_binders,31
YP_501269.1,mhcii_median_score,0.28482
YP_501269.1,mhcii_median_percentile,2.74
YP_501269.1,mhcii_num_strong_binders,13
YP_500337.1,mhcii_median_score,0.27709
YP_500337.1,mhcii_median_percentile,2.63
YP_500337.1,mhcii_num_strong_binders,4
YP_501119.1,mhcii_median_score,0.509831
YP_501119.1,mhcii_median_percentile,2.06
YP_501119.1,mhcii_num_strong_binders,0
YP_499390.1,mhcii_median_score,0.36139
YP_499390.1,mhcii_median_percentile,2.19
YP_499390.1,mhcii_num_strong_binders,11
YP_500007.1,mhcii_median_score,0.280978
YP_500007.1,mhcii_median_percentile,3.64
YP_500007.1,mhcii_num_strong_binders,0
YP_500804.1,mhcii_median_score,0.341766
YP_500804.1,mhcii_median_percentile,3.54
YP_500804.1,mhcii_num_strong_binders,0
YP_501173.1,mhcii_median_score,0.316477
YP_501173.1,mhcii_median_percentile,3.64
YP_501173.1,mhcii_num_strong_binders,0
YP_499555.1,mhcii_median_score,0.36712999999999996
YP_499555.1,mhcii_median_percentile,2.55
YP_499555.1,mhcii_num_strong_binders,2
YP_501053.1,mhcii_median_score,0.296583
YP_501053.1,mhcii_median_percentile,2.85
YP_501053.1,mhcii_num_strong_binders,5
YP_498655.1,mhcii_median_score,0.3963765
YP_498655.1,mhcii_median_percentile,2.455
YP_498655.1,mhcii_num_strong_binders,16
YP_498838.1,mhcii_median_score,0.386264
YP_498838.1,mhcii_median_percentile,2.11
YP_498838.1,mhcii_num_strong_binders,8
YP_499771.1,mhcii_median_score,0.296348
YP_499771.1,mhcii_median_percentile,2.87
YP_499771.1,mhcii_num_strong_binders,7
YP_499586.1,mhcii_median_score,0.490823
YP_499586.1,mhcii_median_percentile,1.865
YP_499586.1,mhcii_num_strong_binders,7
YP_499397.1,mhcii_median_score,0.443409
YP_499397.1,mhcii_median_percentile,1.92
YP_499397.1,mhcii_num_strong_binders,15
YP_500398.1,mhcii_median_score,0.247674
YP_500398.1,mhcii_median_percentile,3.3
YP_500398.1,mhcii_num_strong_binders,1
YP_499884.1,mhcii_median_score,0.293599
YP_499884.1,mhcii_median_percentile,3.67
YP_499884.1,mhcii_num_strong_binders,0
YP_500855.1,mhcii_median_score,0.625662
YP_500855.1,mhcii_median_percentile,1.1
YP_500855.1,mhcii_num_strong_binders,7
YP_500687.1,mhcii_median_score,0.253138
YP_500687.1,mhcii_median_percentile,3.34
YP_500687.1,mhcii_num_strong_binders,0
YP_008530245.1,mhcii_median_score,0.268593
YP_008530245.1,mhcii_median_percentile,4.0
YP_008530245.1,mhcii_num_strong_binders,0
YP_500426.1,mhcii_median_score,0.289592
YP_500426.1,mhcii_median_percentile,3.725
YP_500426.1,mhcii_num_strong_binders,0
YP_500405.1,mhcii_median_score,0.676633
YP_500405.1,mhcii_median_percentile,1.01
YP_500405.1,mhcii_num_strong_binders,7
YP_499530.1,mhcii_median_score,0.28861
YP_499530.1,mhcii_median_percentile,2.44
YP_499530.1,mhcii_num_strong_binders,2
YP_499966.1,mhcii_median_score,0.313967
YP_499966.1,mhcii_median_percentile,3.54
YP_499966.1,mhcii_num_strong_binders,0
YP_499172.1,mhcii_median_score,0.082024
YP_499172.1,mhcii_median_percentile,3.87
YP_499172.1,mhcii_num_strong_binders,0
YP_501253.1,mhcii_median_score,0.1666
YP_501253.1,mhcii_median_percentile,3.58
YP_501253.1,mhcii_num_strong_binders,0
YP_500700.1,mhcii_median_score,0.13793
YP_500700.1,mhcii_median_percentile,3.3
YP_500700.1,mhcii_num_strong_binders,0
YP_500868.1,mhcii_median_score,0.083069
YP_500868.1,mhcii_median_percentile,4.29
YP_500868.1,mhcii_num_strong_binders,0
YP_499822.1,mhcii_median_score,0.222671
YP_499822.1,mhcii_median_percentile,4.325
YP_499822.1,mhcii_num_strong_binders,0
accession,feature,score
SSL3|CC1,algpred2_hybrid_score,0.633
SSL3|CC5,algpred2_hybrid_score,0.184
SSL3|CC8,algpred2_hybrid_score,0.144
SSL3|CC22,algpred2_hybrid_score,0.158
SSL3|CC30,algpred2_hybrid_score,0.19
SSL3|CC93,algpred2_hybrid_score,0.123
SSL7|CC1,algpred2_hybrid_score,0.808
SSL7|CC5,algpred2_hybrid_score,0.723
SSL7|CC8,algpred2_hybrid_score,0.77
SSL7|CC22,algpred2_hybrid_score,0.262
SSL7|CC30,algpred2_hybrid_score,0.771
SSL7|CC93,algpred2_hybrid_score,0.752
SSL11|CC1,algpred2_hybrid_score,0.173
SSL11|CC5,algpred2_hybrid_score,0.274
SSL11|CC8,algpred2_hybrid_score,0.204
SSL11|CC22,algpred2_hybrid_score,0.199
SSL11|CC30,algpred2_hybrid_score,0.308
SSL11|CC93,algpred2_hybrid_score,0.237
YP_499183.1,algpred2_hybrid_score,0.035
YP_501487.1,algpred2_hybrid_score,0.027
YP_500419.1,algpred2_hybrid_score,0.075
YP_500337.1,algpred2_hybrid_score,0.173
YP_500378.1,algpred2_hybrid_score,-0.276
YP_499389.1,algpred2_hybrid_score,-0.295
YP_499915.1,algpred2_hybrid_score,0.191
YP_501058.1,algpred2_hybrid_score,0.552
YP_499703.1,algpred2_hybrid_score,-0.279
YP_500657.1,algpred2_hybrid_score,0.86
YP_499492.1,algpred2_hybrid_score,0.168
YP_501495.1,algpred2_hybrid_score,-0.399
YP_500791.1,algpred2_hybrid_score,0.044
YP_500348.1,algpred2_hybrid_score,0.685
YP_499292.1,algpred2_hybrid_score,0.205
YP_498758.1,algpred2_hybrid_score,0.1
YP_500086.1,algpred2_hybrid_score,0.093
YP_500438.1,algpred2_hybrid_score,0.121
YP_501182.1,algpred2_hybrid_score,-0.482
YP_500020.1,algpred2_hybrid_score,0.037
YP_501119.1,algpred2_hybrid_score,0.196
YP_500511.1,algpred2_hybrid_score,0.162
YP_500759.1,algpred2_hybrid_score,0.268
YP_498958.1,algpred2_hybrid_score,0.211
YP_499051.1,algpred2_hybrid_score,0.061
YP_499163.1,algpred2_hybrid_score,0.023
YP_499540.1,algpred2_hybrid_score,-0.368
YP_499616.1,algpred2_hybrid_score,0.173
YP_500587.1,algpred2_hybrid_score,0.163
YP_499721.1,algpred2_hybrid_score,-0.368
YP_499390.1,algpred2_hybrid_score,-0.179
YP_500936.1,algpred2_hybrid_score,0.035
YP_501445.1,algpred2_hybrid_score,-0.193
YP_501499.1,algpred2_hybrid_score,0.085
YP_499373.1,algpred2_hybrid_score,0.164
YP_501066.1,algpred2_hybrid_score,-0.33
YP_500763.1,algpred2_hybrid_score,-0.336
YP_500308.1,algpred2_hybrid_score,0.016
YP_499548.1,algpred2_hybrid_score,0.11
YP_501128.1,algpred2_hybrid_score,0.295
YP_499075.1,algpred2_hybrid_score,-0.437
YP_501077.1,algpred2_hybrid_score,0.593
YP_500800.1,algpred2_hybrid_score,0.183
YP_500576.1,algpred2_hybrid_score,0.088
YP_499961.1,algpred2_hybrid_score,0.227
YP_498794.1,algpred2_hybrid_score,-0.32
YP_500304.1,algpred2_hybrid_score,-0.434
YP_499855.1,algpred2_hybrid_score,0.12
YP_499262.1,algpred2_hybrid_score,-0.475
YP_008530245.1,algpred2_hybrid_score,0.097
YP_499857.1,algpred2_hybrid_score,1.166
YP_500261.1,algpred2_hybrid_score,0.264
YP_498610.1,algpred2_hybrid_score,-0.417
YP_500922.1,algpred2_hybrid_score,-0.167
YP_500433.1,algpred2_hybrid_score,0.068
YP_499934.1,algpred2_hybrid_score,0.03
YP_500542.1,algpred2_hybrid_score,0.58
YP_500426.1,algpred2_hybrid_score,0.097
YP_501450.1,algpred2_hybrid_score,0.067
YP_498730.1,algpred2_hybrid_score,-0.324
YP_499158.1,algpred2_hybrid_score,0.019
YP_500764.1,algpred2_hybrid_score,0.027
YP_500167.1,algpred2_hybrid_score,-0.474
YP_499002.1,algpred2_hybrid_score,0.04
YP_501474.1,algpred2_hybrid_score,0.228
YP_501139.1,algpred2_hybrid_score,0.099
YP_500711.1,algpred2_hybrid_score,0.011
YP_500549.1,algpred2_hybrid_score,0.107
YP_501122.1,algpred2_hybrid_score,0.019
YP_498678.1,algpred2_hybrid_score,-0.443
YP_499994.1,algpred2_hybrid_score,0.314
YP_499764.1,algpred2_hybrid_score,0.062
YP_500682.1,algpred2_hybrid_score,0.118
YP_501253.1,algpred2_hybrid_score,0.079
YP_500186.1,algpred2_hybrid_score,-0.434
YP_500068.1,algpred2_hybrid_score,-0.264
YP_499541.1,algpred2_hybrid_score,0.824
YP_499312.1,algpred2_hybrid_score,0.086
YP_500905.1,algpred2_hybrid_score,0.521
YP_499719.1,algpred2_hybrid_score,0.768
YP_499093.1,algpred2_hybrid_score,0.2
YP_499224.1,algpred2_hybrid_score,-0.379
YP_498647.1,algpred2_hybrid_score,0.206
YP_499525.1,algpred2_hybrid_score,0.075
YP_499522.1,algpred2_hybrid_score,0.16
YP_498928.1,algpred2_hybrid_score,0.641
YP_499123.1,algpred2_hybrid_score,0.253
YP_499058.1,algpred2_hybrid_score,0.24
YP_500459.1,algpred2_hybrid_score,-0.19
YP_499978.1,algpred2_hybrid_score,0.877
YP_501107.1,algpred2_hybrid_score,0.017
YP_499349.1,algpred2_hybrid_score,0.651
YP_499995.1,algpred2_hybrid_score,0.089
YP_500697.1,algpred2_hybrid_score,0.155
YP_500007.1,algpred2_hybrid_score,0.023
YP_499119.1,algpred2_hybrid_score,-0.401
YP_499685.1,algpred2_hybrid_score,-0.416
YP_500599.1,algpred2_hybrid_score,0.138
YP_500389.1,algpred2_hybrid_score,-0.251
YP_500162.1,algpred2_hybrid_score,-0.311
YP_501186.1,algpred2_hybrid_score,-0.02
YP_498609.1,algpred2_hybrid_score,-0.39
YP_500741.1,algpred2_hybrid_score,-0.403
YP_500804.1,algpred2_hybrid_score,0.245
YP_500449.1,algpred2_hybrid_score,-0.46
YP_500120.1,algpred2_hybrid_score,0.259
YP_500405.1,algpred2_hybrid_score,0.557
YP_499431.1,algpred2_hybrid_score,0.473
YP_498696.1,algpred2_hybrid_score,-0.368
YP_500550.1,algpred2_hybrid_score,-0.36
YP_500795.1,algpred2_hybrid_score,-0.389
YP_499888.1,algpred2_hybrid_score,0.17
YP_499558.1,algpred2_hybrid_score,0.172
YP_500393.1,algpred2_hybrid_score,0.091
YP_498896.1,algpred2_hybrid_score,0.097
YP_500255.1,algpred2_hybrid_score,-0.407
YP_501173.1,algpred2_hybrid_score,0.154
YP_499376.1,algpred2_hybrid_score,0.206
YP_500119.1,algpred2_hybrid_score,0.312
YP_501036.1,algpred2_hybrid_score,0.52
YP_500279.1,algpred2_hybrid_score,-0.457
YP_501481.1,algpred2_hybrid_score,-0.461
YP_501434.1,algpred2_hybrid_score,-0.464
YP_499264.1,algpred2_hybrid_score,0.208
YP_498768.1,algpred2_hybrid_score,-0.307
YP_499118.1,algpred2_hybrid_score,0.239
YP_500388.1,algpred2_hybrid_score,0.044
YP_498966.1,algpred2_hybrid_score,0.054
YP_501290.1,algpred2_hybrid_score,0.609
YP_499555.1,algpred2_hybrid_score,0.165
YP_501264.1,algpred2_hybrid_score,0.126
YP_500713.1,algpred2_hybrid_score,0.24
YP_499530.1,algpred2_hybrid_score,0.148
YP_499050.1,algpred2_hybrid_score,-0.23
YP_501132.1,algpred2_hybrid_score,0.053
YP_501053.1,algpred2_hybrid_score,0.578
YP_500864.1,algpred2_hybrid_score,0.484
YP_501208.1,algpred2_hybrid_score,0.236
YP_500495.1,algpred2_hybrid_score,0.071
YP_499100.1,algpred2_hybrid_score,0.086
YP_501383.1,algpred2_hybrid_score,0.113
YP_500189.1,algpred2_hybrid_score,0.116
YP_500399.1,algpred2_hybrid_score,0.046
YP_499396.1,algpred2_hybrid_score,-0.481
YP_499593.1,algpred2_hybrid_score,0.291
YP_499986.1,algpred2_hybrid_score,0.176
YP_500202.1,algpred2_hybrid_score,0.405
YP_498859.1,algpred2_hybrid_score,0.542
YP_498655.1,algpred2_hybrid_score,0.051
YP_500306.1,algpred2_hybrid_score,0.422
YP_499249.1,algpred2_hybrid_score,0.11
YP_499345.1,algpred2_hybrid_score,0.054
YP_498808.1,algpred2_hybrid_score,0.004
YP_499225.1,algpred2_hybrid_score,-0.476
YP_500380.1,algpred2_hybrid_score,0.432
YP_499451.1,algpred2_hybrid_score,-0.419
YP_008530243.1,algpred2_hybrid_score,0.088
YP_498838.1,algpred2_hybrid_score,0.089
YP_501152.1,algpred2_hybrid_score,-0.173
YP_500917.1,algpred2_hybrid_score,0.621
YP_498913.1,algpred2_hybrid_score,0.047
YP_500822.1,algpred2_hybrid_score,-0.427
YP_499470.1,algpred2_hybrid_score,0.416
YP_499771.1,algpred2_hybrid_score,-0.483
YP_500001.1,algpred2_hybrid_score,0.106
YP_500700.1,algpred2_hybrid_score,0.768
YP_499966.1,algpred2_hybrid_score,0.302
YP_499406.1,algpred2_hybrid_score,0.083
YP_500247.1,algpred2_hybrid_score,-0.386
YP_500390.1,algpred2_hybrid_score,0.219
YP_500734.1,algpred2_hybrid_score,0.075
YP_501286.1,algpred2_hybrid_score,0.793
YP_499814.1,algpred2_hybrid_score,0.006
YP_498729.1,algpred2_hybrid_score,0.074
YP_499402.1,algpred2_hybrid_score,-0.379
YP_500183.1,algpred2_hybrid_score,-0.156
YP_499565.1,algpred2_hybrid_score,0.997
YP_500645.1,algpred2_hybrid_score,-0.407
YP_498751.1,algpred2_hybrid_score,0.251
YP_498989.1,algpred2_hybrid_score,0.315
YP_500431.1,algpred2_hybrid_score,0.187
YP_500650.1,algpred2_hybrid_score,0.308
YP_499177.1,algpred2_hybrid_score,0.043
YP_498931.1,algpred2_hybrid_score,0.158
YP_500655.1,algpred2_hybrid_score,0.667
YP_499586.1,algpred2_hybrid_score,0.116
YP_500868.1,algpred2_hybrid_score,0.186
YP_501414.1,algpred2_hybrid_score,0.083
YP_500911.1,algpred2_hybrid_score,0.105
YP_499461.1,algpred2_hybrid_score,0.291
YP_499181.1,algpred2_hybrid_score,0.017
YP_499146.1,algpred2_hybrid_score,0.349
YP_498721.1,algpred2_hybrid_score,0.221
YP_499037.1,algpred2_hybrid_score,0.148
YP_501133.1,algpred2_hybrid_score,0.032
YP_501137.1,algpred2_hybrid_score,0.252
YP_500059.1,algpred2_hybrid_score,0.217
YP_498663.1,algpred2_hybrid_score,-0.482
YP_500986.1,algpred2_hybrid_score,0.159
YP_499809.1,algpred2_hybrid_score,0.328
YP_499832.1,algpred2_hybrid_score,0.199
YP_499397.1,algpred2_hybrid_score,-0.481
YP_501477.1,algpred2_hybrid_score,0.098
YP_500964.1,algpred2_hybrid_score,0.175
YP_501222.1,algpred2_hybrid_score,-0.476
YP_500398.1,algpred2_hybrid_score,0.07
YP_499787.1,algpred2_hybrid_score,0.038
YP_499107.1,algpred2_hybrid_score,-0.268
YP_501258.1,algpred2_hybrid_score,0.084
YP_500667.1,algpred2_hybrid_score,0.781
YP_499884.1,algpred2_hybrid_score,0.125
YP_500602.1,algpred2_hybrid_score,0.209
YP_500311.1,algpred2_hybrid_score,0.173
YP_499128.1,algpred2_hybrid_score,-0.472
YP_500445.1,algpred2_hybrid_score,0.024
YP_500806.1,algpred2_hybrid_score,-0.413
YP_500949.1,algpred2_hybrid_score,0.016
YP_500401.1,algpred2_hybrid_score,0.018
YP_501170.1,algpred2_hybrid_score,-0.283
YP_500913.1,algpred2_hybrid_score,0.262
YP_499329.1,algpred2_hybrid_score,0.156
YP_498826.1,algpred2_hybrid_score,0.071
YP_499760.1,algpred2_hybrid_score,0.103
YP_500855.1,algpred2_hybrid_score,0.177
YP_501478.1,algpred2_hybrid_score,0.526
YP_499794.1,algpred2_hybrid_score,0.04
YP_500719.1,algpred2_hybrid_score,0.084
YP_499998.1,algpred2_hybrid_score,0.711
YP_501418.1,algpred2_hybrid_score,-0.257
YP_500434.1,algpred2_hybrid_score,-0.358
YP_501338.1,algpred2_hybrid_score,0.034
YP_499913.1,algpred2_hybrid_score,-0.452
YP_498835.1,algpred2_hybrid_score,0.083
YP_500890.1,algpred2_hybrid_score,-0.449
YP_500883.1,algpred2_hybrid_score,-0.475
YP_500687.1,algpred2_hybrid_score,0.246
YP_498714.1,algpred2_hybrid_score,0.076
YP_501252.1,algpred2_hybrid_score,-0.473
YP_499172.1,algpred2_hybrid_score,0.206
YP_499276.1,algpred2_hybrid_score,0.475
YP_500553.1,algpred2_hybrid_score,0.317
YP_500301.1,algpred2_hybrid_score,-0.324
YP_500208.1,algpred2_hybrid_score,0.037
YP_499754.1,algpred2_hybrid_score,0.641
YP_501216.1,algpred2_hybrid_score,0.623
YP_498621.1,algpred2_hybrid_score,0.545
YP_499822.1,algpred2_hybrid_score,0.215
YP_499675.1,algpred2_hybrid_score,0.039
YP_499331.1,algpred2_hybrid_score,0.132
YP_501269.1,algpred2_hybrid_score,0.075
SSL5|A0A0H3K6Z6,algpred2_hybrid_score,0.698
SSL10|A0A0H3K6Z9,algpred2_hybrid_score,0.643
SSL1|A0A0H3KAV3,algpred2_hybrid_score,0.079
SSL4|A0A0H3K6A3,algpred2_hybrid_score,0.217
P0C0I5|ExotoxinC,algpred2_hybrid_score,1.068
P0C0I6|ExotoxinH,algpred2_hybrid_score,0.619
P0DJY7|ExotoxinA,algpred2_hybrid_score,0.611
A0A0H3KHN8|EnterotoxinA,algpred2_hybrid_score,1.087
SSL3|CC1,bepipred3_median_epitope_score,0.1863291785120964
SSL3|CC5,bepipred3_median_epitope_score,0.19192589074373245
SSL3|CC8,bepipred3_median_epitope_score,0.20304512977600098
SSL3|CC22,bepipred3_median_epitope_score,0.19108916819095612
SSL3|CC30,bepipred3_median_epitope_score,0.1895763874053955
SSL3|CC93,bepipred3_median_epitope_score,0.17254997044801712
SSL7|CC1,bepipred3_median_epitope_score,0.15810173749923706
SSL7|CC5,bepipred3_median_epitope_score,0.15522055327892303
SSL7|CC8,bepipred3_median_epitope_score,0.13896456360816956
SSL7|CC22,bepipred3_median_epitope_score,0.17890825867652893
SSL7|CC30,bepipred3_median_epitope_score,0.16713175177574158
SSL7|CC93,bepipred3_median_epitope_score,0.15897712111473083
SSL11|CC1,bepipred3_median_epitope_score,0.18870284408330917
SSL11|CC5,bepipred3_median_epitope_score,0.19471091032028198
SSL11|CC8,bepipred3_median_epitope_score,0.1940649300813675
SSL11|CC22,bepipred3_median_epitope_score,0.17974920570850372
SSL11|CC30,bepipred3_median_epitope_score,0.18928641080856323
SSL11|CC93,bepipred3_median_epitope_score,0.18577447533607483
YP_499183.1,bepipred3_median_epitope_score,0.1328311786055565
YP_501487.1,bepipred3_median_epitope_score,0.1147560253739357
YP_500419.1,bepipred3_median_epitope_score,0.20248184353113174
YP_500337.1,bepipred3_median_epitope_score,0.11764221265912056
YP_500378.1,bepipred3_median_epitope_score,0.06381887942552567
YP_499389.1,bepipred3_median_epitope_score,0.1262204423546791
YP_501058.1,bepipred3_median_epitope_score,0.1366545781493187
YP_499703.1,bepipred3_median_epitope_score,0.08050694316625595
YP_500657.1,bepipred3_median_epitope_score,0.17520780116319656
YP_499492.1,bepipred3_median_epitope_score,0.12841078639030457
YP_501495.1,bepipred3_median_epitope_score,0.09286244213581085
YP_500791.1,bepipred3_median_epitope_score,0.03302266448736191
YP_500348.1,bepipred3_median_epitope_score,0.18458089232444763
YP_499292.1,bepipred3_median_epitope_score,0.05733930133283138
YP_498758.1,bepipred3_median_epitope_score,0.07534084469079971
YP_500086.1,bepipred3_median_epitope_score,0.18491029739379883
YP_500438.1,bepipred3_median_epitope_score,0.1824195832014084
YP_501182.1,bepipred3_median_epitope_score,0.06222841143608093
YP_500020.1,bepipred3_median_epitope_score,0.08246093988418579
YP_501119.1,bepipred3_median_epitope_score,0.2830106168985367
YP_500511.1,bepipred3_median_epitope_score,0.16548432409763336
YP_500759.1,bepipred3_median_epitope_score,0.07718115299940109
YP_498958.1,bepipred3_median_epitope_score,0.17662430554628372
YP_499051.1,bepipred3_median_epitope_score,0.06333379447460175
YP_499163.1,bepipred3_median_epitope_score,0.0659201592206955
YP_499540.1,bepipred3_median_epitope_score,0.12153621017932892
YP_499616.1,bepipred3_median_epitope_score,0.11284595727920532
YP_500587.1,bepipred3_median_epitope_score,0.11364056915044785
YP_499721.1,bepipred3_median_epitope_score,0.11744510009884834
YP_499390.1,bepipred3_median_epitope_score,0.11419849842786789
YP_500936.1,bepipred3_median_epitope_score,0.06547820568084717
YP_501445.1,bepipred3_median_epitope_score,0.0903230607509613
YP_501499.1,bepipred3_median_epitope_score,0.08999261260032654
YP_499373.1,bepipred3_median_epitope_score,0.13266339898109436
YP_501066.1,bepipred3_median_epitope_score,0.06507141888141632
YP_500763.1,bepipred3_median_epitope_score,0.05735854059457779
YP_500308.1,bepipred3_median_epitope_score,0.03063243255019188
YP_499548.1,bepipred3_median_epitope_score,0.17357272654771805
YP_501128.1,bepipred3_median_epitope_score,0.15137258917093277
YP_499075.1,bepipred3_median_epitope_score,0.0787329450249672
YP_501077.1,bepipred3_median_epitope_score,0.04571730084717274
YP_500800.1,bepipred3_median_epitope_score,0.14687223732471466
YP_500576.1,bepipred3_median_epitope_score,0.08852744102478027
YP_499961.1,bepipred3_median_epitope_score,0.12233500182628632
YP_498794.1,bepipred3_median_epitope_score,0.08197852224111557
YP_500304.1,bepipred3_median_epitope_score,0.07404949516057968
YP_499855.1,bepipred3_median_epitope_score,0.22763528674840927
YP_499262.1,bepipred3_median_epitope_score,0.04300561547279358
YP_008530245.1,bepipred3_median_epitope_score,0.08282430469989777
YP_499857.1,bepipred3_median_epitope_score,0.1302393078804016
YP_500261.1,bepipred3_median_epitope_score,0.10635572671890259
YP_498610.1,bepipred3_median_epitope_score,0.06383151561021805
YP_500922.1,bepipred3_median_epitope_score,0.07852695509791374
YP_500433.1,bepipred3_median_epitope_score,0.06895338743925095
YP_499934.1,bepipred3_median_epitope_score,0.09087123721837997
YP_500542.1,bepipred3_median_epitope_score,0.08912332355976105
YP_500426.1,bepipred3_median_epitope_score,0.06836320832371712
YP_501450.1,bepipred3_median_epitope_score,0.09732669591903687
YP_498730.1,bepipred3_median_epitope_score,0.12411508709192276
YP_499158.1,bepipred3_median_epitope_score,0.06859709322452545
YP_500764.1,bepipred3_median_epitope_score,0.06048933416604996
YP_500167.1,bepipred3_median_epitope_score,0.0269771758466959
YP_499002.1,bepipred3_median_epitope_score,0.04750274494290352
YP_501474.1,bepipred3_median_epitope_score,0.08029809594154358
YP_501139.1,bepipred3_median_epitope_score,0.14493642002344131
YP_500711.1,bepipred3_median_epitope_score,0.12491953745484352
YP_500549.1,bepipred3_median_epitope_score,0.06771354377269745
YP_501122.1,bepipred3_median_epitope_score,0.08960757777094841
YP_498678.1,bepipred3_median_epitope_score,0.04174383543431759
YP_499994.1,bepipred3_median_epitope_score,0.102419413626194
YP_499764.1,bepipred3_median_epitope_score,0.22437435388565063
YP_500682.1,bepipred3_median_epitope_score,0.11059381067752838
YP_501253.1,bepipred3_median_epitope_score,0.16750838607549667
YP_500186.1,bepipred3_median_epitope_score,0.1115291565656662
YP_500068.1,bepipred3_median_epitope_score,0.11564546450972557
YP_499541.1,bepipred3_median_epitope_score,0.15446513146162033
YP_499312.1,bepipred3_median_epitope_score,0.1127924770116806
YP_500905.1,bepipred3_median_epitope_score,0.0752405971288681
YP_499719.1,bepipred3_median_epitope_score,0.15042145550251007
YP_499093.1,bepipred3_median_epitope_score,0.08676594495773315
YP_499224.1,bepipred3_median_epitope_score,0.07571445405483246
YP_498647.1,bepipred3_median_epitope_score,0.12118688970804214
YP_499525.1,bepipred3_median_epitope_score,0.17042890191078186
YP_499522.1,bepipred3_median_epitope_score,0.13520268350839615
YP_498928.1,bepipred3_median_epitope_score,0.08292108401656151
YP_499123.1,bepipred3_median_epitope_score,0.20206302404403687
YP_499058.1,bepipred3_median_epitope_score,0.1111997589468956
YP_500459.1,bepipred3_median_epitope_score,0.0788957066833973
YP_499978.1,bepipred3_median_epitope_score,0.14792674034833908
YP_501107.1,bepipred3_median_epitope_score,0.10145755112171173
YP_499349.1,bepipred3_median_epitope_score,0.19273948669433594
YP_499995.1,bepipred3_median_epitope_score,0.06201531924307346
YP_500697.1,bepipred3_median_epitope_score,0.20591922104358673
YP_500007.1,bepipred3_median_epitope_score,0.2114994153380394
YP_499119.1,bepipred3_median_epitope_score,0.08225012198090553
YP_499685.1,bepipred3_median_epitope_score,0.0767960473895073
YP_500599.1,bepipred3_median_epitope_score,0.06850558519363403
YP_500389.1,bepipred3_median_epitope_score,0.07057715207338333
YP_500162.1,bepipred3_median_epitope_score,0.09428514540195465
YP_501186.1,bepipred3_median_epitope_score,0.05330446735024452
YP_498609.1,bepipred3_median_epitope_score,0.08517386019229889
YP_500741.1,bepipred3_median_epitope_score,0.06024501472711563
YP_500804.1,bepipred3_median_epitope_score,0.32880550622940063
YP_500449.1,bepipred3_median_epitope_score,0.058460742235183716
YP_500120.1,bepipred3_median_epitope_score,0.08008010685443878
YP_500405.1,bepipred3_median_epitope_score,0.03408261761069298
YP_499431.1,bepipred3_median_epitope_score,0.09787500277161598
YP_498696.1,bepipred3_median_epitope_score,0.12276433408260345
YP_500550.1,bepipred3_median_epitope_score,0.10827158391475677
YP_500795.1,bepipred3_median_epitope_score,0.12462446466088295
YP_499888.1,bepipred3_median_epitope_score,0.0891103520989418
YP_499558.1,bepipred3_median_epitope_score,0.0590241439640522
YP_500393.1,bepipred3_median_epitope_score,0.12234900891780853
YP_498896.1,bepipred3_median_epitope_score,0.12278773635625839
YP_500255.1,bepipred3_median_epitope_score,0.06770367920398712
YP_501173.1,bepipred3_median_epitope_score,0.049264732748270035
YP_499376.1,bepipred3_median_epitope_score,0.1821599155664444
YP_500119.1,bepipred3_median_epitope_score,0.12082821130752563
YP_501036.1,bepipred3_median_epitope_score,0.059227097779512405
YP_500279.1,bepipred3_median_epitope_score,0.06511148065328598
YP_501481.1,bepipred3_median_epitope_score,0.03267228417098522
YP_501434.1,bepipred3_median_epitope_score,0.07774215191602707
YP_499264.1,bepipred3_median_epitope_score,0.10834091156721115
YP_498768.1,bepipred3_median_epitope_score,0.07229539006948471
YP_499118.1,bepipred3_median_epitope_score,0.11915294826030731
YP_498966.1,bepipred3_median_epitope_score,0.11377422139048576
YP_501290.1,bepipred3_median_epitope_score,0.09656322002410889
YP_499555.1,bepipred3_median_epitope_score,0.28523290157318115
YP_501264.1,bepipred3_median_epitope_score,0.2193002700805664
YP_500713.1,bepipred3_median_epitope_score,0.2329287976026535
YP_499530.1,bepipred3_median_epitope_score,0.16346633434295654
YP_499050.1,bepipred3_median_epitope_score,0.07019447162747383
YP_501132.1,bepipred3_median_epitope_score,0.13292214274406433
YP_501053.1,bepipred3_median_epitope_score,0.06662634760141373
YP_500864.1,bepipred3_median_epitope_score,0.08653334528207779
YP_501208.1,bepipred3_median_epitope_score,0.11846880614757538
YP_500495.1,bepipred3_median_epitope_score,0.07784141600131989
YP_499100.1,bepipred3_median_epitope_score,0.08755744993686676
YP_501383.1,bepipred3_median_epitope_score,0.10299098491668701
YP_500189.1,bepipred3_median_epitope_score,0.07343754917383194
YP_500399.1,bepipred3_median_epitope_score,0.09199238568544388
YP_499396.1,bepipred3_median_epitope_score,0.09457028657197952
YP_499593.1,bepipred3_median_epitope_score,0.2197948396205902
YP_499986.1,bepipred3_median_epitope_score,0.19606798887252808
YP_500202.1,bepipred3_median_epitope_score,0.08573507517576218
YP_498859.1,bepipred3_median_epitope_score,0.10752804577350616
YP_498655.1,bepipred3_median_epitope_score,0.08541379123926163
YP_500306.1,bepipred3_median_epitope_score,0.07685155421495438
YP_499249.1,bepipred3_median_epitope_score,0.1563148945569992
YP_499345.1,bepipred3_median_epitope_score,0.08807644993066788
YP_498808.1,bepipred3_median_epitope_score,0.07727576047182083
YP_499225.1,bepipred3_median_epitope_score,0.06288471817970276
YP_500380.1,bepipred3_median_epitope_score,0.0848548486828804
YP_499451.1,bepipred3_median_epitope_score,0.04991668090224266
YP_008530243.1,bepipred3_median_epitope_score,0.13640300184488297
YP_498838.1,bepipred3_median_epitope_score,0.24169118702411652
YP_501152.1,bepipred3_median_epitope_score,0.11372749879956245
YP_500917.1,bepipred3_median_epitope_score,0.06241345964372158
YP_498913.1,bepipred3_median_epitope_score,0.09850271046161652
YP_500822.1,bepipred3_median_epitope_score,0.07412457093596458
YP_499470.1,bepipred3_median_epitope_score,0.09002123028039932
YP_499771.1,bepipred3_median_epitope_score,0.031748490408062935
YP_500001.1,bepipred3_median_epitope_score,0.05120651423931122
YP_500700.1,bepipred3_median_epitope_score,0.16078445315361023
YP_499966.1,bepipred3_median_epitope_score,0.28303730487823486
YP_499406.1,bepipred3_median_epitope_score,0.24718041718006134
YP_500247.1,bepipred3_median_epitope_score,0.09972051531076431
YP_500390.1,bepipred3_median_epitope_score,0.07488177716732025
YP_500734.1,bepipred3_median_epitope_score,0.11433766409754753
YP_501286.1,bepipred3_median_epitope_score,0.1479591503739357
YP_499814.1,bepipred3_median_epitope_score,0.11172590777277946
YP_498729.1,bepipred3_median_epitope_score,0.0766516849398613
YP_499402.1,bepipred3_median_epitope_score,0.07004304975271225
YP_500183.1,bepipred3_median_epitope_score,0.10905344784259796
YP_499565.1,bepipred3_median_epitope_score,0.058622315526008606
YP_500645.1,bepipred3_median_epitope_score,0.09539959207177162
YP_498751.1,bepipred3_median_epitope_score,0.10415482521057129
YP_498989.1,bepipred3_median_epitope_score,0.13657862693071365
YP_500431.1,bepipred3_median_epitope_score,0.13990043103694916
YP_500650.1,bepipred3_median_epitope_score,0.19336151331663132
YP_499177.1,bepipred3_median_epitope_score,0.027124270796775818
YP_498931.1,bepipred3_median_epitope_score,0.0550130195915699
YP_500655.1,bepipred3_median_epitope_score,0.13895940780639648
YP_499586.1,bepipred3_median_epitope_score,0.23320748656988144
YP_500868.1,bepipred3_median_epitope_score,0.11074312031269073
YP_501414.1,bepipred3_median_epitope_score,0.11520355939865112
YP_500911.1,bepipred3_median_epitope_score,0.09058832004666328
YP_499461.1,bepipred3_median_epitope_score,0.08135739341378212
YP_499181.1,bepipred3_median_epitope_score,0.06950905546545982
YP_499146.1,bepipred3_median_epitope_score,0.0786215253174305
YP_498721.1,bepipred3_median_epitope_score,0.1211121492087841
YP_499037.1,bepipred3_median_epitope_score,0.11985625699162483
YP_501133.1,bepipred3_median_epitope_score,0.04298292100429535
YP_501137.1,bepipred3_median_epitope_score,0.10413862392306328
YP_500059.1,bepipred3_median_epitope_score,0.09717607870697975
YP_498663.1,bepipred3_median_epitope_score,0.03838973306119442
YP_500986.1,bepipred3_median_epitope_score,0.23333421349525452
YP_499809.1,bepipred3_median_epitope_score,0.047432636842131615
YP_499832.1,bepipred3_median_epitope_score,0.20450833439826965
YP_499397.1,bepipred3_median_epitope_score,0.03918454796075821
YP_501477.1,bepipred3_median_epitope_score,0.11485680937767029
YP_500964.1,bepipred3_median_epitope_score,0.08735540136694908
YP_501222.1,bepipred3_median_epitope_score,0.08336726576089859
YP_500398.1,bepipred3_median_epitope_score,0.10490652918815613
YP_499787.1,bepipred3_median_epitope_score,0.10573568195104599
YP_499107.1,bepipred3_median_epitope_score,0.0808204859495163
YP_501258.1,bepipred3_median_epitope_score,0.11494473740458488
YP_500667.1,bepipred3_median_epitope_score,0.08488082513213158
YP_499884.1,bepipred3_median_epitope_score,0.1868656426668167
YP_500602.1,bepipred3_median_epitope_score,0.08733667433261871
YP_500311.1,bepipred3_median_epitope_score,0.0652177557349205
YP_499128.1,bepipred3_median_epitope_score,0.04099028371274471
YP_500445.1,bepipred3_median_epitope_score,0.04118630290031433
YP_500806.1,bepipred3_median_epitope_score,0.07571345940232277
YP_500949.1,bepipred3_median_epitope_score,0.030610643327236176
YP_500401.1,bepipred3_median_epitope_score,0.058492906391620636
YP_501170.1,bepipred3_median_epitope_score,0.1242058277130127
YP_500913.1,bepipred3_median_epitope_score,0.07274945080280304
YP_499329.1,bepipred3_median_epitope_score,0.24714188277721405
YP_498826.1,bepipred3_median_epitope_score,0.10338306427001953
YP_499760.1,bepipred3_median_epitope_score,0.07425399869680405
YP_500855.1,bepipred3_median_epitope_score,0.20207302272319794
YP_499794.1,bepipred3_median_epitope_score,0.07195213437080383
YP_500719.1,bepipred3_median_epitope_score,0.09100969135761261
YP_499998.1,bepipred3_median_epitope_score,0.07638321071863174
YP_501418.1,bepipred3_median_epitope_score,0.06388984620571136
YP_500434.1,bepipred3_median_epitope_score,0.10465947538614273
YP_501338.1,bepipred3_median_epitope_score,0.05599728226661682
YP_499913.1,bepipred3_median_epitope_score,0.03429313749074936
YP_498835.1,bepipred3_median_epitope_score,0.08605290949344635
YP_500890.1,bepipred3_median_epitope_score,0.04228144697844982
YP_500883.1,bepipred3_median_epitope_score,0.05334082245826721
YP_500687.1,bepipred3_median_epitope_score,0.13478286564350128
YP_498714.1,bepipred3_median_epitope_score,0.05898642912507057
YP_501252.1,bepipred3_median_epitope_score,0.0795181654393673
YP_499172.1,bepipred3_median_epitope_score,0.1785387247800827
YP_499276.1,bepipred3_median_epitope_score,0.16581783443689346
YP_500553.1,bepipred3_median_epitope_score,0.20129181444644928
YP_500301.1,bepipred3_median_epitope_score,0.07033826038241386
YP_500208.1,bepipred3_median_epitope_score,0.11497612670063972
YP_499754.1,bepipred3_median_epitope_score,0.0631987415254116
YP_501216.1,bepipred3_median_epitope_score,0.14487488567829132
YP_498621.1,bepipred3_median_epitope_score,0.04453597217798233
YP_499822.1,bepipred3_median_epitope_score,0.09687952324748039
YP_499675.1,bepipred3_median_epitope_score,0.03382506221532822
YP_499331.1,bepipred3_median_epitope_score,0.0920901894569397
YP_501269.1,bepipred3_median_epitope_score,0.11414484307169914
SSL5|A0A0H3K6Z6,bepipred3_median_epitope_score,0.1825454831123352
SSL10|A0A0H3K6Z9,bepipred3_median_epitope_score,0.1774892508983612
SSL1|A0A0H3KAV3,bepipred3_median_epitope_score,0.16030200570821762
SSL4|A0A0H3K6A3,bepipred3_median_epitope_score,0.20897413790225983
P0C0I5|ExotoxinC,bepipred3_median_epitope_score,0.13833066821098328
P0C0I6|ExotoxinH,bepipred3_median_epitope_score,0.18584436923265457
P0DJY7|ExotoxinA,bepipred3_median_epitope_score,0.17937254160642624
A0A0H3KHN8|EnterotoxinA,bepipred3_median_epitope_score,0.1707688271999359
SSL3|CC1,ifnepitope2_median_score,0.595
SSL3|CC5,ifnepitope2_median_score,0.61
SSL3|CC8,ifnepitope2_median_score,0.6
SSL3|CC22,ifnepitope2_median_score,0.555
SSL3|CC30,ifnepitope2_median_score,0.57
SSL3|CC93,ifnepitope2_median_score,0.57
SSL7|CC1,ifnepitope2_median_score,0.58
SSL7|CC5,ifnepitope2_median_score,0.56
SSL7|CC8,ifnepitope2_median_score,0.57
SSL7|CC22,ifnepitope2_median_score,0.57
SSL7|CC30,ifnepitope2_median_score,0.57
SSL7|CC93,ifnepitope2_median_score,0.56
SSL11|CC1,ifnepitope2_median_score,0.55
SSL11|CC5,ifnepitope2_median_score,0.56
SSL11|CC8,ifnepitope2_median_score,0.53
SSL11|CC22,ifnepitope2_median_score,0.52
SSL11|CC30,ifnepitope2_median_score,0.565
SSL11|CC93,ifnepitope2_median_score,0.54
YP_499183.1,ifnepitope2_median_score,0.56
YP_501487.1,ifnepitope2_median_score,0.58
YP_500419.1,ifnepitope2_median_score,0.57
YP_500337.1,ifnepitope2_median_score,0.58
YP_500378.1,ifnepitope2_median_score,0.6
YP_499389.1,ifnepitope2_median_score,0.58
YP_499915.1,ifnepitope2_median_score,0.54
YP_501058.1,ifnepitope2_median_score,0.5
YP_499703.1,ifnepitope2_median_score,0.6
YP_500657.1,ifnepitope2_median_score,0.545
YP_499492.1,ifnepitope2_median_score,0.6
YP_501495.1,ifnepitope2_median_score,0.59
YP_500791.1,ifnepitope2_median_score,0.59
YP_500348.1,ifnepitope2_median_score,0.58
YP_499292.1,ifnepitope2_median_score,0.62
YP_498758.1,ifnepitope2_median_score,0.58
YP_500086.1,ifnepitope2_median_score,0.58
YP_500438.1,ifnepitope2_median_score,0.57
YP_501182.1,ifnepitope2_median_score,0.59
YP_500020.1,ifnepitope2_median_score,0.59
YP_501119.1,ifnepitope2_median_score,0.535
YP_500511.1,ifnepitope2_median_score,0.59
YP_500759.1,ifnepitope2_median_score,0.6
YP_498958.1,ifnepitope2_median_score,0.6
YP_499051.1,ifnepitope2_median_score,0.58
YP_499163.1,ifnepitope2_median_score,0.58
YP_499540.1,ifnepitope2_median_score,0.58
YP_499616.1,ifnepitope2_median_score,0.56
YP_500587.1,ifnepitope2_median_score,0.58
YP_499721.1,ifnepitope2_median_score,0.62
YP_499390.1,ifnepitope2_median_score,0.545
YP_500936.1,ifnepitope2_median_score,0.59
YP_501445.1,ifnepitope2_median_score,0.56
YP_501499.1,ifnepitope2_median_score,0.6
YP_499373.1,ifnepitope2_median_score,0.62
YP_501066.1,ifnepitope2_median_score,0.61
YP_500763.1,ifnepitope2_median_score,0.59
YP_500308.1,ifnepitope2_median_score,0.6
YP_499548.1,ifnepitope2_median_score,0.61
YP_501128.1,ifnepitope2_median_score,0.59
YP_499075.1,ifnepitope2_median_score,0.53
YP_501077.1,ifnepitope2_median_score,0.58
YP_500800.1,ifnepitope2_median_score,0.6
YP_500576.1,ifnepitope2_median_score,0.53
YP_499961.1,ifnepitope2_median_score,0.54
YP_498794.1,ifnepitope2_median_score,0.59
YP_500304.1,ifnepitope2_median_score,0.57
YP_499855.1,ifnepitope2_median_score,0.455
YP_499262.1,ifnepitope2_median_score,0.6
YP_008530245.1,ifnepitope2_median_score,0.61
YP_499857.1,ifnepitope2_median_score,0.6
YP_500261.1,ifnepitope2_median_score,0.55
YP_498610.1,ifnepitope2_median_score,0.58
YP_500922.1,ifnepitope2_median_score,0.57
YP_500433.1,ifnepitope2_median_score,0.59
YP_499934.1,ifnepitope2_median_score,0.56
YP_500542.1,ifnepitope2_median_score,0.57
YP_500426.1,ifnepitope2_median_score,0.59
YP_501450.1,ifnepitope2_median_score,0.535
YP_498730.1,ifnepitope2_median_score,0.61
YP_499158.1,ifnepitope2_median_score,0.52
YP_500764.1,ifnepitope2_median_score,0.62
YP_500167.1,ifnepitope2_median_score,0.57
YP_499002.1,ifnepitope2_median_score,0.58
YP_501474.1,ifnepitope2_median_score,0.58
YP_501139.1,ifnepitope2_median_score,0.605
YP_500711.1,ifnepitope2_median_score,0.51
YP_500549.1,ifnepitope2_median_score,0.5
YP_501122.1,ifnepitope2_median_score,0.57
YP_498678.1,ifnepitope2_median_score,0.62
YP_499994.1,ifnepitope2_median_score,0.54
YP_499764.1,ifnepitope2_median_score,0.585
YP_500682.1,ifnepitope2_median_score,0.6
YP_501253.1,ifnepitope2_median_score,0.6
YP_500186.1,ifnepitope2_median_score,0.59
YP_500068.1,ifnepitope2_median_score,0.61
YP_499541.1,ifnepitope2_median_score,0.61
YP_499312.1,ifnepitope2_median_score,0.54
YP_500905.1,ifnepitope2_median_score,0.58
YP_499719.1,ifnepitope2_median_score,0.58
YP_499093.1,ifnepitope2_median_score,0.62
YP_499224.1,ifnepitope2_median_score,0.59
YP_498647.1,ifnepitope2_median_score,0.62
YP_499525.1,ifnepitope2_median_score,0.54
YP_499522.1,ifnepitope2_median_score,0.62
YP_498928.1,ifnepitope2_median_score,0.61
YP_499123.1,ifnepitope2_median_score,0.6
YP_499058.1,ifnepitope2_median_score,0.6
YP_500459.1,ifnepitope2_median_score,0.6
YP_499978.1,ifnepitope2_median_score,0.56
YP_501107.1,ifnepitope2_median_score,0.49
YP_499349.1,ifnepitope2_median_score,0.64
YP_499995.1,ifnepitope2_median_score,0.62
YP_500697.1,ifnepitope2_median_score,0.51
YP_500007.1,ifnepitope2_median_score,0.5
YP_499119.1,ifnepitope2_median_score,0.56
YP_499685.1,ifnepitope2_median_score,0.59
YP_500599.1,ifnepitope2_median_score,0.59
YP_500389.1,ifnepitope2_median_score,0.59
YP_500162.1,ifnepitope2_median_score,0.53
YP_501186.1,ifnepitope2_median_score,0.63
YP_498609.1,ifnepitope2_median_score,0.59
YP_500741.1,ifnepitope2_median_score,0.59
YP_500804.1,ifnepitope2_median_score,0.65
YP_500449.1,ifnepitope2_median_score,0.58
YP_500120.1,ifnepitope2_median_score,0.62
YP_500405.1,ifnepitope2_median_score,0.6
YP_499431.1,ifnepitope2_median_score,0.6
YP_498696.1,ifnepitope2_median_score,0.58
YP_500550.1,ifnepitope2_median_score,0.61
YP_500795.1,ifnepitope2_median_score,0.61
YP_499888.1,ifnepitope2_median_score,0.6
YP_499558.1,ifnepitope2_median_score,0.59
YP_500393.1,ifnepitope2_median_score,0.59
YP_498896.1,ifnepitope2_median_score,0.6
YP_500255.1,ifnepitope2_median_score,0.62
YP_501173.1,ifnepitope2_median_score,0.63
YP_499376.1,ifnepitope2_median_score,0.485
YP_500119.1,ifnepitope2_median_score,0.58
YP_501036.1,ifnepitope2_median_score,0.495
YP_500279.1,ifnepitope2_median_score,0.6
YP_501481.1,ifnepitope2_median_score,0.6
YP_501434.1,ifnepitope2_median_score,0.57
YP_499264.1,ifnepitope2_median_score,0.65
YP_498768.1,ifnepitope2_median_score,0.57
YP_499118.1,ifnepitope2_median_score,0.57
YP_500388.1,ifnepitope2_median_score,0.56
YP_498966.1,ifnepitope2_median_score,0.55
YP_501290.1,ifnepitope2_median_score,0.55
YP_499555.1,ifnepitope2_median_score,0.59
YP_501264.1,ifnepitope2_median_score,0.49
YP_500713.1,ifnepitope2_median_score,0.58
YP_499530.1,ifnepitope2_median_score,0.52
YP_499050.1,ifnepitope2_median_score,0.58
YP_501132.1,ifnepitope2_median_score,0.51
YP_501053.1,ifnepitope2_median_score,0.63
YP_500864.1,ifnepitope2_median_score,0.55
YP_501208.1,ifnepitope2_median_score,0.58
YP_500495.1,ifnepitope2_median_score,0.565
YP_499100.1,ifnepitope2_median_score,0.62
YP_501383.1,ifnepitope2_median_score,0.57
YP_500189.1,ifnepitope2_median_score,0.6
YP_500399.1,ifnepitope2_median_score,0.56
YP_499396.1,ifnepitope2_median_score,0.59
YP_499593.1,ifnepitope2_median_score,0.53
YP_499986.1,ifnepitope2_median_score,0.55
YP_500202.1,ifnepitope2_median_score,0.59
YP_498859.1,ifnepitope2_median_score,0.54
YP_498655.1,ifnepitope2_median_score,0.58
YP_500306.1,ifnepitope2_median_score,0.61
YP_499249.1,ifnepitope2_median_score,0.6
YP_499345.1,ifnepitope2_median_score,0.58
YP_498808.1,ifnepitope2_median_score,0.57
YP_499225.1,ifnepitope2_median_score,0.57
YP_500380.1,ifnepitope2_median_score,0.6
YP_499451.1,ifnepitope2_median_score,0.57
YP_008530243.1,ifnepitope2_median_score,0.57
YP_498838.1,ifnepitope2_median_score,0.45
YP_501152.1,ifnepitope2_median_score,0.6
YP_500917.1,ifnepitope2_median_score,0.61
YP_498913.1,ifnepitope2_median_score,0.57
YP_500822.1,ifnepitope2_median_score,0.6
YP_499470.1,ifnepitope2_median_score,0.6
YP_499771.1,ifnepitope2_median_score,0.62
YP_500001.1,ifnepitope2_median_score,0.565
YP_500700.1,ifnepitope2_median_score,0.555
YP_499966.1,ifnepitope2_median_score,0.64
YP_499406.1,ifnepitope2_median_score,0.55
YP_500247.1,ifnepitope2_median_score,0.58
YP_500390.1,ifnepitope2_median_score,0.56
YP_500734.1,ifnepitope2_median_score,0.565
YP_501286.1,ifnepitope2_median_score,0.555
YP_499814.1,ifnepitope2_median_score,0.61
YP_498729.1,ifnepitope2_median_score,0.59
YP_499402.1,ifnepitope2_median_score,0.57
YP_500183.1,ifnepitope2_median_score,0.6
YP_499565.1,ifnepitope2_median_score,0.59
YP_500645.1,ifnepitope2_median_score,0.61
YP_498751.1,ifnepitope2_median_score,0.57
YP_498989.1,ifnepitope2_median_score,0.56
YP_500431.1,ifnepitope2_median_score,0.53
YP_500650.1,ifnepitope2_median_score,0.55
YP_499177.1,ifnepitope2_median_score,0.635
YP_498931.1,ifnepitope2_median_score,0.58
YP_500655.1,ifnepitope2_median_score,0.6
YP_499586.1,ifnepitope2_median_score,0.475
YP_500868.1,ifnepitope2_median_score,0.65
YP_501414.1,ifnepitope2_median_score,0.54
YP_500911.1,ifnepitope2_median_score,0.57
YP_499461.1,ifnepitope2_median_score,0.57
YP_499181.1,ifnepitope2_median_score,0.53
YP_499146.1,ifnepitope2_median_score,0.59
YP_498721.1,ifnepitope2_median_score,0.57
YP_499037.1,ifnepitope2_median_score,0.55
YP_501133.1,ifnepitope2_median_score,0.62
YP_501137.1,ifnepitope2_median_score,0.6
YP_500059.1,ifnepitope2_median_score,0.63
YP_498663.1,ifnepitope2_median_score,0.62
YP_500986.1,ifnepitope2_median_score,0.63
YP_499809.1,ifnepitope2_median_score,0.625
YP_499832.1,ifnepitope2_median_score,0.62
YP_499397.1,ifnepitope2_median_score,0.59
YP_501477.1,ifnepitope2_median_score,0.57
YP_500964.1,ifnepitope2_median_score,0.63
YP_501222.1,ifnepitope2_median_score,0.58
YP_500398.1,ifnepitope2_median_score,0.565
YP_499787.1,ifnepitope2_median_score,0.57
YP_499107.1,ifnepitope2_median_score,0.6
YP_501258.1,ifnepitope2_median_score,0.505
YP_500667.1,ifnepitope2_median_score,0.57
YP_499884.1,ifnepitope2_median_score,0.62
YP_500602.1,ifnepitope2_median_score,0.61
YP_500311.1,ifnepitope2_median_score,0.62
YP_499128.1,ifnepitope2_median_score,0.61
YP_500445.1,ifnepitope2_median_score,0.53
YP_500806.1,ifnepitope2_median_score,0.6
YP_500949.1,ifnepitope2_median_score,0.61
YP_500401.1,ifnepitope2_median_score,0.54
YP_501170.1,ifnepitope2_median_score,0.57
YP_500913.1,ifnepitope2_median_score,0.62
YP_499329.1,ifnepitope2_median_score,0.51
YP_498826.1,ifnepitope2_median_score,0.56
YP_499760.1,ifnepitope2_median_score,0.58
YP_500855.1,ifnepitope2_median_score,0.57
YP_501478.1,ifnepitope2_median_score,0.61
YP_499794.1,ifnepitope2_median_score,0.57
YP_500719.1,ifnepitope2_median_score,0.53
YP_499998.1,ifnepitope2_median_score,0.57
YP_501418.1,ifnepitope2_median_score,0.61
YP_500434.1,ifnepitope2_median_score,0.57
YP_501338.1,ifnepitope2_median_score,0.56
YP_499913.1,ifnepitope2_median_score,0.62
YP_498835.1,ifnepitope2_median_score,0.57
YP_500890.1,ifnepitope2_median_score,0.61
YP_500883.1,ifnepitope2_median_score,0.56
YP_500687.1,ifnepitope2_median_score,0.5
YP_498714.1,ifnepitope2_median_score,0.59
YP_501252.1,ifnepitope2_median_score,0.57
YP_499172.1,ifnepitope2_median_score,0.56
YP_499276.1,ifnepitope2_median_score,0.55
YP_500553.1,ifnepitope2_median_score,0.59
YP_500301.1,ifnepitope2_median_score,0.58
YP_500208.1,ifnepitope2_median_score,0.59
YP_499754.1,ifnepitope2_median_score,0.59
YP_501216.1,ifnepitope2_median_score,0.59
YP_498621.1,ifnepitope2_median_score,0.615
YP_499822.1,ifnepitope2_median_score,0.615
YP_499675.1,ifnepitope2_median_score,0.61
YP_499331.1,ifnepitope2_median_score,0.54
YP_501269.1,ifnepitope2_median_score,0.61
SSL5|A0A0H3K6Z6,ifnepitope2_median_score,0.54
SSL10|A0A0H3K6Z9,ifnepitope2_median_score,0.57
SSL1|A0A0H3KAV3,ifnepitope2_median_score,0.58
SSL4|A0A0H3K6A3,ifnepitope2_median_score,0.61
P0C0I5|ExotoxinC,ifnepitope2_median_score,0.51
P0C0I6|ExotoxinH,ifnepitope2_median_score,0.54
P0DJY7|ExotoxinA,ifnepitope2_median_score,0.58
A0A0H3KHN8|EnterotoxinA,ifnepitope2_median_score,0.59
SSL3|CC1,mhci_median_score,0.265562
SSL3|CC1,mhci_median_percentile,0.784
SSL3|CC1,mhci_num_strong_binders,96
SSL3|CC5,mhci_median_score,0.26108
SSL3|CC5,mhci_median_percentile,0.787
SSL3|CC5,mhci_num_strong_binders,92
SSL3|CC8,mhci_median_score,0.260626
SSL3|CC8,mhci_median_percentile,0.787
SSL3|CC8,mhci_num_strong_binders,94
SSL3|CC22,mhci_median_score,0.248522
SSL3|CC22,mhci_median_percentile,0.859
SSL3|CC22,mhci_num_strong_binders,79
SSL3|CC30,mhci_median_score,0.261435
SSL3|CC30,mhci_median_percentile,0.832
SSL3|CC30,mhci_num_strong_binders,79
SSL3|CC93,mhci_median_score,0.2462755
SSL3|CC93,mhci_median_percentile,0.8305
SSL3|CC93,mhci_num_strong_binders,84
SSL7|CC1,mhci_median_score,0.240287
SSL7|CC1,mhci_median_percentile,0.868
SSL7|CC1,mhci_num_strong_binders,73
SSL7|CC5,mhci_median_score,0.23226049999999998
SSL7|CC5,mhci_median_percentile,0.881
SSL7|CC5,mhci_num_strong_binders,75
SSL7|CC8,mhci_median_score,0.221102
SSL7|CC8,mhci_median_percentile,0.83
SSL7|CC8,mhci_num_strong_binders,73
SSL7|CC22,mhci_median_score,0.220841
SSL7|CC22,mhci_median_percentile,0.907
SSL7|CC22,mhci_num_strong_binders,64
SSL7|CC30,mhci_median_score,0.222393
SSL7|CC30,mhci_median_percentile,0.882
SSL7|CC30,mhci_num_strong_binders,66
SSL7|CC93,mhci_median_score,0.221051
SSL7|CC93,mhci_median_percentile,0.8775
SSL7|CC93,mhci_num_strong_binders,70
SSL11|CC1,mhci_median_score,0.23776150000000001
SSL11|CC1,mhci_median_percentile,0.8325
SSL11|CC1,mhci_num_strong_binders,68
SSL11|CC5,mhci_median_score,0.2578195
SSL11|CC5,mhci_median_percentile,0.8214999999999999
SSL11|CC5,mhci_num_strong_binders,94
SSL11|CC8,mhci_median_score,0.230593
SSL11|CC8,mhci_median_percentile,0.908
SSL11|CC8,mhci_num_strong_binders,80
SSL11|CC22,mhci_median_score,0.276236
SSL11|CC22,mhci_median_percentile,0.719
SSL11|CC22,mhci_num_strong_binders,84
SSL11|CC30,mhci_median_score,0.2454
SSL11|CC30,mhci_median_percentile,0.886
SSL11|CC30,mhci_num_strong_binders,62
SSL11|CC93,mhci_median_score,0.254193
SSL11|CC93,mhci_median_percentile,0.833
SSL11|CC93,mhci_num_strong_binders,74
YP_499183.1,mhci_median_score,0.217469
YP_499183.1,mhci_median_percentile,1.0675
YP_499183.1,mhci_num_strong_binders,54
YP_501487.1,mhci_median_score,0.273003
YP_501487.1,mhci_median_percentile,0.762
YP_501487.1,mhci_num_strong_binders,80
YP_500419.1,mhci_median_score,0.241685
YP_500419.1,mhci_median_percentile,0.835
YP_500419.1,mhci_num_strong_binders,19
YP_500337.1,mhci_median_score,0.213738
YP_500337.1,mhci_median_percentile,0.977
YP_500337.1,mhci_num_strong_binders,30
YP_500378.1,mhci_median_score,0.24800899999999998
YP_500378.1,mhci_median_percentile,0.907
YP_500378.1,mhci_num_strong_binders,331
YP_499389.1,mhci_median_score,0.213617
YP_499389.1,mhci_median_percentile,0.973
YP_499389.1,mhci_num_strong_binders,42
YP_499915.1,mhci_median_score,0.259441
YP_499915.1,mhci_median_percentile,0.825
YP_499915.1,mhci_num_strong_binders,18
YP_501058.1,mhci_median_score,0.23591
YP_501058.1,mhci_median_percentile,0.845
YP_501058.1,mhci_num_strong_binders,94
YP_499703.1,mhci_median_score,0.226678
YP_499703.1,mhci_median_percentile,0.915
YP_499703.1,mhci_num_strong_binders,112
YP_500657.1,mhci_median_score,0.242724
YP_500657.1,mhci_median_percentile,0.855
YP_500657.1,mhci_num_strong_binders,32
YP_499492.1,mhci_median_score,0.24444700000000003
YP_499492.1,mhci_median_percentile,0.901
YP_499492.1,mhci_num_strong_binders,39
YP_501495.1,mhci_median_score,0.24990649999999998
YP_501495.1,mhci_median_percentile,0.8634999999999999
YP_501495.1,mhci_num_strong_binders,107
YP_500791.1,mhci_median_score,0.228597
YP_500791.1,mhci_median_percentile,0.919
YP_500791.1,mhci_num_strong_binders,206
YP_500348.1,mhci_median_score,0.217409
YP_500348.1,mhci_median_percentile,0.93
YP_500348.1,mhci_num_strong_binders,235
YP_499292.1,mhci_median_score,0.266706
YP_499292.1,mhci_median_percentile,0.817
YP_499292.1,mhci_num_strong_binders,246
YP_498758.1,mhci_median_score,0.223609
YP_498758.1,mhci_median_percentile,0.904
YP_498758.1,mhci_num_strong_binders,125
YP_500086.1,mhci_median_score,0.278369
YP_500086.1,mhci_median_percentile,0.759
YP_500086.1,mhci_num_strong_binders,32
YP_500438.1,mhci_median_score,0.264146
YP_500438.1,mhci_median_percentile,0.935
YP_500438.1,mhci_num_strong_binders,14
YP_501182.1,mhci_median_score,0.25485
YP_501182.1,mhci_median_percentile,0.839
YP_501182.1,mhci_num_strong_binders,306
YP_500020.1,mhci_median_score,0.236601
YP_500020.1,mhci_median_percentile,0.89
YP_500020.1,mhci_num_strong_binders,163
YP_501119.1,mhci_median_score,0.252015
YP_501119.1,mhci_median_percentile,0.991
YP_501119.1,mhci_num_strong_binders,14
YP_500511.1,mhci_median_score,0.2822525
YP_500511.1,mhci_median_percentile,0.8075
YP_500511.1,mhci_num_strong_binders,17
YP_500759.1,mhci_median_score,0.248616
YP_500759.1,mhci_median_percentile,0.8674999999999999
YP_500759.1,mhci_num_strong_binders,47
YP_498958.1,mhci_median_score,0.208203
YP_498958.1,mhci_median_percentile,1.0545
YP_498958.1,mhci_num_strong_binders,55
YP_499051.1,mhci_median_score,0.264003
YP_499051.1,mhci_median_percentile,0.8425
YP_499051.1,mhci_num_strong_binders,137
YP_499163.1,mhci_median_score,0.240978
YP_499163.1,mhci_median_percentile,0.877
YP_499163.1,mhci_num_strong_binders,99
YP_499540.1,mhci_median_score,0.239087
YP_499540.1,mhci_median_percentile,0.873
YP_499540.1,mhci_num_strong_binders,115
YP_499616.1,mhci_median_score,0.243479
YP_499616.1,mhci_median_percentile,0.899
YP_499616.1,mhci_num_strong_binders,85
YP_499721.1,mhci_median_score,0.261907
YP_499721.1,mhci_median_percentile,0.821
YP_499721.1,mhci_num_strong_binders,63
YP_499390.1,mhci_median_score,0.312884
YP_499390.1,mhci_median_percentile,0.669
YP_499390.1,mhci_num_strong_binders,69
YP_500936.1,mhci_median_score,0.242708
YP_500936.1,mhci_median_percentile,0.829
YP_500936.1,mhci_num_strong_binders,211
YP_501445.1,mhci_median_score,0.191907
YP_501445.1,mhci_median_percentile,1.04
YP_501445.1,mhci_num_strong_binders,52
YP_501499.1,mhci_median_score,0.261201
YP_501499.1,mhci_median_percentile,0.9484999999999999
YP_501499.1,mhci_num_strong_binders,49
YP_499373.1,mhci_median_score,0.24473899999999998
YP_499373.1,mhci_median_percentile,0.8534999999999999
YP_499373.1,mhci_num_strong_binders,77
YP_501066.1,mhci_median_score,0.234803
YP_501066.1,mhci_median_percentile,0.88
YP_501066.1,mhci_num_strong_binders,184
YP_500763.1,mhci_median_score,0.22706500000000002
YP_500763.1,mhci_median_percentile,0.9564999999999999
YP_500763.1,mhci_num_strong_binders,195
YP_500308.1,mhci_median_score,0.24263800000000002
YP_500308.1,mhci_median_percentile,0.8775
YP_500308.1,mhci_num_strong_binders,198
YP_499548.1,mhci_median_score,0.244857
YP_499548.1,mhci_median_percentile,0.834
YP_499548.1,mhci_num_strong_binders,82
YP_501128.1,mhci_median_score,0.196303
YP_501128.1,mhci_median_percentile,1.149
YP_501128.1,mhci_num_strong_binders,22
YP_499075.1,mhci_median_score,0.2440075
YP_499075.1,mhci_median_percentile,0.874
YP_499075.1,mhci_num_strong_binders,75
YP_501077.1,mhci_median_score,0.269679
YP_501077.1,mhci_median_percentile,0.885
YP_501077.1,mhci_num_strong_binders,40
YP_500800.1,mhci_median_score,0.200087
YP_500800.1,mhci_median_percentile,1.06
YP_500800.1,mhci_num_strong_binders,16
YP_500576.1,mhci_median_score,0.22709
YP_500576.1,mhci_median_percentile,0.937
YP_500576.1,mhci_num_strong_binders,80
YP_499961.1,mhci_median_score,0.291301
YP_499961.1,mhci_median_percentile,0.701
YP_499961.1,mhci_num_strong_binders,62
YP_498794.1,mhci_median_score,0.27198
YP_498794.1,mhci_median_percentile,0.812
YP_498794.1,mhci_num_strong_binders,190
YP_500304.1,mhci_median_score,0.243533
YP_500304.1,mhci_median_percentile,0.847
YP_500304.1,mhci_num_strong_binders,105
YP_499855.1,mhci_median_score,0.358282
YP_499855.1,mhci_median_percentile,0.51
YP_499855.1,mhci_num_strong_binders,18
YP_499262.1,mhci_median_score,0.240549
YP_499262.1,mhci_median_percentile,0.929
YP_499262.1,mhci_num_strong_binders,178
YP_499857.1,mhci_median_score,0.2067135
YP_499857.1,mhci_median_percentile,1.0715
YP_499857.1,mhci_num_strong_binders,118
YP_500261.1,mhci_median_score,0.2340485
YP_500261.1,mhci_median_percentile,0.983
YP_500261.1,mhci_num_strong_binders,25
YP_498610.1,mhci_median_score,0.231241
YP_498610.1,mhci_median_percentile,0.886
YP_498610.1,mhci_num_strong_binders,142
YP_500922.1,mhci_median_score,0.23095949999999998
YP_500922.1,mhci_median_percentile,0.9359999999999999
YP_500922.1,mhci_num_strong_binders,52
YP_500433.1,mhci_median_score,0.262942
YP_500433.1,mhci_median_percentile,0.817
YP_500433.1,mhci_num_strong_binders,165
YP_499934.1,mhci_median_score,0.246176
YP_499934.1,mhci_median_percentile,0.898
YP_499934.1,mhci_num_strong_binders,114
YP_500542.1,mhci_median_score,0.2722
YP_500542.1,mhci_median_percentile,0.836
YP_500542.1,mhci_num_strong_binders,185
YP_500426.1,mhci_median_score,0.199064
YP_500426.1,mhci_median_percentile,1.049
YP_500426.1,mhci_num_strong_binders,12
YP_501450.1,mhci_median_score,0.232028
YP_501450.1,mhci_median_percentile,0.932
YP_501450.1,mhci_num_strong_binders,92
YP_498730.1,mhci_median_score,0.211773
YP_498730.1,mhci_median_percentile,0.919
YP_498730.1,mhci_num_strong_binders,50
YP_499158.1,mhci_median_score,0.243356
YP_499158.1,mhci_median_percentile,0.851
YP_499158.1,mhci_num_strong_binders,97
YP_500764.1,mhci_median_score,0.231084
YP_500764.1,mhci_median_percentile,0.889
YP_500764.1,mhci_num_strong_binders,197
YP_500167.1,mhci_median_score,0.229072
YP_500167.1,mhci_median_percentile,0.959
YP_500167.1,mhci_num_strong_binders,139
YP_499002.1,mhci_median_score,0.2770265
YP_499002.1,mhci_median_percentile,0.8194999999999999
YP_499002.1,mhci_num_strong_binders,123
YP_501474.1,mhci_median_score,0.193881
YP_501474.1,mhci_median_percentile,1.094
YP_501474.1,mhci_num_strong_binders,51
YP_501139.1,mhci_median_score,0.203378
YP_501139.1,mhci_median_percentile,1.069
YP_501139.1,mhci_num_strong_binders,46
YP_500711.1,mhci_median_score,0.2288195
YP_500711.1,mhci_median_percentile,0.9524999999999999
YP_500711.1,mhci_num_strong_binders,96
YP_500549.1,mhci_median_score,0.245475
YP_500549.1,mhci_median_percentile,1.04
YP_500549.1,mhci_num_strong_binders,37
YP_501122.1,mhci_median_score,0.2442515
YP_501122.1,mhci_median_percentile,0.879
YP_501122.1,mhci_num_strong_binders,126
YP_498678.1,mhci_median_score,0.25328
YP_498678.1,mhci_median_percentile,0.887
YP_498678.1,mhci_num_strong_binders,143
YP_499994.1,mhci_median_score,0.2746815
YP_499994.1,mhci_median_percentile,0.804
YP_499994.1,mhci_num_strong_binders,48
YP_499764.1,mhci_median_score,0.218437
YP_499764.1,mhci_median_percentile,1.0394999999999999
YP_499764.1,mhci_num_strong_binders,10
YP_500682.1,mhci_median_score,0.17853000000000002
YP_500682.1,mhci_median_percentile,1.0870000000000002
YP_500682.1,mhci_num_strong_binders,39
YP_501253.1,mhci_median_score,0.193425
YP_501253.1,mhci_median_percentile,1.1235
YP_501253.1,mhci_num_strong_binders,19
YP_500186.1,mhci_median_score,0.252254
YP_500186.1,mhci_median_percentile,0.8995
YP_500186.1,mhci_num_strong_binders,117
YP_500068.1,mhci_median_score,0.2471045
YP_500068.1,mhci_median_percentile,0.919
YP_500068.1,mhci_num_strong_binders,59
YP_499541.1,mhci_median_score,0.234934
YP_499541.1,mhci_median_percentile,0.972
YP_499541.1,mhci_num_strong_binders,94
YP_499312.1,mhci_median_score,0.230873
YP_499312.1,mhci_median_percentile,0.849
YP_499312.1,mhci_num_strong_binders,81
YP_500905.1,mhci_median_score,0.255119
YP_500905.1,mhci_median_percentile,0.841
YP_500905.1,mhci_num_strong_binders,283
YP_499719.1,mhci_median_score,0.217365
YP_499719.1,mhci_median_percentile,0.98
YP_499719.1,mhci_num_strong_binders,105
YP_499093.1,mhci_median_score,0.242999
YP_499093.1,mhci_median_percentile,0.839
YP_499093.1,mhci_num_strong_binders,75
YP_499224.1,mhci_median_score,0.278327
YP_499224.1,mhci_median_percentile,0.773
YP_499224.1,mhci_num_strong_binders,125
YP_498647.1,mhci_median_score,0.274631
YP_498647.1,mhci_median_percentile,0.807
YP_498647.1,mhci_num_strong_binders,48
YP_499525.1,mhci_median_score,0.22853849999999998
YP_499525.1,mhci_median_percentile,0.824
YP_499525.1,mhci_num_strong_binders,47
YP_499522.1,mhci_median_score,0.25948950000000004
YP_499522.1,mhci_median_percentile,0.918
YP_499522.1,mhci_num_strong_binders,49
YP_498928.1,mhci_median_score,0.24845
YP_498928.1,mhci_median_percentile,0.81
YP_498928.1,mhci_num_strong_binders,322
YP_499123.1,mhci_median_score,0.27999
YP_499123.1,mhci_median_percentile,0.7655000000000001
YP_499123.1,mhci_num_strong_binders,63
YP_499058.1,mhci_median_score,0.314252
YP_499058.1,mhci_median_percentile,0.715
YP_499058.1,mhci_num_strong_binders,28
YP_500459.1,mhci_median_score,0.25732449999999996
YP_500459.1,mhci_median_percentile,0.829
YP_500459.1,mhci_num_strong_binders,181
YP_499978.1,mhci_median_score,0.1719515
YP_499978.1,mhci_median_percentile,1.1935
YP_499978.1,mhci_num_strong_binders,25
YP_501107.1,mhci_median_score,0.271237
YP_501107.1,mhci_median_percentile,0.823
YP_501107.1,mhci_num_strong_binders,102
YP_499349.1,mhci_median_score,0.2171855
YP_499349.1,mhci_median_percentile,1.093
YP_499349.1,mhci_num_strong_binders,21
YP_499995.1,mhci_median_score,0.222046
YP_499995.1,mhci_median_percentile,0.946
YP_499995.1,mhci_num_strong_binders,97
YP_500697.1,mhci_median_score,0.154
YP_500697.1,mhci_median_percentile,1.207
YP_500697.1,mhci_num_strong_binders,14
YP_500007.1,mhci_median_score,0.2272075
YP_500007.1,mhci_median_percentile,0.8785000000000001
YP_500007.1,mhci_num_strong_binders,44
YP_499119.1,mhci_median_score,0.263502
YP_499119.1,mhci_median_percentile,0.82
YP_499119.1,mhci_num_strong_binders,262
YP_499685.1,mhci_median_score,0.233235
YP_499685.1,mhci_median_percentile,0.937
YP_499685.1,mhci_num_strong_binders,116
YP_500599.1,mhci_median_score,0.246483
YP_500599.1,mhci_median_percentile,0.839
YP_500599.1,mhci_num_strong_binders,194
YP_500389.1,mhci_median_score,0.218215
YP_500389.1,mhci_median_percentile,0.93
YP_500389.1,mhci_num_strong_binders,140
YP_500162.1,mhci_median_score,0.220072
YP_500162.1,mhci_median_percentile,0.842
YP_500162.1,mhci_num_strong_binders,100
YP_501186.1,mhci_median_score,0.21124949999999998
YP_501186.1,mhci_median_percentile,0.9924999999999999
YP_501186.1,mhci_num_strong_binders,120
YP_498609.1,mhci_median_score,0.246386
YP_498609.1,mhci_median_percentile,0.866
YP_498609.1,mhci_num_strong_binders,209
YP_500741.1,mhci_median_score,0.25957
YP_500741.1,mhci_median_percentile,0.786
YP_500741.1,mhci_num_strong_binders,104
YP_500449.1,mhci_median_score,0.280407
YP_500449.1,mhci_median_percentile,0.82
YP_500449.1,mhci_num_strong_binders,73
YP_500120.1,mhci_median_score,0.245933
YP_500120.1,mhci_median_percentile,0.837
YP_500120.1,mhci_num_strong_binders,173
YP_500405.1,mhci_median_score,0.2167325
YP_500405.1,mhci_median_percentile,1.034
YP_500405.1,mhci_num_strong_binders,42
YP_499431.1,mhci_median_score,0.247342
YP_499431.1,mhci_median_percentile,0.877
YP_499431.1,mhci_num_strong_binders,155
YP_498696.1,mhci_median_score,0.243572
YP_498696.1,mhci_median_percentile,0.829
YP_498696.1,mhci_num_strong_binders,115
YP_500550.1,mhci_median_score,0.2908635
YP_500550.1,mhci_median_percentile,0.824
YP_500550.1,mhci_num_strong_binders,58
YP_500795.1,mhci_median_score,0.237473
YP_500795.1,mhci_median_percentile,0.9005000000000001
YP_500795.1,mhci_num_strong_binders,193
YP_499888.1,mhci_median_score,0.270575
YP_499888.1,mhci_median_percentile,0.861
YP_499888.1,mhci_num_strong_binders,128
YP_499558.1,mhci_median_score,0.25534999999999997
YP_499558.1,mhci_median_percentile,0.9395
YP_499558.1,mhci_num_strong_binders,52
YP_500393.1,mhci_median_score,0.251774
YP_500393.1,mhci_median_percentile,0.715
YP_500393.1,mhci_num_strong_binders,35
YP_498896.1,mhci_median_score,0.289159
YP_498896.1,mhci_median_percentile,0.708
YP_498896.1,mhci_num_strong_binders,109
YP_500255.1,mhci_median_score,0.205847
YP_500255.1,mhci_median_percentile,1.036
YP_500255.1,mhci_num_strong_binders,101
YP_501173.1,mhci_median_score,0.275103
YP_501173.1,mhci_median_percentile,0.806
YP_501173.1,mhci_num_strong_binders,113
YP_499376.1,mhci_median_score,0.24753950000000002
YP_499376.1,mhci_median_percentile,0.81
YP_499376.1,mhci_num_strong_binders,43
YP_500119.1,mhci_median_score,0.25716649999999996
YP_500119.1,mhci_median_percentile,0.8005
YP_500119.1,mhci_num_strong_binders,43
YP_501036.1,mhci_median_score,0.225202
YP_501036.1,mhci_median_percentile,0.9355
YP_501036.1,mhci_num_strong_binders,65
YP_500279.1,mhci_median_score,0.2550215
YP_500279.1,mhci_median_percentile,0.897
YP_500279.1,mhci_num_strong_binders,103
YP_501481.1,mhci_median_score,0.238317
YP_501481.1,mhci_median_percentile,0.8975
YP_501481.1,mhci_num_strong_binders,148
YP_501434.1,mhci_median_score,0.2369475
YP_501434.1,mhci_median_percentile,0.873
YP_501434.1,mhci_num_strong_binders,377
YP_499264.1,mhci_median_score,0.2453435
YP_499264.1,mhci_median_percentile,0.9045000000000001
YP_499264.1,mhci_num_strong_binders,69
YP_498768.1,mhci_median_score,0.2393615
YP_498768.1,mhci_median_percentile,0.877
YP_498768.1,mhci_num_strong_binders,290
YP_499118.1,mhci_median_score,0.222508
YP_499118.1,mhci_median_percentile,0.969
YP_499118.1,mhci_num_strong_binders,309
YP_500388.1,mhci_median_score,0.21363949999999998
YP_500388.1,mhci_median_percentile,1.0215
YP_500388.1,mhci_num_strong_binders,40
YP_498966.1,mhci_median_score,0.283232
YP_498966.1,mhci_median_percentile,0.801
YP_498966.1,mhci_num_strong_binders,93
YP_501290.1,mhci_median_score,0.25474949999999996
YP_501290.1,mhci_median_percentile,0.865
YP_501290.1,mhci_num_strong_binders,100
YP_501264.1,mhci_median_score,0.2632855
YP_501264.1,mhci_median_percentile,0.853
YP_501264.1,mhci_num_strong_binders,75
YP_500713.1,mhci_median_score,0.2278465
YP_500713.1,mhci_median_percentile,0.889
YP_500713.1,mhci_num_strong_binders,36
YP_499530.1,mhci_median_score,0.369311
YP_499530.1,mhci_median_percentile,0.588
YP_499530.1,mhci_num_strong_binders,27
YP_499050.1,mhci_median_score,0.24101
YP_499050.1,mhci_median_percentile,0.872
YP_499050.1,mhci_num_strong_binders,142
YP_501132.1,mhci_median_score,0.21790749999999998
YP_501132.1,mhci_median_percentile,0.937
YP_501132.1,mhci_num_strong_binders,35
YP_501053.1,mhci_median_score,0.29017899999999996
YP_501053.1,mhci_median_percentile,0.747
YP_501053.1,mhci_num_strong_binders,60
YP_500864.1,mhci_median_score,0.227488
YP_500864.1,mhci_median_percentile,0.872
YP_500864.1,mhci_num_strong_binders,54
YP_501208.1,mhci_median_score,0.248043
YP_501208.1,mhci_median_percentile,0.844
YP_501208.1,mhci_num_strong_binders,107
YP_500495.1,mhci_median_score,0.21323
YP_500495.1,mhci_median_percentile,0.953
YP_500495.1,mhci_num_strong_binders,121
YP_499100.1,mhci_median_score,0.243659
YP_499100.1,mhci_median_percentile,0.986
YP_499100.1,mhci_num_strong_binders,51
YP_501383.1,mhci_median_score,0.263128
YP_501383.1,mhci_median_percentile,0.775
YP_501383.1,mhci_num_strong_binders,58
YP_500189.1,mhci_median_score,0.257521
YP_500189.1,mhci_median_percentile,0.834
YP_500189.1,mhci_num_strong_binders,163
YP_500399.1,mhci_median_score,0.247033
YP_500399.1,mhci_median_percentile,0.909
YP_500399.1,mhci_num_strong_binders,78
YP_499396.1,mhci_median_score,0.238322
YP_499396.1,mhci_median_percentile,0.879
YP_499396.1,mhci_num_strong_binders,130
YP_499593.1,mhci_median_score,0.240558
YP_499593.1,mhci_median_percentile,0.899
YP_499593.1,mhci_num_strong_binders,41
YP_499986.1,mhci_median_score,0.260684
YP_499986.1,mhci_median_percentile,0.903
YP_499986.1,mhci_num_strong_binders,60
YP_500202.1,mhci_median_score,0.259674
YP_500202.1,mhci_median_percentile,0.91
YP_500202.1,mhci_num_strong_binders,38
YP_498859.1,mhci_median_score,0.2399945
YP_498859.1,mhci_median_percentile,0.8875
YP_498859.1,mhci_num_strong_binders,94
YP_498655.1,mhci_median_score,0.289939
YP_498655.1,mhci_median_percentile,0.761
YP_498655.1,mhci_num_strong_binders,70
YP_500306.1,mhci_median_score,0.25918450000000004
YP_500306.1,mhci_median_percentile,0.8694999999999999
YP_500306.1,mhci_num_strong_binders,155
YP_499249.1,mhci_median_score,0.221939
YP_499249.1,mhci_median_percentile,0.875
YP_499249.1,mhci_num_strong_binders,63
YP_499345.1,mhci_median_score,0.25099
YP_499345.1,mhci_median_percentile,0.867
YP_499345.1,mhci_num_strong_binders,114
YP_498808.1,mhci_median_score,0.238856
YP_498808.1,mhci_median_percentile,0.894
YP_498808.1,mhci_num_strong_binders,335
YP_499225.1,mhci_median_score,0.236428
YP_499225.1,mhci_median_percentile,0.897
YP_499225.1,mhci_num_strong_binders,134
YP_500380.1,mhci_median_score,0.2448305
YP_500380.1,mhci_median_percentile,0.9535
YP_500380.1,mhci_num_strong_binders,124
YP_499451.1,mhci_median_score,0.240998
YP_499451.1,mhci_median_percentile,0.824
YP_499451.1,mhci_num_strong_binders,178
YP_008530243.1,mhci_median_score,0.334145
YP_008530243.1,mhci_median_percentile,0.621
YP_008530243.1,mhci_num_strong_binders,57
YP_501152.1,mhci_median_score,0.229684
YP_501152.1,mhci_median_percentile,0.953
YP_501152.1,mhci_num_strong_binders,156
YP_500917.1,mhci_median_score,0.226566
YP_500917.1,mhci_median_percentile,0.9655
YP_500917.1,mhci_num_strong_binders,240
YP_498913.1,mhci_median_score,0.246224
YP_498913.1,mhci_median_percentile,0.858
YP_498913.1,mhci_num_strong_binders,65
YP_500822.1,mhci_median_score,0.240544
YP_500822.1,mhci_median_percentile,0.896
YP_500822.1,mhci_num_strong_binders,178
YP_499470.1,mhci_median_score,0.2123825
YP_499470.1,mhci_median_percentile,0.967
YP_499470.1,mhci_num_strong_binders,52
YP_499771.1,mhci_median_score,0.23561
YP_499771.1,mhci_median_percentile,0.905
YP_499771.1,mhci_num_strong_binders,99
YP_500001.1,mhci_median_score,0.258729
YP_500001.1,mhci_median_percentile,0.871
YP_500001.1,mhci_num_strong_binders,142
YP_500700.1,mhci_median_score,0.3099405
YP_500700.1,mhci_median_percentile,0.6930000000000001
YP_500700.1,mhci_num_strong_binders,24
YP_499966.1,mhci_median_score,0.193649
YP_499966.1,mhci_median_percentile,0.9245000000000001
YP_499966.1,mhci_num_strong_binders,13
YP_499406.1,mhci_median_score,0.213607
YP_499406.1,mhci_median_percentile,1.025
YP_499406.1,mhci_num_strong_binders,25
YP_500247.1,mhci_median_score,0.231525
YP_500247.1,mhci_median_percentile,0.932
YP_500247.1,mhci_num_strong_binders,86
YP_500390.1,mhci_median_score,0.250301
YP_500390.1,mhci_median_percentile,0.8755
YP_500390.1,mhci_num_strong_binders,84
YP_500734.1,mhci_median_score,0.235017
YP_500734.1,mhci_median_percentile,0.799
YP_500734.1,mhci_num_strong_binders,30
YP_501286.1,mhci_median_score,0.218701
YP_501286.1,mhci_median_percentile,0.991
YP_501286.1,mhci_num_strong_binders,26
YP_499814.1,mhci_median_score,0.281798
YP_499814.1,mhci_median_percentile,0.778
YP_499814.1,mhci_num_strong_binders,81
YP_498729.1,mhci_median_score,0.236107
YP_498729.1,mhci_median_percentile,0.926
YP_498729.1,mhci_num_strong_binders,152
YP_499402.1,mhci_median_score,0.227723
YP_499402.1,mhci_median_percentile,0.9065000000000001
YP_499402.1,mhci_num_strong_binders,172
YP_500183.1,mhci_median_score,0.23007149999999998
YP_500183.1,mhci_median_percentile,0.886
YP_500183.1,mhci_num_strong_binders,61
YP_499565.1,mhci_median_score,0.232122
YP_499565.1,mhci_median_percentile,0.92
YP_499565.1,mhci_num_strong_binders,122
YP_500645.1,mhci_median_score,0.228402
YP_500645.1,mhci_median_percentile,0.901
YP_500645.1,mhci_num_strong_binders,31
YP_498751.1,mhci_median_score,0.230738
YP_498751.1,mhci_median_percentile,0.949
YP_498751.1,mhci_num_strong_binders,54
YP_498989.1,mhci_median_score,0.285718
YP_498989.1,mhci_median_percentile,0.824
YP_498989.1,mhci_num_strong_binders,103
YP_500431.1,mhci_median_score,0.232994
YP_500431.1,mhci_median_percentile,0.903
YP_500431.1,mhci_num_strong_binders,36
YP_500650.1,mhci_median_score,0.246698
YP_500650.1,mhci_median_percentile,0.8915
YP_500650.1,mhci_num_strong_binders,219
YP_499177.1,mhci_median_score,0.22549
YP_499177.1,mhci_median_percentile,0.9984999999999999
YP_499177.1,mhci_num_strong_binders,126
YP_498931.1,mhci_median_score,0.236511
YP_498931.1,mhci_median_percentile,0.875
YP_498931.1,mhci_num_strong_binders,138
YP_500655.1,mhci_median_score,0.276103
YP_500655.1,mhci_median_percentile,0.741
YP_500655.1,mhci_num_strong_binders,60
YP_499586.1,mhci_median_score,0.226378
YP_499586.1,mhci_median_percentile,0.8185
YP_499586.1,mhci_num_strong_binders,20
YP_500868.1,mhci_median_score,0.183945
YP_500868.1,mhci_median_percentile,1.288
YP_500868.1,mhci_num_strong_binders,5
YP_501414.1,mhci_median_score,0.239384
YP_501414.1,mhci_median_percentile,0.85
YP_501414.1,mhci_num_strong_binders,192
YP_500911.1,mhci_median_score,0.221548
YP_500911.1,mhci_median_percentile,0.921
YP_500911.1,mhci_num_strong_binders,74
YP_499461.1,mhci_median_score,0.233338
YP_499461.1,mhci_median_percentile,0.857
YP_499461.1,mhci_num_strong_binders,172
YP_499181.1,mhci_median_score,0.232321
YP_499181.1,mhci_median_percentile,0.908
YP_499181.1,mhci_num_strong_binders,107
YP_499146.1,mhci_median_score,0.255286
YP_499146.1,mhci_median_percentile,0.8565
YP_499146.1,mhci_num_strong_binders,166
YP_498721.1,mhci_median_score,0.277836
YP_498721.1,mhci_median_percentile,0.788
YP_498721.1,mhci_num_strong_binders,79
YP_499037.1,mhci_median_score,0.21990500000000002
YP_499037.1,mhci_median_percentile,0.9915
YP_499037.1,mhci_num_strong_binders,26
YP_501133.1,mhci_median_score,0.249285
YP_501133.1,mhci_median_percentile,0.887
YP_501133.1,mhci_num_strong_binders,167
YP_501137.1,mhci_median_score,0.257434
YP_501137.1,mhci_median_percentile,0.876
YP_501137.1,mhci_num_strong_binders,119
YP_500059.1,mhci_median_score,0.29122899999999996
YP_500059.1,mhci_median_percentile,0.7585
YP_500059.1,mhci_num_strong_binders,59
YP_498663.1,mhci_median_score,0.24438300000000002
YP_498663.1,mhci_median_percentile,0.9265000000000001
YP_498663.1,mhci_num_strong_binders,159
YP_500986.1,mhci_median_score,0.2973165
YP_500986.1,mhci_median_percentile,0.602
YP_500986.1,mhci_num_strong_binders,25
YP_499809.1,mhci_median_score,0.215909
YP_499809.1,mhci_median_percentile,0.954
YP_499809.1,mhci_num_strong_binders,159
YP_499832.1,mhci_median_score,0.235699
YP_499832.1,mhci_median_percentile,0.904
YP_499832.1,mhci_num_strong_binders,11
YP_499397.1,mhci_median_score,0.260549
YP_499397.1,mhci_median_percentile,0.848
YP_499397.1,mhci_num_strong_binders,116
YP_501477.1,mhci_median_score,0.229203
YP_501477.1,mhci_median_percentile,0.896
YP_501477.1,mhci_num_strong_binders,50
YP_500964.1,mhci_median_score,0.231066
YP_500964.1,mhci_median_percentile,0.808
YP_500964.1,mhci_num_strong_binders,67
YP_501222.1,mhci_median_score,0.24856
YP_501222.1,mhci_median_percentile,0.809
YP_501222.1,mhci_num_strong_binders,96
YP_500398.1,mhci_median_score,0.249017
YP_500398.1,mhci_median_percentile,0.859
YP_500398.1,mhci_num_strong_binders,87
YP_499787.1,mhci_median_score,0.27203
YP_499787.1,mhci_median_percentile,0.731
YP_499787.1,mhci_num_strong_binders,117
YP_499107.1,mhci_median_score,0.226578
YP_499107.1,mhci_median_percentile,0.882
YP_499107.1,mhci_num_strong_binders,105
YP_501258.1,mhci_median_score,0.229106
YP_501258.1,mhci_median_percentile,0.952
YP_501258.1,mhci_num_strong_binders,39
YP_500667.1,mhci_median_score,0.22883
YP_500667.1,mhci_median_percentile,0.9365000000000001
YP_500667.1,mhci_num_strong_binders,198
YP_500602.1,mhci_median_score,0.223256
YP_500602.1,mhci_median_percentile,0.8545
YP_500602.1,mhci_num_strong_binders,66
YP_500311.1,mhci_median_score,0.2546405
YP_500311.1,mhci_median_percentile,0.8294999999999999
YP_500311.1,mhci_num_strong_binders,209
YP_499128.1,mhci_median_score,0.2442165
YP_499128.1,mhci_median_percentile,0.902
YP_499128.1,mhci_num_strong_binders,212
YP_500445.1,mhci_median_score,0.243022
YP_500445.1,mhci_median_percentile,0.907
YP_500445.1,mhci_num_strong_binders,93
YP_500806.1,mhci_median_score,0.2330045
YP_500806.1,mhci_median_percentile,0.9155
YP_500806.1,mhci_num_strong_binders,121
YP_500949.1,mhci_median_score,0.22379549999999998
YP_500949.1,mhci_median_percentile,0.9455
YP_500949.1,mhci_num_strong_binders,120
YP_500401.1,mhci_median_score,0.27565
YP_500401.1,mhci_median_percentile,0.769
YP_500401.1,mhci_num_strong_binders,126
YP_501170.1,mhci_median_score,0.2618735
YP_501170.1,mhci_median_percentile,0.8425
YP_501170.1,mhci_num_strong_binders,130
YP_500913.1,mhci_median_score,0.2295725
YP_500913.1,mhci_median_percentile,0.855
YP_500913.1,mhci_num_strong_binders,146
YP_499329.1,mhci_median_score,0.206235
YP_499329.1,mhci_median_percentile,1.127
YP_499329.1,mhci_num_strong_binders,8
YP_498826.1,mhci_median_score,0.2203985
YP_498826.1,mhci_median_percentile,0.967
YP_498826.1,mhci_num_strong_binders,96
YP_499760.1,mhci_median_score,0.2344495
YP_499760.1,mhci_median_percentile,0.907
YP_499760.1,mhci_num_strong_binders,136
YP_500855.1,mhci_median_score,0.2844335
YP_500855.1,mhci_median_percentile,0.883
YP_500855.1,mhci_num_strong_binders,17
YP_501478.1,mhci_median_score,0.2173735
YP_501478.1,mhci_median_percentile,0.9455
YP_501478.1,mhci_num_strong_binders,178
YP_499794.1,mhci_median_score,0.237307
YP_499794.1,mhci_median_percentile,0.869
YP_499794.1,mhci_num_strong_binders,171
YP_500719.1,mhci_median_score,0.25223850000000003
YP_500719.1,mhci_median_percentile,0.8414999999999999
YP_500719.1,mhci_num_strong_binders,101
YP_499998.1,mhci_median_score,0.220256
YP_499998.1,mhci_median_percentile,0.897
YP_499998.1,mhci_num_strong_binders,152
YP_501418.1,mhci_median_score,0.258866
YP_501418.1,mhci_median_percentile,0.765
YP_501418.1,mhci_num_strong_binders,141
YP_500434.1,mhci_median_score,0.249186
YP_500434.1,mhci_median_percentile,0.8534999999999999
YP_500434.1,mhci_num_strong_binders,234
YP_501338.1,mhci_median_score,0.26601450000000004
YP_501338.1,mhci_median_percentile,0.788
YP_501338.1,mhci_num_strong_binders,330
YP_499913.1,mhci_median_score,0.24510749999999998
YP_499913.1,mhci_median_percentile,0.949
YP_499913.1,mhci_num_strong_binders,137
YP_498835.1,mhci_median_score,0.24692
YP_498835.1,mhci_median_percentile,0.896
YP_498835.1,mhci_num_strong_binders,54
YP_500890.1,mhci_median_score,0.24788949999999998
YP_500890.1,mhci_median_percentile,0.859
YP_500890.1,mhci_num_strong_binders,221
YP_500883.1,mhci_median_score,0.256726
YP_500883.1,mhci_median_percentile,0.865
YP_500883.1,mhci_num_strong_binders,113
YP_500687.1,mhci_median_score,0.198034
YP_500687.1,mhci_median_percentile,1.088
YP_500687.1,mhci_num_strong_binders,17
YP_498714.1,mhci_median_score,0.2566385
YP_498714.1,mhci_median_percentile,0.829
YP_498714.1,mhci_num_strong_binders,91
YP_501252.1,mhci_median_score,0.241026
YP_501252.1,mhci_median_percentile,0.896
YP_501252.1,mhci_num_strong_binders,236
YP_499172.1,mhci_median_score,0.29228299999999996
YP_499172.1,mhci_median_percentile,0.69
YP_499172.1,mhci_num_strong_binders,26
YP_499276.1,mhci_median_score,0.187538
YP_499276.1,mhci_median_percentile,0.977
YP_499276.1,mhci_num_strong_binders,28
YP_500553.1,mhci_median_score,0.241194
YP_500553.1,mhci_median_percentile,0.821
YP_500553.1,mhci_num_strong_binders,50
YP_500301.1,mhci_median_score,0.270792
YP_500301.1,mhci_median_percentile,0.754
YP_500301.1,mhci_num_strong_binders,456
YP_500208.1,mhci_median_score,0.2481715
YP_500208.1,mhci_median_percentile,0.8645
YP_500208.1,mhci_num_strong_binders,32
YP_499754.1,mhci_median_score,0.2499
YP_499754.1,mhci_median_percentile,0.839
YP_499754.1,mhci_num_strong_binders,112
YP_501216.1,mhci_median_score,0.25858349999999997
YP_501216.1,mhci_median_percentile,0.6705000000000001
YP_501216.1,mhci_num_strong_binders,26
YP_498621.1,mhci_median_score,0.225045
YP_498621.1,mhci_median_percentile,0.984
YP_498621.1,mhci_num_strong_binders,159
YP_499675.1,mhci_median_score,0.257007
YP_499675.1,mhci_median_percentile,0.825
YP_499675.1,mhci_num_strong_binders,172
YP_499331.1,mhci_median_score,0.265732
YP_499331.1,mhci_median_percentile,0.768
YP_499331.1,mhci_num_strong_binders,123
YP_501269.1,mhci_median_score,0.218919
YP_501269.1,mhci_median_percentile,0.932
YP_501269.1,mhci_num_strong_binders,104
SSL5|A0A0H3K6Z6,mhci_median_score,0.230774
SSL5|A0A0H3K6Z6,mhci_median_percentile,0.909
SSL5|A0A0H3K6Z6,mhci_num_strong_binders,114
SSL10|A0A0H3K6Z9,mhci_median_score,0.258796
SSL10|A0A0H3K6Z9,mhci_median_percentile,0.8354999999999999
SSL10|A0A0H3K6Z9,mhci_num_strong_binders,97
SSL1|A0A0H3KAV3,mhci_median_score,0.238608
SSL1|A0A0H3KAV3,mhci_median_percentile,0.911
SSL1|A0A0H3KAV3,mhci_num_strong_binders,89
SSL4|A0A0H3K6A3,mhci_median_score,0.226491
SSL4|A0A0H3K6A3,mhci_median_percentile,0.946
SSL4|A0A0H3K6A3,mhci_num_strong_binders,95
P0C0I5|ExotoxinC,mhci_median_score,0.241237
P0C0I5|ExotoxinC,mhci_median_percentile,0.805
P0C0I5|ExotoxinC,mhci_num_strong_binders,107
P0C0I6|ExotoxinH,mhci_median_score,0.220719
P0C0I6|ExotoxinH,mhci_median_percentile,0.9185000000000001
P0C0I6|ExotoxinH,mhci_num_strong_binders,67
P0DJY7|ExotoxinA,mhci_median_score,0.238957
P0DJY7|ExotoxinA,mhci_median_percentile,0.965
P0DJY7|ExotoxinA,mhci_num_strong_binders,101
A0A0H3KHN8|EnterotoxinA,mhci_median_score,0.2205905
A0A0H3KHN8|EnterotoxinA,mhci_median_percentile,0.979
A0A0H3KHN8|EnterotoxinA,mhci_num_strong_binders,74
YP_500587.1,mhci_median_score,0.302245
YP_500587.1,mhci_median_percentile,0.67
YP_500587.1,mhci_num_strong_binders,33
YP_008530245.1,mhci_median_score,0.20319199999999998
YP_008530245.1,mhci_median_percentile,1.0935000000000001
YP_008530245.1,mhci_num_strong_binders,11
YP_498838.1,mhci_median_score,0.257384
YP_498838.1,mhci_median_percentile,0.928
YP_498838.1,mhci_num_strong_binders,26
YP_499884.1,mhci_median_score,0.2609225
YP_499884.1,mhci_median_percentile,0.8705
YP_499884.1,mhci_num_strong_binders,25
YP_499822.1,mhci_median_score,0.232282
YP_499822.1,mhci_median_percentile,0.93
YP_499822.1,mhci_num_strong_binders,6
YP_499555.1,mhci_median_score,0.238686
YP_499555.1,mhci_median_percentile,0.994
YP_499555.1,mhci_num_strong_binders,4
YP_500804.1,mhci_median_score,0.142233
YP_500804.1,mhci_median_percentile,1.0525
YP_500804.1,mhci_num_strong_binders,1
SSL3|CC1,mhcii_median_score,0.298843
SSL3|CC1,mhcii_median_percentile,2.67
SSL3|CC1,mhcii_num_strong_binders,17
SSL3|CC5,mhcii_median_score,0.3393335
SSL3|CC5,mhcii_median_percentile,2.65
SSL3|CC5,mhcii_num_strong_binders,21
SSL3|CC8,mhcii_median_score,0.2963675
SSL3|CC8,mhcii_median_percentile,2.5999999999999996
SSL3|CC8,mhcii_num_strong_binders,17
SSL3|CC22,mhcii_median_score,0.269828
SSL3|CC22,mhcii_median_percentile,3.11
SSL3|CC22,mhcii_num_strong_binders,20
SSL3|CC30,mhcii_median_score,0.281863
SSL3|CC30,mhcii_median_percentile,3.255
SSL3|CC30,mhcii_num_strong_binders,18
SSL3|CC93,mhcii_median_score,0.30018100000000003
SSL3|CC93,mhcii_median_percentile,2.855
SSL3|CC93,mhcii_num_strong_binders,23
SSL7|CC1,mhcii_median_score,0.30824450000000003
SSL7|CC1,mhcii_median_percentile,2.59
SSL7|CC1,mhcii_num_strong_binders,21
SSL7|CC5,mhcii_median_score,0.307068
SSL7|CC5,mhcii_median_percentile,2.56
SSL7|CC5,mhcii_num_strong_binders,21
SSL7|CC8,mhcii_median_score,0.326291
SSL7|CC8,mhcii_median_percentile,2.4050000000000002
SSL7|CC8,mhcii_num_strong_binders,23
SSL7|CC22,mhcii_median_score,0.291424
SSL7|CC22,mhcii_median_percentile,2.28
SSL7|CC22,mhcii_num_strong_binders,29
SSL7|CC30,mhcii_median_score,0.303671
SSL7|CC30,mhcii_median_percentile,2.38
SSL7|CC30,mhcii_num_strong_binders,23
SSL7|CC93,mhcii_median_score,0.287346
SSL7|CC93,mhcii_median_percentile,2.43
SSL7|CC93,mhcii_num_strong_binders,26
SSL11|CC1,mhcii_median_score,0.3257895
SSL11|CC1,mhcii_median_percentile,2.885
SSL11|CC1,mhcii_num_strong_binders,13
SSL11|CC5,mhcii_median_score,0.219625
SSL11|CC5,mhcii_median_percentile,3.0
SSL11|CC5,mhcii_num_strong_binders,5
SSL11|CC8,mhcii_median_score,0.266873
SSL11|CC8,mhcii_median_percentile,2.535
SSL11|CC8,mhcii_num_strong_binders,19
SSL11|CC22,mhcii_median_score,0.28506
SSL11|CC22,mhcii_median_percentile,2.815
SSL11|CC22,mhcii_num_strong_binders,13
SSL11|CC30,mhcii_median_score,0.31802949999999996
SSL11|CC30,mhcii_median_percentile,2.45
SSL11|CC30,mhcii_num_strong_binders,14
SSL11|CC93,mhcii_median_score,0.2627085
SSL11|CC93,mhcii_median_percentile,3.215
SSL11|CC93,mhcii_num_strong_binders,10
YP_499183.1,mhcii_median_score,0.327895
YP_499183.1,mhcii_median_percentile,2.37
YP_499183.1,mhcii_num_strong_binders,9
YP_501487.1,mhcii_median_score,0.3129225
YP_501487.1,mhcii_median_percentile,2.365
YP_501487.1,mhcii_num_strong_binders,22
YP_500419.1,mhcii_median_score,0.32766
YP_500419.1,mhcii_median_percentile,2.05
YP_500419.1,mhcii_num_strong_binders,13
YP_500378.1,mhcii_median_score,0.3007575
YP_500378.1,mhcii_median_percentile,2.6
YP_500378.1,mhcii_num_strong_binders,63
YP_499389.1,mhcii_median_score,0.345899
YP_499389.1,mhcii_median_percentile,2.43
YP_499389.1,mhcii_num_strong_binders,13
YP_499915.1,mhcii_median_score,0.196814
YP_499915.1,mhcii_median_percentile,3.8
YP_499915.1,mhcii_num_strong_binders,0
YP_501058.1,mhcii_median_score,0.348777
YP_501058.1,mhcii_median_percentile,2.4000000000000004
YP_501058.1,mhcii_num_strong_binders,27
YP_499703.1,mhcii_median_score,0.313823
YP_499703.1,mhcii_median_percentile,2.47
YP_499703.1,mhcii_num_strong_binders,44
YP_500657.1,mhcii_median_score,0.40851400000000004
YP_500657.1,mhcii_median_percentile,1.755
YP_500657.1,mhcii_num_strong_binders,20
YP_499492.1,mhcii_median_score,0.3354545
YP_499492.1,mhcii_median_percentile,2.575
YP_499492.1,mhcii_num_strong_binders,4
YP_501495.1,mhcii_median_score,0.31130650000000004
YP_501495.1,mhcii_median_percentile,2.3
YP_501495.1,mhcii_num_strong_binders,37
YP_500791.1,mhcii_median_score,0.26821150000000005
YP_500791.1,mhcii_median_percentile,2.855
YP_500791.1,mhcii_num_strong_binders,20
YP_500348.1,mhcii_median_score,0.295062
YP_500348.1,mhcii_median_percentile,2.49
YP_500348.1,mhcii_num_strong_binders,82
YP_499292.1,mhcii_median_score,0.303551
YP_499292.1,mhcii_median_percentile,2.9
YP_499292.1,mhcii_num_strong_binders,41
YP_498758.1,mhcii_median_score,0.309567
YP_498758.1,mhcii_median_percentile,2.81
YP_498758.1,mhcii_num_strong_binders,29
YP_500086.1,mhcii_median_score,0.34123349999999997
YP_500086.1,mhcii_median_percentile,2.6799999999999997
YP_500086.1,mhcii_num_strong_binders,5
YP_501182.1,mhcii_median_score,0.3524685
YP_501182.1,mhcii_median_percentile,2.295
YP_501182.1,mhcii_num_strong_binders,65
YP_500020.1,mhcii_median_score,0.301079
YP_500020.1,mhcii_median_percentile,2.645
YP_500020.1,mhcii_num_strong_binders,30
YP_500511.1,mhcii_median_score,0.2254445
YP_500511.1,mhcii_median_percentile,2.675
YP_500511.1,mhcii_num_strong_binders,0
YP_500759.1,mhcii_median_score,0.3515425
YP_500759.1,mhcii_median_percentile,1.8599999999999999
YP_500759.1,mhcii_num_strong_binders,10
YP_498958.1,mhcii_median_score,0.321212
YP_498958.1,mhcii_median_percentile,2.42
YP_498958.1,mhcii_num_strong_binders,33
YP_499051.1,mhcii_median_score,0.306424
YP_499051.1,mhcii_median_percentile,2.43
YP_499051.1,mhcii_num_strong_binders,28
YP_499163.1,mhcii_median_score,0.37418450000000003
YP_499163.1,mhcii_median_percentile,1.9049999999999998
YP_499163.1,mhcii_num_strong_binders,32
YP_499540.1,mhcii_median_score,0.352139
YP_499540.1,mhcii_median_percentile,2.25
YP_499540.1,mhcii_num_strong_binders,53
YP_499616.1,mhcii_median_score,0.256475
YP_499616.1,mhcii_median_percentile,2.99
YP_499616.1,mhcii_num_strong_binders,10
YP_500587.1,mhcii_median_score,0.325741
YP_500587.1,mhcii_median_percentile,2.83
YP_500587.1,mhcii_num_strong_binders,7
YP_499721.1,mhcii_median_score,0.292175
YP_499721.1,mhcii_median_percentile,2.27
YP_499721.1,mhcii_num_strong_binders,13
YP_500936.1,mhcii_median_score,0.334984
YP_500936.1,mhcii_median_percentile,2.29
YP_500936.1,mhcii_num_strong_binders,72
YP_501445.1,mhcii_median_score,0.39799850000000003
YP_501445.1,mhcii_median_percentile,2.08
YP_501445.1,mhcii_num_strong_binders,13
YP_501499.1,mhcii_median_score,0.32834050000000004
YP_501499.1,mhcii_median_percentile,2.455
YP_501499.1,mhcii_num_strong_binders,26
YP_499373.1,mhcii_median_score,0.2895375
YP_499373.1,mhcii_median_percentile,2.5949999999999998
YP_499373.1,mhcii_num_strong_binders,22
YP_501066.1,mhcii_median_score,0.33160449999999997
YP_501066.1,mhcii_median_percentile,2.365
YP_501066.1,mhcii_num_strong_binders,34
YP_500763.1,mhcii_median_score,0.3472525
YP_500763.1,mhcii_median_percentile,2.25
YP_500763.1,mhcii_num_strong_binders,75
YP_500308.1,mhcii_median_score,0.348325
YP_500308.1,mhcii_median_percentile,2.47
YP_500308.1,mhcii_num_strong_binders,15
YP_499548.1,mhcii_median_score,0.257752
YP_499548.1,mhcii_median_percentile,2.8
YP_499548.1,mhcii_num_strong_binders,10
YP_501128.1,mhcii_median_score,0.276644
YP_501128.1,mhcii_median_percentile,3.2
YP_501128.1,mhcii_num_strong_binders,8
YP_499075.1,mhcii_median_score,0.301083
YP_499075.1,mhcii_median_percentile,2.94
YP_499075.1,mhcii_num_strong_binders,9
YP_501077.1,mhcii_median_score,0.4743395
YP_501077.1,mhcii_median_percentile,1.195
YP_501077.1,mhcii_num_strong_binders,16
YP_500800.1,mhcii_median_score,0.236379
YP_500800.1,mhcii_median_percentile,2.87
YP_500800.1,mhcii_num_strong_binders,4
YP_500576.1,mhcii_median_score,0.34797100000000003
YP_500576.1,mhcii_median_percentile,1.7850000000000001
YP_500576.1,mhcii_num_strong_binders,22
YP_499961.1,mhcii_median_score,0.3123475
YP_499961.1,mhcii_median_percentile,2.765
YP_499961.1,mhcii_num_strong_binders,8
YP_498794.1,mhcii_median_score,0.3295265
YP_498794.1,mhcii_median_percentile,2.25
YP_498794.1,mhcii_num_strong_binders,39
YP_500304.1,mhcii_median_score,0.282707
YP_500304.1,mhcii_median_percentile,2.52
YP_500304.1,mhcii_num_strong_binders,13
YP_499855.1,mhcii_median_score,0.399716
YP_499855.1,mhcii_median_percentile,1.04
YP_499855.1,mhcii_num_strong_binders,8
YP_499262.1,mhcii_median_score,0.32449550000000005
YP_499262.1,mhcii_median_percentile,2.36
YP_499262.1,mhcii_num_strong_binders,32
YP_499857.1,mhcii_median_score,0.324164
YP_499857.1,mhcii_median_percentile,2.32
YP_499857.1,mhcii_num_strong_binders,51
YP_500261.1,mhcii_median_score,0.2425385
YP_500261.1,mhcii_median_percentile,2.185
YP_500261.1,mhcii_num_strong_binders,8
YP_498610.1,mhcii_median_score,0.29377600000000004
YP_498610.1,mhcii_median_percentile,2.565
YP_498610.1,mhcii_num_strong_binders,41
YP_500922.1,mhcii_median_score,0.286591
YP_500922.1,mhcii_median_percentile,2.9
YP_500922.1,mhcii_num_strong_binders,8
YP_500433.1,mhcii_median_score,0.335619
YP_500433.1,mhcii_median_percentile,2.34
YP_500433.1,mhcii_num_strong_binders,44
YP_499934.1,mhcii_median_score,0.300646
YP_499934.1,mhcii_median_percentile,2.29
YP_499934.1,mhcii_num_strong_binders,32
YP_500542.1,mhcii_median_score,0.29489299999999996
YP_500542.1,mhcii_median_percentile,2.7
YP_500542.1,mhcii_num_strong_binders,33
YP_501450.1,mhcii_median_score,0.323091
YP_501450.1,mhcii_median_percentile,2.2649999999999997
YP_501450.1,mhcii_num_strong_binders,21
YP_498730.1,mhcii_median_score,0.282602
YP_498730.1,mhcii_median_percentile,2.45
YP_498730.1,mhcii_num_strong_binders,9
YP_499158.1,mhcii_median_score,0.323731
YP_499158.1,mhcii_median_percentile,2.5
YP_499158.1,mhcii_num_strong_binders,12
YP_500764.1,mhcii_median_score,0.31075450000000004
YP_500764.1,mhcii_median_percentile,2.525
YP_500764.1,mhcii_num_strong_binders,55
YP_500167.1,mhcii_median_score,0.347377
YP_500167.1,mhcii_median_percentile,2.6900000000000004
YP_500167.1,mhcii_num_strong_binders,7
YP_499002.1,mhcii_median_score,0.315086
YP_499002.1,mhcii_median_percentile,2.87
YP_499002.1,mhcii_num_strong_binders,7
YP_501474.1,mhcii_median_score,0.264713
YP_501474.1,mhcii_median_percentile,2.33
YP_501474.1,mhcii_num_strong_binders,30
YP_501139.1,mhcii_median_score,0.334469
YP_501139.1,mhcii_median_percentile,2.565
YP_501139.1,mhcii_num_strong_binders,13
YP_500711.1,mhcii_median_score,0.377436
YP_500711.1,mhcii_median_percentile,2.065
YP_500711.1,mhcii_num_strong_binders,59
YP_500549.1,mhcii_median_score,0.350611
YP_500549.1,mhcii_median_percentile,3.04
YP_500549.1,mhcii_num_strong_binders,0
YP_501122.1,mhcii_median_score,0.265961
YP_501122.1,mhcii_median_percentile,2.86
YP_501122.1,mhcii_num_strong_binders,32
YP_498678.1,mhcii_median_score,0.269897
YP_498678.1,mhcii_median_percentile,3.08
YP_498678.1,mhcii_num_strong_binders,13
YP_499994.1,mhcii_median_score,0.420172
YP_499994.1,mhcii_median_percentile,1.77
YP_499994.1,mhcii_num_strong_binders,5
YP_500682.1,mhcii_median_score,0.3112745
YP_500682.1,mhcii_median_percentile,1.7349999999999999
YP_500682.1,mhcii_num_strong_binders,23
YP_500186.1,mhcii_median_score,0.3186565
YP_500186.1,mhcii_median_percentile,2.3099999999999996
YP_500186.1,mhcii_num_strong_binders,34
YP_500068.1,mhcii_median_score,0.3094165
YP_500068.1,mhcii_median_percentile,2.25
YP_500068.1,mhcii_num_strong_binders,34
YP_499541.1,mhcii_median_score,0.2484315
YP_499541.1,mhcii_median_percentile,2.895
YP_499541.1,mhcii_num_strong_binders,11
YP_499312.1,mhcii_median_score,0.24935849999999998
YP_499312.1,mhcii_median_percentile,3.065
YP_499312.1,mhcii_num_strong_binders,6
YP_500905.1,mhcii_median_score,0.320092
YP_500905.1,mhcii_median_percentile,2.49
YP_500905.1,mhcii_num_strong_binders,79
YP_499719.1,mhcii_median_score,0.35122200000000003
YP_499719.1,mhcii_median_percentile,2.315
YP_499719.1,mhcii_num_strong_binders,35
YP_499093.1,mhcii_median_score,0.278783
YP_499093.1,mhcii_median_percentile,2.96
YP_499093.1,mhcii_num_strong_binders,15
YP_499224.1,mhcii_median_score,0.34632850000000004
YP_499224.1,mhcii_median_percentile,2.12
YP_499224.1,mhcii_num_strong_binders,22
YP_498647.1,mhcii_median_score,0.426578
YP_498647.1,mhcii_median_percentile,2.39
YP_498647.1,mhcii_num_strong_binders,9
YP_499525.1,mhcii_median_score,0.43849249999999995
YP_499525.1,mhcii_median_percentile,2.11
YP_499525.1,mhcii_num_strong_binders,24
YP_499522.1,mhcii_median_score,0.388381
YP_499522.1,mhcii_median_percentile,2.42
YP_499522.1,mhcii_num_strong_binders,10
YP_498928.1,mhcii_median_score,0.351614
YP_498928.1,mhcii_median_percentile,2.075
YP_498928.1,mhcii_num_strong_binders,131
YP_499123.1,mhcii_median_score,0.26831950000000004
YP_499123.1,mhcii_median_percentile,3.235
YP_499123.1,mhcii_num_strong_binders,6
YP_499058.1,mhcii_median_score,0.3546095
YP_499058.1,mhcii_median_percentile,2.8
YP_499058.1,mhcii_num_strong_binders,9
YP_500459.1,mhcii_median_score,0.3213065
YP_500459.1,mhcii_median_percentile,2.6399999999999997
YP_500459.1,mhcii_num_strong_binders,44
YP_499978.1,mhcii_median_score,0.278904
YP_499978.1,mhcii_median_percentile,2.63
YP_499978.1,mhcii_num_strong_binders,9
YP_501107.1,mhcii_median_score,0.287609
YP_501107.1,mhcii_median_percentile,2.15
YP_501107.1,mhcii_num_strong_binders,27
YP_499349.1,mhcii_median_score,0.3275665
YP_499349.1,mhcii_median_percentile,2.44
YP_499349.1,mhcii_num_strong_binders,8
YP_499995.1,mhcii_median_score,0.275882
YP_499995.1,mhcii_median_percentile,2.925
YP_499995.1,mhcii_num_strong_binders,13
YP_500697.1,mhcii_median_score,0.370537
YP_500697.1,mhcii_median_percentile,2.5
YP_500697.1,mhcii_num_strong_binders,9
YP_499119.1,mhcii_median_score,0.31207
YP_499119.1,mhcii_median_percentile,2.44
YP_499119.1,mhcii_num_strong_binders,58
YP_499685.1,mhcii_median_score,0.332287
YP_499685.1,mhcii_median_percentile,2.27
YP_499685.1,mhcii_num_strong_binders,41
YP_500599.1,mhcii_median_score,0.30583099999999996
YP_500599.1,mhcii_median_percentile,2.62
YP_500599.1,mhcii_num_strong_binders,52
YP_500389.1,mhcii_median_score,0.323601
YP_500389.1,mhcii_median_percentile,2.58
YP_500389.1,mhcii_num_strong_binders,54
YP_500162.1,mhcii_median_score,0.3803065
YP_500162.1,mhcii_median_percentile,2.24
YP_500162.1,mhcii_num_strong_binders,19
YP_501186.1,mhcii_median_score,0.269893
YP_501186.1,mhcii_median_percentile,2.77
YP_501186.1,mhcii_num_strong_binders,25
YP_498609.1,mhcii_median_score,0.3233795
YP_498609.1,mhcii_median_percentile,2.36
YP_498609.1,mhcii_num_strong_binders,62
YP_500741.1,mhcii_median_score,0.296977
YP_500741.1,mhcii_median_percentile,2.59
YP_500741.1,mhcii_num_strong_binders,32
YP_500449.1,mhcii_median_score,0.310805
YP_500449.1,mhcii_median_percentile,2.505
YP_500449.1,mhcii_num_strong_binders,31
YP_500120.1,mhcii_median_score,0.32535349999999996
YP_500120.1,mhcii_median_percentile,2.55
YP_500120.1,mhcii_num_strong_binders,45
YP_499431.1,mhcii_median_score,0.363891
YP_499431.1,mhcii_median_percentile,2.44
YP_499431.1,mhcii_num_strong_binders,37
YP_498696.1,mhcii_median_score,0.327101
YP_498696.1,mhcii_median_percentile,2.56
YP_498696.1,mhcii_num_strong_binders,22
YP_500550.1,mhcii_median_score,0.354584
YP_500550.1,mhcii_median_percentile,2.0300000000000002
YP_500550.1,mhcii_num_strong_binders,31
YP_500795.1,mhcii_median_score,0.330803
YP_500795.1,mhcii_median_percentile,2.32
YP_500795.1,mhcii_num_strong_binders,62
YP_499888.1,mhcii_median_score,0.274029
YP_499888.1,mhcii_median_percentile,2.8
YP_499888.1,mhcii_num_strong_binders,28
YP_499558.1,mhcii_median_score,0.2843945
YP_499558.1,mhcii_median_percentile,3.255
YP_499558.1,mhcii_num_strong_binders,5
YP_500393.1,mhcii_median_score,0.2632105
YP_500393.1,mhcii_median_percentile,2.995
YP_500393.1,mhcii_num_strong_binders,3
YP_498896.1,mhcii_median_score,0.28037
YP_498896.1,mhcii_median_percentile,2.65
YP_498896.1,mhcii_num_strong_binders,25
YP_500255.1,mhcii_median_score,0.302361
YP_500255.1,mhcii_median_percentile,2.76
YP_500255.1,mhcii_num_strong_binders,24
YP_499376.1,mhcii_median_score,0.150648
YP_499376.1,mhcii_median_percentile,3.085
YP_499376.1,mhcii_num_strong_binders,5
YP_500119.1,mhcii_median_score,0.2559495
YP_500119.1,mhcii_median_percentile,3.065
YP_500119.1,mhcii_num_strong_binders,14
YP_501036.1,mhcii_median_score,0.3768165
YP_501036.1,mhcii_median_percentile,2.105
YP_501036.1,mhcii_num_strong_binders,3
YP_500279.1,mhcii_median_score,0.35143800000000003
YP_500279.1,mhcii_median_percentile,2.355
YP_500279.1,mhcii_num_strong_binders,32
YP_501481.1,mhcii_median_score,0.324915
YP_501481.1,mhcii_median_percentile,2.64
YP_501481.1,mhcii_num_strong_binders,22
YP_501434.1,mhcii_median_score,0.3023055
YP_501434.1,mhcii_median_percentile,2.615
YP_501434.1,mhcii_num_strong_binders,98
YP_499264.1,mhcii_median_score,0.348348
YP_499264.1,mhcii_median_percentile,2.535
YP_499264.1,mhcii_num_strong_binders,10
YP_498768.1,mhcii_median_score,0.322926
YP_498768.1,mhcii_median_percentile,2.45
YP_498768.1,mhcii_num_strong_binders,81
YP_499118.1,mhcii_median_score,0.3107925
YP_499118.1,mhcii_median_percentile,2.46
YP_499118.1,mhcii_num_strong_binders,143
YP_500388.1,mhcii_median_score,0.2682
YP_500388.1,mhcii_median_percentile,2.6
YP_500388.1,mhcii_num_strong_binders,9
YP_498966.1,mhcii_median_score,0.38214000000000004
YP_498966.1,mhcii_median_percentile,2.37
YP_498966.1,mhcii_num_strong_binders,35
YP_501290.1,mhcii_median_score,0.330593
YP_501290.1,mhcii_median_percentile,2.3
YP_501290.1,mhcii_num_strong_binders,28
YP_501264.1,mhcii_median_score,0.322679
YP_501264.1,mhcii_median_percentile,2.52
YP_501264.1,mhcii_num_strong_binders,21
YP_500713.1,mhcii_median_score,0.31799750000000004
YP_500713.1,mhcii_median_percentile,1.88
YP_500713.1,mhcii_num_strong_binders,16
YP_499050.1,mhcii_median_score,0.291438
YP_499050.1,mhcii_median_percentile,2.7
YP_499050.1,mhcii_num_strong_binders,36
YP_501132.1,mhcii_median_score,0.294956
YP_501132.1,mhcii_median_percentile,2.05
YP_501132.1,mhcii_num_strong_binders,20
YP_500864.1,mhcii_median_score,0.298212
YP_500864.1,mhcii_median_percentile,2.74
YP_500864.1,mhcii_num_strong_binders,10
YP_501208.1,mhcii_median_score,0.47892250000000003
YP_501208.1,mhcii_median_percentile,1.6600000000000001
YP_501208.1,mhcii_num_strong_binders,40
YP_500495.1,mhcii_median_score,0.346215
YP_500495.1,mhcii_median_percentile,2.26
YP_500495.1,mhcii_num_strong_binders,38
YP_499100.1,mhcii_median_score,0.2893465
YP_499100.1,mhcii_median_percentile,2.46
YP_499100.1,mhcii_num_strong_binders,10
YP_501383.1,mhcii_median_score,0.2836105
YP_501383.1,mhcii_median_percentile,3.3449999999999998
YP_501383.1,mhcii_num_strong_binders,6
YP_500189.1,mhcii_median_score,0.30415749999999997
YP_500189.1,mhcii_median_percentile,2.2649999999999997
YP_500189.1,mhcii_num_strong_binders,40
YP_500399.1,mhcii_median_score,0.367373
YP_500399.1,mhcii_median_percentile,2.35
YP_500399.1,mhcii_num_strong_binders,10
YP_499396.1,mhcii_median_score,0.320696
YP_499396.1,mhcii_median_percentile,2.56
YP_499396.1,mhcii_num_strong_binders,32
YP_499593.1,mhcii_median_score,0.407391
YP_499593.1,mhcii_median_percentile,2.615
YP_499593.1,mhcii_num_strong_binders,8
YP_499986.1,mhcii_median_score,0.379467
YP_499986.1,mhcii_median_percentile,1.85
YP_499986.1,mhcii_num_strong_binders,17
YP_500202.1,mhcii_median_score,0.2383575
YP_500202.1,mhcii_median_percentile,2.8049999999999997
YP_500202.1,mhcii_num_strong_binders,7
YP_498859.1,mhcii_median_score,0.296984
YP_498859.1,mhcii_median_percentile,2.315
YP_498859.1,mhcii_num_strong_binders,22
YP_500306.1,mhcii_median_score,0.303013
YP_500306.1,mhcii_median_percentile,2.65
YP_500306.1,mhcii_num_strong_binders,33
YP_499249.1,mhcii_median_score,0.2994415
YP_499249.1,mhcii_median_percentile,2.8099999999999996
YP_499249.1,mhcii_num_strong_binders,14
YP_499345.1,mhcii_median_score,0.279895
YP_499345.1,mhcii_median_percentile,2.86
YP_499345.1,mhcii_num_strong_binders,27
YP_498808.1,mhcii_median_score,0.299025
YP_498808.1,mhcii_median_percentile,2.61
YP_498808.1,mhcii_num_strong_binders,71
YP_499225.1,mhcii_median_score,0.3451115
YP_499225.1,mhcii_median_percentile,2.16
YP_499225.1,mhcii_num_strong_binders,34
YP_500380.1,mhcii_median_score,0.319249
YP_500380.1,mhcii_median_percentile,2.04
YP_500380.1,mhcii_num_strong_binders,30
YP_499451.1,mhcii_median_score,0.29038149999999996
YP_499451.1,mhcii_median_percentile,2.48
YP_499451.1,mhcii_num_strong_binders,50
YP_008530243.1,mhcii_median_score,0.399658
YP_008530243.1,mhcii_median_percentile,2.29
YP_008530243.1,mhcii_num_strong_binders,9
YP_501152.1,mhcii_median_score,0.328821
YP_501152.1,mhcii_median_percentile,2.45
YP_501152.1,mhcii_num_strong_binders,70
YP_500917.1,mhcii_median_score,0.311884
YP_500917.1,mhcii_median_percentile,2.65
YP_500917.1,mhcii_num_strong_binders,22
YP_498913.1,mhcii_median_score,0.2956135
YP_498913.1,mhcii_median_percentile,3.005
YP_498913.1,mhcii_num_strong_binders,5
YP_500822.1,mhcii_median_score,0.360152
YP_500822.1,mhcii_median_percentile,2.24
YP_500822.1,mhcii_num_strong_binders,66
YP_499470.1,mhcii_median_score,0.38529500000000005
YP_499470.1,mhcii_median_percentile,2.315
YP_499470.1,mhcii_num_strong_binders,30
YP_500001.1,mhcii_median_score,0.3504385
YP_500001.1,mhcii_median_percentile,2.35
YP_500001.1,mhcii_num_strong_binders,42
YP_499406.1,mhcii_median_score,0.34836
YP_499406.1,mhcii_median_percentile,1.8
YP_499406.1,mhcii_num_strong_binders,6
YP_500247.1,mhcii_median_score,0.325729
YP_500247.1,mhcii_median_percentile,2.15
YP_500247.1,mhcii_num_strong_binders,42
YP_500390.1,mhcii_median_score,0.338302
YP_500390.1,mhcii_median_percentile,2.28
YP_500390.1,mhcii_num_strong_binders,20
YP_500734.1,mhcii_median_score,0.284779
YP_500734.1,mhcii_median_percentile,3.18
YP_500734.1,mhcii_num_strong_binders,5
YP_501286.1,mhcii_median_score,0.3077765
YP_501286.1,mhcii_median_percentile,2.03
YP_501286.1,mhcii_num_strong_binders,22
YP_499814.1,mhcii_median_score,0.277678
YP_499814.1,mhcii_median_percentile,2.47
YP_499814.1,mhcii_num_strong_binders,8
YP_498729.1,mhcii_median_score,0.288089
YP_498729.1,mhcii_median_percentile,2.71
YP_498729.1,mhcii_num_strong_binders,34
YP_499402.1,mhcii_median_score,0.31434
YP_499402.1,mhcii_median_percentile,2.54
YP_499402.1,mhcii_num_strong_binders,44
YP_500183.1,mhcii_median_score,0.271741
YP_500183.1,mhcii_median_percentile,2.975
YP_500183.1,mhcii_num_strong_binders,5
YP_499565.1,mhcii_median_score,0.309339
YP_499565.1,mhcii_median_percentile,2.48
YP_499565.1,mhcii_num_strong_binders,33
YP_500645.1,mhcii_median_score,0.25586
YP_500645.1,mhcii_median_percentile,2.42
YP_500645.1,mhcii_num_strong_binders,5
YP_498751.1,mhcii_median_score,0.280424
YP_498751.1,mhcii_median_percentile,2.25
YP_498751.1,mhcii_num_strong_binders,19
YP_498989.1,mhcii_median_score,0.31826299999999996
YP_498989.1,mhcii_median_percentile,2.545
YP_498989.1,mhcii_num_strong_binders,26
YP_500431.1,mhcii_median_score,0.411582
YP_500431.1,mhcii_median_percentile,1.87
YP_500431.1,mhcii_num_strong_binders,24
YP_500650.1,mhcii_median_score,0.34376450000000003
YP_500650.1,mhcii_median_percentile,2.21
YP_500650.1,mhcii_num_strong_binders,115
YP_499177.1,mhcii_median_score,0.32302600000000004
YP_499177.1,mhcii_median_percentile,2.535
YP_499177.1,mhcii_num_strong_binders,8
YP_498931.1,mhcii_median_score,0.335869
YP_498931.1,mhcii_median_percentile,2.54
YP_498931.1,mhcii_num_strong_binders,24
YP_500655.1,mhcii_median_score,0.349883
YP_500655.1,mhcii_median_percentile,2.75
YP_500655.1,mhcii_num_strong_binders,4
YP_501414.1,mhcii_median_score,0.310906
YP_501414.1,mhcii_median_percentile,2.16
YP_501414.1,mhcii_num_strong_binders,71
YP_500911.1,mhcii_median_score,0.362034
YP_500911.1,mhcii_median_percentile,2.44
YP_500911.1,mhcii_num_strong_binders,28
YP_499461.1,mhcii_median_score,0.310951
YP_499461.1,mhcii_median_percentile,2.37
YP_499461.1,mhcii_num_strong_binders,65
YP_499181.1,mhcii_median_score,0.283696
YP_499181.1,mhcii_median_percentile,2.455
YP_499181.1,mhcii_num_strong_binders,16
YP_499146.1,mhcii_median_score,0.324666
YP_499146.1,mhcii_median_percentile,2.25
YP_499146.1,mhcii_num_strong_binders,49
YP_498721.1,mhcii_median_score,0.3108055
YP_498721.1,mhcii_median_percentile,2.665
YP_498721.1,mhcii_num_strong_binders,19
YP_499037.1,mhcii_median_score,0.4551535
YP_499037.1,mhcii_median_percentile,1.435
YP_499037.1,mhcii_num_strong_binders,14
YP_501133.1,mhcii_median_score,0.323302
YP_501133.1,mhcii_median_percentile,2.66
YP_501133.1,mhcii_num_strong_binders,30
YP_501137.1,mhcii_median_score,0.28202
YP_501137.1,mhcii_median_percentile,2.85
YP_501137.1,mhcii_num_strong_binders,15
YP_500059.1,mhcii_median_score,0.27328949999999996
YP_500059.1,mhcii_median_percentile,3.465
YP_500059.1,mhcii_num_strong_binders,0
YP_498663.1,mhcii_median_score,0.266641
YP_498663.1,mhcii_median_percentile,3.1
YP_498663.1,mhcii_num_strong_binders,13
YP_500986.1,mhcii_median_score,0.3297025
YP_500986.1,mhcii_median_percentile,2.21
YP_500986.1,mhcii_num_strong_binders,9
YP_499809.1,mhcii_median_score,0.284433
YP_499809.1,mhcii_median_percentile,2.58
YP_499809.1,mhcii_num_strong_binders,41
YP_499832.1,mhcii_median_score,0.376947
YP_499832.1,mhcii_median_percentile,2.73
YP_499832.1,mhcii_num_strong_binders,0
YP_501477.1,mhcii_median_score,0.287836
YP_501477.1,mhcii_median_percentile,3.64
YP_501477.1,mhcii_num_strong_binders,7
YP_500964.1,mhcii_median_score,0.31597
YP_500964.1,mhcii_median_percentile,2.18
YP_500964.1,mhcii_num_strong_binders,20
YP_501222.1,mhcii_median_score,0.284673
YP_501222.1,mhcii_median_percentile,2.34
YP_501222.1,mhcii_num_strong_binders,20
YP_499787.1,mhcii_median_score,0.274386
YP_499787.1,mhcii_median_percentile,3.325
YP_499787.1,mhcii_num_strong_binders,5
YP_499107.1,mhcii_median_score,0.261278
YP_499107.1,mhcii_median_percentile,2.67
YP_499107.1,mhcii_num_strong_binders,19
YP_501258.1,mhcii_median_score,0.345819
YP_501258.1,mhcii_median_percentile,1.68
YP_501258.1,mhcii_num_strong_binders,21
YP_500667.1,mhcii_median_score,0.325414
YP_500667.1,mhcii_median_percentile,2.39
YP_500667.1,mhcii_num_strong_binders,59
YP_500602.1,mhcii_median_score,0.29098
YP_500602.1,mhcii_median_percentile,2.775
YP_500602.1,mhcii_num_strong_binders,13
YP_500311.1,mhcii_median_score,0.305096
YP_500311.1,mhcii_median_percentile,2.63
YP_500311.1,mhcii_num_strong_binders,39
YP_499128.1,mhcii_median_score,0.3152005
YP_499128.1,mhcii_median_percentile,2.59
YP_499128.1,mhcii_num_strong_binders,21
YP_500445.1,mhcii_median_score,0.335798
YP_500445.1,mhcii_median_percentile,3.21
YP_500445.1,mhcii_num_strong_binders,7
YP_500806.1,mhcii_median_score,0.31317700000000004
YP_500806.1,mhcii_median_percentile,2.67
YP_500806.1,mhcii_num_strong_binders,19
YP_500949.1,mhcii_median_score,0.303705
YP_500949.1,mhcii_median_percentile,3.0
YP_500949.1,mhcii_num_strong_binders,6
YP_500401.1,mhcii_median_score,0.290391
YP_500401.1,mhcii_median_percentile,2.9
YP_500401.1,mhcii_num_strong_binders,2
YP_501170.1,mhcii_median_score,0.30857
YP_501170.1,mhcii_median_percentile,2.6
YP_501170.1,mhcii_num_strong_binders,38
YP_500913.1,mhcii_median_score,0.3107705
YP_500913.1,mhcii_median_percentile,2.53
YP_500913.1,mhcii_num_strong_binders,53
YP_499329.1,mhcii_median_score,0.23076000000000002
YP_499329.1,mhcii_median_percentile,4.630000000000001
YP_499329.1,mhcii_num_strong_binders,0
YP_498826.1,mhcii_median_score,0.3094925
YP_498826.1,mhcii_median_percentile,2.605
YP_498826.1,mhcii_num_strong_binders,34
YP_499760.1,mhcii_median_score,0.378446
YP_499760.1,mhcii_median_percentile,2.1
YP_499760.1,mhcii_num_strong_binders,47
YP_501478.1,mhcii_median_score,0.273828
YP_501478.1,mhcii_median_percentile,3.11
YP_501478.1,mhcii_num_strong_binders,16
YP_499794.1,mhcii_median_score,0.333325
YP_499794.1,mhcii_median_percentile,2.39
YP_499794.1,mhcii_num_strong_binders,44
YP_500719.1,mhcii_median_score,0.300094
YP_500719.1,mhcii_median_percentile,2.16
YP_500719.1,mhcii_num_strong_binders,28
YP_499998.1,mhcii_median_score,0.278793
YP_499998.1,mhcii_median_percentile,2.1
YP_499998.1,mhcii_num_strong_binders,28
YP_501418.1,mhcii_median_score,0.30885
YP_501418.1,mhcii_median_percentile,2.955
YP_501418.1,mhcii_num_strong_binders,21
YP_500434.1,mhcii_median_score,0.306627
YP_500434.1,mhcii_median_percentile,2.28
YP_500434.1,mhcii_num_strong_binders,62
YP_501338.1,mhcii_median_score,0.3150675
YP_501338.1,mhcii_median_percentile,2.635
YP_501338.1,mhcii_num_strong_binders,47
YP_499913.1,mhcii_median_score,0.361235
YP_499913.1,mhcii_median_percentile,2.55
YP_499913.1,mhcii_num_strong_binders,15
YP_498835.1,mhcii_median_score,0.30271
YP_498835.1,mhcii_median_percentile,3.32
YP_498835.1,mhcii_num_strong_binders,7
YP_500890.1,mhcii_median_score,0.30761700000000003
YP_500890.1,mhcii_median_percentile,2.885
YP_500890.1,mhcii_num_strong_binders,30
YP_500883.1,mhcii_median_score,0.342492
YP_500883.1,mhcii_median_percentile,2.29
YP_500883.1,mhcii_num_strong_binders,47
YP_498714.1,mhcii_median_score,0.310577
YP_498714.1,mhcii_median_percentile,2.57
YP_498714.1,mhcii_num_strong_binders,17
YP_501252.1,mhcii_median_score,0.32195450000000003
YP_501252.1,mhcii_median_percentile,2.4450000000000003
YP_501252.1,mhcii_num_strong_binders,60
YP_499276.1,mhcii_median_score,0.3409835
YP_499276.1,mhcii_median_percentile,1.9649999999999999
YP_499276.1,mhcii_num_strong_binders,10
YP_500553.1,mhcii_median_score,0.276492
YP_500553.1,mhcii_median_percentile,3.05
YP_500553.1,mhcii_num_strong_binders,2
YP_500301.1,mhcii_median_score,0.2983485
YP_500301.1,mhcii_median_percentile,2.425
YP_500301.1,mhcii_num_strong_binders,128
YP_500208.1,mhcii_median_score,0.2451845
YP_500208.1,mhcii_median_percentile,3.19
YP_500208.1,mhcii_num_strong_binders,11
YP_499754.1,mhcii_median_score,0.281035
YP_499754.1,mhcii_median_percentile,2.56
YP_499754.1,mhcii_num_strong_binders,15
YP_501216.1,mhcii_median_score,0.281602
YP_501216.1,mhcii_median_percentile,3.11
YP_501216.1,mhcii_num_strong_binders,3
YP_498621.1,mhcii_median_score,0.311705
YP_498621.1,mhcii_median_percentile,2.32
YP_498621.1,mhcii_num_strong_binders,7
YP_499675.1,mhcii_median_score,0.291712
YP_499675.1,mhcii_median_percentile,2.45
YP_499675.1,mhcii_num_strong_binders,17
YP_499331.1,mhcii_median_score,0.36739049999999995
YP_499331.1,mhcii_median_percentile,2.48
YP_499331.1,mhcii_num_strong_binders,31
YP_501269.1,mhcii_median_score,0.28482
YP_501269.1,mhcii_median_percentile,2.74
YP_501269.1,mhcii_num_strong_binders,13
SSL5|A0A0H3K6Z6,mhcii_median_score,0.3245485
SSL5|A0A0H3K6Z6,mhcii_median_percentile,2.73
SSL5|A0A0H3K6Z6,mhcii_num_strong_binders,17
SSL10|A0A0H3K6Z9,mhcii_median_score,0.29614
SSL10|A0A0H3K6Z9,mhcii_median_percentile,2.88
SSL10|A0A0H3K6Z9,mhcii_num_strong_binders,16
SSL1|A0A0H3KAV3,mhcii_median_score,0.2486015
SSL1|A0A0H3KAV3,mhcii_median_percentile,2.685
SSL1|A0A0H3KAV3,mhcii_num_strong_binders,10
SSL4|A0A0H3K6A3,mhcii_median_score,0.262391
SSL4|A0A0H3K6A3,mhcii_median_percentile,3.31
SSL4|A0A0H3K6A3,mhcii_num_strong_binders,13
P0C0I5|ExotoxinC,mhcii_median_score,0.334804
P0C0I5|ExotoxinC,mhcii_median_percentile,2.62
P0C0I5|ExotoxinC,mhcii_num_strong_binders,38
P0C0I6|ExotoxinH,mhcii_median_score,0.414413
P0C0I6|ExotoxinH,mhcii_median_percentile,2.23
P0C0I6|ExotoxinH,mhcii_num_strong_binders,18
P0DJY7|ExotoxinA,mhcii_median_score,0.301499
P0DJY7|ExotoxinA,mhcii_median_percentile,2.82
P0DJY7|ExotoxinA,mhcii_num_strong_binders,28
A0A0H3KHN8|EnterotoxinA,mhcii_median_score,0.483969
A0A0H3KHN8|EnterotoxinA,mhcii_median_percentile,1.62
A0A0H3KHN8|EnterotoxinA,mhcii_num_strong_binders,42
YP_500337.1,mhcii_median_score,0.27709
YP_500337.1,mhcii_median_percentile,2.63
YP_500337.1,mhcii_num_strong_binders,4
YP_501119.1,mhcii_median_score,0.509831
YP_501119.1,mhcii_median_percentile,2.06
YP_501119.1,mhcii_num_strong_binders,0
YP_499390.1,mhcii_median_score,0.36139
YP_499390.1,mhcii_median_percentile,2.19
YP_499390.1,mhcii_num_strong_binders,11
YP_500007.1,mhcii_median_score,0.280978
YP_500007.1,mhcii_median_percentile,3.64
YP_500007.1,mhcii_num_strong_binders,0
YP_500804.1,mhcii_median_score,0.341766
YP_500804.1,mhcii_median_percentile,3.54
YP_500804.1,mhcii_num_strong_binders,0
YP_501173.1,mhcii_median_score,0.316477
YP_501173.1,mhcii_median_percentile,3.64
YP_501173.1,mhcii_num_strong_binders,0
YP_499555.1,mhcii_median_score,0.36712999999999996
YP_499555.1,mhcii_median_percentile,2.55
YP_499555.1,mhcii_num_strong_binders,2
YP_501053.1,mhcii_median_score,0.296583
YP_501053.1,mhcii_median_percentile,2.85
YP_501053.1,mhcii_num_strong_binders,5
YP_498655.1,mhcii_median_score,0.3963765
YP_498655.1,mhcii_median_percentile,2.455
YP_498655.1,mhcii_num_strong_binders,16
YP_498838.1,mhcii_median_score,0.386264
YP_498838.1,mhcii_median_percentile,2.11
YP_498838.1,mhcii_num_strong_binders,8
YP_499771.1,mhcii_median_score,0.296348
YP_499771.1,mhcii_median_percentile,2.87
YP_499771.1,mhcii_num_strong_binders,7
YP_499586.1,mhcii_median_score,0.490823
YP_499586.1,mhcii_median_percentile,1.865
YP_499586.1,mhcii_num_strong_binders,7
YP_499397.1,mhcii_median_score,0.443409
YP_499397.1,mhcii_median_percentile,1.92
YP_499397.1,mhcii_num_strong_binders,15
YP_500398.1,mhcii_median_score,0.247674
YP_500398.1,mhcii_median_percentile,3.3
YP_500398.1,mhcii_num_strong_binders,1
YP_499884.1,mhcii_median_score,0.293599
YP_499884.1,mhcii_median_percentile,3.67
YP_499884.1,mhcii_num_strong_binders,0
YP_500855.1,mhcii_median_score,0.625662
YP_500855.1,mhcii_median_percentile,1.1
YP_500855.1,mhcii_num_strong_binders,7
YP_500687.1,mhcii_median_score,0.253138
YP_500687.1,mhcii_median_percentile,3.34
YP_500687.1,mhcii_num_strong_binders,0
YP_008530245.1,mhcii_median_score,0.268593
YP_008530245.1,mhcii_median_percentile,4.0
YP_008530245.1,mhcii_num_strong_binders,0
YP_500426.1,mhcii_median_score,0.289592
YP_500426.1,mhcii_median_percentile,3.725
YP_500426.1,mhcii_num_strong_binders,0
YP_500405.1,mhcii_median_score,0.676633
YP_500405.1,mhcii_median_percentile,1.01
YP_500405.1,mhcii_num_strong_binders,7
YP_499530.1,mhcii_median_score,0.28861
YP_499530.1,mhcii_median_percentile,2.44
YP_499530.1,mhcii_num_strong_binders,2
YP_499966.1,mhcii_median_score,0.313967
YP_499966.1,mhcii_median_percentile,3.54
YP_499966.1,mhcii_num_strong_binders,0
YP_499172.1,mhcii_median_score,0.082024
YP_499172.1,mhcii_median_percentile,3.87
YP_499172.1,mhcii_num_strong_binders,0
YP_501253.1,mhcii_median_score,0.1666
YP_501253.1,mhcii_median_percentile,3.58
YP_501253.1,mhcii_num_strong_binders,0
YP_500700.1,mhcii_median_score,0.13793
YP_500700.1,mhcii_median_percentile,3.3
YP_500700.1,mhcii_num_strong_binders,0
YP_500868.1,mhcii_median_score,0.083069
YP_500868.1,mhcii_median_percentile,4.29
YP_500868.1,mhcii_num_strong_binders,0
YP_499822.1,mhcii_median_score,0.222671
YP_499822.1,mhcii_median_percentile,4.325
YP_499822.1,mhcii_num_strong_binders,0
accession,feature,score
SSL3|CC1,algpred2_hybrid_score,0.633
SSL3|CC5,algpred2_hybrid_score,0.184
SSL3|CC8,algpred2_hybrid_score,0.144
SSL3|CC22,algpred2_hybrid_score,0.158
SSL3|CC30,algpred2_hybrid_score,0.19
SSL3|CC93,algpred2_hybrid_score,0.123
SSL7|CC1,algpred2_hybrid_score,0.808
SSL7|CC5,algpred2_hybrid_score,0.723
SSL7|CC8,algpred2_hybrid_score,0.77
SSL7|CC22,algpred2_hybrid_score,0.262
SSL7|CC30,algpred2_hybrid_score,0.771
SSL7|CC93,algpred2_hybrid_score,0.752
SSL11|CC1,algpred2_hybrid_score,0.173
SSL11|CC5,algpred2_hybrid_score,0.274
SSL11|CC8,algpred2_hybrid_score,0.204
SSL11|CC22,algpred2_hybrid_score,0.199
SSL11|CC30,algpred2_hybrid_score,0.308
SSL11|CC93,algpred2_hybrid_score,0.237
YP_499183.1,algpred2_hybrid_score,0.035
YP_501487.1,algpred2_hybrid_score,0.027
YP_500419.1,algpred2_hybrid_score,0.075
YP_500337.1,algpred2_hybrid_score,0.173
YP_500378.1,algpred2_hybrid_score,-0.276
YP_499389.1,algpred2_hybrid_score,-0.295
YP_499915.1,algpred2_hybrid_score,0.191
YP_501058.1,algpred2_hybrid_score,0.552
YP_499703.1,algpred2_hybrid_score,-0.279
YP_500657.1,algpred2_hybrid_score,0.86
YP_499492.1,algpred2_hybrid_score,0.168
YP_501495.1,algpred2_hybrid_score,-0.399
YP_500791.1,algpred2_hybrid_score,0.044
YP_500348.1,algpred2_hybrid_score,0.685
YP_499292.1,algpred2_hybrid_score,0.205
YP_498758.1,algpred2_hybrid_score,0.1
YP_500086.1,algpred2_hybrid_score,0.093
YP_500438.1,algpred2_hybrid_score,0.121
YP_501182.1,algpred2_hybrid_score,-0.482
YP_500020.1,algpred2_hybrid_score,0.037
YP_501119.1,algpred2_hybrid_score,0.196
YP_500511.1,algpred2_hybrid_score,0.162
YP_500759.1,algpred2_hybrid_score,0.268
YP_498958.1,algpred2_hybrid_score,0.211
YP_499051.1,algpred2_hybrid_score,0.061
YP_499163.1,algpred2_hybrid_score,0.023
YP_499540.1,algpred2_hybrid_score,-0.368
YP_499616.1,algpred2_hybrid_score,0.173
YP_500587.1,algpred2_hybrid_score,0.163
YP_499721.1,algpred2_hybrid_score,-0.368
YP_499390.1,algpred2_hybrid_score,-0.179
YP_500936.1,algpred2_hybrid_score,0.035
YP_501445.1,algpred2_hybrid_score,-0.193
YP_501499.1,algpred2_hybrid_score,0.085
YP_499373.1,algpred2_hybrid_score,0.164
YP_501066.1,algpred2_hybrid_score,-0.33
YP_500763.1,algpred2_hybrid_score,-0.336
YP_500308.1,algpred2_hybrid_score,0.016
YP_499548.1,algpred2_hybrid_score,0.11
YP_501128.1,algpred2_hybrid_score,0.295
YP_499075.1,algpred2_hybrid_score,-0.437
YP_501077.1,algpred2_hybrid_score,0.593
YP_500800.1,algpred2_hybrid_score,0.183
YP_500576.1,algpred2_hybrid_score,0.088
YP_499961.1,algpred2_hybrid_score,0.227
YP_498794.1,algpred2_hybrid_score,-0.32
YP_500304.1,algpred2_hybrid_score,-0.434
YP_499855.1,algpred2_hybrid_score,0.12
YP_499262.1,algpred2_hybrid_score,-0.475
YP_008530245.1,algpred2_hybrid_score,0.097
YP_499857.1,algpred2_hybrid_score,1.166
YP_500261.1,algpred2_hybrid_score,0.264
YP_498610.1,algpred2_hybrid_score,-0.417
YP_500922.1,algpred2_hybrid_score,-0.167
YP_500433.1,algpred2_hybrid_score,0.068
YP_499934.1,algpred2_hybrid_score,0.03
YP_500542.1,algpred2_hybrid_score,0.58
YP_500426.1,algpred2_hybrid_score,0.097
YP_501450.1,algpred2_hybrid_score,0.067
YP_498730.1,algpred2_hybrid_score,-0.324
YP_499158.1,algpred2_hybrid_score,0.019
YP_500764.1,algpred2_hybrid_score,0.027
YP_500167.1,algpred2_hybrid_score,-0.474
YP_499002.1,algpred2_hybrid_score,0.04
YP_501474.1,algpred2_hybrid_score,0.228
YP_501139.1,algpred2_hybrid_score,0.099
YP_500711.1,algpred2_hybrid_score,0.011
YP_500549.1,algpred2_hybrid_score,0.107
YP_501122.1,algpred2_hybrid_score,0.019
YP_498678.1,algpred2_hybrid_score,-0.443
YP_499994.1,algpred2_hybrid_score,0.314
YP_499764.1,algpred2_hybrid_score,0.062
YP_500682.1,algpred2_hybrid_score,0.118
YP_501253.1,algpred2_hybrid_score,0.079
YP_500186.1,algpred2_hybrid_score,-0.434
YP_500068.1,algpred2_hybrid_score,-0.264
YP_499541.1,algpred2_hybrid_score,0.824
YP_499312.1,algpred2_hybrid_score,0.086
YP_500905.1,algpred2_hybrid_score,0.521
YP_499719.1,algpred2_hybrid_score,0.768
YP_499093.1,algpred2_hybrid_score,0.2
YP_499224.1,algpred2_hybrid_score,-0.379
YP_498647.1,algpred2_hybrid_score,0.206
YP_499525.1,algpred2_hybrid_score,0.075
YP_499522.1,algpred2_hybrid_score,0.16
YP_498928.1,algpred2_hybrid_score,0.641
YP_499123.1,algpred2_hybrid_score,0.253
YP_499058.1,algpred2_hybrid_score,0.24
YP_500459.1,algpred2_hybrid_score,-0.19
YP_499978.1,algpred2_hybrid_score,0.877
YP_501107.1,algpred2_hybrid_score,0.017
YP_499349.1,algpred2_hybrid_score,0.651
YP_499995.1,algpred2_hybrid_score,0.089
YP_500697.1,algpred2_hybrid_score,0.155
YP_500007.1,algpred2_hybrid_score,0.023
YP_499119.1,algpred2_hybrid_score,-0.401
YP_499685.1,algpred2_hybrid_score,-0.416
YP_500599.1,algpred2_hybrid_score,0.138
YP_500389.1,algpred2_hybrid_score,-0.251
YP_500162.1,algpred2_hybrid_score,-0.311
YP_501186.1,algpred2_hybrid_score,-0.02
YP_498609.1,algpred2_hybrid_score,-0.39
YP_500741.1,algpred2_hybrid_score,-0.403
YP_500804.1,algpred2_hybrid_score,0.245
YP_500449.1,algpred2_hybrid_score,-0.46
YP_500120.1,algpred2_hybrid_score,0.259
YP_500405.1,algpred2_hybrid_score,0.557
YP_499431.1,algpred2_hybrid_score,0.473
YP_498696.1,algpred2_hybrid_score,-0.368
YP_500550.1,algpred2_hybrid_score,-0.36
YP_500795.1,algpred2_hybrid_score,-0.389
YP_499888.1,algpred2_hybrid_score,0.17
YP_499558.1,algpred2_hybrid_score,0.172
YP_500393.1,algpred2_hybrid_score,0.091
YP_498896.1,algpred2_hybrid_score,0.097
YP_500255.1,algpred2_hybrid_score,-0.407
YP_501173.1,algpred2_hybrid_score,0.154
YP_499376.1,algpred2_hybrid_score,0.206
YP_500119.1,algpred2_hybrid_score,0.312
YP_501036.1,algpred2_hybrid_score,0.52
YP_500279.1,algpred2_hybrid_score,-0.457
YP_501481.1,algpred2_hybrid_score,-0.461
YP_501434.1,algpred2_hybrid_score,-0.464
YP_499264.1,algpred2_hybrid_score,0.208
YP_498768.1,algpred2_hybrid_score,-0.307
YP_499118.1,algpred2_hybrid_score,0.239
YP_500388.1,algpred2_hybrid_score,0.044
YP_498966.1,algpred2_hybrid_score,0.054
YP_501290.1,algpred2_hybrid_score,0.609
YP_499555.1,algpred2_hybrid_score,0.165
YP_501264.1,algpred2_hybrid_score,0.126
YP_500713.1,algpred2_hybrid_score,0.24
YP_499530.1,algpred2_hybrid_score,0.148
YP_499050.1,algpred2_hybrid_score,-0.23
YP_501132.1,algpred2_hybrid_score,0.053
YP_501053.1,algpred2_hybrid_score,0.578
YP_500864.1,algpred2_hybrid_score,0.484
YP_501208.1,algpred2_hybrid_score,0.236
YP_500495.1,algpred2_hybrid_score,0.071
YP_499100.1,algpred2_hybrid_score,0.086
YP_501383.1,algpred2_hybrid_score,0.113
YP_500189.1,algpred2_hybrid_score,0.116
YP_500399.1,algpred2_hybrid_score,0.046
YP_499396.1,algpred2_hybrid_score,-0.481
YP_499593.1,algpred2_hybrid_score,0.291
YP_499986.1,algpred2_hybrid_score,0.176
YP_500202.1,algpred2_hybrid_score,0.405
YP_498859.1,algpred2_hybrid_score,0.542
YP_498655.1,algpred2_hybrid_score,0.051
YP_500306.1,algpred2_hybrid_score,0.422
YP_499249.1,algpred2_hybrid_score,0.11
YP_499345.1,algpred2_hybrid_score,0.054
YP_498808.1,algpred2_hybrid_score,0.004
YP_499225.1,algpred2_hybrid_score,-0.476
YP_500380.1,algpred2_hybrid_score,0.432
YP_499451.1,algpred2_hybrid_score,-0.419
YP_008530243.1,algpred2_hybrid_score,0.088
YP_498838.1,algpred2_hybrid_score,0.089
YP_501152.1,algpred2_hybrid_score,-0.173
YP_500917.1,algpred2_hybrid_score,0.621
YP_498913.1,algpred2_hybrid_score,0.047
YP_500822.1,algpred2_hybrid_score,-0.427
YP_499470.1,algpred2_hybrid_score,0.416
YP_499771.1,algpred2_hybrid_score,-0.483
YP_500001.1,algpred2_hybrid_score,0.106
YP_500700.1,algpred2_hybrid_score,0.768
YP_499966.1,algpred2_hybrid_score,0.302
YP_499406.1,algpred2_hybrid_score,0.083
YP_500247.1,algpred2_hybrid_score,-0.386
YP_500390.1,algpred2_hybrid_score,0.219
YP_500734.1,algpred2_hybrid_score,0.075
YP_501286.1,algpred2_hybrid_score,0.793
YP_499814.1,algpred2_hybrid_score,0.006
YP_498729.1,algpred2_hybrid_score,0.074
YP_499402.1,algpred2_hybrid_score,-0.379
YP_500183.1,algpred2_hybrid_score,-0.156
YP_499565.1,algpred2_hybrid_score,0.997
YP_500645.1,algpred2_hybrid_score,-0.407
YP_498751.1,algpred2_hybrid_score,0.251
YP_498989.1,algpred2_hybrid_score,0.315
YP_500431.1,algpred2_hybrid_score,0.187
YP_500650.1,algpred2_hybrid_score,0.308
YP_499177.1,algpred2_hybrid_score,0.043
YP_498931.1,algpred2_hybrid_score,0.158
YP_500655.1,algpred2_hybrid_score,0.667
YP_499586.1,algpred2_hybrid_score,0.116
YP_500868.1,algpred2_hybrid_score,0.186
YP_501414.1,algpred2_hybrid_score,0.083
YP_500911.1,algpred2_hybrid_score,0.105
YP_499461.1,algpred2_hybrid_score,0.291
YP_499181.1,algpred2_hybrid_score,0.017
YP_499146.1,algpred2_hybrid_score,0.349
YP_498721.1,algpred2_hybrid_score,0.221
YP_499037.1,algpred2_hybrid_score,0.148
YP_501133.1,algpred2_hybrid_score,0.032
YP_501137.1,algpred2_hybrid_score,0.252
YP_500059.1,algpred2_hybrid_score,0.217
YP_498663.1,algpred2_hybrid_score,-0.482
YP_500986.1,algpred2_hybrid_score,0.159
YP_499809.1,algpred2_hybrid_score,0.328
YP_499832.1,algpred2_hybrid_score,0.199
YP_499397.1,algpred2_hybrid_score,-0.481
YP_501477.1,algpred2_hybrid_score,0.098
YP_500964.1,algpred2_hybrid_score,0.175
YP_501222.1,algpred2_hybrid_score,-0.476
YP_500398.1,algpred2_hybrid_score,0.07
YP_499787.1,algpred2_hybrid_score,0.038
YP_499107.1,algpred2_hybrid_score,-0.268
YP_501258.1,algpred2_hybrid_score,0.084
YP_500667.1,algpred2_hybrid_score,0.781
YP_499884.1,algpred2_hybrid_score,0.125
YP_500602.1,algpred2_hybrid_score,0.209
YP_500311.1,algpred2_hybrid_score,0.173
YP_499128.1,algpred2_hybrid_score,-0.472
YP_500445.1,algpred2_hybrid_score,0.024
YP_500806.1,algpred2_hybrid_score,-0.413
YP_500949.1,algpred2_hybrid_score,0.016
YP_500401.1,algpred2_hybrid_score,0.018
YP_501170.1,algpred2_hybrid_score,-0.283
YP_500913.1,algpred2_hybrid_score,0.262
YP_499329.1,algpred2_hybrid_score,0.156
YP_498826.1,algpred2_hybrid_score,0.071
YP_499760.1,algpred2_hybrid_score,0.103
YP_500855.1,algpred2_hybrid_score,0.177
YP_501478.1,algpred2_hybrid_score,0.526
YP_499794.1,algpred2_hybrid_score,0.04
YP_500719.1,algpred2_hybrid_score,0.084
YP_499998.1,algpred2_hybrid_score,0.711
YP_501418.1,algpred2_hybrid_score,-0.257
YP_500434.1,algpred2_hybrid_score,-0.358
YP_501338.1,algpred2_hybrid_score,0.034
YP_499913.1,algpred2_hybrid_score,-0.452
YP_498835.1,algpred2_hybrid_score,0.083
YP_500890.1,algpred2_hybrid_score,-0.449
YP_500883.1,algpred2_hybrid_score,-0.475
YP_500687.1,algpred2_hybrid_score,0.246
YP_498714.1,algpred2_hybrid_score,0.076
YP_501252.1,algpred2_hybrid_score,-0.473
YP_499172.1,algpred2_hybrid_score,0.206
YP_499276.1,algpred2_hybrid_score,0.475
YP_500553.1,algpred2_hybrid_score,0.317
YP_500301.1,algpred2_hybrid_score,-0.324
YP_500208.1,algpred2_hybrid_score,0.037
YP_499754.1,algpred2_hybrid_score,0.641
YP_501216.1,algpred2_hybrid_score,0.623
YP_498621.1,algpred2_hybrid_score,0.545
YP_499822.1,algpred2_hybrid_score,0.215
YP_499675.1,algpred2_hybrid_score,0.039
YP_499331.1,algpred2_hybrid_score,0.132
YP_501269.1,algpred2_hybrid_score,0.075
SSL5|A0A0H3K6Z6,algpred2_hybrid_score,0.698
SSL10|A0A0H3K6Z9,algpred2_hybrid_score,0.643
SSL1|A0A0H3KAV3,algpred2_hybrid_score,0.079
SSL4|A0A0H3K6A3,algpred2_hybrid_score,0.217
P0C0I5|ExotoxinC,algpred2_hybrid_score,1.068
P0C0I6|ExotoxinH,algpred2_hybrid_score,0.619
P0DJY7|ExotoxinA,algpred2_hybrid_score,0.611
A0A0H3KHN8|EnterotoxinA,algpred2_hybrid_score,1.087
SSL3|CC1,bepipred3_median_epitope_score,0.1863291785120964
SSL3|CC5,bepipred3_median_epitope_score,0.19192589074373245
SSL3|CC8,bepipred3_median_epitope_score,0.20304512977600098
SSL3|CC22,bepipred3_median_epitope_score,0.19108916819095612
SSL3|CC30,bepipred3_median_epitope_score,0.1895763874053955
SSL3|CC93,bepipred3_median_epitope_score,0.17254997044801712
SSL7|CC1,bepipred3_median_epitope_score,0.15810173749923706
SSL7|CC5,bepipred3_median_epitope_score,0.15522055327892303
SSL7|CC8,bepipred3_median_epitope_score,0.13896456360816956
SSL7|CC22,bepipred3_median_epitope_score,0.17890825867652893
SSL7|CC30,bepipred3_median_epitope_score,0.16713175177574158
SSL7|CC93,bepipred3_median_epitope_score,0.15897712111473083
SSL11|CC1,bepipred3_median_epitope_score,0.18870284408330917
SSL11|CC5,bepipred3_median_epitope_score,0.19471091032028198
SSL11|CC8,bepipred3_median_epitope_score,0.1940649300813675
SSL11|CC22,bepipred3_median_epitope_score,0.17974920570850372
SSL11|CC30,bepipred3_median_epitope_score,0.18928641080856323
SSL11|CC93,bepipred3_median_epitope_score,0.18577447533607483
YP_499183.1,bepipred3_median_epitope_score,0.1328311786055565
YP_501487.1,bepipred3_median_epitope_score,0.1147560253739357
YP_500419.1,bepipred3_median_epitope_score,0.20248184353113174
YP_500337.1,bepipred3_median_epitope_score,0.11764221265912056
YP_500378.1,bepipred3_median_epitope_score,0.06381887942552567
YP_499389.1,bepipred3_median_epitope_score,0.1262204423546791
YP_501058.1,bepipred3_median_epitope_score,0.1366545781493187
YP_499703.1,bepipred3_median_epitope_score,0.08050694316625595
YP_500657.1,bepipred3_median_epitope_score,0.17520780116319656
YP_499492.1,bepipred3_median_epitope_score,0.12841078639030457
YP_501495.1,bepipred3_median_epitope_score,0.09286244213581085
YP_500791.1,bepipred3_median_epitope_score,0.03302266448736191
YP_500348.1,bepipred3_median_epitope_score,0.18458089232444763
YP_499292.1,bepipred3_median_epitope_score,0.05733930133283138
YP_498758.1,bepipred3_median_epitope_score,0.07534084469079971
YP_500086.1,bepipred3_median_epitope_score,0.18491029739379883
YP_500438.1,bepipred3_median_epitope_score,0.1824195832014084
YP_501182.1,bepipred3_median_epitope_score,0.06222841143608093
YP_500020.1,bepipred3_median_epitope_score,0.08246093988418579
YP_501119.1,bepipred3_median_epitope_score,0.2830106168985367
YP_500511.1,bepipred3_median_epitope_score,0.16548432409763336
YP_500759.1,bepipred3_median_epitope_score,0.07718115299940109
YP_498958.1,bepipred3_median_epitope_score,0.17662430554628372
YP_499051.1,bepipred3_median_epitope_score,0.06333379447460175
YP_499163.1,bepipred3_median_epitope_score,0.0659201592206955
YP_499540.1,bepipred3_median_epitope_score,0.12153621017932892
YP_499616.1,bepipred3_median_epitope_score,0.11284595727920532
YP_500587.1,bepipred3_median_epitope_score,0.11364056915044785
YP_499721.1,bepipred3_median_epitope_score,0.11744510009884834
YP_499390.1,bepipred3_median_epitope_score,0.11419849842786789
YP_500936.1,bepipred3_median_epitope_score,0.06547820568084717
YP_501445.1,bepipred3_median_epitope_score,0.0903230607509613
YP_501499.1,bepipred3_median_epitope_score,0.08999261260032654
YP_499373.1,bepipred3_median_epitope_score,0.13266339898109436
YP_501066.1,bepipred3_median_epitope_score,0.06507141888141632
YP_500763.1,bepipred3_median_epitope_score,0.05735854059457779
YP_500308.1,bepipred3_median_epitope_score,0.03063243255019188
YP_499548.1,bepipred3_median_epitope_score,0.17357272654771805
YP_501128.1,bepipred3_median_epitope_score,0.15137258917093277
YP_499075.1,bepipred3_median_epitope_score,0.0787329450249672
YP_501077.1,bepipred3_median_epitope_score,0.04571730084717274
YP_500800.1,bepipred3_median_epitope_score,0.14687223732471466
YP_500576.1,bepipred3_median_epitope_score,0.08852744102478027
YP_499961.1,bepipred3_median_epitope_score,0.12233500182628632
YP_498794.1,bepipred3_median_epitope_score,0.08197852224111557
YP_500304.1,bepipred3_median_epitope_score,0.07404949516057968
YP_499855.1,bepipred3_median_epitope_score,0.22763528674840927
YP_499262.1,bepipred3_median_epitope_score,0.04300561547279358
YP_008530245.1,bepipred3_median_epitope_score,0.08282430469989777
YP_499857.1,bepipred3_median_epitope_score,0.1302393078804016
YP_500261.1,bepipred3_median_epitope_score,0.10635572671890259
YP_498610.1,bepipred3_median_epitope_score,0.06383151561021805
YP_500922.1,bepipred3_median_epitope_score,0.07852695509791374
YP_500433.1,bepipred3_median_epitope_score,0.06895338743925095
YP_499934.1,bepipred3_median_epitope_score,0.09087123721837997
YP_500542.1,bepipred3_median_epitope_score,0.08912332355976105
YP_500426.1,bepipred3_median_epitope_score,0.06836320832371712
YP_501450.1,bepipred3_median_epitope_score,0.09732669591903687
YP_498730.1,bepipred3_median_epitope_score,0.12411508709192276
YP_499158.1,bepipred3_median_epitope_score,0.06859709322452545
YP_500764.1,bepipred3_median_epitope_score,0.06048933416604996
YP_500167.1,bepipred3_median_epitope_score,0.0269771758466959
YP_499002.1,bepipred3_median_epitope_score,0.04750274494290352
YP_501474.1,bepipred3_median_epitope_score,0.08029809594154358
YP_501139.1,bepipred3_median_epitope_score,0.14493642002344131
YP_500711.1,bepipred3_median_epitope_score,0.12491953745484352
YP_500549.1,bepipred3_median_epitope_score,0.06771354377269745
YP_501122.1,bepipred3_median_epitope_score,0.08960757777094841
YP_498678.1,bepipred3_median_epitope_score,0.04174383543431759
YP_499994.1,bepipred3_median_epitope_score,0.102419413626194
YP_499764.1,bepipred3_median_epitope_score,0.22437435388565063
YP_500682.1,bepipred3_median_epitope_score,0.11059381067752838
YP_501253.1,bepipred3_median_epitope_score,0.16750838607549667
YP_500186.1,bepipred3_median_epitope_score,0.1115291565656662
YP_500068.1,bepipred3_median_epitope_score,0.11564546450972557
YP_499541.1,bepipred3_median_epitope_score,0.15446513146162033
YP_499312.1,bepipred3_median_epitope_score,0.1127924770116806
YP_500905.1,bepipred3_median_epitope_score,0.0752405971288681
YP_499719.1,bepipred3_median_epitope_score,0.15042145550251007
YP_499093.1,bepipred3_median_epitope_score,0.08676594495773315
YP_499224.1,bepipred3_median_epitope_score,0.07571445405483246
YP_498647.1,bepipred3_median_epitope_score,0.12118688970804214
YP_499525.1,bepipred3_median_epitope_score,0.17042890191078186
YP_499522.1,bepipred3_median_epitope_score,0.13520268350839615
YP_498928.1,bepipred3_median_epitope_score,0.08292108401656151
YP_499123.1,bepipred3_median_epitope_score,0.20206302404403687
YP_499058.1,bepipred3_median_epitope_score,0.1111997589468956
YP_500459.1,bepipred3_median_epitope_score,0.0788957066833973
YP_499978.1,bepipred3_median_epitope_score,0.14792674034833908
YP_501107.1,bepipred3_median_epitope_score,0.10145755112171173
YP_499349.1,bepipred3_median_epitope_score,0.19273948669433594
YP_499995.1,bepipred3_median_epitope_score,0.06201531924307346
YP_500697.1,bepipred3_median_epitope_score,0.20591922104358673
YP_500007.1,bepipred3_median_epitope_score,0.2114994153380394
YP_499119.1,bepipred3_median_epitope_score,0.08225012198090553
YP_499685.1,bepipred3_median_epitope_score,0.0767960473895073
YP_500599.1,bepipred3_median_epitope_score,0.06850558519363403
YP_500389.1,bepipred3_median_epitope_score,0.07057715207338333
YP_500162.1,bepipred3_median_epitope_score,0.09428514540195465
YP_501186.1,bepipred3_median_epitope_score,0.05330446735024452
YP_498609.1,bepipred3_median_epitope_score,0.08517386019229889
YP_500741.1,bepipred3_median_epitope_score,0.06024501472711563
YP_500804.1,bepipred3_median_epitope_score,0.32880550622940063
YP_500449.1,bepipred3_median_epitope_score,0.058460742235183716
YP_500120.1,bepipred3_median_epitope_score,0.08008010685443878
YP_500405.1,bepipred3_median_epitope_score,0.03408261761069298
YP_499431.1,bepipred3_median_epitope_score,0.09787500277161598
YP_498696.1,bepipred3_median_epitope_score,0.12276433408260345
YP_500550.1,bepipred3_median_epitope_score,0.10827158391475677
YP_500795.1,bepipred3_median_epitope_score,0.12462446466088295
YP_499888.1,bepipred3_median_epitope_score,0.0891103520989418
YP_499558.1,bepipred3_median_epitope_score,0.0590241439640522
YP_500393.1,bepipred3_median_epitope_score,0.12234900891780853
YP_498896.1,bepipred3_median_epitope_score,0.12278773635625839
YP_500255.1,bepipred3_median_epitope_score,0.06770367920398712
YP_501173.1,bepipred3_median_epitope_score,0.049264732748270035
YP_499376.1,bepipred3_median_epitope_score,0.1821599155664444
YP_500119.1,bepipred3_median_epitope_score,0.12082821130752563
YP_501036.1,bepipred3_median_epitope_score,0.059227097779512405
YP_500279.1,bepipred3_median_epitope_score,0.06511148065328598
YP_501481.1,bepipred3_median_epitope_score,0.03267228417098522
YP_501434.1,bepipred3_median_epitope_score,0.07774215191602707
YP_499264.1,bepipred3_median_epitope_score,0.10834091156721115
YP_498768.1,bepipred3_median_epitope_score,0.07229539006948471
YP_499118.1,bepipred3_median_epitope_score,0.11915294826030731
YP_498966.1,bepipred3_median_epitope_score,0.11377422139048576
YP_501290.1,bepipred3_median_epitope_score,0.09656322002410889
YP_499555.1,bepipred3_median_epitope_score,0.28523290157318115
YP_501264.1,bepipred3_median_epitope_score,0.2193002700805664
YP_500713.1,bepipred3_median_epitope_score,0.2329287976026535
YP_499530.1,bepipred3_median_epitope_score,0.16346633434295654
YP_499050.1,bepipred3_median_epitope_score,0.07019447162747383
YP_501132.1,bepipred3_median_epitope_score,0.13292214274406433
YP_501053.1,bepipred3_median_epitope_score,0.06662634760141373
YP_500864.1,bepipred3_median_epitope_score,0.08653334528207779
YP_501208.1,bepipred3_median_epitope_score,0.11846880614757538
YP_500495.1,bepipred3_median_epitope_score,0.07784141600131989
YP_499100.1,bepipred3_median_epitope_score,0.08755744993686676
YP_501383.1,bepipred3_median_epitope_score,0.10299098491668701
YP_500189.1,bepipred3_median_epitope_score,0.07343754917383194
YP_500399.1,bepipred3_median_epitope_score,0.09199238568544388
YP_499396.1,bepipred3_median_epitope_score,0.09457028657197952
YP_499593.1,bepipred3_median_epitope_score,0.2197948396205902
YP_499986.1,bepipred3_median_epitope_score,0.19606798887252808
YP_500202.1,bepipred3_median_epitope_score,0.08573507517576218
YP_498859.1,bepipred3_median_epitope_score,0.10752804577350616
YP_498655.1,bepipred3_median_epitope_score,0.08541379123926163
YP_500306.1,bepipred3_median_epitope_score,0.07685155421495438
YP_499249.1,bepipred3_median_epitope_score,0.1563148945569992
YP_499345.1,bepipred3_median_epitope_score,0.08807644993066788
YP_498808.1,bepipred3_median_epitope_score,0.07727576047182083
YP_499225.1,bepipred3_median_epitope_score,0.06288471817970276
YP_500380.1,bepipred3_median_epitope_score,0.0848548486828804
YP_499451.1,bepipred3_median_epitope_score,0.04991668090224266
YP_008530243.1,bepipred3_median_epitope_score,0.13640300184488297
YP_498838.1,bepipred3_median_epitope_score,0.24169118702411652
YP_501152.1,bepipred3_median_epitope_score,0.11372749879956245
YP_500917.1,bepipred3_median_epitope_score,0.06241345964372158
YP_498913.1,bepipred3_median_epitope_score,0.09850271046161652
YP_500822.1,bepipred3_median_epitope_score,0.07412457093596458
YP_499470.1,bepipred3_median_epitope_score,0.09002123028039932
YP_499771.1,bepipred3_median_epitope_score,0.031748490408062935
YP_500001.1,bepipred3_median_epitope_score,0.05120651423931122
YP_500700.1,bepipred3_median_epitope_score,0.16078445315361023
YP_499966.1,bepipred3_median_epitope_score,0.28303730487823486
YP_499406.1,bepipred3_median_epitope_score,0.24718041718006134
YP_500247.1,bepipred3_median_epitope_score,0.09972051531076431
YP_500390.1,bepipred3_median_epitope_score,0.07488177716732025
YP_500734.1,bepipred3_median_epitope_score,0.11433766409754753
YP_501286.1,bepipred3_median_epitope_score,0.1479591503739357
YP_499814.1,bepipred3_median_epitope_score,0.11172590777277946
YP_498729.1,bepipred3_median_epitope_score,0.0766516849398613
YP_499402.1,bepipred3_median_epitope_score,0.07004304975271225
YP_500183.1,bepipred3_median_epitope_score,0.10905344784259796
YP_499565.1,bepipred3_median_epitope_score,0.058622315526008606
YP_500645.1,bepipred3_median_epitope_score,0.09539959207177162
YP_498751.1,bepipred3_median_epitope_score,0.10415482521057129
YP_498989.1,bepipred3_median_epitope_score,0.13657862693071365
YP_500431.1,bepipred3_median_epitope_score,0.13990043103694916
YP_500650.1,bepipred3_median_epitope_score,0.19336151331663132
YP_499177.1,bepipred3_median_epitope_score,0.027124270796775818
YP_498931.1,bepipred3_median_epitope_score,0.0550130195915699
YP_500655.1,bepipred3_median_epitope_score,0.13895940780639648
YP_499586.1,bepipred3_median_epitope_score,0.23320748656988144
YP_500868.1,bepipred3_median_epitope_score,0.11074312031269073
YP_501414.1,bepipred3_median_epitope_score,0.11520355939865112
YP_500911.1,bepipred3_median_epitope_score,0.09058832004666328
YP_499461.1,bepipred3_median_epitope_score,0.08135739341378212
YP_499181.1,bepipred3_median_epitope_score,0.06950905546545982
YP_499146.1,bepipred3_median_epitope_score,0.0786215253174305
YP_498721.1,bepipred3_median_epitope_score,0.1211121492087841
YP_499037.1,bepipred3_median_epitope_score,0.11985625699162483
YP_501133.1,bepipred3_median_epitope_score,0.04298292100429535
YP_501137.1,bepipred3_median_epitope_score,0.10413862392306328
YP_500059.1,bepipred3_median_epitope_score,0.09717607870697975
YP_498663.1,bepipred3_median_epitope_score,0.03838973306119442
YP_500986.1,bepipred3_median_epitope_score,0.23333421349525452
YP_499809.1,bepipred3_median_epitope_score,0.047432636842131615
YP_499832.1,bepipred3_median_epitope_score,0.20450833439826965
YP_499397.1,bepipred3_median_epitope_score,0.03918454796075821
YP_501477.1,bepipred3_median_epitope_score,0.11485680937767029
YP_500964.1,bepipred3_median_epitope_score,0.08735540136694908
YP_501222.1,bepipred3_median_epitope_score,0.08336726576089859
YP_500398.1,bepipred3_median_epitope_score,0.10490652918815613
YP_499787.1,bepipred3_median_epitope_score,0.10573568195104599
YP_499107.1,bepipred3_median_epitope_score,0.0808204859495163
YP_501258.1,bepipred3_median_epitope_score,0.11494473740458488
YP_500667.1,bepipred3_median_epitope_score,0.08488082513213158
YP_499884.1,bepipred3_median_epitope_score,0.1868656426668167
YP_500602.1,bepipred3_median_epitope_score,0.08733667433261871
YP_500311.1,bepipred3_median_epitope_score,0.0652177557349205
YP_499128.1,bepipred3_median_epitope_score,0.04099028371274471
YP_500445.1,bepipred3_median_epitope_score,0.04118630290031433
YP_500806.1,bepipred3_median_epitope_score,0.07571345940232277
YP_500949.1,bepipred3_median_epitope_score,0.030610643327236176
YP_500401.1,bepipred3_median_epitope_score,0.058492906391620636
YP_501170.1,bepipred3_median_epitope_score,0.1242058277130127
YP_500913.1,bepipred3_median_epitope_score,0.07274945080280304
YP_499329.1,bepipred3_median_epitope_score,0.24714188277721405
YP_498826.1,bepipred3_median_epitope_score,0.10338306427001953
YP_499760.1,bepipred3_median_epitope_score,0.07425399869680405
YP_500855.1,bepipred3_median_epitope_score,0.20207302272319794
YP_499794.1,bepipred3_median_epitope_score,0.07195213437080383
YP_500719.1,bepipred3_median_epitope_score,0.09100969135761261
YP_499998.1,bepipred3_median_epitope_score,0.07638321071863174
YP_501418.1,bepipred3_median_epitope_score,0.06388984620571136
YP_500434.1,bepipred3_median_epitope_score,0.10465947538614273
YP_501338.1,bepipred3_median_epitope_score,0.05599728226661682
YP_499913.1,bepipred3_median_epitope_score,0.03429313749074936
YP_498835.1,bepipred3_median_epitope_score,0.08605290949344635
YP_500890.1,bepipred3_median_epitope_score,0.04228144697844982
YP_500883.1,bepipred3_median_epitope_score,0.05334082245826721
YP_500687.1,bepipred3_median_epitope_score,0.13478286564350128
YP_498714.1,bepipred3_median_epitope_score,0.05898642912507057
YP_501252.1,bepipred3_median_epitope_score,0.0795181654393673
YP_499172.1,bepipred3_median_epitope_score,0.1785387247800827
YP_499276.1,bepipred3_median_epitope_score,0.16581783443689346
YP_500553.1,bepipred3_median_epitope_score,0.20129181444644928
YP_500301.1,bepipred3_median_epitope_score,0.07033826038241386
YP_500208.1,bepipred3_median_epitope_score,0.11497612670063972
YP_499754.1,bepipred3_median_epitope_score,0.0631987415254116
YP_501216.1,bepipred3_median_epitope_score,0.14487488567829132
YP_498621.1,bepipred3_median_epitope_score,0.04453597217798233
YP_499822.1,bepipred3_median_epitope_score,0.09687952324748039
YP_499675.1,bepipred3_median_epitope_score,0.03382506221532822
YP_499331.1,bepipred3_median_epitope_score,0.0920901894569397
YP_501269.1,bepipred3_median_epitope_score,0.11414484307169914
SSL5|A0A0H3K6Z6,bepipred3_median_epitope_score,0.1825454831123352
SSL10|A0A0H3K6Z9,bepipred3_median_epitope_score,0.1774892508983612
SSL1|A0A0H3KAV3,bepipred3_median_epitope_score,0.16030200570821762
SSL4|A0A0H3K6A3,bepipred3_median_epitope_score,0.20897413790225983
P0C0I5|ExotoxinC,bepipred3_median_epitope_score,0.13833066821098328
P0C0I6|ExotoxinH,bepipred3_median_epitope_score,0.18584436923265457
P0DJY7|ExotoxinA,bepipred3_median_epitope_score,0.17937254160642624
A0A0H3KHN8|EnterotoxinA,bepipred3_median_epitope_score,0.1707688271999359
SSL3|CC1,ifnepitope2_median_score,0.595
SSL3|CC5,ifnepitope2_median_score,0.61
SSL3|CC8,ifnepitope2_median_score,0.6
SSL3|CC22,ifnepitope2_median_score,0.555
SSL3|CC30,ifnepitope2_median_score,0.57
SSL3|CC93,ifnepitope2_median_score,0.57
SSL7|CC1,ifnepitope2_median_score,0.58
SSL7|CC5,ifnepitope2_median_score,0.56
SSL7|CC8,ifnepitope2_median_score,0.57
SSL7|CC22,ifnepitope2_median_score,0.57
SSL7|CC30,ifnepitope2_median_score,0.57
SSL7|CC93,ifnepitope2_median_score,0.56
SSL11|CC1,ifnepitope2_median_score,0.55
SSL11|CC5,ifnepitope2_median_score,0.56
SSL11|CC8,ifnepitope2_median_score,0.53
SSL11|CC22,ifnepitope2_median_score,0.52
SSL11|CC30,ifnepitope2_median_score,0.565
SSL11|CC93,ifnepitope2_median_score,0.54
YP_499183.1,ifnepitope2_median_score,0.56
YP_501487.1,ifnepitope2_median_score,0.58
YP_500419.1,ifnepitope2_median_score,0.57
YP_500337.1,ifnepitope2_median_score,0.58
YP_500378.1,ifnepitope2_median_score,0.6
YP_499389.1,ifnepitope2_median_score,0.58
YP_499915.1,ifnepitope2_median_score,0.54
YP_501058.1,ifnepitope2_median_score,0.5
YP_499703.1,ifnepitope2_median_score,0.6
YP_500657.1,ifnepitope2_median_score,0.545
YP_499492.1,ifnepitope2_median_score,0.6
YP_501495.1,ifnepitope2_median_score,0.59
YP_500791.1,ifnepitope2_median_score,0.59
YP_500348.1,ifnepitope2_median_score,0.58
YP_499292.1,ifnepitope2_median_score,0.62
YP_498758.1,ifnepitope2_median_score,0.58
YP_500086.1,ifnepitope2_median_score,0.58
YP_500438.1,ifnepitope2_median_score,0.57
YP_501182.1,ifnepitope2_median_score,0.59
YP_500020.1,ifnepitope2_median_score,0.59
YP_501119.1,ifnepitope2_median_score,0.535
YP_500511.1,ifnepitope2_median_score,0.59
YP_500759.1,ifnepitope2_median_score,0.6
YP_498958.1,ifnepitope2_median_score,0.6
YP_499051.1,ifnepitope2_median_score,0.58
YP_499163.1,ifnepitope2_median_score,0.58
YP_499540.1,ifnepitope2_median_score,0.58
YP_499616.1,ifnepitope2_median_score,0.56
YP_500587.1,ifnepitope2_median_score,0.58
YP_499721.1,ifnepitope2_median_score,0.62
YP_499390.1,ifnepitope2_median_score,0.545
YP_500936.1,ifnepitope2_median_score,0.59
YP_501445.1,ifnepitope2_median_score,0.56
YP_501499.1,ifnepitope2_median_score,0.6
YP_499373.1,ifnepitope2_median_score,0.62
YP_501066.1,ifnepitope2_median_score,0.61
YP_500763.1,ifnepitope2_median_score,0.59
YP_500308.1,ifnepitope2_median_score,0.6
YP_499548.1,ifnepitope2_median_score,0.61
YP_501128.1,ifnepitope2_median_score,0.59
YP_499075.1,ifnepitope2_median_score,0.53
YP_501077.1,ifnepitope2_median_score,0.58
YP_500800.1,ifnepitope2_median_score,0.6
YP_500576.1,ifnepitope2_median_score,0.53
YP_499961.1,ifnepitope2_median_score,0.54
YP_498794.1,ifnepitope2_median_score,0.59
YP_500304.1,ifnepitope2_median_score,0.57
YP_499855.1,ifnepitope2_median_score,0.455
YP_499262.1,ifnepitope2_median_score,0.6
YP_008530245.1,ifnepitope2_median_score,0.61
YP_499857.1,ifnepitope2_median_score,0.6
YP_500261.1,ifnepitope2_median_score,0.55
YP_498610.1,ifnepitope2_median_score,0.58
YP_500922.1,ifnepitope2_median_score,0.57
YP_500433.1,ifnepitope2_median_score,0.59
YP_499934.1,ifnepitope2_median_score,0.56
YP_500542.1,ifnepitope2_median_score,0.57
YP_500426.1,ifnepitope2_median_score,0.59
YP_501450.1,ifnepitope2_median_score,0.535
YP_498730.1,ifnepitope2_median_score,0.61
YP_499158.1,ifnepitope2_median_score,0.52
YP_500764.1,ifnepitope2_median_score,0.62
YP_500167.1,ifnepitope2_median_score,0.57
YP_499002.1,ifnepitope2_median_score,0.58
YP_501474.1,ifnepitope2_median_score,0.58
YP_501139.1,ifnepitope2_median_score,0.605
YP_500711.1,ifnepitope2_median_score,0.51
YP_500549.1,ifnepitope2_median_score,0.5
YP_501122.1,ifnepitope2_median_score,0.57
YP_498678.1,ifnepitope2_median_score,0.62
YP_499994.1,ifnepitope2_median_score,0.54
YP_499764.1,ifnepitope2_median_score,0.585
YP_500682.1,ifnepitope2_median_score,0.6
YP_501253.1,ifnepitope2_median_score,0.6
YP_500186.1,ifnepitope2_median_score,0.59
YP_500068.1,ifnepitope2_median_score,0.61
YP_499541.1,ifnepitope2_median_score,0.61
YP_499312.1,ifnepitope2_median_score,0.54
YP_500905.1,ifnepitope2_median_score,0.58
YP_499719.1,ifnepitope2_median_score,0.58
YP_499093.1,ifnepitope2_median_score,0.62
YP_499224.1,ifnepitope2_median_score,0.59
YP_498647.1,ifnepitope2_median_score,0.62
YP_499525.1,ifnepitope2_median_score,0.54
YP_499522.1,ifnepitope2_median_score,0.62
YP_498928.1,ifnepitope2_median_score,0.61
YP_499123.1,ifnepitope2_median_score,0.6
YP_499058.1,ifnepitope2_median_score,0.6
YP_500459.1,ifnepitope2_median_score,0.6
YP_499978.1,ifnepitope2_median_score,0.56
YP_501107.1,ifnepitope2_median_score,0.49
YP_499349.1,ifnepitope2_median_score,0.64
YP_499995.1,ifnepitope2_median_score,0.62
YP_500697.1,ifnepitope2_median_score,0.51
YP_500007.1,ifnepitope2_median_score,0.5
YP_499119.1,ifnepitope2_median_score,0.56
YP_499685.1,ifnepitope2_median_score,0.59
YP_500599.1,ifnepitope2_median_score,0.59
YP_500389.1,ifnepitope2_median_score,0.59
YP_500162.1,ifnepitope2_median_score,0.53
YP_501186.1,ifnepitope2_median_score,0.63
YP_498609.1,ifnepitope2_median_score,0.59
YP_500741.1,ifnepitope2_median_score,0.59
YP_500804.1,ifnepitope2_median_score,0.65
YP_500449.1,ifnepitope2_median_score,0.58
YP_500120.1,ifnepitope2_median_score,0.62
YP_500405.1,ifnepitope2_median_score,0.6
YP_499431.1,ifnepitope2_median_score,0.6
YP_498696.1,ifnepitope2_median_score,0.58
YP_500550.1,ifnepitope2_median_score,0.61
YP_500795.1,ifnepitope2_median_score,0.61
YP_499888.1,ifnepitope2_median_score,0.6
YP_499558.1,ifnepitope2_median_score,0.59
YP_500393.1,ifnepitope2_median_score,0.59
YP_498896.1,ifnepitope2_median_score,0.6
YP_500255.1,ifnepitope2_median_score,0.62
YP_501173.1,ifnepitope2_median_score,0.63
YP_499376.1,ifnepitope2_median_score,0.485
YP_500119.1,ifnepitope2_median_score,0.58
YP_501036.1,ifnepitope2_median_score,0.495
YP_500279.1,ifnepitope2_median_score,0.6
YP_501481.1,ifnepitope2_median_score,0.6
YP_501434.1,ifnepitope2_median_score,0.57
YP_499264.1,ifnepitope2_median_score,0.65
YP_498768.1,ifnepitope2_median_score,0.57
YP_499118.1,ifnepitope2_median_score,0.57
YP_500388.1,ifnepitope2_median_score,0.56
YP_498966.1,ifnepitope2_median_score,0.55
YP_501290.1,ifnepitope2_median_score,0.55
YP_499555.1,ifnepitope2_median_score,0.59
YP_501264.1,ifnepitope2_median_score,0.49
YP_500713.1,ifnepitope2_median_score,0.58
YP_499530.1,ifnepitope2_median_score,0.52
YP_499050.1,ifnepitope2_median_score,0.58
YP_501132.1,ifnepitope2_median_score,0.51
YP_501053.1,ifnepitope2_median_score,0.63
YP_500864.1,ifnepitope2_median_score,0.55
YP_501208.1,ifnepitope2_median_score,0.58
YP_500495.1,ifnepitope2_median_score,0.565
YP_499100.1,ifnepitope2_median_score,0.62
YP_501383.1,ifnepitope2_median_score,0.57
YP_500189.1,ifnepitope2_median_score,0.6
YP_500399.1,ifnepitope2_median_score,0.56
YP_499396.1,ifnepitope2_median_score,0.59
YP_499593.1,ifnepitope2_median_score,0.53
YP_499986.1,ifnepitope2_median_score,0.55
YP_500202.1,ifnepitope2_median_score,0.59
YP_498859.1,ifnepitope2_median_score,0.54
YP_498655.1,ifnepitope2_median_score,0.58
YP_500306.1,ifnepitope2_median_score,0.61
YP_499249.1,ifnepitope2_median_score,0.6
YP_499345.1,ifnepitope2_median_score,0.58
YP_498808.1,ifnepitope2_median_score,0.57
YP_499225.1,ifnepitope2_median_score,0.57
YP_500380.1,ifnepitope2_median_score,0.6
YP_499451.1,ifnepitope2_median_score,0.57
YP_008530243.1,ifnepitope2_median_score,0.57
YP_498838.1,ifnepitope2_median_score,0.45
YP_501152.1,ifnepitope2_median_score,0.6
YP_500917.1,ifnepitope2_median_score,0.61
YP_498913.1,ifnepitope2_median_score,0.57
YP_500822.1,ifnepitope2_median_score,0.6
YP_499470.1,ifnepitope2_median_score,0.6
YP_499771.1,ifnepitope2_median_score,0.62
YP_500001.1,ifnepitope2_median_score,0.565
YP_500700.1,ifnepitope2_median_score,0.555
YP_499966.1,ifnepitope2_median_score,0.64
YP_499406.1,ifnepitope2_median_score,0.55
YP_500247.1,ifnepitope2_median_score,0.58
YP_500390.1,ifnepitope2_median_score,0.56
YP_500734.1,ifnepitope2_median_score,0.565
YP_501286.1,ifnepitope2_median_score,0.555
YP_499814.1,ifnepitope2_median_score,0.61
YP_498729.1,ifnepitope2_median_score,0.59
YP_499402.1,ifnepitope2_median_score,0.57
YP_500183.1,ifnepitope2_median_score,0.6
YP_499565.1,ifnepitope2_median_score,0.59
YP_500645.1,ifnepitope2_median_score,0.61
YP_498751.1,ifnepitope2_median_score,0.57
YP_498989.1,ifnepitope2_median_score,0.56
YP_500431.1,ifnepitope2_median_score,0.53
YP_500650.1,ifnepitope2_median_score,0.55
YP_499177.1,ifnepitope2_median_score,0.635
YP_498931.1,ifnepitope2_median_score,0.58
YP_500655.1,ifnepitope2_median_score,0.6
YP_499586.1,ifnepitope2_median_score,0.475
YP_500868.1,ifnepitope2_median_score,0.65
YP_501414.1,ifnepitope2_median_score,0.54
YP_500911.1,ifnepitope2_median_score,0.57
YP_499461.1,ifnepitope2_median_score,0.57
YP_499181.1,ifnepitope2_median_score,0.53
YP_499146.1,ifnepitope2_median_score,0.59
YP_498721.1,ifnepitope2_median_score,0.57
YP_499037.1,ifnepitope2_median_score,0.55
YP_501133.1,ifnepitope2_median_score,0.62
YP_501137.1,ifnepitope2_median_score,0.6
YP_500059.1,ifnepitope2_median_score,0.63
YP_498663.1,ifnepitope2_median_score,0.62
YP_500986.1,ifnepitope2_median_score,0.63
YP_499809.1,ifnepitope2_median_score,0.625
YP_499832.1,ifnepitope2_median_score,0.62
YP_499397.1,ifnepitope2_median_score,0.59
YP_501477.1,ifnepitope2_median_score,0.57
YP_500964.1,ifnepitope2_median_score,0.63
YP_501222.1,ifnepitope2_median_score,0.58
YP_500398.1,ifnepitope2_median_score,0.565
YP_499787.1,ifnepitope2_median_score,0.57
YP_499107.1,ifnepitope2_median_score,0.6
YP_501258.1,ifnepitope2_median_score,0.505
YP_500667.1,ifnepitope2_median_score,0.57
YP_499884.1,ifnepitope2_median_score,0.62
YP_500602.1,ifnepitope2_median_score,0.61
YP_500311.1,ifnepitope2_median_score,0.62
YP_499128.1,ifnepitope2_median_score,0.61
YP_500445.1,ifnepitope2_median_score,0.53
YP_500806.1,ifnepitope2_median_score,0.6
YP_500949.1,ifnepitope2_median_score,0.61
YP_500401.1,ifnepitope2_median_score,0.54
YP_501170.1,ifnepitope2_median_score,0.57
YP_500913.1,ifnepitope2_median_score,0.62
YP_499329.1,ifnepitope2_median_score,0.51
YP_498826.1,ifnepitope2_median_score,0.56
YP_499760.1,ifnepitope2_median_score,0.58
YP_500855.1,ifnepitope2_median_score,0.57
YP_501478.1,ifnepitope2_median_score,0.61
YP_499794.1,ifnepitope2_median_score,0.57
YP_500719.1,ifnepitope2_median_score,0.53
YP_499998.1,ifnepitope2_median_score,0.57
YP_501418.1,ifnepitope2_median_score,0.61
YP_500434.1,ifnepitope2_median_score,0.57
YP_501338.1,ifnepitope2_median_score,0.56
YP_499913.1,ifnepitope2_median_score,0.62
YP_498835.1,ifnepitope2_median_score,0.57
YP_500890.1,ifnepitope2_median_score,0.61
YP_500883.1,ifnepitope2_median_score,0.56
YP_500687.1,ifnepitope2_median_score,0.5
YP_498714.1,ifnepitope2_median_score,0.59
YP_501252.1,ifnepitope2_median_score,0.57
YP_499172.1,ifnepitope2_median_score,0.56
YP_499276.1,ifnepitope2_median_score,0.55
YP_500553.1,ifnepitope2_median_score,0.59
YP_500301.1,ifnepitope2_median_score,0.58
YP_500208.1,ifnepitope2_median_score,0.59
YP_499754.1,ifnepitope2_median_score,0.59
YP_501216.1,ifnepitope2_median_score,0.59
YP_498621.1,ifnepitope2_median_score,0.615
YP_499822.1,ifnepitope2_median_score,0.615
YP_499675.1,ifnepitope2_median_score,0.61
YP_499331.1,ifnepitope2_median_score,0.54
YP_501269.1,ifnepitope2_median_score,0.61
SSL5|A0A0H3K6Z6,ifnepitope2_median_score,0.54
SSL10|A0A0H3K6Z9,ifnepitope2_median_score,0.57
SSL1|A0A0H3KAV3,ifnepitope2_median_score,0.58
SSL4|A0A0H3K6A3,ifnepitope2_median_score,0.61
P0C0I5|ExotoxinC,ifnepitope2_median_score,0.51
P0C0I6|ExotoxinH,ifnepitope2_median_score,0.54
P0DJY7|ExotoxinA,ifnepitope2_median_score,0.58
A0A0H3KHN8|EnterotoxinA,ifnepitope2_median_score,0.59
SSL3|CC1,mhci_median_score,0.265562
SSL3|CC1,mhci_median_percentile,0.784
SSL3|CC1,mhci_num_strong_binders,96
SSL3|CC5,mhci_median_score,0.26108
SSL3|CC5,mhci_median_percentile,0.787
SSL3|CC5,mhci_num_strong_binders,92
SSL3|CC8,mhci_median_score,0.260626
SSL3|CC8,mhci_median_percentile,0.787
SSL3|CC8,mhci_num_strong_binders,94
SSL3|CC22,mhci_median_score,0.248522
SSL3|CC22,mhci_median_percentile,0.859
SSL3|CC22,mhci_num_strong_binders,79
SSL3|CC30,mhci_median_score,0.261435
SSL3|CC30,mhci_median_percentile,0.832
SSL3|CC30,mhci_num_strong_binders,79
SSL3|CC93,mhci_median_score,0.2462755
SSL3|CC93,mhci_median_percentile,0.8305
SSL3|CC93,mhci_num_strong_binders,84
SSL7|CC1,mhci_median_score,0.240287
SSL7|CC1,mhci_median_percentile,0.868
SSL7|CC1,mhci_num_strong_binders,73
SSL7|CC5,mhci_median_score,0.23226049999999998
SSL7|CC5,mhci_median_percentile,0.881
SSL7|CC5,mhci_num_strong_binders,75
SSL7|CC8,mhci_median_score,0.221102
SSL7|CC8,mhci_median_percentile,0.83
SSL7|CC8,mhci_num_strong_binders,73
SSL7|CC22,mhci_median_score,0.220841
SSL7|CC22,mhci_median_percentile,0.907
SSL7|CC22,mhci_num_strong_binders,64
SSL7|CC30,mhci_median_score,0.222393
SSL7|CC30,mhci_median_percentile,0.882
SSL7|CC30,mhci_num_strong_binders,66
SSL7|CC93,mhci_median_score,0.221051
SSL7|CC93,mhci_median_percentile,0.8775
SSL7|CC93,mhci_num_strong_binders,70
SSL11|CC1,mhci_median_score,0.23776150000000001
SSL11|CC1,mhci_median_percentile,0.8325
SSL11|CC1,mhci_num_strong_binders,68
SSL11|CC5,mhci_median_score,0.2578195
SSL11|CC5,mhci_median_percentile,0.8214999999999999
SSL11|CC5,mhci_num_strong_binders,94
SSL11|CC8,mhci_median_score,0.230593
SSL11|CC8,mhci_median_percentile,0.908
SSL11|CC8,mhci_num_strong_binders,80
SSL11|CC22,mhci_median_score,0.276236
SSL11|CC22,mhci_median_percentile,0.719
SSL11|CC22,mhci_num_strong_binders,84
SSL11|CC30,mhci_median_score,0.2454
SSL11|CC30,mhci_median_percentile,0.886
SSL11|CC30,mhci_num_strong_binders,62
SSL11|CC93,mhci_median_score,0.254193
SSL11|CC93,mhci_median_percentile,0.833
SSL11|CC93,mhci_num_strong_binders,74
YP_499183.1,mhci_median_score,0.217469
YP_499183.1,mhci_median_percentile,1.0675
YP_499183.1,mhci_num_strong_binders,54
YP_501487.1,mhci_median_score,0.273003
YP_501487.1,mhci_median_percentile,0.762
YP_501487.1,mhci_num_strong_binders,80
YP_500419.1,mhci_median_score,0.241685
YP_500419.1,mhci_median_percentile,0.835
YP_500419.1,mhci_num_strong_binders,19
YP_500337.1,mhci_median_score,0.213738
YP_500337.1,mhci_median_percentile,0.977
YP_500337.1,mhci_num_strong_binders,30
YP_500378.1,mhci_median_score,0.24800899999999998
YP_500378.1,mhci_median_percentile,0.907
YP_500378.1,mhci_num_strong_binders,331
YP_499389.1,mhci_median_score,0.213617
YP_499389.1,mhci_median_percentile,0.973
YP_499389.1,mhci_num_strong_binders,42
YP_499915.1,mhci_median_score,0.259441
YP_499915.1,mhci_median_percentile,0.825
YP_499915.1,mhci_num_strong_binders,18
YP_501058.1,mhci_median_score,0.23591
YP_501058.1,mhci_median_percentile,0.845
YP_501058.1,mhci_num_strong_binders,94
YP_499703.1,mhci_median_score,0.226678
YP_499703.1,mhci_median_percentile,0.915
YP_499703.1,mhci_num_strong_binders,112
YP_500657.1,mhci_median_score,0.242724
YP_500657.1,mhci_median_percentile,0.855
YP_500657.1,mhci_num_strong_binders,32
YP_499492.1,mhci_median_score,0.24444700000000003
YP_499492.1,mhci_median_percentile,0.901
YP_499492.1,mhci_num_strong_binders,39
YP_501495.1,mhci_median_score,0.24990649999999998
YP_501495.1,mhci_median_percentile,0.8634999999999999
YP_501495.1,mhci_num_strong_binders,107
YP_500791.1,mhci_median_score,0.228597
YP_500791.1,mhci_median_percentile,0.919
YP_500791.1,mhci_num_strong_binders,206
YP_500348.1,mhci_median_score,0.217409
YP_500348.1,mhci_median_percentile,0.93
YP_500348.1,mhci_num_strong_binders,235
YP_499292.1,mhci_median_score,0.266706
YP_499292.1,mhci_median_percentile,0.817
YP_499292.1,mhci_num_strong_binders,246
YP_498758.1,mhci_median_score,0.223609
YP_498758.1,mhci_median_percentile,0.904
YP_498758.1,mhci_num_strong_binders,125
YP_500086.1,mhci_median_score,0.278369
YP_500086.1,mhci_median_percentile,0.759
YP_500086.1,mhci_num_strong_binders,32
YP_500438.1,mhci_median_score,0.264146
YP_500438.1,mhci_median_percentile,0.935
YP_500438.1,mhci_num_strong_binders,14
YP_501182.1,mhci_median_score,0.25485
YP_501182.1,mhci_median_percentile,0.839
YP_501182.1,mhci_num_strong_binders,306
YP_500020.1,mhci_median_score,0.236601
YP_500020.1,mhci_median_percentile,0.89
YP_500020.1,mhci_num_strong_binders,163
YP_501119.1,mhci_median_score,0.252015
YP_501119.1,mhci_median_percentile,0.991
YP_501119.1,mhci_num_strong_binders,14
YP_500511.1,mhci_median_score,0.2822525
YP_500511.1,mhci_median_percentile,0.8075
YP_500511.1,mhci_num_strong_binders,17
YP_500759.1,mhci_median_score,0.248616
YP_500759.1,mhci_median_percentile,0.8674999999999999
YP_500759.1,mhci_num_strong_binders,47
YP_498958.1,mhci_median_score,0.208203
YP_498958.1,mhci_median_percentile,1.0545
YP_498958.1,mhci_num_strong_binders,55
YP_499051.1,mhci_median_score,0.264003
YP_499051.1,mhci_median_percentile,0.8425
YP_499051.1,mhci_num_strong_binders,137
YP_499163.1,mhci_median_score,0.240978
YP_499163.1,mhci_median_percentile,0.877
YP_499163.1,mhci_num_strong_binders,99
YP_499540.1,mhci_median_score,0.239087
YP_499540.1,mhci_median_percentile,0.873
YP_499540.1,mhci_num_strong_binders,115
YP_499616.1,mhci_median_score,0.243479
YP_499616.1,mhci_median_percentile,0.899
YP_499616.1,mhci_num_strong_binders,85
YP_499721.1,mhci_median_score,0.261907
YP_499721.1,mhci_median_percentile,0.821
YP_499721.1,mhci_num_strong_binders,63
YP_499390.1,mhci_median_score,0.312884
YP_499390.1,mhci_median_percentile,0.669
YP_499390.1,mhci_num_strong_binders,69
YP_500936.1,mhci_median_score,0.242708
YP_500936.1,mhci_median_percentile,0.829
YP_500936.1,mhci_num_strong_binders,211
YP_501445.1,mhci_median_score,0.191907
YP_501445.1,mhci_median_percentile,1.04
YP_501445.1,mhci_num_strong_binders,52
YP_501499.1,mhci_median_score,0.261201
YP_501499.1,mhci_median_percentile,0.9484999999999999
YP_501499.1,mhci_num_strong_binders,49
YP_499373.1,mhci_median_score,0.24473899999999998
YP_499373.1,mhci_median_percentile,0.8534999999999999
YP_499373.1,mhci_num_strong_binders,77
YP_501066.1,mhci_median_score,0.234803
YP_501066.1,mhci_median_percentile,0.88
YP_501066.1,mhci_num_strong_binders,184
YP_500763.1,mhci_median_score,0.22706500000000002
YP_500763.1,mhci_median_percentile,0.9564999999999999
YP_500763.1,mhci_num_strong_binders,195
YP_500308.1,mhci_median_score,0.24263800000000002
YP_500308.1,mhci_median_percentile,0.8775
YP_500308.1,mhci_num_strong_binders,198
YP_499548.1,mhci_median_score,0.244857
YP_499548.1,mhci_median_percentile,0.834
YP_499548.1,mhci_num_strong_binders,82
YP_501128.1,mhci_median_score,0.196303
YP_501128.1,mhci_median_percentile,1.149
YP_501128.1,mhci_num_strong_binders,22
YP_499075.1,mhci_median_score,0.2440075
YP_499075.1,mhci_median_percentile,0.874
YP_499075.1,mhci_num_strong_binders,75
YP_501077.1,mhci_median_score,0.269679
YP_501077.1,mhci_median_percentile,0.885
YP_501077.1,mhci_num_strong_binders,40
YP_500800.1,mhci_median_score,0.200087
YP_500800.1,mhci_median_percentile,1.06
YP_500800.1,mhci_num_strong_binders,16
YP_500576.1,mhci_median_score,0.22709
YP_500576.1,mhci_median_percentile,0.937
YP_500576.1,mhci_num_strong_binders,80
YP_499961.1,mhci_median_score,0.291301
YP_499961.1,mhci_median_percentile,0.701
YP_499961.1,mhci_num_strong_binders,62
YP_498794.1,mhci_median_score,0.27198
YP_498794.1,mhci_median_percentile,0.812
YP_498794.1,mhci_num_strong_binders,190
YP_500304.1,mhci_median_score,0.243533
YP_500304.1,mhci_median_percentile,0.847
YP_500304.1,mhci_num_strong_binders,105
YP_499855.1,mhci_median_score,0.358282
YP_499855.1,mhci_median_percentile,0.51
YP_499855.1,mhci_num_strong_binders,18
YP_499262.1,mhci_median_score,0.240549
YP_499262.1,mhci_median_percentile,0.929
YP_499262.1,mhci_num_strong_binders,178
YP_499857.1,mhci_median_score,0.2067135
YP_499857.1,mhci_median_percentile,1.0715
YP_499857.1,mhci_num_strong_binders,118
YP_500261.1,mhci_median_score,0.2340485
YP_500261.1,mhci_median_percentile,0.983
YP_500261.1,mhci_num_strong_binders,25
YP_498610.1,mhci_median_score,0.231241
YP_498610.1,mhci_median_percentile,0.886
YP_498610.1,mhci_num_strong_binders,142
YP_500922.1,mhci_median_score,0.23095949999999998
YP_500922.1,mhci_median_percentile,0.9359999999999999
YP_500922.1,mhci_num_strong_binders,52
YP_500433.1,mhci_median_score,0.262942
YP_500433.1,mhci_median_percentile,0.817
YP_500433.1,mhci_num_strong_binders,165
YP_499934.1,mhci_median_score,0.246176
YP_499934.1,mhci_median_percentile,0.898
YP_499934.1,mhci_num_strong_binders,114
YP_500542.1,mhci_median_score,0.2722
YP_500542.1,mhci_median_percentile,0.836
YP_500542.1,mhci_num_strong_binders,185
YP_500426.1,mhci_median_score,0.199064
YP_500426.1,mhci_median_percentile,1.049
YP_500426.1,mhci_num_strong_binders,12
YP_501450.1,mhci_median_score,0.232028
YP_501450.1,mhci_median_percentile,0.932
YP_501450.1,mhci_num_strong_binders,92
YP_498730.1,mhci_median_score,0.211773
YP_498730.1,mhci_median_percentile,0.919
YP_498730.1,mhci_num_strong_binders,50
YP_499158.1,mhci_median_score,0.243356
YP_499158.1,mhci_median_percentile,0.851
YP_499158.1,mhci_num_strong_binders,97
YP_500764.1,mhci_median_score,0.231084
YP_500764.1,mhci_median_percentile,0.889
YP_500764.1,mhci_num_strong_binders,197
YP_500167.1,mhci_median_score,0.229072
YP_500167.1,mhci_median_percentile,0.959
YP_500167.1,mhci_num_strong_binders,139
YP_499002.1,mhci_median_score,0.2770265
YP_499002.1,mhci_median_percentile,0.8194999999999999
YP_499002.1,mhci_num_strong_binders,123
YP_501474.1,mhci_median_score,0.193881
YP_501474.1,mhci_median_percentile,1.094
YP_501474.1,mhci_num_strong_binders,51
YP_501139.1,mhci_median_score,0.203378
YP_501139.1,mhci_median_percentile,1.069
YP_501139.1,mhci_num_strong_binders,46
YP_500711.1,mhci_median_score,0.2288195
YP_500711.1,mhci_median_percentile,0.9524999999999999
YP_500711.1,mhci_num_strong_binders,96
YP_500549.1,mhci_median_score,0.245475
YP_500549.1,mhci_median_percentile,1.04
YP_500549.1,mhci_num_strong_binders,37
YP_501122.1,mhci_median_score,0.2442515
YP_501122.1,mhci_median_percentile,0.879
YP_501122.1,mhci_num_strong_binders,126
YP_498678.1,mhci_median_score,0.25328
YP_498678.1,mhci_median_percentile,0.887
YP_498678.1,mhci_num_strong_binders,143
YP_499994.1,mhci_median_score,0.2746815
YP_499994.1,mhci_median_percentile,0.804
YP_499994.1,mhci_num_strong_binders,48
YP_499764.1,mhci_median_score,0.218437
YP_499764.1,mhci_median_percentile,1.0394999999999999
YP_499764.1,mhci_num_strong_binders,10
YP_500682.1,mhci_median_score,0.17853000000000002
YP_500682.1,mhci_median_percentile,1.0870000000000002
YP_500682.1,mhci_num_strong_binders,39
YP_501253.1,mhci_median_score,0.193425
YP_501253.1,mhci_median_percentile,1.1235
YP_501253.1,mhci_num_strong_binders,19
YP_500186.1,mhci_median_score,0.252254
YP_500186.1,mhci_median_percentile,0.8995
YP_500186.1,mhci_num_strong_binders,117
YP_500068.1,mhci_median_score,0.2471045
YP_500068.1,mhci_median_percentile,0.919
YP_500068.1,mhci_num_strong_binders,59
YP_499541.1,mhci_median_score,0.234934
YP_499541.1,mhci_median_percentile,0.972
YP_499541.1,mhci_num_strong_binders,94
YP_499312.1,mhci_median_score,0.230873
YP_499312.1,mhci_median_percentile,0.849
YP_499312.1,mhci_num_strong_binders,81
YP_500905.1,mhci_median_score,0.255119
YP_500905.1,mhci_median_percentile,0.841
YP_500905.1,mhci_num_strong_binders,283
YP_499719.1,mhci_median_score,0.217365
YP_499719.1,mhci_median_percentile,0.98
YP_499719.1,mhci_num_strong_binders,105
YP_499093.1,mhci_median_score,0.242999
YP_499093.1,mhci_median_percentile,0.839
YP_499093.1,mhci_num_strong_binders,75
YP_499224.1,mhci_median_score,0.278327
YP_499224.1,mhci_median_percentile,0.773
YP_499224.1,mhci_num_strong_binders,125
YP_498647.1,mhci_median_score,0.274631
YP_498647.1,mhci_median_percentile,0.807
YP_498647.1,mhci_num_strong_binders,48
YP_499525.1,mhci_median_score,0.22853849999999998
YP_499525.1,mhci_median_percentile,0.824
YP_499525.1,mhci_num_strong_binders,47
YP_499522.1,mhci_median_score,0.25948950000000004
YP_499522.1,mhci_median_percentile,0.918
YP_499522.1,mhci_num_strong_binders,49
YP_498928.1,mhci_median_score,0.24845
YP_498928.1,mhci_median_percentile,0.81
YP_498928.1,mhci_num_strong_binders,322
YP_499123.1,mhci_median_score,0.27999
YP_499123.1,mhci_median_percentile,0.7655000000000001
YP_499123.1,mhci_num_strong_binders,63
YP_499058.1,mhci_median_score,0.314252
YP_499058.1,mhci_median_percentile,0.715
YP_499058.1,mhci_num_strong_binders,28
YP_500459.1,mhci_median_score,0.25732449999999996
YP_500459.1,mhci_median_percentile,0.829
YP_500459.1,mhci_num_strong_binders,181
YP_499978.1,mhci_median_score,0.1719515
YP_499978.1,mhci_median_percentile,1.1935
YP_499978.1,mhci_num_strong_binders,25
YP_501107.1,mhci_median_score,0.271237
YP_501107.1,mhci_median_percentile,0.823
YP_501107.1,mhci_num_strong_binders,102
YP_499349.1,mhci_median_score,0.2171855
YP_499349.1,mhci_median_percentile,1.093
YP_499349.1,mhci_num_strong_binders,21
YP_499995.1,mhci_median_score,0.222046
YP_499995.1,mhci_median_percentile,0.946
YP_499995.1,mhci_num_strong_binders,97
YP_500697.1,mhci_median_score,0.154
YP_500697.1,mhci_median_percentile,1.207
YP_500697.1,mhci_num_strong_binders,14
YP_500007.1,mhci_median_score,0.2272075
YP_500007.1,mhci_median_percentile,0.8785000000000001
YP_500007.1,mhci_num_strong_binders,44
YP_499119.1,mhci_median_score,0.263502
YP_499119.1,mhci_median_percentile,0.82
YP_499119.1,mhci_num_strong_binders,262
YP_499685.1,mhci_median_score,0.233235
YP_499685.1,mhci_median_percentile,0.937
YP_499685.1,mhci_num_strong_binders,116
YP_500599.1,mhci_median_score,0.246483
YP_500599.1,mhci_median_percentile,0.839
YP_500599.1,mhci_num_strong_binders,194
YP_500389.1,mhci_median_score,0.218215
YP_500389.1,mhci_median_percentile,0.93
YP_500389.1,mhci_num_strong_binders,140
YP_500162.1,mhci_median_score,0.220072
YP_500162.1,mhci_median_percentile,0.842
YP_500162.1,mhci_num_strong_binders,100
YP_501186.1,mhci_median_score,0.21124949999999998
YP_501186.1,mhci_median_percentile,0.9924999999999999
YP_501186.1,mhci_num_strong_binders,120
YP_498609.1,mhci_median_score,0.246386
YP_498609.1,mhci_median_percentile,0.866
YP_498609.1,mhci_num_strong_binders,209
YP_500741.1,mhci_median_score,0.25957
YP_500741.1,mhci_median_percentile,0.786
YP_500741.1,mhci_num_strong_binders,104
YP_500449.1,mhci_median_score,0.280407
YP_500449.1,mhci_median_percentile,0.82
YP_500449.1,mhci_num_strong_binders,73
YP_500120.1,mhci_median_score,0.245933
YP_500120.1,mhci_median_percentile,0.837
YP_500120.1,mhci_num_strong_binders,173
YP_500405.1,mhci_median_score,0.2167325
YP_500405.1,mhci_median_percentile,1.034
YP_500405.1,mhci_num_strong_binders,42
YP_499431.1,mhci_median_score,0.247342
YP_499431.1,mhci_median_percentile,0.877
YP_499431.1,mhci_num_strong_binders,155
YP_498696.1,mhci_median_score,0.243572
YP_498696.1,mhci_median_percentile,0.829
YP_498696.1,mhci_num_strong_binders,115
YP_500550.1,mhci_median_score,0.2908635
YP_500550.1,mhci_median_percentile,0.824
YP_500550.1,mhci_num_strong_binders,58
YP_500795.1,mhci_median_score,0.237473
YP_500795.1,mhci_median_percentile,0.9005000000000001
YP_500795.1,mhci_num_strong_binders,193
YP_499888.1,mhci_median_score,0.270575
YP_499888.1,mhci_median_percentile,0.861
YP_499888.1,mhci_num_strong_binders,128
YP_499558.1,mhci_median_score,0.25534999999999997
YP_499558.1,mhci_median_percentile,0.9395
YP_499558.1,mhci_num_strong_binders,52
YP_500393.1,mhci_median_score,0.251774
YP_500393.1,mhci_median_percentile,0.715
YP_500393.1,mhci_num_strong_binders,35
YP_498896.1,mhci_median_score,0.289159
YP_498896.1,mhci_median_percentile,0.708
YP_498896.1,mhci_num_strong_binders,109
YP_500255.1,mhci_median_score,0.205847
YP_500255.1,mhci_median_percentile,1.036
YP_500255.1,mhci_num_strong_binders,101
YP_501173.1,mhci_median_score,0.275103
YP_501173.1,mhci_median_percentile,0.806
YP_501173.1,mhci_num_strong_binders,113
YP_499376.1,mhci_median_score,0.24753950000000002
YP_499376.1,mhci_median_percentile,0.81
YP_499376.1,mhci_num_strong_binders,43
YP_500119.1,mhci_median_score,0.25716649999999996
YP_500119.1,mhci_median_percentile,0.8005
YP_500119.1,mhci_num_strong_binders,43
YP_501036.1,mhci_median_score,0.225202
YP_501036.1,mhci_median_percentile,0.9355
YP_501036.1,mhci_num_strong_binders,65
YP_500279.1,mhci_median_score,0.2550215
YP_500279.1,mhci_median_percentile,0.897
YP_500279.1,mhci_num_strong_binders,103
YP_501481.1,mhci_median_score,0.238317
YP_501481.1,mhci_median_percentile,0.8975
YP_501481.1,mhci_num_strong_binders,148
YP_501434.1,mhci_median_score,0.2369475
YP_501434.1,mhci_median_percentile,0.873
YP_501434.1,mhci_num_strong_binders,377
YP_499264.1,mhci_median_score,0.2453435
YP_499264.1,mhci_median_percentile,0.9045000000000001
YP_499264.1,mhci_num_strong_binders,69
YP_498768.1,mhci_median_score,0.2393615
YP_498768.1,mhci_median_percentile,0.877
YP_498768.1,mhci_num_strong_binders,290
YP_499118.1,mhci_median_score,0.222508
YP_499118.1,mhci_median_percentile,0.969
YP_499118.1,mhci_num_strong_binders,309
YP_500388.1,mhci_median_score,0.21363949999999998
YP_500388.1,mhci_median_percentile,1.0215
YP_500388.1,mhci_num_strong_binders,40
YP_498966.1,mhci_median_score,0.283232
YP_498966.1,mhci_median_percentile,0.801
YP_498966.1,mhci_num_strong_binders,93
YP_501290.1,mhci_median_score,0.25474949999999996
YP_501290.1,mhci_median_percentile,0.865
YP_501290.1,mhci_num_strong_binders,100
YP_501264.1,mhci_median_score,0.2632855
YP_501264.1,mhci_median_percentile,0.853
YP_501264.1,mhci_num_strong_binders,75
YP_500713.1,mhci_median_score,0.2278465
YP_500713.1,mhci_median_percentile,0.889
YP_500713.1,mhci_num_strong_binders,36
YP_499530.1,mhci_median_score,0.369311
YP_499530.1,mhci_median_percentile,0.588
YP_499530.1,mhci_num_strong_binders,27
YP_499050.1,mhci_median_score,0.24101
YP_499050.1,mhci_median_percentile,0.872
YP_499050.1,mhci_num_strong_binders,142
YP_501132.1,mhci_median_score,0.21790749999999998
YP_501132.1,mhci_median_percentile,0.937
YP_501132.1,mhci_num_strong_binders,35
YP_501053.1,mhci_median_score,0.29017899999999996
YP_501053.1,mhci_median_percentile,0.747
YP_501053.1,mhci_num_strong_binders,60
YP_500864.1,mhci_median_score,0.227488
YP_500864.1,mhci_median_percentile,0.872
YP_500864.1,mhci_num_strong_binders,54
YP_501208.1,mhci_median_score,0.248043
YP_501208.1,mhci_median_percentile,0.844
YP_501208.1,mhci_num_strong_binders,107
YP_500495.1,mhci_median_score,0.21323
YP_500495.1,mhci_median_percentile,0.953
YP_500495.1,mhci_num_strong_binders,121
YP_499100.1,mhci_median_score,0.243659
YP_499100.1,mhci_median_percentile,0.986
YP_499100.1,mhci_num_strong_binders,51
YP_501383.1,mhci_median_score,0.263128
YP_501383.1,mhci_median_percentile,0.775
YP_501383.1,mhci_num_strong_binders,58
YP_500189.1,mhci_median_score,0.257521
YP_500189.1,mhci_median_percentile,0.834
YP_500189.1,mhci_num_strong_binders,163
YP_500399.1,mhci_median_score,0.247033
YP_500399.1,mhci_median_percentile,0.909
YP_500399.1,mhci_num_strong_binders,78
YP_499396.1,mhci_median_score,0.238322
YP_499396.1,mhci_median_percentile,0.879
YP_499396.1,mhci_num_strong_binders,130
YP_499593.1,mhci_median_score,0.240558
YP_499593.1,mhci_median_percentile,0.899
YP_499593.1,mhci_num_strong_binders,41
YP_499986.1,mhci_median_score,0.260684
YP_499986.1,mhci_median_percentile,0.903
YP_499986.1,mhci_num_strong_binders,60
YP_500202.1,mhci_median_score,0.259674
YP_500202.1,mhci_median_percentile,0.91
YP_500202.1,mhci_num_strong_binders,38
YP_498859.1,mhci_median_score,0.2399945
YP_498859.1,mhci_median_percentile,0.8875
YP_498859.1,mhci_num_strong_binders,94
YP_498655.1,mhci_median_score,0.289939
YP_498655.1,mhci_median_percentile,0.761
YP_498655.1,mhci_num_strong_binders,70
YP_500306.1,mhci_median_score,0.25918450000000004
YP_500306.1,mhci_median_percentile,0.8694999999999999
YP_500306.1,mhci_num_strong_binders,155
YP_499249.1,mhci_median_score,0.221939
YP_499249.1,mhci_median_percentile,0.875
YP_499249.1,mhci_num_strong_binders,63
YP_499345.1,mhci_median_score,0.25099
YP_499345.1,mhci_median_percentile,0.867
YP_499345.1,mhci_num_strong_binders,114
YP_498808.1,mhci_median_score,0.238856
YP_498808.1,mhci_median_percentile,0.894
YP_498808.1,mhci_num_strong_binders,335
YP_499225.1,mhci_median_score,0.236428
YP_499225.1,mhci_median_percentile,0.897
YP_499225.1,mhci_num_strong_binders,134
YP_500380.1,mhci_median_score,0.2448305
YP_500380.1,mhci_median_percentile,0.9535
YP_500380.1,mhci_num_strong_binders,124
YP_499451.1,mhci_median_score,0.240998
YP_499451.1,mhci_median_percentile,0.824
YP_499451.1,mhci_num_strong_binders,178
YP_008530243.1,mhci_median_score,0.334145
YP_008530243.1,mhci_median_percentile,0.621
YP_008530243.1,mhci_num_strong_binders,57
YP_501152.1,mhci_median_score,0.229684
YP_501152.1,mhci_median_percentile,0.953
YP_501152.1,mhci_num_strong_binders,156
YP_500917.1,mhci_median_score,0.226566
YP_500917.1,mhci_median_percentile,0.9655
YP_500917.1,mhci_num_strong_binders,240
YP_498913.1,mhci_median_score,0.246224
YP_498913.1,mhci_median_percentile,0.858
YP_498913.1,mhci_num_strong_binders,65
YP_500822.1,mhci_median_score,0.240544
YP_500822.1,mhci_median_percentile,0.896
YP_500822.1,mhci_num_strong_binders,178
YP_499470.1,mhci_median_score,0.2123825
YP_499470.1,mhci_median_percentile,0.967
YP_499470.1,mhci_num_strong_binders,52
YP_499771.1,mhci_median_score,0.23561
YP_499771.1,mhci_median_percentile,0.905
YP_499771.1,mhci_num_strong_binders,99
YP_500001.1,mhci_median_score,0.258729
YP_500001.1,mhci_median_percentile,0.871
YP_500001.1,mhci_num_strong_binders,142
YP_500700.1,mhci_median_score,0.3099405
YP_500700.1,mhci_median_percentile,0.6930000000000001
YP_500700.1,mhci_num_strong_binders,24
YP_499966.1,mhci_median_score,0.193649
YP_499966.1,mhci_median_percentile,0.9245000000000001
YP_499966.1,mhci_num_strong_binders,13
YP_499406.1,mhci_median_score,0.213607
YP_499406.1,mhci_median_percentile,1.025
YP_499406.1,mhci_num_strong_binders,25
YP_500247.1,mhci_median_score,0.231525
YP_500247.1,mhci_median_percentile,0.932
YP_500247.1,mhci_num_strong_binders,86
YP_500390.1,mhci_median_score,0.250301
YP_500390.1,mhci_median_percentile,0.8755
YP_500390.1,mhci_num_strong_binders,84
YP_500734.1,mhci_median_score,0.235017
YP_500734.1,mhci_median_percentile,0.799
YP_500734.1,mhci_num_strong_binders,30
YP_501286.1,mhci_median_score,0.218701
YP_501286.1,mhci_median_percentile,0.991
YP_501286.1,mhci_num_strong_binders,26
YP_499814.1,mhci_median_score,0.281798
YP_499814.1,mhci_median_percentile,0.778
YP_499814.1,mhci_num_strong_binders,81
YP_498729.1,mhci_median_score,0.236107
YP_498729.1,mhci_median_percentile,0.926
YP_498729.1,mhci_num_strong_binders,152
YP_499402.1,mhci_median_score,0.227723
YP_499402.1,mhci_median_percentile,0.9065000000000001
YP_499402.1,mhci_num_strong_binders,172
YP_500183.1,mhci_median_score,0.23007149999999998
YP_500183.1,mhci_median_percentile,0.886
YP_500183.1,mhci_num_strong_binders,61
YP_499565.1,mhci_median_score,0.232122
YP_499565.1,mhci_median_percentile,0.92
YP_499565.1,mhci_num_strong_binders,122
YP_500645.1,mhci_median_score,0.228402
YP_500645.1,mhci_median_percentile,0.901
YP_500645.1,mhci_num_strong_binders,31
YP_498751.1,mhci_median_score,0.230738
YP_498751.1,mhci_median_percentile,0.949
YP_498751.1,mhci_num_strong_binders,54
YP_498989.1,mhci_median_score,0.285718
YP_498989.1,mhci_median_percentile,0.824
YP_498989.1,mhci_num_strong_binders,103
YP_500431.1,mhci_median_score,0.232994
YP_500431.1,mhci_median_percentile,0.903
YP_500431.1,mhci_num_strong_binders,36
YP_500650.1,mhci_median_score,0.246698
YP_500650.1,mhci_median_percentile,0.8915
YP_500650.1,mhci_num_strong_binders,219
YP_499177.1,mhci_median_score,0.22549
YP_499177.1,mhci_median_percentile,0.9984999999999999
YP_499177.1,mhci_num_strong_binders,126
YP_498931.1,mhci_median_score,0.236511
YP_498931.1,mhci_median_percentile,0.875
YP_498931.1,mhci_num_strong_binders,138
YP_500655.1,mhci_median_score,0.276103
YP_500655.1,mhci_median_percentile,0.741
YP_500655.1,mhci_num_strong_binders,60
YP_499586.1,mhci_median_score,0.226378
YP_499586.1,mhci_median_percentile,0.8185
YP_499586.1,mhci_num_strong_binders,20
YP_500868.1,mhci_median_score,0.183945
YP_500868.1,mhci_median_percentile,1.288
YP_500868.1,mhci_num_strong_binders,5
YP_501414.1,mhci_median_score,0.239384
YP_501414.1,mhci_median_percentile,0.85
YP_501414.1,mhci_num_strong_binders,192
YP_500911.1,mhci_median_score,0.221548
YP_500911.1,mhci_median_percentile,0.921
YP_500911.1,mhci_num_strong_binders,74
YP_499461.1,mhci_median_score,0.233338
YP_499461.1,mhci_median_percentile,0.857
YP_499461.1,mhci_num_strong_binders,172
YP_499181.1,mhci_median_score,0.232321
YP_499181.1,mhci_median_percentile,0.908
YP_499181.1,mhci_num_strong_binders,107
YP_499146.1,mhci_median_score,0.255286
YP_499146.1,mhci_median_percentile,0.8565
YP_499146.1,mhci_num_strong_binders,166
YP_498721.1,mhci_median_score,0.277836
YP_498721.1,mhci_median_percentile,0.788
YP_498721.1,mhci_num_strong_binders,79
YP_499037.1,mhci_median_score,0.21990500000000002
YP_499037.1,mhci_median_percentile,0.9915
YP_499037.1,mhci_num_strong_binders,26
YP_501133.1,mhci_median_score,0.249285
YP_501133.1,mhci_median_percentile,0.887
YP_501133.1,mhci_num_strong_binders,167
YP_501137.1,mhci_median_score,0.257434
YP_501137.1,mhci_median_percentile,0.876
YP_501137.1,mhci_num_strong_binders,119
YP_500059.1,mhci_median_score,0.29122899999999996
YP_500059.1,mhci_median_percentile,0.7585
YP_500059.1,mhci_num_strong_binders,59
YP_498663.1,mhci_median_score,0.24438300000000002
YP_498663.1,mhci_median_percentile,0.9265000000000001
YP_498663.1,mhci_num_strong_binders,159
YP_500986.1,mhci_median_score,0.2973165
YP_500986.1,mhci_median_percentile,0.602
YP_500986.1,mhci_num_strong_binders,25
YP_499809.1,mhci_median_score,0.215909
YP_499809.1,mhci_median_percentile,0.954
YP_499809.1,mhci_num_strong_binders,159
YP_499832.1,mhci_median_score,0.235699
YP_499832.1,mhci_median_percentile,0.904
YP_499832.1,mhci_num_strong_binders,11
YP_499397.1,mhci_median_score,0.260549
YP_499397.1,mhci_median_percentile,0.848
YP_499397.1,mhci_num_strong_binders,116
YP_501477.1,mhci_median_score,0.229203
YP_501477.1,mhci_median_percentile,0.896
YP_501477.1,mhci_num_strong_binders,50
YP_500964.1,mhci_median_score,0.231066
YP_500964.1,mhci_median_percentile,0.808
YP_500964.1,mhci_num_strong_binders,67
YP_501222.1,mhci_median_score,0.24856
YP_501222.1,mhci_median_percentile,0.809
YP_501222.1,mhci_num_strong_binders,96
YP_500398.1,mhci_median_score,0.249017
YP_500398.1,mhci_median_percentile,0.859
YP_500398.1,mhci_num_strong_binders,87
YP_499787.1,mhci_median_score,0.27203
YP_499787.1,mhci_median_percentile,0.731
YP_499787.1,mhci_num_strong_binders,117
YP_499107.1,mhci_median_score,0.226578
YP_499107.1,mhci_median_percentile,0.882
YP_499107.1,mhci_num_strong_binders,105
YP_501258.1,mhci_median_score,0.229106
YP_501258.1,mhci_median_percentile,0.952
YP_501258.1,mhci_num_strong_binders,39
YP_500667.1,mhci_median_score,0.22883
YP_500667.1,mhci_median_percentile,0.9365000000000001
YP_500667.1,mhci_num_strong_binders,198
YP_500602.1,mhci_median_score,0.223256
YP_500602.1,mhci_median_percentile,0.8545
YP_500602.1,mhci_num_strong_binders,66
YP_500311.1,mhci_median_score,0.2546405
YP_500311.1,mhci_median_percentile,0.8294999999999999
YP_500311.1,mhci_num_strong_binders,209
YP_499128.1,mhci_median_score,0.2442165
YP_499128.1,mhci_median_percentile,0.902
YP_499128.1,mhci_num_strong_binders,212
YP_500445.1,mhci_median_score,0.243022
YP_500445.1,mhci_median_percentile,0.907
YP_500445.1,mhci_num_strong_binders,93
YP_500806.1,mhci_median_score,0.2330045
YP_500806.1,mhci_median_percentile,0.9155
YP_500806.1,mhci_num_strong_binders,121
YP_500949.1,mhci_median_score,0.22379549999999998
YP_500949.1,mhci_median_percentile,0.9455
YP_500949.1,mhci_num_strong_binders,120
YP_500401.1,mhci_median_score,0.27565
YP_500401.1,mhci_median_percentile,0.769
YP_500401.1,mhci_num_strong_binders,126
YP_501170.1,mhci_median_score,0.2618735
YP_501170.1,mhci_median_percentile,0.8425
YP_501170.1,mhci_num_strong_binders,130
YP_500913.1,mhci_median_score,0.2295725
YP_500913.1,mhci_median_percentile,0.855
YP_500913.1,mhci_num_strong_binders,146
YP_499329.1,mhci_median_score,0.206235
YP_499329.1,mhci_median_percentile,1.127
YP_499329.1,mhci_num_strong_binders,8
YP_498826.1,mhci_median_score,0.2203985
YP_498826.1,mhci_median_percentile,0.967
YP_498826.1,mhci_num_strong_binders,96
YP_499760.1,mhci_median_score,0.2344495
YP_499760.1,mhci_median_percentile,0.907
YP_499760.1,mhci_num_strong_binders,136
YP_500855.1,mhci_median_score,0.2844335
YP_500855.1,mhci_median_percentile,0.883
YP_500855.1,mhci_num_strong_binders,17
YP_501478.1,mhci_median_score,0.2173735
YP_501478.1,mhci_median_percentile,0.9455
YP_501478.1,mhci_num_strong_binders,178
YP_499794.1,mhci_median_score,0.237307
YP_499794.1,mhci_median_percentile,0.869
YP_499794.1,mhci_num_strong_binders,171
YP_500719.1,mhci_median_score,0.25223850000000003
YP_500719.1,mhci_median_percentile,0.8414999999999999
YP_500719.1,mhci_num_strong_binders,101
YP_499998.1,mhci_median_score,0.220256
YP_499998.1,mhci_median_percentile,0.897
YP_499998.1,mhci_num_strong_binders,152
YP_501418.1,mhci_median_score,0.258866
YP_501418.1,mhci_median_percentile,0.765
YP_501418.1,mhci_num_strong_binders,141
YP_500434.1,mhci_median_score,0.249186
YP_500434.1,mhci_median_percentile,0.8534999999999999
YP_500434.1,mhci_num_strong_binders,234
YP_501338.1,mhci_median_score,0.26601450000000004
YP_501338.1,mhci_median_percentile,0.788
YP_501338.1,mhci_num_strong_binders,330
YP_499913.1,mhci_median_score,0.24510749999999998
YP_499913.1,mhci_median_percentile,0.949
YP_499913.1,mhci_num_strong_binders,137
YP_498835.1,mhci_median_score,0.24692
YP_498835.1,mhci_median_percentile,0.896
YP_498835.1,mhci_num_strong_binders,54
YP_500890.1,mhci_median_score,0.24788949999999998
YP_500890.1,mhci_median_percentile,0.859
YP_500890.1,mhci_num_strong_binders,221
YP_500883.1,mhci_median_score,0.256726
YP_500883.1,mhci_median_percentile,0.865
YP_500883.1,mhci_num_strong_binders,113
YP_500687.1,mhci_median_score,0.198034
YP_500687.1,mhci_median_percentile,1.088
YP_500687.1,mhci_num_strong_binders,17
YP_498714.1,mhci_median_score,0.2566385
YP_498714.1,mhci_median_percentile,0.829
YP_498714.1,mhci_num_strong_binders,91
YP_501252.1,mhci_median_score,0.241026
YP_501252.1,mhci_median_percentile,0.896
YP_501252.1,mhci_num_strong_binders,236
YP_499172.1,mhci_median_score,0.29228299999999996
YP_499172.1,mhci_median_percentile,0.69
YP_499172.1,mhci_num_strong_binders,26
YP_499276.1,mhci_median_score,0.187538
YP_499276.1,mhci_median_percentile,0.977
YP_499276.1,mhci_num_strong_binders,28
YP_500553.1,mhci_median_score,0.241194
YP_500553.1,mhci_median_percentile,0.821
YP_500553.1,mhci_num_strong_binders,50
YP_500301.1,mhci_median_score,0.270792
YP_500301.1,mhci_median_percentile,0.754
YP_500301.1,mhci_num_strong_binders,456
YP_500208.1,mhci_median_score,0.2481715
YP_500208.1,mhci_median_percentile,0.8645
YP_500208.1,mhci_num_strong_binders,32
YP_499754.1,mhci_median_score,0.2499
YP_499754.1,mhci_median_percentile,0.839
YP_499754.1,mhci_num_strong_binders,112
YP_501216.1,mhci_median_score,0.25858349999999997
YP_501216.1,mhci_median_percentile,0.6705000000000001
YP_501216.1,mhci_num_strong_binders,26
YP_498621.1,mhci_median_score,0.225045
YP_498621.1,mhci_median_percentile,0.984
YP_498621.1,mhci_num_strong_binders,159
YP_499675.1,mhci_median_score,0.257007
YP_499675.1,mhci_median_percentile,0.825
YP_499675.1,mhci_num_strong_binders,172
YP_499331.1,mhci_median_score,0.265732
YP_499331.1,mhci_median_percentile,0.768
YP_499331.1,mhci_num_strong_binders,123
YP_501269.1,mhci_median_score,0.218919
YP_501269.1,mhci_median_percentile,0.932
YP_501269.1,mhci_num_strong_binders,104
SSL5|A0A0H3K6Z6,mhci_median_score,0.230774
SSL5|A0A0H3K6Z6,mhci_median_percentile,0.909
SSL5|A0A0H3K6Z6,mhci_num_strong_binders,114
SSL10|A0A0H3K6Z9,mhci_median_score,0.258796
SSL10|A0A0H3K6Z9,mhci_median_percentile,0.8354999999999999
SSL10|A0A0H3K6Z9,mhci_num_strong_binders,97
SSL1|A0A0H3KAV3,mhci_median_score,0.238608
SSL1|A0A0H3KAV3,mhci_median_percentile,0.911
SSL1|A0A0H3KAV3,mhci_num_strong_binders,89
SSL4|A0A0H3K6A3,mhci_median_score,0.226491
SSL4|A0A0H3K6A3,mhci_median_percentile,0.946
SSL4|A0A0H3K6A3,mhci_num_strong_binders,95
P0C0I5|ExotoxinC,mhci_median_score,0.241237
P0C0I5|ExotoxinC,mhci_median_percentile,0.805
P0C0I5|ExotoxinC,mhci_num_strong_binders,107
P0C0I6|ExotoxinH,mhci_median_score,0.220719
P0C0I6|ExotoxinH,mhci_median_percentile,0.9185000000000001
P0C0I6|ExotoxinH,mhci_num_strong_binders,67
P0DJY7|ExotoxinA,mhci_median_score,0.238957
P0DJY7|ExotoxinA,mhci_median_percentile,0.965
P0DJY7|ExotoxinA,mhci_num_strong_binders,101
A0A0H3KHN8|EnterotoxinA,mhci_median_score,0.2205905
A0A0H3KHN8|EnterotoxinA,mhci_median_percentile,0.979
A0A0H3KHN8|EnterotoxinA,mhci_num_strong_binders,74
YP_500587.1,mhci_median_score,0.302245
YP_500587.1,mhci_median_percentile,0.67
YP_500587.1,mhci_num_strong_binders,33
YP_008530245.1,mhci_median_score,0.20319199999999998
YP_008530245.1,mhci_median_percentile,1.0935000000000001
YP_008530245.1,mhci_num_strong_binders,11
YP_498838.1,mhci_median_score,0.257384
YP_498838.1,mhci_median_percentile,0.928
YP_498838.1,mhci_num_strong_binders,26
YP_499884.1,mhci_median_score,0.2609225
YP_499884.1,mhci_median_percentile,0.8705
YP_499884.1,mhci_num_strong_binders,25
YP_499822.1,mhci_median_score,0.232282
YP_499822.1,mhci_median_percentile,0.93
YP_499822.1,mhci_num_strong_binders,6
YP_499555.1,mhci_median_score,0.238686
YP_499555.1,mhci_median_percentile,0.994
YP_499555.1,mhci_num_strong_binders,4
YP_500804.1,mhci_median_score,0.142233
YP_500804.1,mhci_median_percentile,1.0525
YP_500804.1,mhci_num_strong_binders,1
SSL3|CC1,mhcii_median_score,0.298843
SSL3|CC1,mhcii_median_percentile,2.67
SSL3|CC1,mhcii_num_strong_binders,17
SSL3|CC5,mhcii_median_score,0.3393335
SSL3|CC5,mhcii_median_percentile,2.65
SSL3|CC5,mhcii_num_strong_binders,21
SSL3|CC8,mhcii_median_score,0.2963675
SSL3|CC8,mhcii_median_percentile,2.5999999999999996
SSL3|CC8,mhcii_num_strong_binders,17
SSL3|CC22,mhcii_median_score,0.269828
SSL3|CC22,mhcii_median_percentile,3.11
SSL3|CC22,mhcii_num_strong_binders,20
SSL3|CC30,mhcii_median_score,0.281863
SSL3|CC30,mhcii_median_percentile,3.255
SSL3|CC30,mhcii_num_strong_binders,18
SSL3|CC93,mhcii_median_score,0.30018100000000003
SSL3|CC93,mhcii_median_percentile,2.855
SSL3|CC93,mhcii_num_strong_binders,23
SSL7|CC1,mhcii_median_score,0.30824450000000003
SSL7|CC1,mhcii_median_percentile,2.59
SSL7|CC1,mhcii_num_strong_binders,21
SSL7|CC5,mhcii_median_score,0.307068
SSL7|CC5,mhcii_median_percentile,2.56
SSL7|CC5,mhcii_num_strong_binders,21
SSL7|CC8,mhcii_median_score,0.326291
SSL7|CC8,mhcii_median_percentile,2.4050000000000002
SSL7|CC8,mhcii_num_strong_binders,23
SSL7|CC22,mhcii_median_score,0.291424
SSL7|CC22,mhcii_median_percentile,2.28
SSL7|CC22,mhcii_num_strong_binders,29
SSL7|CC30,mhcii_median_score,0.303671
SSL7|CC30,mhcii_median_percentile,2.38
SSL7|CC30,mhcii_num_strong_binders,23
SSL7|CC93,mhcii_median_score,0.287346
SSL7|CC93,mhcii_median_percentile,2.43
SSL7|CC93,mhcii_num_strong_binders,26
SSL11|CC1,mhcii_median_score,0.3257895
SSL11|CC1,mhcii_median_percentile,2.885
SSL11|CC1,mhcii_num_strong_binders,13
SSL11|CC5,mhcii_median_score,0.219625
SSL11|CC5,mhcii_median_percentile,3.0
SSL11|CC5,mhcii_num_strong_binders,5
SSL11|CC8,mhcii_median_score,0.266873
SSL11|CC8,mhcii_median_percentile,2.535
SSL11|CC8,mhcii_num_strong_binders,19
SSL11|CC22,mhcii_median_score,0.28506
SSL11|CC22,mhcii_median_percentile,2.815
SSL11|CC22,mhcii_num_strong_binders,13
SSL11|CC30,mhcii_median_score,0.31802949999999996
SSL11|CC30,mhcii_median_percentile,2.45
SSL11|CC30,mhcii_num_strong_binders,14
SSL11|CC93,mhcii_median_score,0.2627085
SSL11|CC93,mhcii_median_percentile,3.215
SSL11|CC93,mhcii_num_strong_binders,10
YP_499183.1,mhcii_median_score,0.327895
YP_499183.1,mhcii_median_percentile,2.37
YP_499183.1,mhcii_num_strong_binders,9
YP_501487.1,mhcii_median_score,0.3129225
YP_501487.1,mhcii_median_percentile,2.365
YP_501487.1,mhcii_num_strong_binders,22
YP_500419.1,mhcii_median_score,0.32766
YP_500419.1,mhcii_median_percentile,2.05
YP_500419.1,mhcii_num_strong_binders,13
YP_500378.1,mhcii_median_score,0.3007575
YP_500378.1,mhcii_median_percentile,2.6
YP_500378.1,mhcii_num_strong_binders,63
YP_499389.1,mhcii_median_score,0.345899
YP_499389.1,mhcii_median_percentile,2.43
YP_499389.1,mhcii_num_strong_binders,13
YP_499915.1,mhcii_median_score,0.196814
YP_499915.1,mhcii_median_percentile,3.8
YP_499915.1,mhcii_num_strong_binders,0
YP_501058.1,mhcii_median_score,0.348777
YP_501058.1,mhcii_median_percentile,2.4000000000000004
YP_501058.1,mhcii_num_strong_binders,27
YP_499703.1,mhcii_median_score,0.313823
YP_499703.1,mhcii_median_percentile,2.47
YP_499703.1,mhcii_num_strong_binders,44
YP_500657.1,mhcii_median_score,0.40851400000000004
YP_500657.1,mhcii_median_percentile,1.755
YP_500657.1,mhcii_num_strong_binders,20
YP_499492.1,mhcii_median_score,0.3354545
YP_499492.1,mhcii_median_percentile,2.575
YP_499492.1,mhcii_num_strong_binders,4
YP_501495.1,mhcii_median_score,0.31130650000000004
YP_501495.1,mhcii_median_percentile,2.3
YP_501495.1,mhcii_num_strong_binders,37
YP_500791.1,mhcii_median_score,0.26821150000000005
YP_500791.1,mhcii_median_percentile,2.855
YP_500791.1,mhcii_num_strong_binders,20
YP_500348.1,mhcii_median_score,0.295062
YP_500348.1,mhcii_median_percentile,2.49
YP_500348.1,mhcii_num_strong_binders,82
YP_499292.1,mhcii_median_score,0.303551
YP_499292.1,mhcii_median_percentile,2.9
YP_499292.1,mhcii_num_strong_binders,41
YP_498758.1,mhcii_median_score,0.309567
YP_498758.1,mhcii_median_percentile,2.81
YP_498758.1,mhcii_num_strong_binders,29
YP_500086.1,mhcii_median_score,0.34123349999999997
YP_500086.1,mhcii_median_percentile,2.6799999999999997
YP_500086.1,mhcii_num_strong_binders,5
YP_501182.1,mhcii_median_score,0.3524685
YP_501182.1,mhcii_median_percentile,2.295
YP_501182.1,mhcii_num_strong_binders,65
YP_500020.1,mhcii_median_score,0.301079
YP_500020.1,mhcii_median_percentile,2.645
YP_500020.1,mhcii_num_strong_binders,30
YP_500511.1,mhcii_median_score,0.2254445
YP_500511.1,mhcii_median_percentile,2.675
YP_500511.1,mhcii_num_strong_binders,0
YP_500759.1,mhcii_median_score,0.3515425
YP_500759.1,mhcii_median_percentile,1.8599999999999999
YP_500759.1,mhcii_num_strong_binders,10
YP_498958.1,mhcii_median_score,0.321212
YP_498958.1,mhcii_median_percentile,2.42
YP_498958.1,mhcii_num_strong_binders,33
YP_499051.1,mhcii_median_score,0.306424
YP_499051.1,mhcii_median_percentile,2.43
YP_499051.1,mhcii_num_strong_binders,28
YP_499163.1,mhcii_median_score,0.37418450000000003
YP_499163.1,mhcii_median_percentile,1.9049999999999998
YP_499163.1,mhcii_num_strong_binders,32
YP_499540.1,mhcii_median_score,0.352139
YP_499540.1,mhcii_median_percentile,2.25
YP_499540.1,mhcii_num_strong_binders,53
YP_499616.1,mhcii_median_score,0.256475
YP_499616.1,mhcii_median_percentile,2.99
YP_499616.1,mhcii_num_strong_binders,10
YP_500587.1,mhcii_median_score,0.325741
YP_500587.1,mhcii_median_percentile,2.83
YP_500587.1,mhcii_num_strong_binders,7
YP_499721.1,mhcii_median_score,0.292175
YP_499721.1,mhcii_median_percentile,2.27
YP_499721.1,mhcii_num_strong_binders,13
YP_500936.1,mhcii_median_score,0.334984
YP_500936.1,mhcii_median_percentile,2.29
YP_500936.1,mhcii_num_strong_binders,72
YP_501445.1,mhcii_median_score,0.39799850000000003
YP_501445.1,mhcii_median_percentile,2.08
YP_501445.1,mhcii_num_strong_binders,13
YP_501499.1,mhcii_median_score,0.32834050000000004
YP_501499.1,mhcii_median_percentile,2.455
YP_501499.1,mhcii_num_strong_binders,26
YP_499373.1,mhcii_median_score,0.2895375
YP_499373.1,mhcii_median_percentile,2.5949999999999998
YP_499373.1,mhcii_num_strong_binders,22
YP_501066.1,mhcii_median_score,0.33160449999999997
YP_501066.1,mhcii_median_percentile,2.365
YP_501066.1,mhcii_num_strong_binders,34
YP_500763.1,mhcii_median_score,0.3472525
YP_500763.1,mhcii_median_percentile,2.25
YP_500763.1,mhcii_num_strong_binders,75
YP_500308.1,mhcii_median_score,0.348325
YP_500308.1,mhcii_median_percentile,2.47
YP_500308.1,mhcii_num_strong_binders,15
YP_499548.1,mhcii_median_score,0.257752
YP_499548.1,mhcii_median_percentile,2.8
YP_499548.1,mhcii_num_strong_binders,10
YP_501128.1,mhcii_median_score,0.276644
YP_501128.1,mhcii_median_percentile,3.2
YP_501128.1,mhcii_num_strong_binders,8
YP_499075.1,mhcii_median_score,0.301083
YP_499075.1,mhcii_median_percentile,2.94
YP_499075.1,mhcii_num_strong_binders,9
YP_501077.1,mhcii_median_score,0.4743395
YP_501077.1,mhcii_median_percentile,1.195
YP_501077.1,mhcii_num_strong_binders,16
YP_500800.1,mhcii_median_score,0.236379
YP_500800.1,mhcii_median_percentile,2.87
YP_500800.1,mhcii_num_strong_binders,4
YP_500576.1,mhcii_median_score,0.34797100000000003
YP_500576.1,mhcii_median_percentile,1.7850000000000001
YP_500576.1,mhcii_num_strong_binders,22
YP_499961.1,mhcii_median_score,0.3123475
YP_499961.1,mhcii_median_percentile,2.765
YP_499961.1,mhcii_num_strong_binders,8
YP_498794.1,mhcii_median_score,0.3295265
YP_498794.1,mhcii_median_percentile,2.25
YP_498794.1,mhcii_num_strong_binders,39
YP_500304.1,mhcii_median_score,0.282707
YP_500304.1,mhcii_median_percentile,2.52
YP_500304.1,mhcii_num_strong_binders,13
YP_499855.1,mhcii_median_score,0.399716
YP_499855.1,mhcii_median_percentile,1.04
YP_499855.1,mhcii_num_strong_binders,8
YP_499262.1,mhcii_median_score,0.32449550000000005
YP_499262.1,mhcii_median_percentile,2.36
YP_499262.1,mhcii_num_strong_binders,32
YP_499857.1,mhcii_median_score,0.324164
YP_499857.1,mhcii_median_percentile,2.32
YP_499857.1,mhcii_num_strong_binders,51
YP_500261.1,mhcii_median_score,0.2425385
YP_500261.1,mhcii_median_percentile,2.185
YP_500261.1,mhcii_num_strong_binders,8
YP_498610.1,mhcii_median_score,0.29377600000000004
YP_498610.1,mhcii_median_percentile,2.565
YP_498610.1,mhcii_num_strong_binders,41
YP_500922.1,mhcii_median_score,0.286591
YP_500922.1,mhcii_median_percentile,2.9
YP_500922.1,mhcii_num_strong_binders,8
YP_500433.1,mhcii_median_score,0.335619
YP_500433.1,mhcii_median_percentile,2.34
YP_500433.1,mhcii_num_strong_binders,44
YP_499934.1,mhcii_median_score,0.300646
YP_499934.1,mhcii_median_percentile,2.29
YP_499934.1,mhcii_num_strong_binders,32
YP_500542.1,mhcii_median_score,0.29489299999999996
YP_500542.1,mhcii_median_percentile,2.7
YP_500542.1,mhcii_num_strong_binders,33
YP_501450.1,mhcii_median_score,0.323091
YP_501450.1,mhcii_median_percentile,2.2649999999999997
YP_501450.1,mhcii_num_strong_binders,21
YP_498730.1,mhcii_median_score,0.282602
YP_498730.1,mhcii_median_percentile,2.45
YP_498730.1,mhcii_num_strong_binders,9
YP_499158.1,mhcii_median_score,0.323731
YP_499158.1,mhcii_median_percentile,2.5
YP_499158.1,mhcii_num_strong_binders,12
YP_500764.1,mhcii_median_score,0.31075450000000004
YP_500764.1,mhcii_median_percentile,2.525
YP_500764.1,mhcii_num_strong_binders,55
YP_500167.1,mhcii_median_score,0.347377
YP_500167.1,mhcii_median_percentile,2.6900000000000004
YP_500167.1,mhcii_num_strong_binders,7
YP_499002.1,mhcii_median_score,0.315086
YP_499002.1,mhcii_median_percentile,2.87
YP_499002.1,mhcii_num_strong_binders,7
YP_501474.1,mhcii_median_score,0.264713
YP_501474.1,mhcii_median_percentile,2.33
YP_501474.1,mhcii_num_strong_binders,30
YP_501139.1,mhcii_median_score,0.334469
YP_501139.1,mhcii_median_percentile,2.565
YP_501139.1,mhcii_num_strong_binders,13
YP_500711.1,mhcii_median_score,0.377436
YP_500711.1,mhcii_median_percentile,2.065
YP_500711.1,mhcii_num_strong_binders,59
YP_500549.1,mhcii_median_score,0.350611
YP_500549.1,mhcii_median_percentile,3.04
YP_500549.1,mhcii_num_strong_binders,0
YP_501122.1,mhcii_median_score,0.265961
YP_501122.1,mhcii_median_percentile,2.86
YP_501122.1,mhcii_num_strong_binders,32
YP_498678.1,mhcii_median_score,0.269897
YP_498678.1,mhcii_median_percentile,3.08
YP_498678.1,mhcii_num_strong_binders,13
YP_499994.1,mhcii_median_score,0.420172
YP_499994.1,mhcii_median_percentile,1.77
YP_499994.1,mhcii_num_strong_binders,5
YP_500682.1,mhcii_median_score,0.3112745
YP_500682.1,mhcii_median_percentile,1.7349999999999999
YP_500682.1,mhcii_num_strong_binders,23
YP_500186.1,mhcii_median_score,0.3186565
YP_500186.1,mhcii_median_percentile,2.3099999999999996
YP_500186.1,mhcii_num_strong_binders,34
YP_500068.1,mhcii_median_score,0.3094165
YP_500068.1,mhcii_median_percentile,2.25
YP_500068.1,mhcii_num_strong_binders,34
YP_499541.1,mhcii_median_score,0.2484315
YP_499541.1,mhcii_median_percentile,2.895
YP_499541.1,mhcii_num_strong_binders,11
YP_499312.1,mhcii_median_score,0.24935849999999998
YP_499312.1,mhcii_median_percentile,3.065
YP_499312.1,mhcii_num_strong_binders,6
YP_500905.1,mhcii_median_score,0.320092
YP_500905.1,mhcii_median_percentile,2.49
YP_500905.1,mhcii_num_strong_binders,79
YP_499719.1,mhcii_median_score,0.35122200000000003
YP_499719.1,mhcii_median_percentile,2.315
YP_499719.1,mhcii_num_strong_binders,35
YP_499093.1,mhcii_median_score,0.278783
YP_499093.1,mhcii_median_percentile,2.96
YP_499093.1,mhcii_num_strong_binders,15
YP_499224.1,mhcii_median_score,0.34632850000000004
YP_499224.1,mhcii_median_percentile,2.12
YP_499224.1,mhcii_num_strong_binders,22
YP_498647.1,mhcii_median_score,0.426578
YP_498647.1,mhcii_median_percentile,2.39
YP_498647.1,mhcii_num_strong_binders,9
YP_499525.1,mhcii_median_score,0.43849249999999995
YP_499525.1,mhcii_median_percentile,2.11
YP_499525.1,mhcii_num_strong_binders,24
YP_499522.1,mhcii_median_score,0.388381
YP_499522.1,mhcii_median_percentile,2.42
YP_499522.1,mhcii_num_strong_binders,10
YP_498928.1,mhcii_median_score,0.351614
YP_498928.1,mhcii_median_percentile,2.075
YP_498928.1,mhcii_num_strong_binders,131
YP_499123.1,mhcii_median_score,0.26831950000000004
YP_499123.1,mhcii_median_percentile,3.235
YP_499123.1,mhcii_num_strong_binders,6
YP_499058.1,mhcii_median_score,0.3546095
YP_499058.1,mhcii_median_percentile,2.8
YP_499058.1,mhcii_num_strong_binders,9
YP_500459.1,mhcii_median_score,0.3213065
YP_500459.1,mhcii_median_percentile,2.6399999999999997
YP_500459.1,mhcii_num_strong_binders,44
YP_499978.1,mhcii_median_score,0.278904
YP_499978.1,mhcii_median_percentile,2.63
YP_499978.1,mhcii_num_strong_binders,9
YP_501107.1,mhcii_median_score,0.287609
YP_501107.1,mhcii_median_percentile,2.15
YP_501107.1,mhcii_num_strong_binders,27
YP_499349.1,mhcii_median_score,0.3275665
YP_499349.1,mhcii_median_percentile,2.44
YP_499349.1,mhcii_num_strong_binders,8
YP_499995.1,mhcii_median_score,0.275882
YP_499995.1,mhcii_median_percentile,2.925
YP_499995.1,mhcii_num_strong_binders,13
YP_500697.1,mhcii_median_score,0.370537
YP_500697.1,mhcii_median_percentile,2.5
YP_500697.1,mhcii_num_strong_binders,9
YP_499119.1,mhcii_median_score,0.31207
YP_499119.1,mhcii_median_percentile,2.44
YP_499119.1,mhcii_num_strong_binders,58
YP_499685.1,mhcii_median_score,0.332287
YP_499685.1,mhcii_median_percentile,2.27
YP_499685.1,mhcii_num_strong_binders,41
YP_500599.1,mhcii_median_score,0.30583099999999996
YP_500599.1,mhcii_median_percentile,2.62
YP_500599.1,mhcii_num_strong_binders,52
YP_500389.1,mhcii_median_score,0.323601
YP_500389.1,mhcii_median_percentile,2.58
YP_500389.1,mhcii_num_strong_binders,54
YP_500162.1,mhcii_median_score,0.3803065
YP_500162.1,mhcii_median_percentile,2.24
YP_500162.1,mhcii_num_strong_binders,19
YP_501186.1,mhcii_median_score,0.269893
YP_501186.1,mhcii_median_percentile,2.77
YP_501186.1,mhcii_num_strong_binders,25
YP_498609.1,mhcii_median_score,0.3233795
YP_498609.1,mhcii_median_percentile,2.36
YP_498609.1,mhcii_num_strong_binders,62
YP_500741.1,mhcii_median_score,0.296977
YP_500741.1,mhcii_median_percentile,2.59
YP_500741.1,mhcii_num_strong_binders,32
YP_500449.1,mhcii_median_score,0.310805
YP_500449.1,mhcii_median_percentile,2.505
YP_500449.1,mhcii_num_strong_binders,31
YP_500120.1,mhcii_median_score,0.32535349999999996
YP_500120.1,mhcii_median_percentile,2.55
YP_500120.1,mhcii_num_strong_binders,45
YP_499431.1,mhcii_median_score,0.363891
YP_499431.1,mhcii_median_percentile,2.44
YP_499431.1,mhcii_num_strong_binders,37
YP_498696.1,mhcii_median_score,0.327101
YP_498696.1,mhcii_median_percentile,2.56
YP_498696.1,mhcii_num_strong_binders,22
YP_500550.1,mhcii_median_score,0.354584
YP_500550.1,mhcii_median_percentile,2.0300000000000002
YP_500550.1,mhcii_num_strong_binders,31
YP_500795.1,mhcii_median_score,0.330803
YP_500795.1,mhcii_median_percentile,2.32
YP_500795.1,mhcii_num_strong_binders,62
YP_499888.1,mhcii_median_score,0.274029
YP_499888.1,mhcii_median_percentile,2.8
YP_499888.1,mhcii_num_strong_binders,28
YP_499558.1,mhcii_median_score,0.2843945
YP_499558.1,mhcii_median_percentile,3.255
YP_499558.1,mhcii_num_strong_binders,5
YP_500393.1,mhcii_median_score,0.2632105
YP_500393.1,mhcii_median_percentile,2.995
YP_500393.1,mhcii_num_strong_binders,3
YP_498896.1,mhcii_median_score,0.28037
YP_498896.1,mhcii_median_percentile,2.65
YP_498896.1,mhcii_num_strong_binders,25
YP_500255.1,mhcii_median_score,0.302361
YP_500255.1,mhcii_median_percentile,2.76
YP_500255.1,mhcii_num_strong_binders,24
YP_499376.1,mhcii_median_score,0.150648
YP_499376.1,mhcii_median_percentile,3.085
YP_499376.1,mhcii_num_strong_binders,5
YP_500119.1,mhcii_median_score,0.2559495
YP_500119.1,mhcii_median_percentile,3.065
YP_500119.1,mhcii_num_strong_binders,14
YP_501036.1,mhcii_median_score,0.3768165
YP_501036.1,mhcii_median_percentile,2.105
YP_501036.1,mhcii_num_strong_binders,3
YP_500279.1,mhcii_median_score,0.35143800000000003
YP_500279.1,mhcii_median_percentile,2.355
YP_500279.1,mhcii_num_strong_binders,32
YP_501481.1,mhcii_median_score,0.324915
YP_501481.1,mhcii_median_percentile,2.64
YP_501481.1,mhcii_num_strong_binders,22
YP_501434.1,mhcii_median_score,0.3023055
YP_501434.1,mhcii_median_percentile,2.615
YP_501434.1,mhcii_num_strong_binders,98
YP_499264.1,mhcii_median_score,0.348348
YP_499264.1,mhcii_median_percentile,2.535
YP_499264.1,mhcii_num_strong_binders,10
YP_498768.1,mhcii_median_score,0.322926
YP_498768.1,mhcii_median_percentile,2.45
YP_498768.1,mhcii_num_strong_binders,81
YP_499118.1,mhcii_median_score,0.3107925
YP_499118.1,mhcii_median_percentile,2.46
YP_499118.1,mhcii_num_strong_binders,143
YP_500388.1,mhcii_median_score,0.2682
YP_500388.1,mhcii_median_percentile,2.6
YP_500388.1,mhcii_num_strong_binders,9
YP_498966.1,mhcii_median_score,0.38214000000000004
YP_498966.1,mhcii_median_percentile,2.37
YP_498966.1,mhcii_num_strong_binders,35
YP_501290.1,mhcii_median_score,0.330593
YP_501290.1,mhcii_median_percentile,2.3
YP_501290.1,mhcii_num_strong_binders,28
YP_501264.1,mhcii_median_score,0.322679
YP_501264.1,mhcii_median_percentile,2.52
YP_501264.1,mhcii_num_strong_binders,21
YP_500713.1,mhcii_median_score,0.31799750000000004
YP_500713.1,mhcii_median_percentile,1.88
YP_500713.1,mhcii_num_strong_binders,16
YP_499050.1,mhcii_median_score,0.291438
YP_499050.1,mhcii_median_percentile,2.7
YP_499050.1,mhcii_num_strong_binders,36
YP_501132.1,mhcii_median_score,0.294956
YP_501132.1,mhcii_median_percentile,2.05
YP_501132.1,mhcii_num_strong_binders,20
YP_500864.1,mhcii_median_score,0.298212
YP_500864.1,mhcii_median_percentile,2.74
YP_500864.1,mhcii_num_strong_binders,10
YP_501208.1,mhcii_median_score,0.47892250000000003
YP_501208.1,mhcii_median_percentile,1.6600000000000001
YP_501208.1,mhcii_num_strong_binders,40
YP_500495.1,mhcii_median_score,0.346215
YP_500495.1,mhcii_median_percentile,2.26
YP_500495.1,mhcii_num_strong_binders,38
YP_499100.1,mhcii_median_score,0.2893465
YP_499100.1,mhcii_median_percentile,2.46
YP_499100.1,mhcii_num_strong_binders,10
YP_501383.1,mhcii_median_score,0.2836105
YP_501383.1,mhcii_median_percentile,3.3449999999999998
YP_501383.1,mhcii_num_strong_binders,6
YP_500189.1,mhcii_median_score,0.30415749999999997
YP_500189.1,mhcii_median_percentile,2.2649999999999997
YP_500189.1,mhcii_num_strong_binders,40
YP_500399.1,mhcii_median_score,0.367373
YP_500399.1,mhcii_median_percentile,2.35
YP_500399.1,mhcii_num_strong_binders,10
YP_499396.1,mhcii_median_score,0.320696
YP_499396.1,mhcii_median_percentile,2.56
YP_499396.1,mhcii_num_strong_binders,32
YP_499593.1,mhcii_median_score,0.407391
YP_499593.1,mhcii_median_percentile,2.615
YP_499593.1,mhcii_num_strong_binders,8
YP_499986.1,mhcii_median_score,0.379467
YP_499986.1,mhcii_median_percentile,1.85
YP_499986.1,mhcii_num_strong_binders,17
YP_500202.1,mhcii_median_score,0.2383575
YP_500202.1,mhcii_median_percentile,2.8049999999999997
YP_500202.1,mhcii_num_strong_binders,7
YP_498859.1,mhcii_median_score,0.296984
YP_498859.1,mhcii_median_percentile,2.315
YP_498859.1,mhcii_num_strong_binders,22
YP_500306.1,mhcii_median_score,0.303013
YP_500306.1,mhcii_median_percentile,2.65
YP_500306.1,mhcii_num_strong_binders,33
YP_499249.1,mhcii_median_score,0.2994415
YP_499249.1,mhcii_median_percentile,2.8099999999999996
YP_499249.1,mhcii_num_strong_binders,14
YP_499345.1,mhcii_median_score,0.279895
YP_499345.1,mhcii_median_percentile,2.86
YP_499345.1,mhcii_num_strong_binders,27
YP_498808.1,mhcii_median_score,0.299025
YP_498808.1,mhcii_median_percentile,2.61
YP_498808.1,mhcii_num_strong_binders,71
YP_499225.1,mhcii_median_score,0.3451115
YP_499225.1,mhcii_median_percentile,2.16
YP_499225.1,mhcii_num_strong_binders,34
YP_500380.1,mhcii_median_score,0.319249
YP_500380.1,mhcii_median_percentile,2.04
YP_500380.1,mhcii_num_strong_binders,30
YP_499451.1,mhcii_median_score,0.29038149999999996
YP_499451.1,mhcii_median_percentile,2.48
YP_499451.1,mhcii_num_strong_binders,50
YP_008530243.1,mhcii_median_score,0.399658
YP_008530243.1,mhcii_median_percentile,2.29
YP_008530243.1,mhcii_num_strong_binders,9
YP_501152.1,mhcii_median_score,0.328821
YP_501152.1,mhcii_median_percentile,2.45
YP_501152.1,mhcii_num_strong_binders,70
YP_500917.1,mhcii_median_score,0.311884
YP_500917.1,mhcii_median_percentile,2.65
YP_500917.1,mhcii_num_strong_binders,22
YP_498913.1,mhcii_median_score,0.2956135
YP_498913.1,mhcii_median_percentile,3.005
YP_498913.1,mhcii_num_strong_binders,5
YP_500822.1,mhcii_median_score,0.360152
YP_500822.1,mhcii_median_percentile,2.24
YP_500822.1,mhcii_num_strong_binders,66
YP_499470.1,mhcii_median_score,0.38529500000000005
YP_499470.1,mhcii_median_percentile,2.315
YP_499470.1,mhcii_num_strong_binders,30
YP_500001.1,mhcii_median_score,0.3504385
YP_500001.1,mhcii_median_percentile,2.35
YP_500001.1,mhcii_num_strong_binders,42
YP_499406.1,mhcii_median_score,0.34836
YP_499406.1,mhcii_median_percentile,1.8
YP_499406.1,mhcii_num_strong_binders,6
YP_500247.1,mhcii_median_score,0.325729
YP_500247.1,mhcii_median_percentile,2.15
YP_500247.1,mhcii_num_strong_binders,42
YP_500390.1,mhcii_median_score,0.338302
YP_500390.1,mhcii_median_percentile,2.28
YP_500390.1,mhcii_num_strong_binders,20
YP_500734.1,mhcii_median_score,0.284779
YP_500734.1,mhcii_median_percentile,3.18
YP_500734.1,mhcii_num_strong_binders,5
YP_501286.1,mhcii_median_score,0.3077765
YP_501286.1,mhcii_median_percentile,2.03
YP_501286.1,mhcii_num_strong_binders,22
YP_499814.1,mhcii_median_score,0.277678
YP_499814.1,mhcii_median_percentile,2.47
YP_499814.1,mhcii_num_strong_binders,8
YP_498729.1,mhcii_median_score,0.288089
YP_498729.1,mhcii_median_percentile,2.71
YP_498729.1,mhcii_num_strong_binders,34
YP_499402.1,mhcii_median_score,0.31434
YP_499402.1,mhcii_median_percentile,2.54
YP_499402.1,mhcii_num_strong_binders,44
YP_500183.1,mhcii_median_score,0.271741
YP_500183.1,mhcii_median_percentile,2.975
YP_500183.1,mhcii_num_strong_binders,5
YP_499565.1,mhcii_median_score,0.309339
YP_499565.1,mhcii_median_percentile,2.48
YP_499565.1,mhcii_num_strong_binders,33
YP_500645.1,mhcii_median_score,0.25586
YP_500645.1,mhcii_median_percentile,2.42
YP_500645.1,mhcii_num_strong_binders,5
YP_498751.1,mhcii_median_score,0.280424
YP_498751.1,mhcii_median_percentile,2.25
YP_498751.1,mhcii_num_strong_binders,19
YP_498989.1,mhcii_median_score,0.31826299999999996
YP_498989.1,mhcii_median_percentile,2.545
YP_498989.1,mhcii_num_strong_binders,26
YP_500431.1,mhcii_median_score,0.411582
YP_500431.1,mhcii_median_percentile,1.87
YP_500431.1,mhcii_num_strong_binders,24
YP_500650.1,mhcii_median_score,0.34376450000000003
YP_500650.1,mhcii_median_percentile,2.21
YP_500650.1,mhcii_num_strong_binders,115
YP_499177.1,mhcii_median_score,0.32302600000000004
YP_499177.1,mhcii_median_percentile,2.535
YP_499177.1,mhcii_num_strong_binders,8
YP_498931.1,mhcii_median_score,0.335869
YP_498931.1,mhcii_median_percentile,2.54
YP_498931.1,mhcii_num_strong_binders,24
YP_500655.1,mhcii_median_score,0.349883
YP_500655.1,mhcii_median_percentile,2.75
YP_500655.1,mhcii_num_strong_binders,4
YP_501414.1,mhcii_median_score,0.310906
YP_501414.1,mhcii_median_percentile,2.16
YP_501414.1,mhcii_num_strong_binders,71
YP_500911.1,mhcii_median_score,0.362034
YP_500911.1,mhcii_median_percentile,2.44
YP_500911.1,mhcii_num_strong_binders,28
YP_499461.1,mhcii_median_score,0.310951
YP_499461.1,mhcii_median_percentile,2.37
YP_499461.1,mhcii_num_strong_binders,65
YP_499181.1,mhcii_median_score,0.283696
YP_499181.1,mhcii_median_percentile,2.455
YP_499181.1,mhcii_num_strong_binders,16
YP_499146.1,mhcii_median_score,0.324666
YP_499146.1,mhcii_median_percentile,2.25
YP_499146.1,mhcii_num_strong_binders,49
YP_498721.1,mhcii_median_score,0.3108055
YP_498721.1,mhcii_median_percentile,2.665
YP_498721.1,mhcii_num_strong_binders,19
YP_499037.1,mhcii_median_score,0.4551535
YP_499037.1,mhcii_median_percentile,1.435
YP_499037.1,mhcii_num_strong_binders,14
YP_501133.1,mhcii_median_score,0.323302
YP_501133.1,mhcii_median_percentile,2.66
YP_501133.1,mhcii_num_strong_binders,30
YP_501137.1,mhcii_median_score,0.28202
YP_501137.1,mhcii_median_percentile,2.85
YP_501137.1,mhcii_num_strong_binders,15
YP_500059.1,mhcii_median_score,0.27328949999999996
YP_500059.1,mhcii_median_percentile,3.465
YP_500059.1,mhcii_num_strong_binders,0
YP_498663.1,mhcii_median_score,0.266641
YP_498663.1,mhcii_median_percentile,3.1
YP_498663.1,mhcii_num_strong_binders,13
YP_500986.1,mhcii_median_score,0.3297025
YP_500986.1,mhcii_median_percentile,2.21
YP_500986.1,mhcii_num_strong_binders,9
YP_499809.1,mhcii_median_score,0.284433
YP_499809.1,mhcii_median_percentile,2.58
YP_499809.1,mhcii_num_strong_binders,41
YP_499832.1,mhcii_median_score,0.376947
YP_499832.1,mhcii_median_percentile,2.73
YP_499832.1,mhcii_num_strong_binders,0
YP_501477.1,mhcii_median_score,0.287836
YP_501477.1,mhcii_median_percentile,3.64
YP_501477.1,mhcii_num_strong_binders,7
YP_500964.1,mhcii_median_score,0.31597
YP_500964.1,mhcii_median_percentile,2.18
YP_500964.1,mhcii_num_strong_binders,20
YP_501222.1,mhcii_median_score,0.284673
YP_501222.1,mhcii_median_percentile,2.34
YP_501222.1,mhcii_num_strong_binders,20
YP_499787.1,mhcii_median_score,0.274386
YP_499787.1,mhcii_median_percentile,3.325
YP_499787.1,mhcii_num_strong_binders,5
YP_499107.1,mhcii_median_score,0.261278
YP_499107.1,mhcii_median_percentile,2.67
YP_499107.1,mhcii_num_strong_binders,19
YP_501258.1,mhcii_median_score,0.345819
YP_501258.1,mhcii_median_percentile,1.68
YP_501258.1,mhcii_num_strong_binders,21
YP_500667.1,mhcii_median_score,0.325414
YP_500667.1,mhcii_median_percentile,2.39
YP_500667.1,mhcii_num_strong_binders,59
YP_500602.1,mhcii_median_score,0.29098
YP_500602.1,mhcii_median_percentile,2.775
YP_500602.1,mhcii_num_strong_binders,13
YP_500311.1,mhcii_median_score,0.305096
YP_500311.1,mhcii_median_percentile,2.63
YP_500311.1,mhcii_num_strong_binders,39
YP_499128.1,mhcii_median_score,0.3152005
YP_499128.1,mhcii_median_percentile,2.59
YP_499128.1,mhcii_num_strong_binders,21
YP_500445.1,mhcii_median_score,0.335798
YP_500445.1,mhcii_median_percentile,3.21
YP_500445.1,mhcii_num_strong_binders,7
YP_500806.1,mhcii_median_score,0.31317700000000004
YP_500806.1,mhcii_median_percentile,2.67
YP_500806.1,mhcii_num_strong_binders,19
YP_500949.1,mhcii_median_score,0.303705
YP_500949.1,mhcii_median_percentile,3.0
YP_500949.1,mhcii_num_strong_binders,6
YP_500401.1,mhcii_median_score,0.290391
YP_500401.1,mhcii_median_percentile,2.9
YP_500401.1,mhcii_num_strong_binders,2
YP_501170.1,mhcii_median_score,0.30857
YP_501170.1,mhcii_median_percentile,2.6
YP_501170.1,mhcii_num_strong_binders,38
YP_500913.1,mhcii_median_score,0.3107705
YP_500913.1,mhcii_median_percentile,2.53
YP_500913.1,mhcii_num_strong_binders,53
YP_499329.1,mhcii_median_score,0.23076000000000002
YP_499329.1,mhcii_median_percentile,4.630000000000001
YP_499329.1,mhcii_num_strong_binders,0
YP_498826.1,mhcii_median_score,0.3094925
YP_498826.1,mhcii_median_percentile,2.605
YP_498826.1,mhcii_num_strong_binders,34
YP_499760.1,mhcii_median_score,0.378446
YP_499760.1,mhcii_median_percentile,2.1
YP_499760.1,mhcii_num_strong_binders,47
YP_501478.1,mhcii_median_score,0.273828
YP_501478.1,mhcii_median_percentile,3.11
YP_501478.1,mhcii_num_strong_binders,16
YP_499794.1,mhcii_median_score,0.333325
YP_499794.1,mhcii_median_percentile,2.39
YP_499794.1,mhcii_num_strong_binders,44
YP_500719.1,mhcii_median_score,0.300094
YP_500719.1,mhcii_median_percentile,2.16
YP_500719.1,mhcii_num_strong_binders,28
YP_499998.1,mhcii_median_score,0.278793
YP_499998.1,mhcii_median_percentile,2.1
YP_499998.1,mhcii_num_strong_binders,28
YP_501418.1,mhcii_median_score,0.30885
YP_501418.1,mhcii_median_percentile,2.955
YP_501418.1,mhcii_num_strong_binders,21
YP_500434.1,mhcii_median_score,0.306627
YP_500434.1,mhcii_median_percentile,2.28
YP_500434.1,mhcii_num_strong_binders,62
YP_501338.1,mhcii_median_score,0.3150675
YP_501338.1,mhcii_median_percentile,2.635
YP_501338.1,mhcii_num_strong_binders,47
YP_499913.1,mhcii_median_score,0.361235
YP_499913.1,mhcii_median_percentile,2.55
YP_499913.1,mhcii_num_strong_binders,15
YP_498835.1,mhcii_median_score,0.30271
YP_498835.1,mhcii_median_percentile,3.32
YP_498835.1,mhcii_num_strong_binders,7
YP_500890.1,mhcii_median_score,0.30761700000000003
YP_500890.1,mhcii_median_percentile,2.885
YP_500890.1,mhcii_num_strong_binders,30
YP_500883.1,mhcii_median_score,0.342492
YP_500883.1,mhcii_median_percentile,2.29
YP_500883.1,mhcii_num_strong_binders,47
YP_498714.1,mhcii_median_score,0.310577
YP_498714.1,mhcii_median_percentile,2.57
YP_498714.1,mhcii_num_strong_binders,17
YP_501252.1,mhcii_median_score,0.32195450000000003
YP_501252.1,mhcii_median_percentile,2.4450000000000003
YP_501252.1,mhcii_num_strong_binders,60
YP_499276.1,mhcii_median_score,0.3409835
YP_499276.1,mhcii_median_percentile,1.9649999999999999
YP_499276.1,mhcii_num_strong_binders,10
YP_500553.1,mhcii_median_score,0.276492
YP_500553.1,mhcii_median_percentile,3.05
YP_500553.1,mhcii_num_strong_binders,2
YP_500301.1,mhcii_median_score,0.2983485
YP_500301.1,mhcii_median_percentile,2.425
YP_500301.1,mhcii_num_strong_binders,128
YP_500208.1,mhcii_median_score,0.2451845
YP_500208.1,mhcii_median_percentile,3.19
YP_500208.1,mhcii_num_strong_binders,11
YP_499754.1,mhcii_median_score,0.281035
YP_499754.1,mhcii_median_percentile,2.56
YP_499754.1,mhcii_num_strong_binders,15
YP_501216.1,mhcii_median_score,0.281602
YP_501216.1,mhcii_median_percentile,3.11
YP_501216.1,mhcii_num_strong_binders,3
YP_498621.1,mhcii_median_score,0.311705
YP_498621.1,mhcii_median_percentile,2.32
YP_498621.1,mhcii_num_strong_binders,7
YP_499675.1,mhcii_median_score,0.291712
YP_499675.1,mhcii_median_percentile,2.45
YP_499675.1,mhcii_num_strong_binders,17
YP_499331.1,mhcii_median_score,0.36739049999999995
YP_499331.1,mhcii_median_percentile,2.48
YP_499331.1,mhcii_num_strong_binders,31
YP_501269.1,mhcii_median_score,0.28482
YP_501269.1,mhcii_median_percentile,2.74
YP_501269.1,mhcii_num_strong_binders,13
SSL5|A0A0H3K6Z6,mhcii_median_score,0.3245485
SSL5|A0A0H3K6Z6,mhcii_median_percentile,2.73
SSL5|A0A0H3K6Z6,mhcii_num_strong_binders,17
SSL10|A0A0H3K6Z9,mhcii_median_score,0.29614
SSL10|A0A0H3K6Z9,mhcii_median_percentile,2.88
SSL10|A0A0H3K6Z9,mhcii_num_strong_binders,16
SSL1|A0A0H3KAV3,mhcii_median_score,0.2486015
SSL1|A0A0H3KAV3,mhcii_median_percentile,2.685
SSL1|A0A0H3KAV3,mhcii_num_strong_binders,10
SSL4|A0A0H3K6A3,mhcii_median_score,0.262391
SSL4|A0A0H3K6A3,mhcii_median_percentile,3.31
SSL4|A0A0H3K6A3,mhcii_num_strong_binders,13
P0C0I5|ExotoxinC,mhcii_median_score,0.334804
P0C0I5|ExotoxinC,mhcii_median_percentile,2.62
P0C0I5|ExotoxinC,mhcii_num_strong_binders,38
P0C0I6|ExotoxinH,mhcii_median_score,0.414413
P0C0I6|ExotoxinH,mhcii_median_percentile,2.23
P0C0I6|ExotoxinH,mhcii_num_strong_binders,18
P0DJY7|ExotoxinA,mhcii_median_score,0.301499
P0DJY7|ExotoxinA,mhcii_median_percentile,2.82
P0DJY7|ExotoxinA,mhcii_num_strong_binders,28
A0A0H3KHN8|EnterotoxinA,mhcii_median_score,0.483969
A0A0H3KHN8|EnterotoxinA,mhcii_median_percentile,1.62
A0A0H3KHN8|EnterotoxinA,mhcii_num_strong_binders,42
YP_500337.1,mhcii_median_score,0.27709
YP_500337.1,mhcii_median_percentile,2.63
YP_500337.1,mhcii_num_strong_binders,4
YP_501119.1,mhcii_median_score,0.509831
YP_501119.1,mhcii_median_percentile,2.06
YP_501119.1,mhcii_num_strong_binders,0
YP_499390.1,mhcii_median_score,0.36139
YP_499390.1,mhcii_median_percentile,2.19
YP_499390.1,mhcii_num_strong_binders,11
YP_500007.1,mhcii_median_score,0.280978
YP_500007.1,mhcii_median_percentile,3.64
YP_500007.1,mhcii_num_strong_binders,0
YP_500804.1,mhcii_median_score,0.341766
YP_500804.1,mhcii_median_percentile,3.54
YP_500804.1,mhcii_num_strong_binders,0
YP_501173.1,mhcii_median_score,0.316477
YP_501173.1,mhcii_median_percentile,3.64
YP_501173.1,mhcii_num_strong_binders,0
YP_499555.1,mhcii_median_score,0.36712999999999996
YP_499555.1,mhcii_median_percentile,2.55
YP_499555.1,mhcii_num_strong_binders,2
YP_501053.1,mhcii_median_score,0.296583
YP_501053.1,mhcii_median_percentile,2.85
YP_501053.1,mhcii_num_strong_binders,5
YP_498655.1,mhcii_median_score,0.3963765
YP_498655.1,mhcii_median_percentile,2.455
YP_498655.1,mhcii_num_strong_binders,16
YP_498838.1,mhcii_median_score,0.386264
YP_498838.1,mhcii_median_percentile,2.11
YP_498838.1,mhcii_num_strong_binders,8
YP_499771.1,mhcii_median_score,0.296348
YP_499771.1,mhcii_median_percentile,2.87
YP_499771.1,mhcii_num_strong_binders,7
YP_499586.1,mhcii_median_score,0.490823
YP_499586.1,mhcii_median_percentile,1.865
YP_499586.1,mhcii_num_strong_binders,7
YP_499397.1,mhcii_median_score,0.443409
YP_499397.1,mhcii_median_percentile,1.92
YP_499397.1,mhcii_num_strong_binders,15
YP_500398.1,mhcii_median_score,0.247674
YP_500398.1,mhcii_median_percentile,3.3
YP_500398.1,mhcii_num_strong_binders,1
YP_499884.1,mhcii_median_score,0.293599
YP_499884.1,mhcii_median_percentile,3.67
YP_499884.1,mhcii_num_strong_binders,0
YP_500855.1,mhcii_median_score,0.625662
YP_500855.1,mhcii_median_percentile,1.1
YP_500855.1,mhcii_num_strong_binders,7
YP_500687.1,mhcii_median_score,0.253138
YP_500687.1,mhcii_median_percentile,3.34
YP_500687.1,mhcii_num_strong_binders,0
YP_008530245.1,mhcii_median_score,0.268593
YP_008530245.1,mhcii_median_percentile,4.0
YP_008530245.1,mhcii_num_strong_binders,0
YP_500426.1,mhcii_median_score,0.289592
YP_500426.1,mhcii_median_percentile,3.725
YP_500426.1,mhcii_num_strong_binders,0
YP_500405.1,mhcii_median_score,0.676633
YP_500405.1,mhcii_median_percentile,1.01
YP_500405.1,mhcii_num_strong_binders,7
YP_499530.1,mhcii_median_score,0.28861
YP_499530.1,mhcii_median_percentile,2.44
YP_499530.1,mhcii_num_strong_binders,2
YP_499966.1,mhcii_median_score,0.313967
YP_499966.1,mhcii_median_percentile,3.54
YP_499966.1,mhcii_num_strong_binders,0
YP_499172.1,mhcii_median_score,0.082024
YP_499172.1,mhcii_median_percentile,3.87
YP_499172.1,mhcii_num_strong_binders,0
YP_501253.1,mhcii_median_score,0.1666
YP_501253.1,mhcii_median_percentile,3.58
YP_501253.1,mhcii_num_strong_binders,0
YP_500700.1,mhcii_median_score,0.13793
YP_500700.1,mhcii_median_percentile,3.3
YP_500700.1,mhcii_num_strong_binders,0
YP_500868.1,mhcii_median_score,0.083069
YP_500868.1,mhcii_median_percentile,4.29
YP_500868.1,mhcii_num_strong_binders,0
YP_499822.1,mhcii_median_score,0.222671
YP_499822.1,mhcii_median_percentile,4.325
YP_499822.1,mhcii_num_strong_binders,0
