accession,feature,score
SSL3|CC1,algpred2_hybrid_score,0.633
SSL3|CC5,algpred2_hybrid_score,0.184
SSL3|CC8,algpred2_hybrid_score,0.144
SSL3|CC22,algpred2_hybrid_score,0.158
SSL3|CC30,algpred2_hybrid_score,0.19
SSL3|CC93,algpred2_hybrid_score,0.123
SSL7|CC1,algpred2_hybrid_score,0.808
SSL7|CC5,algpred2_hybrid_score,0.723
SSL7|CC8,algpred2_hybrid_score,0.77
SSL7|CC22,algpred2_hybrid_score,0.262
SSL7|CC30,algpred2_hybrid_score,0.771
SSL7|CC93,algpred2_hybrid_score,0.752
SSL11|CC1,algpred2_hybrid_score,0.173
SSL11|CC5,algpred2_hybrid_score,0.274
SSL11|CC8,algpred2_hybrid_score,0.204
SSL11|CC22,algpred2_hybrid_score,0.199
SSL11|CC30,algpred2_hybrid_score,0.308
SSL11|CC93,algpred2_hybrid_score,0.237
YP_499183.1,algpred2_hybrid_score,0.035
YP_501487.1,algpred2_hybrid_score,0.027
YP_500419.1,algpred2_hybrid_score,0.075
YP_500337.1,algpred2_hybrid_score,0.173
YP_500378.1,algpred2_hybrid_score,-0.276
YP_499389.1,algpred2_hybrid_score,-0.295
YP_499915.1,algpred2_hybrid_score,0.191
YP_501058.1,algpred2_hybrid_score,0.552
YP_499703.1,algpred2_hybrid_score,-0.279
YP_500657.1,algpred2_hybrid_score,0.86
YP_499492.1,algpred2_hybrid_score,0.168
YP_501495.1,algpred2_hybrid_score,-0.399
YP_500791.1,algpred2_hybrid_score,0.044
YP_500348.1,algpred2_hybrid_score,0.685
YP_499292.1,algpred2_hybrid_score,0.205
YP_498758.1,algpred2_hybrid_score,0.1
YP_500086.1,algpred2_hybrid_score,0.093
YP_500438.1,algpred2_hybrid_score,0.121
YP_501182.1,algpred2_hybrid_score,-0.482
YP_500020.1,algpred2_hybrid_score,0.037
YP_501119.1,algpred2_hybrid_score,0.196
YP_500511.1,algpred2_hybrid_score,0.162
YP_500759.1,algpred2_hybrid_score,0.268
YP_498958.1,algpred2_hybrid_score,0.211
YP_499051.1,algpred2_hybrid_score,0.061
YP_499163.1,algpred2_hybrid_score,0.023
YP_499540.1,algpred2_hybrid_score,-0.368
YP_499616.1,algpred2_hybrid_score,0.173
YP_500587.1,algpred2_hybrid_score,0.163
YP_499721.1,algpred2_hybrid_score,-0.368
YP_499390.1,algpred2_hybrid_score,-0.179
YP_500936.1,algpred2_hybrid_score,0.035
YP_501445.1,algpred2_hybrid_score,-0.193
YP_501499.1,algpred2_hybrid_score,0.085
YP_499373.1,algpred2_hybrid_score,0.164
YP_501066.1,algpred2_hybrid_score,-0.33
YP_500763.1,algpred2_hybrid_score,-0.336
YP_500308.1,algpred2_hybrid_score,0.016
YP_499548.1,algpred2_hybrid_score,0.11
YP_501128.1,algpred2_hybrid_score,0.295
YP_499075.1,algpred2_hybrid_score,-0.437
YP_501077.1,algpred2_hybrid_score,0.593
YP_500800.1,algpred2_hybrid_score,0.183
YP_500576.1,algpred2_hybrid_score,0.088
YP_499961.1,algpred2_hybrid_score,0.227
YP_498794.1,algpred2_hybrid_score,-0.32
YP_500304.1,algpred2_hybrid_score,-0.434
YP_499855.1,algpred2_hybrid_score,0.12
YP_499262.1,algpred2_hybrid_score,-0.475
YP_008530245.1,algpred2_hybrid_score,0.097
YP_499857.1,algpred2_hybrid_score,1.166
YP_500261.1,algpred2_hybrid_score,0.264
YP_498610.1,algpred2_hybrid_score,-0.417
YP_500922.1,algpred2_hybrid_score,-0.167
YP_500433.1,algpred2_hybrid_score,0.068
YP_499934.1,algpred2_hybrid_score,0.03
YP_500542.1,algpred2_hybrid_score,0.58
YP_500426.1,algpred2_hybrid_score,0.097
YP_501450.1,algpred2_hybrid_score,0.067
YP_498730.1,algpred2_hybrid_score,-0.324
YP_499158.1,algpred2_hybrid_score,0.019
YP_500764.1,algpred2_hybrid_score,0.027
YP_500167.1,algpred2_hybrid_score,-0.474
YP_499002.1,algpred2_hybrid_score,0.04
YP_501474.1,algpred2_hybrid_score,0.228
YP_501139.1,algpred2_hybrid_score,0.099
YP_500711.1,algpred2_hybrid_score,0.011
YP_500549.1,algpred2_hybrid_score,0.107
YP_501122.1,algpred2_hybrid_score,0.019
YP_498678.1,algpred2_hybrid_score,-0.443
YP_499994.1,algpred2_hybrid_score,0.314
YP_499764.1,algpred2_hybrid_score,0.062
YP_500682.1,algpred2_hybrid_score,0.118
YP_501253.1,algpred2_hybrid_score,0.079
YP_500186.1,algpred2_hybrid_score,-0.434
YP_500068.1,algpred2_hybrid_score,-0.264
YP_499541.1,algpred2_hybrid_score,0.824
YP_499312.1,algpred2_hybrid_score,0.086
YP_500905.1,algpred2_hybrid_score,0.521
YP_499719.1,algpred2_hybrid_score,0.768
YP_499093.1,algpred2_hybrid_score,0.2
YP_499224.1,algpred2_hybrid_score,-0.379
YP_498647.1,algpred2_hybrid_score,0.206
YP_499525.1,algpred2_hybrid_score,0.075
YP_499522.1,algpred2_hybrid_score,0.16
YP_498928.1,algpred2_hybrid_score,0.641
YP_499123.1,algpred2_hybrid_score,0.253
YP_499058.1,algpred2_hybrid_score,0.24
YP_500459.1,algpred2_hybrid_score,-0.19
YP_499978.1,algpred2_hybrid_score,0.877
YP_501107.1,algpred2_hybrid_score,0.017
YP_499349.1,algpred2_hybrid_score,0.651
YP_499995.1,algpred2_hybrid_score,0.089
YP_500697.1,algpred2_hybrid_score,0.155
YP_500007.1,algpred2_hybrid_score,0.023
YP_499119.1,algpred2_hybrid_score,-0.401
YP_499685.1,algpred2_hybrid_score,-0.416
YP_500599.1,algpred2_hybrid_score,0.138
YP_500389.1,algpred2_hybrid_score,-0.251
YP_500162.1,algpred2_hybrid_score,-0.311
YP_501186.1,algpred2_hybrid_score,-0.02
YP_498609.1,algpred2_hybrid_score,-0.39
YP_500741.1,algpred2_hybrid_score,-0.403
YP_500804.1,algpred2_hybrid_score,0.245
YP_500449.1,algpred2_hybrid_score,-0.46
YP_500120.1,algpred2_hybrid_score,0.259
YP_500405.1,algpred2_hybrid_score,0.557
YP_499431.1,algpred2_hybrid_score,0.473
YP_498696.1,algpred2_hybrid_score,-0.368
YP_500550.1,algpred2_hybrid_score,-0.36
YP_500795.1,algpred2_hybrid_score,-0.389
YP_499888.1,algpred2_hybrid_score,0.17
YP_499558.1,algpred2_hybrid_score,0.172
YP_500393.1,algpred2_hybrid_score,0.091
YP_498896.1,algpred2_hybrid_score,0.097
YP_500255.1,algpred2_hybrid_score,-0.407
YP_501173.1,algpred2_hybrid_score,0.154
YP_499376.1,algpred2_hybrid_score,0.206
YP_500119.1,algpred2_hybrid_score,0.312
YP_501036.1,algpred2_hybrid_score,0.52
YP_500279.1,algpred2_hybrid_score,-0.457
YP_501481.1,algpred2_hybrid_score,-0.461
YP_501434.1,algpred2_hybrid_score,-0.464
YP_499264.1,algpred2_hybrid_score,0.208
YP_498768.1,algpred2_hybrid_score,-0.307
YP_499118.1,algpred2_hybrid_score,0.239
YP_500388.1,algpred2_hybrid_score,0.044
YP_498966.1,algpred2_hybrid_score,0.054
YP_501290.1,algpred2_hybrid_score,0.609
YP_499555.1,algpred2_hybrid_score,0.165
YP_501264.1,algpred2_hybrid_score,0.126
YP_500713.1,algpred2_hybrid_score,0.24
YP_499530.1,algpred2_hybrid_score,0.148
YP_499050.1,algpred2_hybrid_score,-0.23
YP_501132.1,algpred2_hybrid_score,0.053
YP_501053.1,algpred2_hybrid_score,0.578
YP_500864.1,algpred2_hybrid_score,0.484
YP_501208.1,algpred2_hybrid_score,0.236
YP_500495.1,algpred2_hybrid_score,0.071
YP_499100.1,algpred2_hybrid_score,0.086
YP_501383.1,algpred2_hybrid_score,0.113
YP_500189.1,algpred2_hybrid_score,0.116
YP_500399.1,algpred2_hybrid_score,0.046
YP_499396.1,algpred2_hybrid_score,-0.481
YP_499593.1,algpred2_hybrid_score,0.291
YP_499986.1,algpred2_hybrid_score,0.176
YP_500202.1,algpred2_hybrid_score,0.405
YP_498859.1,algpred2_hybrid_score,0.542
YP_498655.1,algpred2_hybrid_score,0.051
YP_500306.1,algpred2_hybrid_score,0.422
YP_499249.1,algpred2_hybrid_score,0.11
YP_499345.1,algpred2_hybrid_score,0.054
YP_498808.1,algpred2_hybrid_score,0.004
YP_499225.1,algpred2_hybrid_score,-0.476
YP_500380.1,algpred2_hybrid_score,0.432
YP_499451.1,algpred2_hybrid_score,-0.419
YP_008530243.1,algpred2_hybrid_score,0.088
YP_498838.1,algpred2_hybrid_score,0.089
YP_501152.1,algpred2_hybrid_score,-0.173
YP_500917.1,algpred2_hybrid_score,0.621
YP_498913.1,algpred2_hybrid_score,0.047
YP_500822.1,algpred2_hybrid_score,-0.427
YP_499470.1,algpred2_hybrid_score,0.416
YP_499771.1,algpred2_hybrid_score,-0.483
YP_500001.1,algpred2_hybrid_score,0.106
YP_500700.1,algpred2_hybrid_score,0.768
YP_499966.1,algpred2_hybrid_score,0.302
YP_499406.1,algpred2_hybrid_score,0.083
YP_500247.1,algpred2_hybrid_score,-0.386
YP_500390.1,algpred2_hybrid_score,0.219
YP_500734.1,algpred2_hybrid_score,0.075
YP_501286.1,algpred2_hybrid_score,0.793
YP_499814.1,algpred2_hybrid_score,0.006
YP_498729.1,algpred2_hybrid_score,0.074
YP_499402.1,algpred2_hybrid_score,-0.379
YP_500183.1,algpred2_hybrid_score,-0.156
YP_499565.1,algpred2_hybrid_score,0.997
YP_500645.1,algpred2_hybrid_score,-0.407
YP_498751.1,algpred2_hybrid_score,0.251
YP_498989.1,algpred2_hybrid_score,0.315
YP_500431.1,algpred2_hybrid_score,0.187
YP_500650.1,algpred2_hybrid_score,0.308
YP_499177.1,algpred2_hybrid_score,0.043
YP_498931.1,algpred2_hybrid_score,0.158
YP_500655.1,algpred2_hybrid_score,0.667
YP_499586.1,algpred2_hybrid_score,0.116
YP_500868.1,algpred2_hybrid_score,0.186
YP_501414.1,algpred2_hybrid_score,0.083
YP_500911.1,algpred2_hybrid_score,0.105
YP_499461.1,algpred2_hybrid_score,0.291
YP_499181.1,algpred2_hybrid_score,0.017
YP_499146.1,algpred2_hybrid_score,0.349
YP_498721.1,algpred2_hybrid_score,0.221
YP_499037.1,algpred2_hybrid_score,0.148
YP_501133.1,algpred2_hybrid_score,0.032
YP_501137.1,algpred2_hybrid_score,0.252
YP_500059.1,algpred2_hybrid_score,0.217
YP_498663.1,algpred2_hybrid_score,-0.482
YP_500986.1,algpred2_hybrid_score,0.159
YP_499809.1,algpred2_hybrid_score,0.328
YP_499832.1,algpred2_hybrid_score,0.199
YP_499397.1,algpred2_hybrid_score,-0.481
YP_501477.1,algpred2_hybrid_score,0.098
YP_500964.1,algpred2_hybrid_score,0.175
YP_501222.1,algpred2_hybrid_score,-0.476
YP_500398.1,algpred2_hybrid_score,0.07
YP_499787.1,algpred2_hybrid_score,0.038
YP_499107.1,algpred2_hybrid_score,-0.268
YP_501258.1,algpred2_hybrid_score,0.084
YP_500667.1,algpred2_hybrid_score,0.781
YP_499884.1,algpred2_hybrid_score,0.125
YP_500602.1,algpred2_hybrid_score,0.209
YP_500311.1,algpred2_hybrid_score,0.173
YP_499128.1,algpred2_hybrid_score,-0.472
YP_500445.1,algpred2_hybrid_score,0.024
YP_500806.1,algpred2_hybrid_score,-0.413
YP_500949.1,algpred2_hybrid_score,0.016
YP_500401.1,algpred2_hybrid_score,0.018
YP_501170.1,algpred2_hybrid_score,-0.283
YP_500913.1,algpred2_hybrid_score,0.262
YP_499329.1,algpred2_hybrid_score,0.156
YP_498826.1,algpred2_hybrid_score,0.071
YP_499760.1,algpred2_hybrid_score,0.103
YP_500855.1,algpred2_hybrid_score,0.177
YP_501478.1,algpred2_hybrid_score,0.526
YP_499794.1,algpred2_hybrid_score,0.04
YP_500719.1,algpred2_hybrid_score,0.084
YP_499998.1,algpred2_hybrid_score,0.711
YP_501418.1,algpred2_hybrid_score,-0.257
YP_500434.1,algpred2_hybrid_score,-0.358
YP_501338.1,algpred2_hybrid_score,0.034
YP_499913.1,algpred2_hybrid_score,-0.452
YP_498835.1,algpred2_hybrid_score,0.083
YP_500890.1,algpred2_hybrid_score,-0.449
YP_500883.1,algpred2_hybrid_score,-0.475
YP_500687.1,algpred2_hybrid_score,0.246
YP_498714.1,algpred2_hybrid_score,0.076
YP_501252.1,algpred2_hybrid_score,-0.473
YP_499172.1,algpred2_hybrid_score,0.206
YP_499276.1,algpred2_hybrid_score,0.475
YP_500553.1,algpred2_hybrid_score,0.317
YP_500301.1,algpred2_hybrid_score,-0.324
YP_500208.1,algpred2_hybrid_score,0.037
YP_499754.1,algpred2_hybrid_score,0.641
YP_501216.1,algpred2_hybrid_score,0.623
YP_498621.1,algpred2_hybrid_score,0.545
YP_499822.1,algpred2_hybrid_score,0.215
YP_499675.1,algpred2_hybrid_score,0.039
YP_499331.1,algpred2_hybrid_score,0.132
YP_501269.1,algpred2_hybrid_score,0.075
SSL5|A0A0H3K6Z6,algpred2_hybrid_score,0.698
SSL10|A0A0H3K6Z9,algpred2_hybrid_score,0.643
SSL1|A0A0H3KAV3,algpred2_hybrid_score,0.079
SSL4|A0A0H3K6A3,algpred2_hybrid_score,0.217
P0C0I5|ExotoxinC,algpred2_hybrid_score,1.068
P0C0I6|ExotoxinH,algpred2_hybrid_score,0.619
P0DJY7|ExotoxinA,algpred2_hybrid_score,0.611
A0A0H3KHN8|EnterotoxinA,algpred2_hybrid_score,1.087
SSL3|CC1,bepipred3_max_epitope_score,0.32827016711235046
SSL3|CC1,bepipred3_min_epitope_score,0.035663116723299026
SSL3|CC1,bepipred3_mean_epitope_score,0.1869164476302838
SSL3|CC1,bepipred3_median_epitope_score,0.1863291785120964
SSL3|CC5,bepipred3_max_epitope_score,0.32893943786621094
SSL3|CC5,bepipred3_min_epitope_score,0.036804553121328354
SSL3|CC5,bepipred3_mean_epitope_score,0.19089093138322685
SSL3|CC5,bepipred3_median_epitope_score,0.19192589074373245
SSL3|CC8,bepipred3_max_epitope_score,0.33948948979377747
SSL3|CC8,bepipred3_min_epitope_score,0.04499604180455208
SSL3|CC8,bepipred3_mean_epitope_score,0.19834535346203244
SSL3|CC8,bepipred3_median_epitope_score,0.20304512977600098
SSL3|CC22,bepipred3_max_epitope_score,0.3253776729106903
SSL3|CC22,bepipred3_min_epitope_score,0.03828996792435646
SSL3|CC22,bepipred3_mean_epitope_score,0.19150492943823338
SSL3|CC22,bepipred3_median_epitope_score,0.19108916819095612
SSL3|CC30,bepipred3_max_epitope_score,0.3218580484390259
SSL3|CC30,bepipred3_min_epitope_score,0.035329729318618774
SSL3|CC30,bepipred3_mean_epitope_score,0.18904356334358455
SSL3|CC30,bepipred3_median_epitope_score,0.1895763874053955
SSL3|CC93,bepipred3_max_epitope_score,0.31353384256362915
SSL3|CC93,bepipred3_min_epitope_score,0.03283597156405449
SSL3|CC93,bepipred3_mean_epitope_score,0.1756950372058635
SSL3|CC93,bepipred3_median_epitope_score,0.17254997044801712
SSL7|CC1,bepipred3_max_epitope_score,0.31413012742996216
SSL7|CC1,bepipred3_min_epitope_score,0.023744987323880196
SSL7|CC1,bepipred3_mean_epitope_score,0.15415395843560126
SSL7|CC1,bepipred3_median_epitope_score,0.15810173749923706
SSL7|CC5,bepipred3_max_epitope_score,0.30673617124557495
SSL7|CC5,bepipred3_min_epitope_score,0.04249017685651779
SSL7|CC5,bepipred3_mean_epitope_score,0.15449241741527966
SSL7|CC5,bepipred3_median_epitope_score,0.15522055327892303
SSL7|CC8,bepipred3_max_epitope_score,0.30454856157302856
SSL7|CC8,bepipred3_min_epitope_score,0.027505729347467422
SSL7|CC8,bepipred3_mean_epitope_score,0.1411751702761472
SSL7|CC8,bepipred3_median_epitope_score,0.13896456360816956
SSL7|CC22,bepipred3_max_epitope_score,0.31629130244255066
SSL7|CC22,bepipred3_min_epitope_score,0.055748939514160156
SSL7|CC22,bepipred3_mean_epitope_score,0.17830486267582693
SSL7|CC22,bepipred3_median_epitope_score,0.17890825867652893
SSL7|CC30,bepipred3_max_epitope_score,0.3071523606777191
SSL7|CC30,bepipred3_min_epitope_score,0.05179186537861824
SSL7|CC30,bepipred3_mean_epitope_score,0.16969698265343164
SSL7|CC30,bepipred3_median_epitope_score,0.16713175177574158
SSL7|CC93,bepipred3_max_epitope_score,0.3007022738456726
SSL7|CC93,bepipred3_min_epitope_score,0.03350851312279701
SSL7|CC93,bepipred3_mean_epitope_score,0.15579026251734784
SSL7|CC93,bepipred3_median_epitope_score,0.15897712111473083
SSL11|CC1,bepipred3_max_epitope_score,0.3348182141780853
SSL11|CC1,bepipred3_min_epitope_score,0.023874852806329727
SSL11|CC1,bepipred3_mean_epitope_score,0.18371062351390718
SSL11|CC1,bepipred3_median_epitope_score,0.18870284408330917
SSL11|CC5,bepipred3_max_epitope_score,0.31018444895744324
SSL11|CC5,bepipred3_min_epitope_score,0.020000776275992393
SSL11|CC5,bepipred3_mean_epitope_score,0.190283313790705
SSL11|CC5,bepipred3_median_epitope_score,0.19471091032028198
SSL11|CC8,bepipred3_max_epitope_score,0.33755606412887573
SSL11|CC8,bepipred3_min_epitope_score,0.023690080270171165
SSL11|CC8,bepipred3_mean_epitope_score,0.18893358681637507
SSL11|CC8,bepipred3_median_epitope_score,0.1940649300813675
SSL11|CC22,bepipred3_max_epitope_score,0.3461035192012787
SSL11|CC22,bepipred3_min_epitope_score,0.023434171453118324
SSL11|CC22,bepipred3_mean_epitope_score,0.1773843237321184
SSL11|CC22,bepipred3_median_epitope_score,0.17974920570850372
SSL11|CC30,bepipred3_max_epitope_score,0.31603389978408813
SSL11|CC30,bepipred3_min_epitope_score,0.023064104840159416
SSL11|CC30,bepipred3_mean_epitope_score,0.18438068633474927
SSL11|CC30,bepipred3_median_epitope_score,0.18928641080856323
SSL11|CC93,bepipred3_max_epitope_score,0.2994544506072998
SSL11|CC93,bepipred3_min_epitope_score,0.029008036479353905
SSL11|CC93,bepipred3_mean_epitope_score,0.18183193312244333
SSL11|CC93,bepipred3_median_epitope_score,0.18577447533607483
YP_499183.1,bepipred3_max_epitope_score,0.28913354873657227
YP_499183.1,bepipred3_min_epitope_score,0.01451836060732603
YP_499183.1,bepipred3_mean_epitope_score,0.1293497946969564
YP_499183.1,bepipred3_median_epitope_score,0.1328311786055565
YP_501487.1,bepipred3_max_epitope_score,0.3585672378540039
YP_501487.1,bepipred3_min_epitope_score,0.012931643053889275
YP_501487.1,bepipred3_mean_epitope_score,0.12461455900933635
YP_501487.1,bepipred3_median_epitope_score,0.1147560253739357
YP_500419.1,bepipred3_max_epitope_score,0.31476065516471863
YP_500419.1,bepipred3_min_epitope_score,0.018755191937088966
YP_500419.1,bepipred3_mean_epitope_score,0.1934591653170409
YP_500419.1,bepipred3_median_epitope_score,0.20248184353113174
YP_500337.1,bepipred3_max_epitope_score,0.32774618268013
YP_500337.1,bepipred3_min_epitope_score,0.013447960838675499
YP_500337.1,bepipred3_mean_epitope_score,0.12685412163468632
YP_500337.1,bepipred3_median_epitope_score,0.11764221265912056
YP_500378.1,bepipred3_max_epitope_score,0.27361804246902466
YP_500378.1,bepipred3_min_epitope_score,0.00545141939073801
YP_500378.1,bepipred3_mean_epitope_score,0.07428206204037581
YP_500378.1,bepipred3_median_epitope_score,0.06381887942552567
YP_499389.1,bepipred3_max_epitope_score,0.3119423985481262
YP_499389.1,bepipred3_min_epitope_score,0.007890136912465096
YP_499389.1,bepipred3_mean_epitope_score,0.13323503315953886
YP_499389.1,bepipred3_median_epitope_score,0.1262204423546791
YP_501058.1,bepipred3_max_epitope_score,0.2684956192970276
YP_501058.1,bepipred3_min_epitope_score,0.017665110528469086
YP_501058.1,bepipred3_mean_epitope_score,0.13304818505209617
YP_501058.1,bepipred3_median_epitope_score,0.1366545781493187
YP_499703.1,bepipred3_max_epitope_score,0.3084883689880371
YP_499703.1,bepipred3_min_epitope_score,0.0036688235122710466
YP_499703.1,bepipred3_mean_epitope_score,0.09035837101200443
YP_499703.1,bepipred3_median_epitope_score,0.08050694316625595
YP_500657.1,bepipred3_max_epitope_score,0.33269160985946655
YP_500657.1,bepipred3_min_epitope_score,0.02041199430823326
YP_500657.1,bepipred3_mean_epitope_score,0.1766296587884426
YP_500657.1,bepipred3_median_epitope_score,0.17520780116319656
YP_499492.1,bepipred3_max_epitope_score,0.28397804498672485
YP_499492.1,bepipred3_min_epitope_score,0.013538572005927563
YP_499492.1,bepipred3_mean_epitope_score,0.1328763669888888
YP_499492.1,bepipred3_median_epitope_score,0.12841078639030457
YP_501495.1,bepipred3_max_epitope_score,0.25258851051330566
YP_501495.1,bepipred3_min_epitope_score,0.005307783838361502
YP_501495.1,bepipred3_mean_epitope_score,0.0946422021044919
YP_501495.1,bepipred3_median_epitope_score,0.09286244213581085
YP_500791.1,bepipred3_max_epitope_score,0.23303040862083435
YP_500791.1,bepipred3_min_epitope_score,0.006258786655962467
YP_500791.1,bepipred3_mean_epitope_score,0.045319018933895346
YP_500791.1,bepipred3_median_epitope_score,0.03302266448736191
YP_500348.1,bepipred3_max_epitope_score,0.36610841751098633
YP_500348.1,bepipred3_min_epitope_score,0.008640799671411514
YP_500348.1,bepipred3_mean_epitope_score,0.1710845735371529
YP_500348.1,bepipred3_median_epitope_score,0.18458089232444763
YP_499292.1,bepipred3_max_epitope_score,0.27154821157455444
YP_499292.1,bepipred3_min_epitope_score,0.003879460971802473
YP_499292.1,bepipred3_mean_epitope_score,0.0764455471468705
YP_499292.1,bepipred3_median_epitope_score,0.05733930133283138
YP_498758.1,bepipred3_max_epitope_score,0.2755254805088043
YP_498758.1,bepipred3_min_epitope_score,0.005153169855475426
YP_498758.1,bepipred3_mean_epitope_score,0.08431017256255463
YP_498758.1,bepipred3_median_epitope_score,0.07534084469079971
YP_500086.1,bepipred3_max_epitope_score,0.3263896405696869
YP_500086.1,bepipred3_min_epitope_score,0.030011098831892014
YP_500086.1,bepipred3_mean_epitope_score,0.1757459705039649
YP_500086.1,bepipred3_median_epitope_score,0.18491029739379883
YP_500438.1,bepipred3_max_epitope_score,0.26933324337005615
YP_500438.1,bepipred3_min_epitope_score,0.1560192108154297
YP_500438.1,bepipred3_mean_epitope_score,0.1956977814435959
YP_500438.1,bepipred3_median_epitope_score,0.1824195832014084
YP_501182.1,bepipred3_max_epitope_score,0.2755768895149231
YP_501182.1,bepipred3_min_epitope_score,0.006056406535208225
YP_501182.1,bepipred3_mean_epitope_score,0.07346166900614534
YP_501182.1,bepipred3_median_epitope_score,0.06222841143608093
YP_500020.1,bepipred3_max_epitope_score,0.23295113444328308
YP_500020.1,bepipred3_min_epitope_score,0.00500244926661253
YP_500020.1,bepipred3_mean_epitope_score,0.08505391607909162
YP_500020.1,bepipred3_median_epitope_score,0.08246093988418579
YP_501119.1,bepipred3_max_epitope_score,0.3644893765449524
YP_501119.1,bepipred3_min_epitope_score,0.20845861732959747
YP_501119.1,bepipred3_mean_epitope_score,0.2791180397073428
YP_501119.1,bepipred3_median_epitope_score,0.2830106168985367
YP_500511.1,bepipred3_max_epitope_score,0.29461613297462463
YP_500511.1,bepipred3_min_epitope_score,0.03519698977470398
YP_500511.1,bepipred3_mean_epitope_score,0.1656010186756557
YP_500511.1,bepipred3_median_epitope_score,0.16548432409763336
YP_500759.1,bepipred3_max_epitope_score,0.2495158165693283
YP_500759.1,bepipred3_min_epitope_score,0.007593304850161076
YP_500759.1,bepipred3_mean_epitope_score,0.08485105350230109
YP_500759.1,bepipred3_median_epitope_score,0.07718115299940109
YP_498958.1,bepipred3_max_epitope_score,0.3546299934387207
YP_498958.1,bepipred3_min_epitope_score,0.01564720645546913
YP_498958.1,bepipred3_mean_epitope_score,0.17039221570879784
YP_498958.1,bepipred3_median_epitope_score,0.17662430554628372
YP_499051.1,bepipred3_max_epitope_score,0.3159482777118683
YP_499051.1,bepipred3_min_epitope_score,0.005244801286607981
YP_499051.1,bepipred3_mean_epitope_score,0.07867015256456497
YP_499051.1,bepipred3_median_epitope_score,0.06333379447460175
YP_499163.1,bepipred3_max_epitope_score,0.22257721424102783
YP_499163.1,bepipred3_min_epitope_score,0.014017855748534203
YP_499163.1,bepipred3_mean_epitope_score,0.07187930642852286
YP_499163.1,bepipred3_median_epitope_score,0.0659201592206955
YP_499540.1,bepipred3_max_epitope_score,0.3445429801940918
YP_499540.1,bepipred3_min_epitope_score,0.008313546888530254
YP_499540.1,bepipred3_mean_epitope_score,0.12459634352503841
YP_499540.1,bepipred3_median_epitope_score,0.12153621017932892
YP_499616.1,bepipred3_max_epitope_score,0.2920442223548889
YP_499616.1,bepipred3_min_epitope_score,0.01472319383174181
YP_499616.1,bepipred3_mean_epitope_score,0.11770640374420004
YP_499616.1,bepipred3_median_epitope_score,0.11284595727920532
YP_500587.1,bepipred3_max_epitope_score,0.27073603868484497
YP_500587.1,bepipred3_min_epitope_score,0.009280494414269924
YP_500587.1,bepipred3_mean_epitope_score,0.11793207666826444
YP_500587.1,bepipred3_median_epitope_score,0.11364056915044785
YP_499721.1,bepipred3_max_epitope_score,0.34020549058914185
YP_499721.1,bepipred3_min_epitope_score,0.006210021208971739
YP_499721.1,bepipred3_mean_epitope_score,0.11941188854096388
YP_499721.1,bepipred3_median_epitope_score,0.11744510009884834
YP_499390.1,bepipred3_max_epitope_score,0.2456607073545456
YP_499390.1,bepipred3_min_epitope_score,0.007523180451244116
YP_499390.1,bepipred3_mean_epitope_score,0.1128815337202497
YP_499390.1,bepipred3_median_epitope_score,0.11419849842786789
YP_500936.1,bepipred3_max_epitope_score,0.2524324357509613
YP_500936.1,bepipred3_min_epitope_score,0.005928861442953348
YP_500936.1,bepipred3_mean_epitope_score,0.07639696461649524
YP_500936.1,bepipred3_median_epitope_score,0.06547820568084717
YP_501445.1,bepipred3_max_epitope_score,0.2472619265317917
YP_501445.1,bepipred3_min_epitope_score,0.008255524560809135
YP_501445.1,bepipred3_mean_epitope_score,0.0997681631706655
YP_501445.1,bepipred3_median_epitope_score,0.0903230607509613
YP_501499.1,bepipred3_max_epitope_score,0.2377154529094696
YP_501499.1,bepipred3_min_epitope_score,0.006060170941054821
YP_501499.1,bepipred3_mean_epitope_score,0.09790605549008036
YP_501499.1,bepipred3_median_epitope_score,0.08999261260032654
YP_499373.1,bepipred3_max_epitope_score,0.33845990896224976
YP_499373.1,bepipred3_min_epitope_score,0.006108409259468317
YP_499373.1,bepipred3_mean_epitope_score,0.12808360013775855
YP_499373.1,bepipred3_median_epitope_score,0.13266339898109436
YP_501066.1,bepipred3_max_epitope_score,0.2929607033729553
YP_501066.1,bepipred3_min_epitope_score,0.0050445133820176125
YP_501066.1,bepipred3_mean_epitope_score,0.07685128340232948
YP_501066.1,bepipred3_median_epitope_score,0.06507141888141632
YP_500763.1,bepipred3_max_epitope_score,0.2839564383029938
YP_500763.1,bepipred3_min_epitope_score,0.006096526049077511
YP_500763.1,bepipred3_mean_epitope_score,0.06833596438587083
YP_500763.1,bepipred3_median_epitope_score,0.05735854059457779
YP_500308.1,bepipred3_max_epitope_score,0.20895469188690186
YP_500308.1,bepipred3_min_epitope_score,0.004192008171230555
YP_500308.1,bepipred3_mean_epitope_score,0.047095613446185326
YP_500308.1,bepipred3_median_epitope_score,0.03063243255019188
YP_499548.1,bepipred3_max_epitope_score,0.30008742213249207
YP_499548.1,bepipred3_min_epitope_score,0.06800194829702377
YP_499548.1,bepipred3_mean_epitope_score,0.1754772592909061
YP_499548.1,bepipred3_median_epitope_score,0.17357272654771805
YP_501128.1,bepipred3_max_epitope_score,0.31456711888313293
YP_501128.1,bepipred3_min_epitope_score,0.02392137423157692
YP_501128.1,bepipred3_mean_epitope_score,0.14684418582562672
YP_501128.1,bepipred3_median_epitope_score,0.15137258917093277
YP_499075.1,bepipred3_max_epitope_score,0.24802479147911072
YP_499075.1,bepipred3_min_epitope_score,0.008374064229428768
YP_499075.1,bepipred3_mean_epitope_score,0.07879231374077743
YP_499075.1,bepipred3_median_epitope_score,0.0787329450249672
YP_501077.1,bepipred3_max_epitope_score,0.22701111435890198
YP_501077.1,bepipred3_min_epitope_score,0.0068655237555503845
YP_501077.1,bepipred3_mean_epitope_score,0.056306345668552374
YP_501077.1,bepipred3_median_epitope_score,0.04571730084717274
YP_500800.1,bepipred3_max_epitope_score,0.3219902217388153
YP_500800.1,bepipred3_min_epitope_score,0.0200621597468853
YP_500800.1,bepipred3_mean_epitope_score,0.14112764861488689
YP_500800.1,bepipred3_median_epitope_score,0.14687223732471466
YP_500576.1,bepipred3_max_epitope_score,0.24539896845817566
YP_500576.1,bepipred3_min_epitope_score,0.005362085998058319
YP_500576.1,bepipred3_mean_epitope_score,0.09254202187630235
YP_500576.1,bepipred3_median_epitope_score,0.08852744102478027
YP_499961.1,bepipred3_max_epitope_score,0.3325909674167633
YP_499961.1,bepipred3_min_epitope_score,0.014432531781494617
YP_499961.1,bepipred3_mean_epitope_score,0.1275487886099466
YP_499961.1,bepipred3_median_epitope_score,0.12233500182628632
YP_498794.1,bepipred3_max_epitope_score,0.2906571626663208
YP_498794.1,bepipred3_min_epitope_score,0.007990503683686256
YP_498794.1,bepipred3_mean_epitope_score,0.09131143112937289
YP_498794.1,bepipred3_median_epitope_score,0.08197852224111557
YP_500304.1,bepipred3_max_epitope_score,0.314787894487381
YP_500304.1,bepipred3_min_epitope_score,0.004957116208970547
YP_500304.1,bepipred3_mean_epitope_score,0.08096694107899745
YP_500304.1,bepipred3_median_epitope_score,0.07404949516057968
YP_499855.1,bepipred3_max_epitope_score,0.3235851228237152
YP_499855.1,bepipred3_min_epitope_score,0.15341004729270935
YP_499855.1,bepipred3_mean_epitope_score,0.22735169529914856
YP_499855.1,bepipred3_median_epitope_score,0.22763528674840927
YP_499262.1,bepipred3_max_epitope_score,0.30667147040367126
YP_499262.1,bepipred3_min_epitope_score,0.0078269736841321
YP_499262.1,bepipred3_mean_epitope_score,0.06440428493678876
YP_499262.1,bepipred3_median_epitope_score,0.04300561547279358
YP_008530245.1,bepipred3_max_epitope_score,0.18868346512317657
YP_008530245.1,bepipred3_min_epitope_score,0.022997412830591202
YP_008530245.1,bepipred3_mean_epitope_score,0.0877464609368453
YP_008530245.1,bepipred3_median_epitope_score,0.08282430469989777
YP_499857.1,bepipred3_max_epitope_score,0.3495262563228607
YP_499857.1,bepipred3_min_epitope_score,0.009749582037329674
YP_499857.1,bepipred3_mean_epitope_score,0.12869927432411696
YP_499857.1,bepipred3_median_epitope_score,0.1302393078804016
YP_500261.1,bepipred3_max_epitope_score,0.3113102912902832
YP_500261.1,bepipred3_min_epitope_score,0.008082836866378784
YP_500261.1,bepipred3_mean_epitope_score,0.11146655318520542
YP_500261.1,bepipred3_median_epitope_score,0.10635572671890259
YP_498610.1,bepipred3_max_epitope_score,0.31512242555618286
YP_498610.1,bepipred3_min_epitope_score,0.003005092963576317
YP_498610.1,bepipred3_mean_epitope_score,0.07472138559144356
YP_498610.1,bepipred3_median_epitope_score,0.06383151561021805
YP_500922.1,bepipred3_max_epitope_score,0.3163166046142578
YP_500922.1,bepipred3_min_epitope_score,0.008294974453747272
YP_500922.1,bepipred3_mean_epitope_score,0.09483693002290289
YP_500922.1,bepipred3_median_epitope_score,0.07852695509791374
YP_500433.1,bepipred3_max_epitope_score,0.27066677808761597
YP_500433.1,bepipred3_min_epitope_score,0.005940114613622427
YP_500433.1,bepipred3_mean_epitope_score,0.08153022123491369
YP_500433.1,bepipred3_median_epitope_score,0.06895338743925095
YP_499934.1,bepipred3_max_epitope_score,0.22750039398670197
YP_499934.1,bepipred3_min_epitope_score,0.011854355223476887
YP_499934.1,bepipred3_mean_epitope_score,0.09432332901257362
YP_499934.1,bepipred3_median_epitope_score,0.09087123721837997
YP_500542.1,bepipred3_max_epitope_score,0.28065377473831177
YP_500542.1,bepipred3_min_epitope_score,0.0067046033218503
YP_500542.1,bepipred3_mean_epitope_score,0.09177346423268318
YP_500542.1,bepipred3_median_epitope_score,0.08912332355976105
YP_500426.1,bepipred3_max_epitope_score,0.2202368676662445
YP_500426.1,bepipred3_min_epitope_score,0.019655467942357063
YP_500426.1,bepipred3_mean_epitope_score,0.0835907198809858
YP_500426.1,bepipred3_median_epitope_score,0.06836320832371712
YP_501450.1,bepipred3_max_epitope_score,0.260831743478775
YP_501450.1,bepipred3_min_epitope_score,0.007470762822777033
YP_501450.1,bepipred3_mean_epitope_score,0.10243105727888804
YP_501450.1,bepipred3_median_epitope_score,0.09732669591903687
YP_498730.1,bepipred3_max_epitope_score,0.3097692131996155
YP_498730.1,bepipred3_min_epitope_score,0.01792827621102333
YP_498730.1,bepipred3_mean_epitope_score,0.13246327623104057
YP_498730.1,bepipred3_median_epitope_score,0.12411508709192276
YP_499158.1,bepipred3_max_epitope_score,0.21339932084083557
YP_499158.1,bepipred3_min_epitope_score,0.011879951693117619
YP_499158.1,bepipred3_mean_epitope_score,0.07302177917352165
YP_499158.1,bepipred3_median_epitope_score,0.06859709322452545
YP_500764.1,bepipred3_max_epitope_score,0.25773078203201294
YP_500764.1,bepipred3_min_epitope_score,0.005337079055607319
YP_500764.1,bepipred3_mean_epitope_score,0.07412388765985219
YP_500764.1,bepipred3_median_epitope_score,0.06048933416604996
YP_500167.1,bepipred3_max_epitope_score,0.22255268692970276
YP_500167.1,bepipred3_min_epitope_score,0.00524341082200408
YP_500167.1,bepipred3_mean_epitope_score,0.040749375301150394
YP_500167.1,bepipred3_median_epitope_score,0.0269771758466959
YP_499002.1,bepipred3_max_epitope_score,0.2947770953178406
YP_499002.1,bepipred3_min_epitope_score,0.0059797330759465694
YP_499002.1,bepipred3_mean_epitope_score,0.07565581639106053
YP_499002.1,bepipred3_median_epitope_score,0.04750274494290352
YP_501474.1,bepipred3_max_epitope_score,0.24521107971668243
YP_501474.1,bepipred3_min_epitope_score,0.004496864043176174
YP_501474.1,bepipred3_mean_epitope_score,0.08414549337489144
YP_501474.1,bepipred3_median_epitope_score,0.08029809594154358
YP_501139.1,bepipred3_max_epitope_score,0.3195076882839203
YP_501139.1,bepipred3_min_epitope_score,0.013352295383810997
YP_501139.1,bepipred3_mean_epitope_score,0.13876536511505644
YP_501139.1,bepipred3_median_epitope_score,0.14493642002344131
YP_500711.1,bepipred3_max_epitope_score,0.2644653916358948
YP_500711.1,bepipred3_min_epitope_score,0.02127387747168541
YP_500711.1,bepipred3_mean_epitope_score,0.12913923370873645
YP_500711.1,bepipred3_median_epitope_score,0.12491953745484352
YP_500549.1,bepipred3_max_epitope_score,0.23161232471466064
YP_500549.1,bepipred3_min_epitope_score,0.03167048841714859
YP_500549.1,bepipred3_mean_epitope_score,0.09253427427675989
YP_500549.1,bepipred3_median_epitope_score,0.06771354377269745
YP_501122.1,bepipred3_max_epitope_score,0.2916509509086609
YP_501122.1,bepipred3_min_epitope_score,0.005546147469431162
YP_501122.1,bepipred3_mean_epitope_score,0.09564720648103602
YP_501122.1,bepipred3_median_epitope_score,0.08960757777094841
YP_498678.1,bepipred3_max_epitope_score,0.26113244891166687
YP_498678.1,bepipred3_min_epitope_score,0.007386271841824055
YP_498678.1,bepipred3_mean_epitope_score,0.06578749801259506
YP_498678.1,bepipred3_median_epitope_score,0.04174383543431759
YP_499994.1,bepipred3_max_epitope_score,0.2365202009677887
YP_499994.1,bepipred3_min_epitope_score,0.012621762230992317
YP_499994.1,bepipred3_mean_epitope_score,0.1035808032555949
YP_499994.1,bepipred3_median_epitope_score,0.102419413626194
YP_499764.1,bepipred3_max_epitope_score,0.29045987129211426
YP_499764.1,bepipred3_min_epitope_score,0.13024669885635376
YP_499764.1,bepipred3_mean_epitope_score,0.2222109710176786
YP_499764.1,bepipred3_median_epitope_score,0.22437435388565063
YP_500682.1,bepipred3_max_epitope_score,0.2274034470319748
YP_500682.1,bepipred3_min_epitope_score,0.010005592368543148
YP_500682.1,bepipred3_mean_epitope_score,0.10727817184862591
YP_500682.1,bepipred3_median_epitope_score,0.11059381067752838
YP_501253.1,bepipred3_max_epitope_score,0.2760034501552582
YP_501253.1,bepipred3_min_epitope_score,0.050617627799510956
YP_501253.1,bepipred3_mean_epitope_score,0.15947135402397675
YP_501253.1,bepipred3_median_epitope_score,0.16750838607549667
YP_500186.1,bepipred3_max_epitope_score,0.24158325791358948
YP_500186.1,bepipred3_min_epitope_score,0.012388912960886955
YP_500186.1,bepipred3_mean_epitope_score,0.11200736515722196
YP_500186.1,bepipred3_median_epitope_score,0.1115291565656662
YP_500068.1,bepipred3_max_epitope_score,0.3232181668281555
YP_500068.1,bepipred3_min_epitope_score,0.006524216383695602
YP_500068.1,bepipred3_mean_epitope_score,0.120449366989649
YP_500068.1,bepipred3_median_epitope_score,0.11564546450972557
YP_499541.1,bepipred3_max_epitope_score,0.33634698390960693
YP_499541.1,bepipred3_min_epitope_score,0.00716457050293684
YP_499541.1,bepipred3_mean_epitope_score,0.14857994573789515
YP_499541.1,bepipred3_median_epitope_score,0.15446513146162033
YP_499312.1,bepipred3_max_epitope_score,0.26363980770111084
YP_499312.1,bepipred3_min_epitope_score,0.011871794238686562
YP_499312.1,bepipred3_mean_epitope_score,0.1128765553896597
YP_499312.1,bepipred3_median_epitope_score,0.1127924770116806
YP_500905.1,bepipred3_max_epitope_score,0.2865269184112549
YP_500905.1,bepipred3_min_epitope_score,0.005038183182477951
YP_500905.1,bepipred3_mean_epitope_score,0.08185622574532218
YP_500905.1,bepipred3_median_epitope_score,0.0752405971288681
YP_499719.1,bepipred3_max_epitope_score,0.2981398403644562
YP_499719.1,bepipred3_min_epitope_score,0.020862659439444542
YP_499719.1,bepipred3_mean_epitope_score,0.15100416299014438
YP_499719.1,bepipred3_median_epitope_score,0.15042145550251007
YP_499093.1,bepipred3_max_epitope_score,0.2572254538536072
YP_499093.1,bepipred3_min_epitope_score,0.0073721446096897125
YP_499093.1,bepipred3_mean_epitope_score,0.097914028396628
YP_499093.1,bepipred3_median_epitope_score,0.08676594495773315
YP_499224.1,bepipred3_max_epitope_score,0.29336029291152954
YP_499224.1,bepipred3_min_epitope_score,0.006909032352268696
YP_499224.1,bepipred3_mean_epitope_score,0.08536333719426434
YP_499224.1,bepipred3_median_epitope_score,0.07571445405483246
YP_498647.1,bepipred3_max_epitope_score,0.25030818581581116
YP_498647.1,bepipred3_min_epitope_score,0.00632586469873786
YP_498647.1,bepipred3_mean_epitope_score,0.12032909081697617
YP_498647.1,bepipred3_median_epitope_score,0.12118688970804214
YP_499525.1,bepipred3_max_epitope_score,0.2992093563079834
YP_499525.1,bepipred3_min_epitope_score,0.05291130393743515
YP_499525.1,bepipred3_mean_epitope_score,0.17107799562968706
YP_499525.1,bepipred3_median_epitope_score,0.17042890191078186
YP_499522.1,bepipred3_max_epitope_score,0.32899209856987
YP_499522.1,bepipred3_min_epitope_score,0.019933374598622322
YP_499522.1,bepipred3_mean_epitope_score,0.1406682964660368
YP_499522.1,bepipred3_median_epitope_score,0.13520268350839615
YP_498928.1,bepipred3_max_epitope_score,0.2985970973968506
YP_498928.1,bepipred3_min_epitope_score,0.0064211501739919186
YP_498928.1,bepipred3_mean_epitope_score,0.08885605368484564
YP_498928.1,bepipred3_median_epitope_score,0.08292108401656151
YP_499123.1,bepipred3_max_epitope_score,0.3440924286842346
YP_499123.1,bepipred3_min_epitope_score,0.03361823409795761
YP_499123.1,bepipred3_mean_epitope_score,0.1944127791871627
YP_499123.1,bepipred3_median_epitope_score,0.20206302404403687
YP_499058.1,bepipred3_max_epitope_score,0.279790461063385
YP_499058.1,bepipred3_min_epitope_score,0.008687347173690796
YP_499058.1,bepipred3_mean_epitope_score,0.12081377876215968
YP_499058.1,bepipred3_median_epitope_score,0.1111997589468956
YP_500459.1,bepipred3_max_epitope_score,0.3286275863647461
YP_500459.1,bepipred3_min_epitope_score,0.0047287773340940475
YP_500459.1,bepipred3_mean_epitope_score,0.09277060661512895
YP_500459.1,bepipred3_median_epitope_score,0.0788957066833973
YP_499978.1,bepipred3_max_epitope_score,0.31930527091026306
YP_499978.1,bepipred3_min_epitope_score,0.02391720376908779
YP_499978.1,bepipred3_mean_epitope_score,0.14551652773198756
YP_499978.1,bepipred3_median_epitope_score,0.14792674034833908
YP_501107.1,bepipred3_max_epitope_score,0.2857387661933899
YP_501107.1,bepipred3_min_epitope_score,0.00448525371029973
YP_501107.1,bepipred3_mean_epitope_score,0.10537455974742263
YP_501107.1,bepipred3_median_epitope_score,0.10145755112171173
YP_499349.1,bepipred3_max_epitope_score,0.31048163771629333
YP_499349.1,bepipred3_min_epitope_score,0.028610462322831154
YP_499349.1,bepipred3_mean_epitope_score,0.18713662399950495
YP_499349.1,bepipred3_median_epitope_score,0.19273948669433594
YP_499995.1,bepipred3_max_epitope_score,0.3189255893230438
YP_499995.1,bepipred3_min_epitope_score,0.00663568964228034
YP_499995.1,bepipred3_mean_epitope_score,0.06994905023407026
YP_499995.1,bepipred3_median_epitope_score,0.06201531924307346
YP_500697.1,bepipred3_max_epitope_score,0.3049795627593994
YP_500697.1,bepipred3_min_epitope_score,0.051219068467617035
YP_500697.1,bepipred3_mean_epitope_score,0.19259066018657606
YP_500697.1,bepipred3_median_epitope_score,0.20591922104358673
YP_500007.1,bepipred3_max_epitope_score,0.32817625999450684
YP_500007.1,bepipred3_min_epitope_score,0.14377279579639435
YP_500007.1,bepipred3_mean_epitope_score,0.21590617671608925
YP_500007.1,bepipred3_median_epitope_score,0.2114994153380394
YP_499119.1,bepipred3_max_epitope_score,0.28590601682662964
YP_499119.1,bepipred3_min_epitope_score,0.0060320086777210236
YP_499119.1,bepipred3_mean_epitope_score,0.08924876431535397
YP_499119.1,bepipred3_median_epitope_score,0.08225012198090553
YP_499685.1,bepipred3_max_epitope_score,0.31678491830825806
YP_499685.1,bepipred3_min_epitope_score,0.005538943223655224
YP_499685.1,bepipred3_mean_epitope_score,0.08787523091182504
YP_499685.1,bepipred3_median_epitope_score,0.0767960473895073
YP_500599.1,bepipred3_max_epitope_score,0.26313093304634094
YP_500599.1,bepipred3_min_epitope_score,0.006289168260991573
YP_500599.1,bepipred3_mean_epitope_score,0.07807976784274084
YP_500599.1,bepipred3_median_epitope_score,0.06850558519363403
YP_500389.1,bepipred3_max_epitope_score,0.206192284822464
YP_500389.1,bepipred3_min_epitope_score,0.008807530626654625
YP_500389.1,bepipred3_mean_epitope_score,0.07667862085279542
YP_500389.1,bepipred3_median_epitope_score,0.07057715207338333
YP_500162.1,bepipred3_max_epitope_score,0.27894577383995056
YP_500162.1,bepipred3_min_epitope_score,0.007965801283717155
YP_500162.1,bepipred3_mean_epitope_score,0.09912829439795716
YP_500162.1,bepipred3_median_epitope_score,0.09428514540195465
YP_501186.1,bepipred3_max_epitope_score,0.2250516414642334
YP_501186.1,bepipred3_min_epitope_score,0.004773680120706558
YP_501186.1,bepipred3_mean_epitope_score,0.06976430723198543
YP_501186.1,bepipred3_median_epitope_score,0.05330446735024452
YP_498609.1,bepipred3_max_epitope_score,0.28787875175476074
YP_498609.1,bepipred3_min_epitope_score,0.004763044882565737
YP_498609.1,bepipred3_mean_epitope_score,0.09849392638745293
YP_498609.1,bepipred3_median_epitope_score,0.08517386019229889
YP_500741.1,bepipred3_max_epitope_score,0.2686440944671631
YP_500741.1,bepipred3_min_epitope_score,0.004959018435329199
YP_500741.1,bepipred3_mean_epitope_score,0.07256160387448196
YP_500741.1,bepipred3_median_epitope_score,0.06024501472711563
YP_500804.1,bepipred3_max_epitope_score,0.37464794516563416
YP_500804.1,bepipred3_min_epitope_score,0.25970980525016785
YP_500804.1,bepipred3_mean_epitope_score,0.3280953713825771
YP_500804.1,bepipred3_median_epitope_score,0.32880550622940063
YP_500449.1,bepipred3_max_epitope_score,0.19508185982704163
YP_500449.1,bepipred3_min_epitope_score,0.0069813197478652
YP_500449.1,bepipred3_mean_epitope_score,0.06960710139165438
YP_500449.1,bepipred3_median_epitope_score,0.058460742235183716
YP_500120.1,bepipred3_max_epitope_score,0.2947642207145691
YP_500120.1,bepipred3_min_epitope_score,0.005146845243871212
YP_500120.1,bepipred3_mean_epitope_score,0.09124535229455075
YP_500120.1,bepipred3_median_epitope_score,0.08008010685443878
YP_500405.1,bepipred3_max_epitope_score,0.25766029953956604
YP_500405.1,bepipred3_min_epitope_score,0.005229220725595951
YP_500405.1,bepipred3_mean_epitope_score,0.05548428857109995
YP_500405.1,bepipred3_median_epitope_score,0.03408261761069298
YP_499431.1,bepipred3_max_epitope_score,0.33308178186416626
YP_499431.1,bepipred3_min_epitope_score,0.008382574655115604
YP_499431.1,bepipred3_mean_epitope_score,0.10656036380956423
YP_499431.1,bepipred3_median_epitope_score,0.09787500277161598
YP_498696.1,bepipred3_max_epitope_score,0.2854434847831726
YP_498696.1,bepipred3_min_epitope_score,0.01314802747219801
YP_498696.1,bepipred3_mean_epitope_score,0.12513958283911544
YP_498696.1,bepipred3_median_epitope_score,0.12276433408260345
YP_500550.1,bepipred3_max_epitope_score,0.29367542266845703
YP_500550.1,bepipred3_min_epitope_score,0.0065064518712460995
YP_500550.1,bepipred3_mean_epitope_score,0.11558734512563502
YP_500550.1,bepipred3_median_epitope_score,0.10827158391475677
YP_500795.1,bepipred3_max_epitope_score,0.3295457661151886
YP_500795.1,bepipred3_min_epitope_score,0.005121664609760046
YP_500795.1,bepipred3_mean_epitope_score,0.1266997029062493
YP_500795.1,bepipred3_median_epitope_score,0.12462446466088295
YP_499888.1,bepipred3_max_epitope_score,0.3317899703979492
YP_499888.1,bepipred3_min_epitope_score,0.005959781818091869
YP_499888.1,bepipred3_mean_epitope_score,0.10269384908800323
YP_499888.1,bepipred3_median_epitope_score,0.0891103520989418
YP_499558.1,bepipred3_max_epitope_score,0.18627265095710754
YP_499558.1,bepipred3_min_epitope_score,0.010893133468925953
YP_499558.1,bepipred3_mean_epitope_score,0.06522239751363401
YP_499558.1,bepipred3_median_epitope_score,0.0590241439640522
YP_500393.1,bepipred3_max_epitope_score,0.2675533592700958
YP_500393.1,bepipred3_min_epitope_score,0.013318064622581005
YP_500393.1,bepipred3_mean_epitope_score,0.1207556755711826
YP_500393.1,bepipred3_median_epitope_score,0.12234900891780853
YP_498896.1,bepipred3_max_epitope_score,0.3613855242729187
YP_498896.1,bepipred3_min_epitope_score,0.005744409281760454
YP_498896.1,bepipred3_mean_epitope_score,0.12096398320798307
YP_498896.1,bepipred3_median_epitope_score,0.12278773635625839
YP_500255.1,bepipred3_max_epitope_score,0.2663058340549469
YP_500255.1,bepipred3_min_epitope_score,0.0049802144058048725
YP_500255.1,bepipred3_mean_epitope_score,0.07202020088822479
YP_500255.1,bepipred3_median_epitope_score,0.06770367920398712
YP_501173.1,bepipred3_max_epitope_score,0.23344393074512482
YP_501173.1,bepipred3_min_epitope_score,0.009099781513214111
YP_501173.1,bepipred3_mean_epitope_score,0.0651841266260993
YP_501173.1,bepipred3_median_epitope_score,0.049264732748270035
YP_499376.1,bepipred3_max_epitope_score,0.343478262424469
YP_499376.1,bepipred3_min_epitope_score,0.01196479331701994
YP_499376.1,bepipred3_mean_epitope_score,0.17574091493449312
YP_499376.1,bepipred3_median_epitope_score,0.1821599155664444
YP_500119.1,bepipred3_max_epitope_score,0.3480158746242523
YP_500119.1,bepipred3_min_epitope_score,0.012251014821231365
YP_500119.1,bepipred3_mean_epitope_score,0.13563365508173783
YP_500119.1,bepipred3_median_epitope_score,0.12082821130752563
YP_501036.1,bepipred3_max_epitope_score,0.24267415702342987
YP_501036.1,bepipred3_min_epitope_score,0.009732472710311413
YP_501036.1,bepipred3_mean_epitope_score,0.08754245036813829
YP_501036.1,bepipred3_median_epitope_score,0.059227097779512405
YP_500279.1,bepipred3_max_epitope_score,0.23381972312927246
YP_500279.1,bepipred3_min_epitope_score,0.004014027304947376
YP_500279.1,bepipred3_mean_epitope_score,0.07722644434407257
YP_500279.1,bepipred3_median_epitope_score,0.06511148065328598
YP_501481.1,bepipred3_max_epitope_score,0.2149403840303421
YP_501481.1,bepipred3_min_epitope_score,0.006610390730202198
YP_501481.1,bepipred3_mean_epitope_score,0.04979478004912036
YP_501481.1,bepipred3_median_epitope_score,0.03267228417098522
YP_501434.1,bepipred3_max_epitope_score,0.27301090955734253
YP_501434.1,bepipred3_min_epitope_score,0.00552187766879797
YP_501434.1,bepipred3_mean_epitope_score,0.08210878423122624
YP_501434.1,bepipred3_median_epitope_score,0.07774215191602707
YP_499264.1,bepipred3_max_epitope_score,0.353081613779068
YP_499264.1,bepipred3_min_epitope_score,0.007735575083643198
YP_499264.1,bepipred3_mean_epitope_score,0.1217984536633594
YP_499264.1,bepipred3_median_epitope_score,0.10834091156721115
YP_498768.1,bepipred3_max_epitope_score,0.2545244097709656
YP_498768.1,bepipred3_min_epitope_score,0.003944247029721737
YP_498768.1,bepipred3_mean_epitope_score,0.07824185493048057
YP_498768.1,bepipred3_median_epitope_score,0.07229539006948471
YP_499118.1,bepipred3_max_epitope_score,0.34834665060043335
YP_499118.1,bepipred3_min_epitope_score,0.009261648170650005
YP_499118.1,bepipred3_mean_epitope_score,0.12110124112868349
YP_499118.1,bepipred3_median_epitope_score,0.11915294826030731
YP_498966.1,bepipred3_max_epitope_score,0.3256772756576538
YP_498966.1,bepipred3_min_epitope_score,0.007466885261237621
YP_498966.1,bepipred3_mean_epitope_score,0.11766831720502585
YP_498966.1,bepipred3_median_epitope_score,0.11377422139048576
YP_501290.1,bepipred3_max_epitope_score,0.31544971466064453
YP_501290.1,bepipred3_min_epitope_score,0.005610966123640537
YP_501290.1,bepipred3_mean_epitope_score,0.09842259573743195
YP_501290.1,bepipred3_median_epitope_score,0.09656322002410889
YP_499555.1,bepipred3_max_epitope_score,0.35664647817611694
YP_499555.1,bepipred3_min_epitope_score,0.21114572882652283
YP_499555.1,bepipred3_mean_epitope_score,0.2865966875106096
YP_499555.1,bepipred3_median_epitope_score,0.28523290157318115
YP_501264.1,bepipred3_max_epitope_score,0.33738845586776733
YP_501264.1,bepipred3_min_epitope_score,0.11928479373455048
YP_501264.1,bepipred3_mean_epitope_score,0.2257810568064451
YP_501264.1,bepipred3_median_epitope_score,0.2193002700805664
YP_500713.1,bepipred3_max_epitope_score,0.34770625829696655
YP_500713.1,bepipred3_min_epitope_score,0.06559951603412628
YP_500713.1,bepipred3_mean_epitope_score,0.2254760498037705
YP_500713.1,bepipred3_median_epitope_score,0.2329287976026535
YP_499530.1,bepipred3_max_epitope_score,0.2992839217185974
YP_499530.1,bepipred3_min_epitope_score,0.02084200456738472
YP_499530.1,bepipred3_mean_epitope_score,0.15928917118283206
YP_499530.1,bepipred3_median_epitope_score,0.16346633434295654
YP_499050.1,bepipred3_max_epitope_score,0.2634769082069397
YP_499050.1,bepipred3_min_epitope_score,0.004940288607031107
YP_499050.1,bepipred3_mean_epitope_score,0.08010442814479271
YP_499050.1,bepipred3_median_epitope_score,0.07019447162747383
YP_501132.1,bepipred3_max_epitope_score,0.3073785901069641
YP_501132.1,bepipred3_min_epitope_score,0.00960586965084076
YP_501132.1,bepipred3_mean_epitope_score,0.13628012120959834
YP_501132.1,bepipred3_median_epitope_score,0.13292214274406433
YP_501053.1,bepipred3_max_epitope_score,0.2561318576335907
YP_501053.1,bepipred3_min_epitope_score,0.015590742230415344
YP_501053.1,bepipred3_mean_epitope_score,0.08604651129157362
YP_501053.1,bepipred3_median_epitope_score,0.06662634760141373
YP_500864.1,bepipred3_max_epitope_score,0.29264184832572937
YP_500864.1,bepipred3_min_epitope_score,0.008098045364022255
YP_500864.1,bepipred3_mean_epitope_score,0.10190869549634904
YP_500864.1,bepipred3_median_epitope_score,0.08653334528207779
YP_501208.1,bepipred3_max_epitope_score,0.3537704050540924
YP_501208.1,bepipred3_min_epitope_score,0.007435035891830921
YP_501208.1,bepipred3_mean_epitope_score,0.12249650225866979
YP_501208.1,bepipred3_median_epitope_score,0.11846880614757538
YP_500495.1,bepipred3_max_epitope_score,0.3021170198917389
YP_500495.1,bepipred3_min_epitope_score,0.005924816243350506
YP_500495.1,bepipred3_mean_epitope_score,0.0863476554403388
YP_500495.1,bepipred3_median_epitope_score,0.07784141600131989
YP_499100.1,bepipred3_max_epitope_score,0.20290789008140564
YP_499100.1,bepipred3_min_epitope_score,0.009655696339905262
YP_499100.1,bepipred3_mean_epitope_score,0.0904898279800247
YP_499100.1,bepipred3_median_epitope_score,0.08755744993686676
YP_501383.1,bepipred3_max_epitope_score,0.22699812054634094
YP_501383.1,bepipred3_min_epitope_score,0.016997024416923523
YP_501383.1,bepipred3_mean_epitope_score,0.10213797999431892
YP_501383.1,bepipred3_median_epitope_score,0.10299098491668701
YP_500189.1,bepipred3_max_epitope_score,0.2904902994632721
YP_500189.1,bepipred3_min_epitope_score,0.005545407999306917
YP_500189.1,bepipred3_mean_epitope_score,0.08169714927082948
YP_500189.1,bepipred3_median_epitope_score,0.07343754917383194
YP_500399.1,bepipred3_max_epitope_score,0.22375230491161346
YP_500399.1,bepipred3_min_epitope_score,0.00960499607026577
YP_500399.1,bepipred3_mean_epitope_score,0.09192713215744415
YP_500399.1,bepipred3_median_epitope_score,0.09199238568544388
YP_499396.1,bepipred3_max_epitope_score,0.3202497959136963
YP_499396.1,bepipred3_min_epitope_score,0.006262009032070637
YP_499396.1,bepipred3_mean_epitope_score,0.09831192405058667
YP_499396.1,bepipred3_median_epitope_score,0.09457028657197952
YP_499593.1,bepipred3_max_epitope_score,0.31732138991355896
YP_499593.1,bepipred3_min_epitope_score,0.07767880707979202
YP_499593.1,bepipred3_mean_epitope_score,0.21085632969062407
YP_499593.1,bepipred3_median_epitope_score,0.2197948396205902
YP_499986.1,bepipred3_max_epitope_score,0.33979180455207825
YP_499986.1,bepipred3_min_epitope_score,0.06431789696216583
YP_499986.1,bepipred3_mean_epitope_score,0.1908670953944721
YP_499986.1,bepipred3_median_epitope_score,0.19606798887252808
YP_500202.1,bepipred3_max_epitope_score,0.2954566180706024
YP_500202.1,bepipred3_min_epitope_score,0.007291237358003855
YP_500202.1,bepipred3_mean_epitope_score,0.09361853591537664
YP_500202.1,bepipred3_median_epitope_score,0.08573507517576218
YP_498859.1,bepipred3_max_epitope_score,0.28625911474227905
YP_498859.1,bepipred3_min_epitope_score,0.01122128777205944
YP_498859.1,bepipred3_mean_epitope_score,0.10578778883791529
YP_498859.1,bepipred3_median_epitope_score,0.10752804577350616
YP_498655.1,bepipred3_max_epitope_score,0.22642739117145538
YP_498655.1,bepipred3_min_epitope_score,0.016560817137360573
YP_498655.1,bepipred3_mean_epitope_score,0.09791525180917234
YP_498655.1,bepipred3_median_epitope_score,0.08541379123926163
YP_500306.1,bepipred3_max_epitope_score,0.3366812765598297
YP_500306.1,bepipred3_min_epitope_score,0.005953524727374315
YP_500306.1,bepipred3_mean_epitope_score,0.09133679079889404
YP_500306.1,bepipred3_median_epitope_score,0.07685155421495438
YP_499249.1,bepipred3_max_epitope_score,0.2629567086696625
YP_499249.1,bepipred3_min_epitope_score,0.030904894694685936
YP_499249.1,bepipred3_mean_epitope_score,0.15492647713140506
YP_499249.1,bepipred3_median_epitope_score,0.1563148945569992
YP_499345.1,bepipred3_max_epitope_score,0.2626919448375702
YP_499345.1,bepipred3_min_epitope_score,0.007513086311519146
YP_499345.1,bepipred3_mean_epitope_score,0.09117400818687281
YP_499345.1,bepipred3_median_epitope_score,0.08807644993066788
YP_498808.1,bepipred3_max_epitope_score,0.3045516610145569
YP_498808.1,bepipred3_min_epitope_score,0.0038148935418576
YP_498808.1,bepipred3_mean_epitope_score,0.07753343335226082
YP_498808.1,bepipred3_median_epitope_score,0.07727576047182083
YP_499225.1,bepipred3_max_epitope_score,0.21205845475196838
YP_499225.1,bepipred3_min_epitope_score,0.005356582347303629
YP_499225.1,bepipred3_mean_epitope_score,0.07007067627946421
YP_499225.1,bepipred3_median_epitope_score,0.06288471817970276
YP_500380.1,bepipred3_max_epitope_score,0.32582059502601624
YP_500380.1,bepipred3_min_epitope_score,0.006169433705508709
YP_500380.1,bepipred3_mean_epitope_score,0.09273761928768987
YP_500380.1,bepipred3_median_epitope_score,0.0848548486828804
YP_499451.1,bepipred3_max_epitope_score,0.23580889403820038
YP_499451.1,bepipred3_min_epitope_score,0.0052911629900336266
YP_499451.1,bepipred3_mean_epitope_score,0.06381155974343257
YP_499451.1,bepipred3_median_epitope_score,0.04991668090224266
YP_008530243.1,bepipred3_max_epitope_score,0.28685981035232544
YP_008530243.1,bepipred3_min_epitope_score,0.011938635259866714
YP_008530243.1,bepipred3_mean_epitope_score,0.13536398702611527
YP_008530243.1,bepipred3_median_epitope_score,0.13640300184488297
YP_498838.1,bepipred3_max_epitope_score,0.31696778535842896
YP_498838.1,bepipred3_min_epitope_score,0.16526217758655548
YP_498838.1,bepipred3_mean_epitope_score,0.24190681187783258
YP_498838.1,bepipred3_median_epitope_score,0.24169118702411652
YP_501152.1,bepipred3_max_epitope_score,0.29101890325546265
YP_501152.1,bepipred3_min_epitope_score,0.0079482551664114
YP_501152.1,bepipred3_mean_epitope_score,0.11589119425621028
YP_501152.1,bepipred3_median_epitope_score,0.11372749879956245
YP_500917.1,bepipred3_max_epitope_score,0.31859883666038513
YP_500917.1,bepipred3_min_epitope_score,0.006267516873776913
YP_500917.1,bepipred3_mean_epitope_score,0.07886493130292939
YP_500917.1,bepipred3_median_epitope_score,0.06241345964372158
YP_498913.1,bepipred3_max_epitope_score,0.33224597573280334
YP_498913.1,bepipred3_min_epitope_score,0.009638259187340736
YP_498913.1,bepipred3_mean_epitope_score,0.10706605986583957
YP_498913.1,bepipred3_median_epitope_score,0.09850271046161652
YP_500822.1,bepipred3_max_epitope_score,0.2334212064743042
YP_500822.1,bepipred3_min_epitope_score,0.007246541325002909
YP_500822.1,bepipred3_mean_epitope_score,0.08068054422932822
YP_500822.1,bepipred3_median_epitope_score,0.07412457093596458
YP_499470.1,bepipred3_max_epitope_score,0.292422890663147
YP_499470.1,bepipred3_min_epitope_score,0.008266808465123177
YP_499470.1,bepipred3_mean_epitope_score,0.09832095114067632
YP_499470.1,bepipred3_median_epitope_score,0.09002123028039932
YP_499771.1,bepipred3_max_epitope_score,0.1898173838853836
YP_499771.1,bepipred3_min_epitope_score,0.004962239880114794
YP_499771.1,bepipred3_mean_epitope_score,0.046828112763782535
YP_499771.1,bepipred3_median_epitope_score,0.031748490408062935
YP_500001.1,bepipred3_max_epitope_score,0.22175459563732147
YP_500001.1,bepipred3_min_epitope_score,0.004901001695543528
YP_500001.1,bepipred3_mean_epitope_score,0.067773705732423
YP_500001.1,bepipred3_median_epitope_score,0.05120651423931122
YP_500700.1,bepipred3_max_epitope_score,0.29313918948173523
YP_500700.1,bepipred3_min_epitope_score,0.018344413489103317
YP_500700.1,bepipred3_mean_epitope_score,0.15480002162691492
YP_500700.1,bepipred3_median_epitope_score,0.16078445315361023
YP_499966.1,bepipred3_max_epitope_score,0.3602421283721924
YP_499966.1,bepipred3_min_epitope_score,0.1593133956193924
YP_499966.1,bepipred3_mean_epitope_score,0.2839892600164857
YP_499966.1,bepipred3_median_epitope_score,0.28303730487823486
YP_499406.1,bepipred3_max_epitope_score,0.34461158514022827
YP_499406.1,bepipred3_min_epitope_score,0.12957380712032318
YP_499406.1,bepipred3_mean_epitope_score,0.24024491641256546
YP_499406.1,bepipred3_median_epitope_score,0.24718041718006134
YP_500247.1,bepipred3_max_epitope_score,0.33611735701560974
YP_500247.1,bepipred3_min_epitope_score,0.004154756665229797
YP_500247.1,bepipred3_mean_epitope_score,0.10636409350968513
YP_500247.1,bepipred3_median_epitope_score,0.09972051531076431
YP_500390.1,bepipred3_max_epitope_score,0.279558002948761
YP_500390.1,bepipred3_min_epitope_score,0.0071544707752764225
YP_500390.1,bepipred3_mean_epitope_score,0.08286246524547182
YP_500390.1,bepipred3_median_epitope_score,0.07488177716732025
YP_500734.1,bepipred3_max_epitope_score,0.23837871849536896
YP_500734.1,bepipred3_min_epitope_score,0.019587213173508644
YP_500734.1,bepipred3_mean_epitope_score,0.1170333438685962
YP_500734.1,bepipred3_median_epitope_score,0.11433766409754753
YP_501286.1,bepipred3_max_epitope_score,0.33047857880592346
YP_501286.1,bepipred3_min_epitope_score,0.012961420230567455
YP_501286.1,bepipred3_mean_epitope_score,0.14088898878346415
YP_501286.1,bepipred3_median_epitope_score,0.1479591503739357
YP_499814.1,bepipred3_max_epitope_score,0.29700082540512085
YP_499814.1,bepipred3_min_epitope_score,0.010643336921930313
YP_499814.1,bepipred3_mean_epitope_score,0.11706904407967872
YP_499814.1,bepipred3_median_epitope_score,0.11172590777277946
YP_498729.1,bepipred3_max_epitope_score,0.303719162940979
YP_498729.1,bepipred3_min_epitope_score,0.007238848600536585
YP_498729.1,bepipred3_mean_epitope_score,0.08294890242753418
YP_498729.1,bepipred3_median_epitope_score,0.0766516849398613
YP_499402.1,bepipred3_max_epitope_score,0.2997167706489563
YP_499402.1,bepipred3_min_epitope_score,0.00805266760289669
YP_499402.1,bepipred3_mean_epitope_score,0.08056195415984625
YP_499402.1,bepipred3_median_epitope_score,0.07004304975271225
YP_500183.1,bepipred3_max_epitope_score,0.2659458518028259
YP_500183.1,bepipred3_min_epitope_score,0.006399010308086872
YP_500183.1,bepipred3_mean_epitope_score,0.11443882360753994
YP_500183.1,bepipred3_median_epitope_score,0.10905344784259796
YP_499565.1,bepipred3_max_epitope_score,0.25851622223854065
YP_499565.1,bepipred3_min_epitope_score,0.005402589216828346
YP_499565.1,bepipred3_mean_epitope_score,0.06847073670002844
YP_499565.1,bepipred3_median_epitope_score,0.058622315526008606
YP_500645.1,bepipred3_max_epitope_score,0.2616531550884247
YP_500645.1,bepipred3_min_epitope_score,0.009660410694777966
YP_500645.1,bepipred3_mean_epitope_score,0.09545398745242328
YP_500645.1,bepipred3_median_epitope_score,0.09539959207177162
YP_498751.1,bepipred3_max_epitope_score,0.3189326822757721
YP_498751.1,bepipred3_min_epitope_score,0.007722490932792425
YP_498751.1,bepipred3_mean_epitope_score,0.11252533106246229
YP_498751.1,bepipred3_median_epitope_score,0.10415482521057129
YP_498989.1,bepipred3_max_epitope_score,0.3383921682834625
YP_498989.1,bepipred3_min_epitope_score,0.01764279045164585
YP_498989.1,bepipred3_mean_epitope_score,0.14120420123286107
YP_498989.1,bepipred3_median_epitope_score,0.13657862693071365
YP_500431.1,bepipred3_max_epitope_score,0.2984883785247803
YP_500431.1,bepipred3_min_epitope_score,0.017428899183869362
YP_500431.1,bepipred3_mean_epitope_score,0.13458124576371258
YP_500431.1,bepipred3_median_epitope_score,0.13990043103694916
YP_500650.1,bepipred3_max_epitope_score,0.3607161045074463
YP_500650.1,bepipred3_min_epitope_score,0.0226809773594141
YP_500650.1,bepipred3_mean_epitope_score,0.17943948645093669
YP_500650.1,bepipred3_median_epitope_score,0.19336151331663132
YP_499177.1,bepipred3_max_epitope_score,0.15876370668411255
YP_499177.1,bepipred3_min_epitope_score,0.004982782527804375
YP_499177.1,bepipred3_mean_epitope_score,0.03884715303230465
YP_499177.1,bepipred3_median_epitope_score,0.027124270796775818
YP_498931.1,bepipred3_max_epitope_score,0.2648347020149231
YP_498931.1,bepipred3_min_epitope_score,0.004986316431313753
YP_498931.1,bepipred3_mean_epitope_score,0.07076237583406046
YP_498931.1,bepipred3_median_epitope_score,0.0550130195915699
YP_500655.1,bepipred3_max_epitope_score,0.2568112015724182
YP_500655.1,bepipred3_min_epitope_score,0.013444671407341957
YP_500655.1,bepipred3_mean_epitope_score,0.12878941135994834
YP_500655.1,bepipred3_median_epitope_score,0.13895940780639648
YP_499586.1,bepipred3_max_epitope_score,0.3345685601234436
YP_499586.1,bepipred3_min_epitope_score,0.18018820881843567
YP_499586.1,bepipred3_mean_epitope_score,0.23891191892325878
YP_499586.1,bepipred3_median_epitope_score,0.23320748656988144
YP_500868.1,bepipred3_max_epitope_score,0.29483985900878906
YP_500868.1,bepipred3_min_epitope_score,0.035279013216495514
YP_500868.1,bepipred3_mean_epitope_score,0.11822834358934094
YP_500868.1,bepipred3_median_epitope_score,0.11074312031269073
YP_501414.1,bepipred3_max_epitope_score,0.3371301591396332
YP_501414.1,bepipred3_min_epitope_score,0.00872889906167984
YP_501414.1,bepipred3_mean_epitope_score,0.12219246135474508
YP_501414.1,bepipred3_median_epitope_score,0.11520355939865112
YP_500911.1,bepipred3_max_epitope_score,0.2804640531539917
YP_500911.1,bepipred3_min_epitope_score,0.006719455122947693
YP_500911.1,bepipred3_mean_epitope_score,0.10652212903238414
YP_500911.1,bepipred3_median_epitope_score,0.09058832004666328
YP_499461.1,bepipred3_max_epitope_score,0.3135218024253845
YP_499461.1,bepipred3_min_epitope_score,0.00595605606213212
YP_499461.1,bepipred3_mean_epitope_score,0.09506877066916254
YP_499461.1,bepipred3_median_epitope_score,0.08135739341378212
YP_499181.1,bepipred3_max_epitope_score,0.26761624217033386
YP_499181.1,bepipred3_min_epitope_score,0.012291725724935532
YP_499181.1,bepipred3_mean_epitope_score,0.08487340354775431
YP_499181.1,bepipred3_median_epitope_score,0.06950905546545982
YP_499146.1,bepipred3_max_epitope_score,0.24698536098003387
YP_499146.1,bepipred3_min_epitope_score,0.004059517290443182
YP_499146.1,bepipred3_mean_epitope_score,0.08055352311524142
YP_499146.1,bepipred3_median_epitope_score,0.0786215253174305
YP_498721.1,bepipred3_max_epitope_score,0.27205294370651245
YP_498721.1,bepipred3_min_epitope_score,0.009810957126319408
YP_498721.1,bepipred3_mean_epitope_score,0.11830794849307634
YP_498721.1,bepipred3_median_epitope_score,0.1211121492087841
YP_499037.1,bepipred3_max_epitope_score,0.2585819363594055
YP_499037.1,bepipred3_min_epitope_score,0.015379974618554115
YP_499037.1,bepipred3_mean_epitope_score,0.12198362460859664
YP_499037.1,bepipred3_median_epitope_score,0.11985625699162483
YP_501133.1,bepipred3_max_epitope_score,0.30648332834243774
YP_501133.1,bepipred3_min_epitope_score,0.006838480941951275
YP_501133.1,bepipred3_mean_epitope_score,0.05869691145718864
YP_501133.1,bepipred3_median_epitope_score,0.04298292100429535
YP_501137.1,bepipred3_max_epitope_score,0.25154098868370056
YP_501137.1,bepipred3_min_epitope_score,0.00725911557674408
YP_501137.1,bepipred3_mean_epitope_score,0.1038477671565488
YP_501137.1,bepipred3_median_epitope_score,0.10413862392306328
YP_500059.1,bepipred3_max_epitope_score,0.25676342844963074
YP_500059.1,bepipred3_min_epitope_score,0.007455581333488226
YP_500059.1,bepipred3_mean_epitope_score,0.10117813006218057
YP_500059.1,bepipred3_median_epitope_score,0.09717607870697975
YP_498663.1,bepipred3_max_epitope_score,0.30409902334213257
YP_498663.1,bepipred3_min_epitope_score,0.006774888839572668
YP_498663.1,bepipred3_mean_epitope_score,0.058639334435111067
YP_498663.1,bepipred3_median_epitope_score,0.03838973306119442
YP_500986.1,bepipred3_max_epitope_score,0.3393407464027405
YP_500986.1,bepipred3_min_epitope_score,0.15759329497814178
YP_500986.1,bepipred3_mean_epitope_score,0.23848270295664323
YP_500986.1,bepipred3_median_epitope_score,0.23333421349525452
YP_499809.1,bepipred3_max_epitope_score,0.23438739776611328
YP_499809.1,bepipred3_min_epitope_score,0.0037112184800207615
YP_499809.1,bepipred3_mean_epitope_score,0.06205527897995249
YP_499809.1,bepipred3_median_epitope_score,0.047432636842131615
YP_499832.1,bepipred3_max_epitope_score,0.2811131477355957
YP_499832.1,bepipred3_min_epitope_score,0.09433519095182419
YP_499832.1,bepipred3_mean_epitope_score,0.19044986499680414
YP_499832.1,bepipred3_median_epitope_score,0.20450833439826965
YP_499397.1,bepipred3_max_epitope_score,0.19609446823596954
YP_499397.1,bepipred3_min_epitope_score,0.008134682662785053
YP_499397.1,bepipred3_mean_epitope_score,0.05064168231747238
YP_499397.1,bepipred3_median_epitope_score,0.03918454796075821
YP_501477.1,bepipred3_max_epitope_score,0.3214680552482605
YP_501477.1,bepipred3_min_epitope_score,0.010188528336584568
YP_501477.1,bepipred3_mean_epitope_score,0.1257827841713057
YP_501477.1,bepipred3_median_epitope_score,0.11485680937767029
YP_500964.1,bepipred3_max_epitope_score,0.23869645595550537
YP_500964.1,bepipred3_min_epitope_score,0.006457798182964325
YP_500964.1,bepipred3_mean_epitope_score,0.08911149757861923
YP_500964.1,bepipred3_median_epitope_score,0.08735540136694908
YP_501222.1,bepipred3_max_epitope_score,0.30501872301101685
YP_501222.1,bepipred3_min_epitope_score,0.0064332508482038975
YP_501222.1,bepipred3_mean_epitope_score,0.09540378404818625
YP_501222.1,bepipred3_median_epitope_score,0.08336726576089859
YP_500398.1,bepipred3_max_epitope_score,0.312547892332077
YP_500398.1,bepipred3_min_epitope_score,0.009720913134515285
YP_500398.1,bepipred3_mean_epitope_score,0.10905073403428571
YP_500398.1,bepipred3_median_epitope_score,0.10490652918815613
YP_499787.1,bepipred3_max_epitope_score,0.3046225905418396
YP_499787.1,bepipred3_min_epitope_score,0.01050015352666378
YP_499787.1,bepipred3_mean_epitope_score,0.11026647385555606
YP_499787.1,bepipred3_median_epitope_score,0.10573568195104599
YP_499107.1,bepipred3_max_epitope_score,0.2868485450744629
YP_499107.1,bepipred3_min_epitope_score,0.0057214698754251
YP_499107.1,bepipred3_mean_epitope_score,0.09245750922100426
YP_499107.1,bepipred3_median_epitope_score,0.0808204859495163
YP_501258.1,bepipred3_max_epitope_score,0.24901540577411652
YP_501258.1,bepipred3_min_epitope_score,0.014779584482312202
YP_501258.1,bepipred3_mean_epitope_score,0.11522148196357039
YP_501258.1,bepipred3_median_epitope_score,0.11494473740458488
YP_500667.1,bepipred3_max_epitope_score,0.3139553368091583
YP_500667.1,bepipred3_min_epitope_score,0.006970569491386414
YP_500667.1,bepipred3_mean_epitope_score,0.09643027645295425
YP_500667.1,bepipred3_median_epitope_score,0.08488082513213158
YP_499884.1,bepipred3_max_epitope_score,0.2919319272041321
YP_499884.1,bepipred3_min_epitope_score,0.08963537216186523
YP_499884.1,bepipred3_mean_epitope_score,0.18971348730000584
YP_499884.1,bepipred3_median_epitope_score,0.1868656426668167
YP_500602.1,bepipred3_max_epitope_score,0.28387710452079773
YP_500602.1,bepipred3_min_epitope_score,0.0048439884558320045
YP_500602.1,bepipred3_mean_epitope_score,0.09816588258431495
YP_500602.1,bepipred3_median_epitope_score,0.08733667433261871
YP_500311.1,bepipred3_max_epitope_score,0.25928401947021484
YP_500311.1,bepipred3_min_epitope_score,0.006190252490341663
YP_500311.1,bepipred3_mean_epitope_score,0.07138873321903694
YP_500311.1,bepipred3_median_epitope_score,0.0652177557349205
YP_499128.1,bepipred3_max_epitope_score,0.29781466722488403
YP_499128.1,bepipred3_min_epitope_score,0.003927363082766533
YP_499128.1,bepipred3_mean_epitope_score,0.066194902679807
YP_499128.1,bepipred3_median_epitope_score,0.04099028371274471
YP_500445.1,bepipred3_max_epitope_score,0.19415009021759033
YP_500445.1,bepipred3_min_epitope_score,0.009936356917023659
YP_500445.1,bepipred3_mean_epitope_score,0.05103297752392446
YP_500445.1,bepipred3_median_epitope_score,0.04118630290031433
YP_500806.1,bepipred3_max_epitope_score,0.30672889947891235
YP_500806.1,bepipred3_min_epitope_score,0.0060156770050525665
YP_500806.1,bepipred3_mean_epitope_score,0.09367481652679371
YP_500806.1,bepipred3_median_epitope_score,0.07571345940232277
YP_500949.1,bepipred3_max_epitope_score,0.1740265041589737
YP_500949.1,bepipred3_min_epitope_score,0.0037725516594946384
YP_500949.1,bepipred3_mean_epitope_score,0.042497580276746584
YP_500949.1,bepipred3_median_epitope_score,0.030610643327236176
YP_500401.1,bepipred3_max_epitope_score,0.21551723778247833
YP_500401.1,bepipred3_min_epitope_score,0.004480383358895779
YP_500401.1,bepipred3_mean_epitope_score,0.06547300862722205
YP_500401.1,bepipred3_median_epitope_score,0.058492906391620636
YP_501170.1,bepipred3_max_epitope_score,0.31760290265083313
YP_501170.1,bepipred3_min_epitope_score,0.0168682299554348
YP_501170.1,bepipred3_mean_epitope_score,0.125858005262839
YP_501170.1,bepipred3_median_epitope_score,0.1242058277130127
YP_500913.1,bepipred3_max_epitope_score,0.31207042932510376
YP_500913.1,bepipred3_min_epitope_score,0.006138569675385952
YP_500913.1,bepipred3_mean_epitope_score,0.0841834124502119
YP_500913.1,bepipred3_median_epitope_score,0.07274945080280304
YP_499329.1,bepipred3_max_epitope_score,0.31469228863716125
YP_499329.1,bepipred3_min_epitope_score,0.17832042276859283
YP_499329.1,bepipred3_mean_epitope_score,0.24693408821310317
YP_499329.1,bepipred3_median_epitope_score,0.24714188277721405
YP_498826.1,bepipred3_max_epitope_score,0.3254404067993164
YP_498826.1,bepipred3_min_epitope_score,0.0051032500341534615
YP_498826.1,bepipred3_mean_epitope_score,0.10634874470145782
YP_498826.1,bepipred3_median_epitope_score,0.10338306427001953
YP_499760.1,bepipred3_max_epitope_score,0.2262520045042038
YP_499760.1,bepipred3_min_epitope_score,0.00501696253195405
YP_499760.1,bepipred3_mean_epitope_score,0.07967577211952599
YP_499760.1,bepipred3_median_epitope_score,0.07425399869680405
YP_500855.1,bepipred3_max_epitope_score,0.3096807301044464
YP_500855.1,bepipred3_min_epitope_score,0.14755426347255707
YP_500855.1,bepipred3_mean_epitope_score,0.21255742652075632
YP_500855.1,bepipred3_median_epitope_score,0.20207302272319794
YP_499794.1,bepipred3_max_epitope_score,0.2507789134979248
YP_499794.1,bepipred3_min_epitope_score,0.00448582461103797
YP_499794.1,bepipred3_mean_epitope_score,0.07656124771108204
YP_499794.1,bepipred3_median_epitope_score,0.07195213437080383
YP_500719.1,bepipred3_max_epitope_score,0.26024094223976135
YP_500719.1,bepipred3_min_epitope_score,0.005034281872212887
YP_500719.1,bepipred3_mean_epitope_score,0.09273974344796443
YP_500719.1,bepipred3_median_epitope_score,0.09100969135761261
YP_499998.1,bepipred3_max_epitope_score,0.20794105529785156
YP_499998.1,bepipred3_min_epitope_score,0.005558658856898546
YP_499998.1,bepipred3_mean_epitope_score,0.07830321579176822
YP_499998.1,bepipred3_median_epitope_score,0.07638321071863174
YP_501418.1,bepipred3_max_epitope_score,0.22574135661125183
YP_501418.1,bepipred3_min_epitope_score,0.0068318163976073265
YP_501418.1,bepipred3_mean_epitope_score,0.07659391955600031
YP_501418.1,bepipred3_median_epitope_score,0.06388984620571136
YP_500434.1,bepipred3_max_epitope_score,0.3815433084964752
YP_500434.1,bepipred3_min_epitope_score,0.004906810354441404
YP_500434.1,bepipred3_mean_epitope_score,0.1213429973570112
YP_500434.1,bepipred3_median_epitope_score,0.10465947538614273
YP_501338.1,bepipred3_max_epitope_score,0.3536389172077179
YP_501338.1,bepipred3_min_epitope_score,0.0047212028875947
YP_501338.1,bepipred3_mean_epitope_score,0.07870632996103089
YP_501338.1,bepipred3_median_epitope_score,0.05599728226661682
YP_499913.1,bepipred3_max_epitope_score,0.2360537052154541
YP_499913.1,bepipred3_min_epitope_score,0.0050601596012711525
YP_499913.1,bepipred3_mean_epitope_score,0.05383173136162709
YP_499913.1,bepipred3_median_epitope_score,0.03429313749074936
YP_498835.1,bepipred3_max_epitope_score,0.233178973197937
YP_498835.1,bepipred3_min_epitope_score,0.018025487661361694
YP_498835.1,bepipred3_mean_epitope_score,0.09403753717110228
YP_498835.1,bepipred3_median_epitope_score,0.08605290949344635
YP_500890.1,bepipred3_max_epitope_score,0.33812519907951355
YP_500890.1,bepipred3_min_epitope_score,0.007551796734333038
YP_500890.1,bepipred3_mean_epitope_score,0.06566792636488875
YP_500890.1,bepipred3_median_epitope_score,0.04228144697844982
YP_500883.1,bepipred3_max_epitope_score,0.3022199273109436
YP_500883.1,bepipred3_min_epitope_score,0.0035733357071876526
YP_500883.1,bepipred3_mean_epitope_score,0.07188502768899373
YP_500883.1,bepipred3_median_epitope_score,0.05334082245826721
YP_500687.1,bepipred3_max_epitope_score,0.25478166341781616
YP_500687.1,bepipred3_min_epitope_score,0.02758520282804966
YP_500687.1,bepipred3_mean_epitope_score,0.1271367856130308
YP_500687.1,bepipred3_median_epitope_score,0.13478286564350128
YP_498714.1,bepipred3_max_epitope_score,0.26645904779434204
YP_498714.1,bepipred3_min_epitope_score,0.006473810877650976
YP_498714.1,bepipred3_mean_epitope_score,0.07017014270254017
YP_498714.1,bepipred3_median_epitope_score,0.05898642912507057
YP_501252.1,bepipred3_max_epitope_score,0.2744089365005493
YP_501252.1,bepipred3_min_epitope_score,0.006027196999639273
YP_501252.1,bepipred3_mean_epitope_score,0.08838113063197596
YP_501252.1,bepipred3_median_epitope_score,0.0795181654393673
YP_499172.1,bepipred3_max_epitope_score,0.261047899723053
YP_499172.1,bepipred3_min_epitope_score,0.12362958490848541
YP_499172.1,bepipred3_mean_epitope_score,0.18240534407751902
YP_499172.1,bepipred3_median_epitope_score,0.1785387247800827
YP_499276.1,bepipred3_max_epitope_score,0.3650560975074768
YP_499276.1,bepipred3_min_epitope_score,0.011259950697422028
YP_499276.1,bepipred3_mean_epitope_score,0.15732609541219186
YP_499276.1,bepipred3_median_epitope_score,0.16581783443689346
YP_500553.1,bepipred3_max_epitope_score,0.3491770625114441
YP_500553.1,bepipred3_min_epitope_score,0.034260042011737823
YP_500553.1,bepipred3_mean_epitope_score,0.19456107823587046
YP_500553.1,bepipred3_median_epitope_score,0.20129181444644928
YP_500301.1,bepipred3_max_epitope_score,0.29058367013931274
YP_500301.1,bepipred3_min_epitope_score,0.0048858472146093845
YP_500301.1,bepipred3_mean_epitope_score,0.080100290872769
YP_500301.1,bepipred3_median_epitope_score,0.07033826038241386
YP_500208.1,bepipred3_max_epitope_score,0.2696925401687622
YP_500208.1,bepipred3_min_epitope_score,0.012013087049126625
YP_500208.1,bepipred3_mean_epitope_score,0.11726227648129377
YP_500208.1,bepipred3_median_epitope_score,0.11497612670063972
YP_499754.1,bepipred3_max_epitope_score,0.29217639565467834
YP_499754.1,bepipred3_min_epitope_score,0.008077305741608143
YP_499754.1,bepipred3_mean_epitope_score,0.07719627157507451
YP_499754.1,bepipred3_median_epitope_score,0.0631987415254116
YP_501216.1,bepipred3_max_epitope_score,0.2726975381374359
YP_501216.1,bepipred3_min_epitope_score,0.017671722918748856
YP_501216.1,bepipred3_mean_epitope_score,0.1402338086243938
YP_501216.1,bepipred3_median_epitope_score,0.14487488567829132
YP_498621.1,bepipred3_max_epitope_score,0.21250133216381073
YP_498621.1,bepipred3_min_epitope_score,0.008600788190960884
YP_498621.1,bepipred3_mean_epitope_score,0.06272846984808357
YP_498621.1,bepipred3_median_epitope_score,0.04453597217798233
YP_499822.1,bepipred3_max_epitope_score,0.24091586470603943
YP_499822.1,bepipred3_min_epitope_score,0.031860411167144775
YP_499822.1,bepipred3_mean_epitope_score,0.10937543999817637
YP_499822.1,bepipred3_median_epitope_score,0.09687952324748039
YP_499675.1,bepipred3_max_epitope_score,0.2033592164516449
YP_499675.1,bepipred3_min_epitope_score,0.0058575780130922794
YP_499675.1,bepipred3_mean_epitope_score,0.050573407599909435
YP_499675.1,bepipred3_median_epitope_score,0.03382506221532822
YP_499331.1,bepipred3_max_epitope_score,0.2748018503189087
YP_499331.1,bepipred3_min_epitope_score,0.0071273790672421455
YP_499331.1,bepipred3_mean_epitope_score,0.10162297854872628
YP_499331.1,bepipred3_median_epitope_score,0.0920901894569397
YP_501269.1,bepipred3_max_epitope_score,0.30087384581565857
YP_501269.1,bepipred3_min_epitope_score,0.005846004001796246
YP_501269.1,bepipred3_mean_epitope_score,0.1191763672410794
YP_501269.1,bepipred3_median_epitope_score,0.11414484307169914
SSL5|A0A0H3K6Z6,bepipred3_max_epitope_score,0.338095098733902
SSL5|A0A0H3K6Z6,bepipred3_min_epitope_score,0.02474147081375122
SSL5|A0A0H3K6Z6,bepipred3_mean_epitope_score,0.17497628456793535
SSL5|A0A0H3K6Z6,bepipred3_median_epitope_score,0.1825454831123352
SSL10|A0A0H3K6Z9,bepipred3_max_epitope_score,0.33908602595329285
SSL10|A0A0H3K6Z9,bepipred3_min_epitope_score,0.024918317794799805
SSL10|A0A0H3K6Z9,bepipred3_mean_epitope_score,0.17906318558174872
SSL10|A0A0H3K6Z9,bepipred3_median_epitope_score,0.1774892508983612
SSL1|A0A0H3KAV3,bepipred3_max_epitope_score,0.3176943063735962
SSL1|A0A0H3KAV3,bepipred3_min_epitope_score,0.020494459196925163
SSL1|A0A0H3KAV3,bepipred3_mean_epitope_score,0.1568081232892201
SSL1|A0A0H3KAV3,bepipred3_median_epitope_score,0.16030200570821762
SSL4|A0A0H3K6A3,bepipred3_max_epitope_score,0.3285868763923645
SSL4|A0A0H3K6A3,bepipred3_min_epitope_score,0.02747999131679535
SSL4|A0A0H3K6A3,bepipred3_mean_epitope_score,0.19986674841493368
SSL4|A0A0H3K6A3,bepipred3_median_epitope_score,0.20897413790225983
P0C0I5|ExotoxinC,bepipred3_max_epitope_score,0.27265238761901855
P0C0I5|ExotoxinC,bepipred3_min_epitope_score,0.029198065400123596
P0C0I5|ExotoxinC,bepipred3_mean_epitope_score,0.13650298736830976
P0C0I5|ExotoxinC,bepipred3_median_epitope_score,0.13833066821098328
P0C0I6|ExotoxinH,bepipred3_max_epitope_score,0.3360918462276459
P0C0I6|ExotoxinH,bepipred3_min_epitope_score,0.04767388477921486
P0C0I6|ExotoxinH,bepipred3_mean_epitope_score,0.18729900001463565
P0C0I6|ExotoxinH,bepipred3_median_epitope_score,0.18584436923265457
P0DJY7|ExotoxinA,bepipred3_max_epitope_score,0.32552680373191833
P0DJY7|ExotoxinA,bepipred3_min_epitope_score,0.048144180327653885
P0DJY7|ExotoxinA,bepipred3_mean_epitope_score,0.1787215282768011
P0DJY7|ExotoxinA,bepipred3_median_epitope_score,0.17937254160642624
A0A0H3KHN8|EnterotoxinA,bepipred3_max_epitope_score,0.3036075234413147
A0A0H3KHN8|EnterotoxinA,bepipred3_min_epitope_score,0.029500123113393784
A0A0H3KHN8|EnterotoxinA,bepipred3_mean_epitope_score,0.16745257887858825
A0A0H3KHN8|EnterotoxinA,bepipred3_median_epitope_score,0.1707688271999359
SSL3|CC1,ifnepitope2_max_score,0.84
SSL3|CC1,ifnepitope2_min_score,0.2
SSL3|CC1,ifnepitope2_mean_score,0.5855789473684211
SSL3|CC1,ifnepitope2_median_score,0.595
SSL3|CC5,ifnepitope2_max_score,0.84
SSL3|CC5,ifnepitope2_min_score,0.2
SSL3|CC5,ifnepitope2_mean_score,0.5932631578947368
SSL3|CC5,ifnepitope2_median_score,0.61
SSL3|CC8,ifnepitope2_max_score,0.84
SSL3|CC8,ifnepitope2_min_score,0.2
SSL3|CC8,ifnepitope2_mean_score,0.5882795698924731
SSL3|CC8,ifnepitope2_median_score,0.6
SSL3|CC22,ifnepitope2_max_score,0.81
SSL3|CC22,ifnepitope2_min_score,0.2
SSL3|CC22,ifnepitope2_mean_score,0.5458333333333333
SSL3|CC22,ifnepitope2_median_score,0.555
SSL3|CC30,ifnepitope2_max_score,0.81
SSL3|CC30,ifnepitope2_min_score,0.2
SSL3|CC30,ifnepitope2_mean_score,0.5528125
SSL3|CC30,ifnepitope2_median_score,0.57
SSL3|CC93,ifnepitope2_max_score,0.78
SSL3|CC93,ifnepitope2_min_score,0.2
SSL3|CC93,ifnepitope2_mean_score,0.5581578947368421
SSL3|CC93,ifnepitope2_median_score,0.57
SSL7|CC1,ifnepitope2_max_score,0.82
SSL7|CC1,ifnepitope2_min_score,0.17
SSL7|CC1,ifnepitope2_mean_score,0.5622279792746114
SSL7|CC1,ifnepitope2_median_score,0.58
SSL7|CC5,ifnepitope2_max_score,0.86
SSL7|CC5,ifnepitope2_min_score,0.21
SSL7|CC5,ifnepitope2_mean_score,0.5527461139896374
SSL7|CC5,ifnepitope2_median_score,0.56
SSL7|CC8,ifnepitope2_max_score,0.86
SSL7|CC8,ifnepitope2_min_score,0.17
SSL7|CC8,ifnepitope2_mean_score,0.5609326424870467
SSL7|CC8,ifnepitope2_median_score,0.57
SSL7|CC22,ifnepitope2_max_score,0.86
SSL7|CC22,ifnepitope2_min_score,0.22
SSL7|CC22,ifnepitope2_mean_score,0.5727979274611399
SSL7|CC22,ifnepitope2_median_score,0.57
SSL7|CC30,ifnepitope2_max_score,0.86
SSL7|CC30,ifnepitope2_min_score,0.17
SSL7|CC30,ifnepitope2_mean_score,0.5598445595854923
SSL7|CC30,ifnepitope2_median_score,0.57
SSL7|CC93,ifnepitope2_max_score,0.86
SSL7|CC93,ifnepitope2_min_score,0.3
SSL7|CC93,ifnepitope2_mean_score,0.563160621761658
SSL7|CC93,ifnepitope2_median_score,0.56
SSL11|CC1,ifnepitope2_max_score,0.83
SSL11|CC1,ifnepitope2_min_score,0.26
SSL11|CC1,ifnepitope2_mean_score,0.5547395833333333
SSL11|CC1,ifnepitope2_median_score,0.55
SSL11|CC5,ifnepitope2_max_score,0.82
SSL11|CC5,ifnepitope2_min_score,0.2
SSL11|CC5,ifnepitope2_mean_score,0.5382539682539682
SSL11|CC5,ifnepitope2_median_score,0.56
SSL11|CC8,ifnepitope2_max_score,0.82
SSL11|CC8,ifnepitope2_min_score,0.25
SSL11|CC8,ifnepitope2_mean_score,0.5317112299465241
SSL11|CC8,ifnepitope2_median_score,0.53
SSL11|CC22,ifnepitope2_max_score,0.79
SSL11|CC22,ifnepitope2_min_score,0.23
SSL11|CC22,ifnepitope2_mean_score,0.5307368421052632
SSL11|CC22,ifnepitope2_median_score,0.52
SSL11|CC30,ifnepitope2_max_score,0.83
SSL11|CC30,ifnepitope2_min_score,0.29
SSL11|CC30,ifnepitope2_mean_score,0.5706185567010309
SSL11|CC30,ifnepitope2_median_score,0.565
SSL11|CC93,ifnepitope2_max_score,0.81
SSL11|CC93,ifnepitope2_min_score,0.26
SSL11|CC93,ifnepitope2_mean_score,0.5376165803108809
SSL11|CC93,ifnepitope2_median_score,0.54
YP_499183.1,ifnepitope2_max_score,0.74
YP_499183.1,ifnepitope2_min_score,0.28
YP_499183.1,ifnepitope2_mean_score,0.5592241379310345
YP_499183.1,ifnepitope2_median_score,0.56
YP_501487.1,ifnepitope2_max_score,0.89
YP_501487.1,ifnepitope2_min_score,0.26
YP_501487.1,ifnepitope2_mean_score,0.5776470588235294
YP_501487.1,ifnepitope2_median_score,0.58
YP_500419.1,ifnepitope2_max_score,0.88
YP_500419.1,ifnepitope2_min_score,0.23
YP_500419.1,ifnepitope2_mean_score,0.5679326923076923
YP_500419.1,ifnepitope2_median_score,0.57
YP_500337.1,ifnepitope2_max_score,0.87
YP_500337.1,ifnepitope2_min_score,0.32
YP_500337.1,ifnepitope2_mean_score,0.5865
YP_500337.1,ifnepitope2_median_score,0.58
YP_500378.1,ifnepitope2_max_score,0.94
YP_500378.1,ifnepitope2_min_score,0.17
YP_500378.1,ifnepitope2_mean_score,0.6008657465495608
YP_500378.1,ifnepitope2_median_score,0.6
YP_499389.1,ifnepitope2_max_score,0.84
YP_499389.1,ifnepitope2_min_score,0.26
YP_499389.1,ifnepitope2_mean_score,0.568
YP_499389.1,ifnepitope2_median_score,0.58
YP_499915.1,ifnepitope2_max_score,0.65
YP_499915.1,ifnepitope2_min_score,0.37
YP_499915.1,ifnepitope2_mean_score,0.53
YP_499915.1,ifnepitope2_median_score,0.54
YP_501058.1,ifnepitope2_max_score,0.76
YP_501058.1,ifnepitope2_min_score,0.21
YP_501058.1,ifnepitope2_mean_score,0.49404761904761907
YP_501058.1,ifnepitope2_median_score,0.5
YP_499703.1,ifnepitope2_max_score,0.85
YP_499703.1,ifnepitope2_min_score,0.31
YP_499703.1,ifnepitope2_mean_score,0.594915824915825
YP_499703.1,ifnepitope2_median_score,0.6
YP_500657.1,ifnepitope2_max_score,0.8
YP_500657.1,ifnepitope2_min_score,0.35
YP_500657.1,ifnepitope2_mean_score,0.5554444444444444
YP_500657.1,ifnepitope2_median_score,0.545
YP_499492.1,ifnepitope2_max_score,0.84
YP_499492.1,ifnepitope2_min_score,0.33
YP_499492.1,ifnepitope2_mean_score,0.5983505154639175
YP_499492.1,ifnepitope2_median_score,0.6
YP_501495.1,ifnepitope2_max_score,0.82
YP_501495.1,ifnepitope2_min_score,0.26
YP_501495.1,ifnepitope2_mean_score,0.5796678966789668
YP_501495.1,ifnepitope2_median_score,0.59
YP_500791.1,ifnepitope2_max_score,0.93
YP_500791.1,ifnepitope2_min_score,0.2
YP_500791.1,ifnepitope2_mean_score,0.5843636363636364
YP_500791.1,ifnepitope2_median_score,0.59
YP_500348.1,ifnepitope2_max_score,0.93
YP_500348.1,ifnepitope2_min_score,0.27
YP_500348.1,ifnepitope2_mean_score,0.5738669673055242
YP_500348.1,ifnepitope2_median_score,0.58
YP_499292.1,ifnepitope2_max_score,0.95
YP_499292.1,ifnepitope2_min_score,0.15
YP_499292.1,ifnepitope2_mean_score,0.6188709677419355
YP_499292.1,ifnepitope2_median_score,0.62
YP_498758.1,ifnepitope2_max_score,0.82
YP_498758.1,ifnepitope2_min_score,0.31
YP_498758.1,ifnepitope2_mean_score,0.5857597173144876
YP_498758.1,ifnepitope2_median_score,0.58
YP_500086.1,ifnepitope2_max_score,0.78
YP_500086.1,ifnepitope2_min_score,0.27
YP_500086.1,ifnepitope2_mean_score,0.5684126984126984
YP_500086.1,ifnepitope2_median_score,0.58
YP_500438.1,ifnepitope2_max_score,0.72
YP_500438.1,ifnepitope2_min_score,0.35
YP_500438.1,ifnepitope2_mean_score,0.5462962962962963
YP_500438.1,ifnepitope2_median_score,0.57
YP_501182.1,ifnepitope2_max_score,0.89
YP_501182.1,ifnepitope2_min_score,0.25
YP_501182.1,ifnepitope2_mean_score,0.5874956822107081
YP_501182.1,ifnepitope2_median_score,0.59
YP_500020.1,ifnepitope2_max_score,0.88
YP_500020.1,ifnepitope2_min_score,0.28
YP_500020.1,ifnepitope2_mean_score,0.587849223946785
YP_500020.1,ifnepitope2_median_score,0.59
YP_501119.1,ifnepitope2_max_score,0.74
YP_501119.1,ifnepitope2_min_score,0.35
YP_501119.1,ifnepitope2_mean_score,0.5327272727272727
YP_501119.1,ifnepitope2_median_score,0.535
YP_500511.1,ifnepitope2_max_score,0.81
YP_500511.1,ifnepitope2_min_score,0.23
YP_500511.1,ifnepitope2_mean_score,0.5782222222222222
YP_500511.1,ifnepitope2_median_score,0.59
YP_500759.1,ifnepitope2_max_score,0.84
YP_500759.1,ifnepitope2_min_score,0.25
YP_500759.1,ifnepitope2_mean_score,0.586796875
YP_500759.1,ifnepitope2_median_score,0.6
YP_498958.1,ifnepitope2_max_score,0.9
YP_498958.1,ifnepitope2_min_score,0.28
YP_498958.1,ifnepitope2_mean_score,0.5960967741935483
YP_498958.1,ifnepitope2_median_score,0.6
YP_499051.1,ifnepitope2_max_score,0.9
YP_499051.1,ifnepitope2_min_score,0.23
YP_499051.1,ifnepitope2_mean_score,0.5725239616613419
YP_499051.1,ifnepitope2_median_score,0.58
YP_499163.1,ifnepitope2_max_score,0.84
YP_499163.1,ifnepitope2_min_score,0.24
YP_499163.1,ifnepitope2_mean_score,0.5751231527093597
YP_499163.1,ifnepitope2_median_score,0.58
YP_499540.1,ifnepitope2_max_score,0.86
YP_499540.1,ifnepitope2_min_score,0.27
YP_499540.1,ifnepitope2_mean_score,0.5732467532467532
YP_499540.1,ifnepitope2_median_score,0.58
YP_499616.1,ifnepitope2_max_score,0.77
YP_499616.1,ifnepitope2_min_score,0.12
YP_499616.1,ifnepitope2_mean_score,0.550514705882353
YP_499616.1,ifnepitope2_median_score,0.56
YP_500587.1,ifnepitope2_max_score,0.84
YP_500587.1,ifnepitope2_min_score,0.41
YP_500587.1,ifnepitope2_mean_score,0.5839759036144578
YP_500587.1,ifnepitope2_median_score,0.58
YP_499721.1,ifnepitope2_max_score,0.83
YP_499721.1,ifnepitope2_min_score,0.26
YP_499721.1,ifnepitope2_mean_score,0.6048701298701299
YP_499721.1,ifnepitope2_median_score,0.62
YP_499390.1,ifnepitope2_max_score,0.85
YP_499390.1,ifnepitope2_min_score,0.17
YP_499390.1,ifnepitope2_mean_score,0.5573728813559322
YP_499390.1,ifnepitope2_median_score,0.545
YP_500936.1,ifnepitope2_max_score,0.88
YP_500936.1,ifnepitope2_min_score,0.14
YP_500936.1,ifnepitope2_mean_score,0.5905128205128205
YP_500936.1,ifnepitope2_median_score,0.59
YP_501445.1,ifnepitope2_max_score,0.82
YP_501445.1,ifnepitope2_min_score,0.33
YP_501445.1,ifnepitope2_mean_score,0.56
YP_501445.1,ifnepitope2_median_score,0.56
YP_501499.1,ifnepitope2_max_score,0.85
YP_501499.1,ifnepitope2_min_score,0.33
YP_501499.1,ifnepitope2_mean_score,0.598256880733945
YP_501499.1,ifnepitope2_median_score,0.6
YP_499373.1,ifnepitope2_max_score,0.89
YP_499373.1,ifnepitope2_min_score,0.34
YP_499373.1,ifnepitope2_mean_score,0.618
YP_499373.1,ifnepitope2_median_score,0.62
YP_501066.1,ifnepitope2_max_score,0.85
YP_501066.1,ifnepitope2_min_score,0.28
YP_501066.1,ifnepitope2_mean_score,0.6072876712328767
YP_501066.1,ifnepitope2_median_score,0.61
YP_500763.1,ifnepitope2_max_score,0.9
YP_500763.1,ifnepitope2_min_score,0.21
YP_500763.1,ifnepitope2_mean_score,0.6009205776173285
YP_500763.1,ifnepitope2_median_score,0.59
YP_500308.1,ifnepitope2_max_score,0.89
YP_500308.1,ifnepitope2_min_score,0.1
YP_500308.1,ifnepitope2_mean_score,0.586808988764045
YP_500308.1,ifnepitope2_median_score,0.6
YP_499548.1,ifnepitope2_max_score,0.84
YP_499548.1,ifnepitope2_min_score,0.2
YP_499548.1,ifnepitope2_mean_score,0.5943918918918919
YP_499548.1,ifnepitope2_median_score,0.61
YP_501128.1,ifnepitope2_max_score,0.85
YP_501128.1,ifnepitope2_min_score,0.29
YP_501128.1,ifnepitope2_mean_score,0.5927272727272728
YP_501128.1,ifnepitope2_median_score,0.59
YP_499075.1,ifnepitope2_max_score,0.8
YP_499075.1,ifnepitope2_min_score,0.31
YP_499075.1,ifnepitope2_mean_score,0.5272413793103449
YP_499075.1,ifnepitope2_median_score,0.53
YP_501077.1,ifnepitope2_max_score,0.82
YP_501077.1,ifnepitope2_min_score,0.29
YP_501077.1,ifnepitope2_mean_score,0.5813
YP_501077.1,ifnepitope2_median_score,0.58
YP_500800.1,ifnepitope2_max_score,0.75
YP_500800.1,ifnepitope2_min_score,0.29
YP_500800.1,ifnepitope2_mean_score,0.5629508196721311
YP_500800.1,ifnepitope2_median_score,0.6
YP_500576.1,ifnepitope2_max_score,0.83
YP_500576.1,ifnepitope2_min_score,0.27
YP_500576.1,ifnepitope2_mean_score,0.5300432900432901
YP_500576.1,ifnepitope2_median_score,0.53
YP_499961.1,ifnepitope2_max_score,0.76
YP_499961.1,ifnepitope2_min_score,0.31
YP_499961.1,ifnepitope2_mean_score,0.5339416058394161
YP_499961.1,ifnepitope2_median_score,0.54
YP_498794.1,ifnepitope2_max_score,0.89
YP_498794.1,ifnepitope2_min_score,0.21
YP_498794.1,ifnepitope2_mean_score,0.5888101265822785
YP_498794.1,ifnepitope2_median_score,0.59
YP_500304.1,ifnepitope2_max_score,0.91
YP_500304.1,ifnepitope2_min_score,0.26
YP_500304.1,ifnepitope2_mean_score,0.5792477876106195
YP_500304.1,ifnepitope2_median_score,0.57
YP_499855.1,ifnepitope2_max_score,0.69
YP_499855.1,ifnepitope2_min_score,0.25
YP_499855.1,ifnepitope2_mean_score,0.455
YP_499855.1,ifnepitope2_median_score,0.455
YP_499262.1,ifnepitope2_max_score,0.9
YP_499262.1,ifnepitope2_min_score,0.11
YP_499262.1,ifnepitope2_mean_score,0.5828421052631579
YP_499262.1,ifnepitope2_median_score,0.6
YP_008530245.1,ifnepitope2_max_score,0.89
YP_008530245.1,ifnepitope2_min_score,0.29
YP_008530245.1,ifnepitope2_mean_score,0.6054545454545455
YP_008530245.1,ifnepitope2_median_score,0.61
YP_499857.1,ifnepitope2_max_score,0.89
YP_499857.1,ifnepitope2_min_score,0.21
YP_499857.1,ifnepitope2_mean_score,0.5969677419354839
YP_499857.1,ifnepitope2_median_score,0.6
YP_500261.1,ifnepitope2_max_score,0.83
YP_500261.1,ifnepitope2_min_score,0.24
YP_500261.1,ifnepitope2_mean_score,0.5428571428571428
YP_500261.1,ifnepitope2_median_score,0.55
YP_498610.1,ifnepitope2_max_score,0.9
YP_498610.1,ifnepitope2_min_score,0.25
YP_498610.1,ifnepitope2_mean_score,0.5694037940379404
YP_498610.1,ifnepitope2_median_score,0.58
YP_500922.1,ifnepitope2_max_score,0.79
YP_500922.1,ifnepitope2_min_score,0.27
YP_500922.1,ifnepitope2_mean_score,0.5599253731343283
YP_500922.1,ifnepitope2_median_score,0.57
YP_500433.1,ifnepitope2_max_score,0.88
YP_500433.1,ifnepitope2_min_score,0.21
YP_500433.1,ifnepitope2_mean_score,0.5858823529411765
YP_500433.1,ifnepitope2_median_score,0.59
YP_499934.1,ifnepitope2_max_score,0.87
YP_499934.1,ifnepitope2_min_score,0.25
YP_499934.1,ifnepitope2_mean_score,0.5600497512437811
YP_499934.1,ifnepitope2_median_score,0.56
YP_500542.1,ifnepitope2_max_score,0.87
YP_500542.1,ifnepitope2_min_score,0.18
YP_500542.1,ifnepitope2_mean_score,0.5603357314148681
YP_500542.1,ifnepitope2_median_score,0.57
YP_500426.1,ifnepitope2_max_score,0.81
YP_500426.1,ifnepitope2_min_score,0.25
YP_500426.1,ifnepitope2_mean_score,0.5782
YP_500426.1,ifnepitope2_median_score,0.59
YP_501450.1,ifnepitope2_max_score,0.78
YP_501450.1,ifnepitope2_min_score,0.24
YP_501450.1,ifnepitope2_mean_score,0.5209550561797753
YP_501450.1,ifnepitope2_median_score,0.535
YP_498730.1,ifnepitope2_max_score,0.82
YP_498730.1,ifnepitope2_min_score,0.27
YP_498730.1,ifnepitope2_mean_score,0.5835
YP_498730.1,ifnepitope2_median_score,0.61
YP_499158.1,ifnepitope2_max_score,0.8
YP_499158.1,ifnepitope2_min_score,0.17
YP_499158.1,ifnepitope2_mean_score,0.522
YP_499158.1,ifnepitope2_median_score,0.52
YP_500764.1,ifnepitope2_max_score,0.94
YP_500764.1,ifnepitope2_min_score,0.25
YP_500764.1,ifnepitope2_mean_score,0.6242168674698795
YP_500764.1,ifnepitope2_median_score,0.62
YP_500167.1,ifnepitope2_max_score,0.89
YP_500167.1,ifnepitope2_min_score,0.13
YP_500167.1,ifnepitope2_mean_score,0.5596415770609319
YP_500167.1,ifnepitope2_median_score,0.57
YP_499002.1,ifnepitope2_max_score,0.87
YP_499002.1,ifnepitope2_min_score,0.15
YP_499002.1,ifnepitope2_mean_score,0.5539351851851851
YP_499002.1,ifnepitope2_median_score,0.58
YP_501474.1,ifnepitope2_max_score,0.87
YP_501474.1,ifnepitope2_min_score,0.3
YP_501474.1,ifnepitope2_mean_score,0.5851960784313726
YP_501474.1,ifnepitope2_median_score,0.58
YP_501139.1,ifnepitope2_max_score,0.87
YP_501139.1,ifnepitope2_min_score,0.31
YP_501139.1,ifnepitope2_mean_score,0.6057042253521127
YP_501139.1,ifnepitope2_median_score,0.605
YP_500711.1,ifnepitope2_max_score,0.87
YP_500711.1,ifnepitope2_min_score,0.22
YP_500711.1,ifnepitope2_mean_score,0.5179207920792079
YP_500711.1,ifnepitope2_median_score,0.51
YP_500549.1,ifnepitope2_max_score,0.84
YP_500549.1,ifnepitope2_min_score,0.21
YP_500549.1,ifnepitope2_mean_score,0.5093150684931507
YP_500549.1,ifnepitope2_median_score,0.5
YP_501122.1,ifnepitope2_max_score,0.91
YP_501122.1,ifnepitope2_min_score,0.28
YP_501122.1,ifnepitope2_mean_score,0.572875816993464
YP_501122.1,ifnepitope2_median_score,0.57
YP_498678.1,ifnepitope2_max_score,0.93
YP_498678.1,ifnepitope2_min_score,0.17
YP_498678.1,ifnepitope2_mean_score,0.6088780487804878
YP_498678.1,ifnepitope2_median_score,0.62
YP_499994.1,ifnepitope2_max_score,0.89
YP_499994.1,ifnepitope2_min_score,0.29
YP_499994.1,ifnepitope2_mean_score,0.5569072164948453
YP_499994.1,ifnepitope2_median_score,0.54
YP_499764.1,ifnepitope2_max_score,0.71
YP_499764.1,ifnepitope2_min_score,0.33
YP_499764.1,ifnepitope2_mean_score,0.5504545454545454
YP_499764.1,ifnepitope2_median_score,0.585
YP_500682.1,ifnepitope2_max_score,0.88
YP_500682.1,ifnepitope2_min_score,0.33
YP_500682.1,ifnepitope2_mean_score,0.5906802721088436
YP_500682.1,ifnepitope2_median_score,0.6
YP_501253.1,ifnepitope2_max_score,0.8
YP_501253.1,ifnepitope2_min_score,0.15
YP_501253.1,ifnepitope2_mean_score,0.54825
YP_501253.1,ifnepitope2_median_score,0.6
YP_500186.1,ifnepitope2_max_score,0.85
YP_500186.1,ifnepitope2_min_score,0.22
YP_500186.1,ifnepitope2_mean_score,0.5736760124610591
YP_500186.1,ifnepitope2_median_score,0.59
YP_500068.1,ifnepitope2_max_score,0.88
YP_500068.1,ifnepitope2_min_score,0.34
YP_500068.1,ifnepitope2_mean_score,0.5942441860465116
YP_500068.1,ifnepitope2_median_score,0.61
YP_499541.1,ifnepitope2_max_score,0.85
YP_499541.1,ifnepitope2_min_score,0.27
YP_499541.1,ifnepitope2_mean_score,0.6097865853658536
YP_499541.1,ifnepitope2_median_score,0.61
YP_499312.1,ifnepitope2_max_score,0.83
YP_499312.1,ifnepitope2_min_score,0.26
YP_499312.1,ifnepitope2_mean_score,0.533109756097561
YP_499312.1,ifnepitope2_median_score,0.54
YP_500905.1,ifnepitope2_max_score,0.94
YP_500905.1,ifnepitope2_min_score,0.21
YP_500905.1,ifnepitope2_mean_score,0.5836923076923077
YP_500905.1,ifnepitope2_median_score,0.58
YP_499719.1,ifnepitope2_max_score,0.87
YP_499719.1,ifnepitope2_min_score,0.26
YP_499719.1,ifnepitope2_mean_score,0.5713268608414239
YP_499719.1,ifnepitope2_median_score,0.58
YP_499093.1,ifnepitope2_max_score,0.88
YP_499093.1,ifnepitope2_min_score,0.29
YP_499093.1,ifnepitope2_mean_score,0.6067721518987341
YP_499093.1,ifnepitope2_median_score,0.62
YP_499224.1,ifnepitope2_max_score,0.88
YP_499224.1,ifnepitope2_min_score,0.32
YP_499224.1,ifnepitope2_mean_score,0.5940277777777778
YP_499224.1,ifnepitope2_median_score,0.59
YP_498647.1,ifnepitope2_max_score,0.81
YP_498647.1,ifnepitope2_min_score,0.28
YP_498647.1,ifnepitope2_mean_score,0.6075555555555555
YP_498647.1,ifnepitope2_median_score,0.62
YP_499525.1,ifnepitope2_max_score,0.9
YP_499525.1,ifnepitope2_min_score,0.28
YP_499525.1,ifnepitope2_mean_score,0.5574712643678161
YP_499525.1,ifnepitope2_median_score,0.54
YP_499522.1,ifnepitope2_max_score,0.83
YP_499522.1,ifnepitope2_min_score,0.38
YP_499522.1,ifnepitope2_mean_score,0.6130612244897959
YP_499522.1,ifnepitope2_median_score,0.62
YP_498928.1,ifnepitope2_max_score,0.93
YP_498928.1,ifnepitope2_min_score,0.22
YP_498928.1,ifnepitope2_mean_score,0.598841961852861
YP_498928.1,ifnepitope2_median_score,0.61
YP_499123.1,ifnepitope2_max_score,0.84
YP_499123.1,ifnepitope2_min_score,0.29
YP_499123.1,ifnepitope2_mean_score,0.5958035714285714
YP_499123.1,ifnepitope2_median_score,0.6
YP_499058.1,ifnepitope2_max_score,0.74
YP_499058.1,ifnepitope2_min_score,0.3
YP_499058.1,ifnepitope2_mean_score,0.5883544303797469
YP_499058.1,ifnepitope2_median_score,0.6
YP_500459.1,ifnepitope2_max_score,0.91
YP_500459.1,ifnepitope2_min_score,0.21
YP_500459.1,ifnepitope2_mean_score,0.5943886462882096
YP_500459.1,ifnepitope2_median_score,0.6
YP_499978.1,ifnepitope2_max_score,0.88
YP_499978.1,ifnepitope2_min_score,0.3
YP_499978.1,ifnepitope2_mean_score,0.5732352941176471
YP_499978.1,ifnepitope2_median_score,0.56
YP_501107.1,ifnepitope2_max_score,0.8
YP_501107.1,ifnepitope2_min_score,0.17
YP_501107.1,ifnepitope2_mean_score,0.4870503597122302
YP_501107.1,ifnepitope2_median_score,0.49
YP_499349.1,ifnepitope2_max_score,0.97
YP_499349.1,ifnepitope2_min_score,0.29
YP_499349.1,ifnepitope2_mean_score,0.6494029850746269
YP_499349.1,ifnepitope2_median_score,0.64
YP_499995.1,ifnepitope2_max_score,0.93
YP_499995.1,ifnepitope2_min_score,0.22
YP_499995.1,ifnepitope2_mean_score,0.6109633027522936
YP_499995.1,ifnepitope2_median_score,0.62
YP_500697.1,ifnepitope2_max_score,0.78
YP_500697.1,ifnepitope2_min_score,0.15
YP_500697.1,ifnepitope2_mean_score,0.5177358490566037
YP_500697.1,ifnepitope2_median_score,0.51
YP_500007.1,ifnepitope2_max_score,0.82
YP_500007.1,ifnepitope2_min_score,0.17
YP_500007.1,ifnepitope2_mean_score,0.5010416666666667
YP_500007.1,ifnepitope2_median_score,0.5
YP_499119.1,ifnepitope2_max_score,0.86
YP_499119.1,ifnepitope2_min_score,0.24
YP_499119.1,ifnepitope2_mean_score,0.5556639004149377
YP_499119.1,ifnepitope2_median_score,0.56
YP_499685.1,ifnepitope2_max_score,0.87
YP_499685.1,ifnepitope2_min_score,0.29
YP_499685.1,ifnepitope2_mean_score,0.5859121621621621
YP_499685.1,ifnepitope2_median_score,0.59
YP_500599.1,ifnepitope2_max_score,0.87
YP_500599.1,ifnepitope2_min_score,0.12
YP_500599.1,ifnepitope2_mean_score,0.5807459207459208
YP_500599.1,ifnepitope2_median_score,0.59
YP_500389.1,ifnepitope2_max_score,0.85
YP_500389.1,ifnepitope2_min_score,0.18
YP_500389.1,ifnepitope2_mean_score,0.5695584415584416
YP_500389.1,ifnepitope2_median_score,0.59
YP_500162.1,ifnepitope2_max_score,0.82
YP_500162.1,ifnepitope2_min_score,0.23
YP_500162.1,ifnepitope2_mean_score,0.5347953216374269
YP_500162.1,ifnepitope2_median_score,0.53
YP_501186.1,ifnepitope2_max_score,0.91
YP_501186.1,ifnepitope2_min_score,0.33
YP_501186.1,ifnepitope2_mean_score,0.6292741935483871
YP_501186.1,ifnepitope2_median_score,0.63
YP_498609.1,ifnepitope2_max_score,0.87
YP_498609.1,ifnepitope2_min_score,0.23
YP_498609.1,ifnepitope2_mean_score,0.5756404494382023
YP_498609.1,ifnepitope2_median_score,0.59
YP_500741.1,ifnepitope2_max_score,0.89
YP_500741.1,ifnepitope2_min_score,0.24
YP_500741.1,ifnepitope2_mean_score,0.580197628458498
YP_500741.1,ifnepitope2_median_score,0.59
YP_500804.1,ifnepitope2_max_score,0.79
YP_500804.1,ifnepitope2_min_score,0.32
YP_500804.1,ifnepitope2_mean_score,0.6081481481481481
YP_500804.1,ifnepitope2_median_score,0.65
YP_500449.1,ifnepitope2_max_score,0.89
YP_500449.1,ifnepitope2_min_score,0.19
YP_500449.1,ifnepitope2_mean_score,0.5784146341463414
YP_500449.1,ifnepitope2_median_score,0.58
YP_500120.1,ifnepitope2_max_score,0.93
YP_500120.1,ifnepitope2_min_score,0.21
YP_500120.1,ifnepitope2_mean_score,0.6179782608695652
YP_500120.1,ifnepitope2_median_score,0.62
YP_500405.1,ifnepitope2_max_score,0.9
YP_500405.1,ifnepitope2_min_score,0.23
YP_500405.1,ifnepitope2_mean_score,0.6011926605504587
YP_500405.1,ifnepitope2_median_score,0.6
YP_499431.1,ifnepitope2_max_score,0.92
YP_499431.1,ifnepitope2_min_score,0.29
YP_499431.1,ifnepitope2_mean_score,0.6032741116751269
YP_499431.1,ifnepitope2_median_score,0.6
YP_498696.1,ifnepitope2_max_score,0.8
YP_498696.1,ifnepitope2_min_score,0.21
YP_498696.1,ifnepitope2_mean_score,0.5775720164609054
YP_498696.1,ifnepitope2_median_score,0.58
YP_500550.1,ifnepitope2_max_score,0.88
YP_500550.1,ifnepitope2_min_score,0.37
YP_500550.1,ifnepitope2_mean_score,0.6081764705882353
YP_500550.1,ifnepitope2_median_score,0.61
YP_500795.1,ifnepitope2_max_score,0.91
YP_500795.1,ifnepitope2_min_score,0.19
YP_500795.1,ifnepitope2_mean_score,0.600722891566265
YP_500795.1,ifnepitope2_median_score,0.61
YP_499888.1,ifnepitope2_max_score,0.91
YP_499888.1,ifnepitope2_min_score,0.26
YP_499888.1,ifnepitope2_mean_score,0.5806583072100313
YP_499888.1,ifnepitope2_median_score,0.6
YP_499558.1,ifnepitope2_max_score,0.92
YP_499558.1,ifnepitope2_min_score,0.17
YP_499558.1,ifnepitope2_mean_score,0.5912977099236641
YP_499558.1,ifnepitope2_median_score,0.59
YP_500393.1,ifnepitope2_max_score,0.8
YP_500393.1,ifnepitope2_min_score,0.27
YP_500393.1,ifnepitope2_mean_score,0.5746875
YP_500393.1,ifnepitope2_median_score,0.59
YP_498896.1,ifnepitope2_max_score,0.89
YP_498896.1,ifnepitope2_min_score,0.23
YP_498896.1,ifnepitope2_mean_score,0.6008914728682171
YP_498896.1,ifnepitope2_median_score,0.6
YP_500255.1,ifnepitope2_max_score,0.88
YP_500255.1,ifnepitope2_min_score,0.2
YP_500255.1,ifnepitope2_mean_score,0.586036036036036
YP_500255.1,ifnepitope2_median_score,0.62
YP_501173.1,ifnepitope2_max_score,0.89
YP_501173.1,ifnepitope2_min_score,0.2
YP_501173.1,ifnepitope2_mean_score,0.6014285714285714
YP_501173.1,ifnepitope2_median_score,0.63
YP_499376.1,ifnepitope2_max_score,0.69
YP_499376.1,ifnepitope2_min_score,0.23
YP_499376.1,ifnepitope2_mean_score,0.48941860465116277
YP_499376.1,ifnepitope2_median_score,0.485
YP_500119.1,ifnepitope2_max_score,0.8
YP_500119.1,ifnepitope2_min_score,0.31
YP_500119.1,ifnepitope2_mean_score,0.58
YP_500119.1,ifnepitope2_median_score,0.58
YP_501036.1,ifnepitope2_max_score,0.8
YP_501036.1,ifnepitope2_min_score,0.14
YP_501036.1,ifnepitope2_mean_score,0.49204545454545456
YP_501036.1,ifnepitope2_median_score,0.495
YP_500279.1,ifnepitope2_max_score,0.9
YP_500279.1,ifnepitope2_min_score,0.21
YP_500279.1,ifnepitope2_mean_score,0.5915666666666667
YP_500279.1,ifnepitope2_median_score,0.6
YP_501481.1,ifnepitope2_max_score,0.91
YP_501481.1,ifnepitope2_min_score,0.23
YP_501481.1,ifnepitope2_mean_score,0.5959090909090909
YP_501481.1,ifnepitope2_median_score,0.6
YP_501434.1,ifnepitope2_max_score,0.89
YP_501434.1,ifnepitope2_min_score,0.22
YP_501434.1,ifnepitope2_mean_score,0.5656218274111675
YP_501434.1,ifnepitope2_median_score,0.57
YP_499264.1,ifnepitope2_max_score,0.9
YP_499264.1,ifnepitope2_min_score,0.23
YP_499264.1,ifnepitope2_mean_score,0.6217763157894737
YP_499264.1,ifnepitope2_median_score,0.65
YP_498768.1,ifnepitope2_max_score,0.88
YP_498768.1,ifnepitope2_min_score,0.26
YP_498768.1,ifnepitope2_mean_score,0.568030303030303
YP_498768.1,ifnepitope2_median_score,0.57
YP_499118.1,ifnepitope2_max_score,0.9
YP_499118.1,ifnepitope2_min_score,0.23
YP_499118.1,ifnepitope2_mean_score,0.5654586129753915
YP_499118.1,ifnepitope2_median_score,0.57
YP_500388.1,ifnepitope2_max_score,0.83
YP_500388.1,ifnepitope2_min_score,0.28
YP_500388.1,ifnepitope2_mean_score,0.5664383561643835
YP_500388.1,ifnepitope2_median_score,0.56
YP_498966.1,ifnepitope2_max_score,0.81
YP_498966.1,ifnepitope2_min_score,0.28
YP_498966.1,ifnepitope2_mean_score,0.5521681415929204
YP_498966.1,ifnepitope2_median_score,0.55
YP_501290.1,ifnepitope2_max_score,0.77
YP_501290.1,ifnepitope2_min_score,0.27
YP_501290.1,ifnepitope2_mean_score,0.5384883720930232
YP_501290.1,ifnepitope2_median_score,0.55
YP_499555.1,ifnepitope2_max_score,0.77
YP_499555.1,ifnepitope2_min_score,0.48
YP_499555.1,ifnepitope2_mean_score,0.615625
YP_499555.1,ifnepitope2_median_score,0.59
YP_501264.1,ifnepitope2_max_score,0.8
YP_501264.1,ifnepitope2_min_score,0.23
YP_501264.1,ifnepitope2_mean_score,0.481195652173913
YP_501264.1,ifnepitope2_median_score,0.49
YP_500713.1,ifnepitope2_max_score,0.78
YP_500713.1,ifnepitope2_min_score,0.31
YP_500713.1,ifnepitope2_mean_score,0.5615789473684211
YP_500713.1,ifnepitope2_median_score,0.58
YP_499530.1,ifnepitope2_max_score,0.8
YP_499530.1,ifnepitope2_min_score,0.3
YP_499530.1,ifnepitope2_mean_score,0.534
YP_499530.1,ifnepitope2_median_score,0.52
YP_499050.1,ifnepitope2_max_score,0.89
YP_499050.1,ifnepitope2_min_score,0.25
YP_499050.1,ifnepitope2_mean_score,0.5832126696832579
YP_499050.1,ifnepitope2_median_score,0.58
YP_501132.1,ifnepitope2_max_score,0.8
YP_501132.1,ifnepitope2_min_score,0.28
YP_501132.1,ifnepitope2_mean_score,0.5111940298507462
YP_501132.1,ifnepitope2_median_score,0.51
YP_501053.1,ifnepitope2_max_score,0.88
YP_501053.1,ifnepitope2_min_score,0.19
YP_501053.1,ifnepitope2_mean_score,0.6086363636363636
YP_501053.1,ifnepitope2_median_score,0.63
YP_500864.1,ifnepitope2_max_score,0.82
YP_500864.1,ifnepitope2_min_score,0.23
YP_500864.1,ifnepitope2_mean_score,0.5477464788732395
YP_500864.1,ifnepitope2_median_score,0.55
YP_501208.1,ifnepitope2_max_score,0.88
YP_501208.1,ifnepitope2_min_score,0.3
YP_501208.1,ifnepitope2_mean_score,0.5818324607329843
YP_501208.1,ifnepitope2_median_score,0.58
YP_500495.1,ifnepitope2_max_score,0.92
YP_500495.1,ifnepitope2_min_score,0.25
YP_500495.1,ifnepitope2_mean_score,0.5723051948051948
YP_500495.1,ifnepitope2_median_score,0.565
YP_499100.1,ifnepitope2_max_score,0.92
YP_499100.1,ifnepitope2_min_score,0.37
YP_499100.1,ifnepitope2_mean_score,0.6247297297297297
YP_499100.1,ifnepitope2_median_score,0.62
YP_501383.1,ifnepitope2_max_score,0.89
YP_501383.1,ifnepitope2_min_score,0.28
YP_501383.1,ifnepitope2_mean_score,0.5583453237410072
YP_501383.1,ifnepitope2_median_score,0.57
YP_500189.1,ifnepitope2_max_score,0.85
YP_500189.1,ifnepitope2_min_score,0.26
YP_500189.1,ifnepitope2_mean_score,0.5860681818181818
YP_500189.1,ifnepitope2_median_score,0.6
YP_500399.1,ifnepitope2_max_score,0.83
YP_500399.1,ifnepitope2_min_score,0.19
YP_500399.1,ifnepitope2_mean_score,0.563884892086331
YP_500399.1,ifnepitope2_median_score,0.56
YP_499396.1,ifnepitope2_max_score,0.91
YP_499396.1,ifnepitope2_min_score,0.33
YP_499396.1,ifnepitope2_mean_score,0.5912312312312312
YP_499396.1,ifnepitope2_median_score,0.59
YP_499593.1,ifnepitope2_max_score,0.79
YP_499593.1,ifnepitope2_min_score,0.27
YP_499593.1,ifnepitope2_mean_score,0.533012048192771
YP_499593.1,ifnepitope2_median_score,0.53
YP_499986.1,ifnepitope2_max_score,0.8
YP_499986.1,ifnepitope2_min_score,0.29
YP_499986.1,ifnepitope2_mean_score,0.551047619047619
YP_499986.1,ifnepitope2_median_score,0.55
YP_500202.1,ifnepitope2_max_score,0.81
YP_500202.1,ifnepitope2_min_score,0.22
YP_500202.1,ifnepitope2_mean_score,0.5764444444444444
YP_500202.1,ifnepitope2_median_score,0.59
YP_498859.1,ifnepitope2_max_score,0.86
YP_498859.1,ifnepitope2_min_score,0.24
YP_498859.1,ifnepitope2_mean_score,0.5484722222222222
YP_498859.1,ifnepitope2_median_score,0.54
YP_498655.1,ifnepitope2_max_score,0.82
YP_498655.1,ifnepitope2_min_score,0.13
YP_498655.1,ifnepitope2_mean_score,0.564078947368421
YP_498655.1,ifnepitope2_median_score,0.58
YP_500306.1,ifnepitope2_max_score,0.89
YP_500306.1,ifnepitope2_min_score,0.26
YP_500306.1,ifnepitope2_mean_score,0.6103381642512077
YP_500306.1,ifnepitope2_median_score,0.61
YP_499249.1,ifnepitope2_max_score,0.83
YP_499249.1,ifnepitope2_min_score,0.31
YP_499249.1,ifnepitope2_mean_score,0.5983561643835617
YP_499249.1,ifnepitope2_median_score,0.6
YP_499345.1,ifnepitope2_max_score,0.84
YP_499345.1,ifnepitope2_min_score,0.27
YP_499345.1,ifnepitope2_mean_score,0.5753250773993808
YP_499345.1,ifnepitope2_median_score,0.58
YP_498808.1,ifnepitope2_max_score,0.86
YP_498808.1,ifnepitope2_min_score,0.08
YP_498808.1,ifnepitope2_mean_score,0.5619420289855073
YP_498808.1,ifnepitope2_median_score,0.57
YP_499225.1,ifnepitope2_max_score,0.87
YP_499225.1,ifnepitope2_min_score,0.19
YP_499225.1,ifnepitope2_mean_score,0.5691124260355029
YP_499225.1,ifnepitope2_median_score,0.57
YP_500380.1,ifnepitope2_max_score,0.9
YP_500380.1,ifnepitope2_min_score,0.21
YP_500380.1,ifnepitope2_mean_score,0.5948543689320388
YP_500380.1,ifnepitope2_median_score,0.6
YP_499451.1,ifnepitope2_max_score,0.89
YP_499451.1,ifnepitope2_min_score,0.2
YP_499451.1,ifnepitope2_mean_score,0.5631263858093126
YP_499451.1,ifnepitope2_median_score,0.57
YP_008530243.1,ifnepitope2_max_score,0.86
YP_008530243.1,ifnepitope2_min_score,0.24
YP_008530243.1,ifnepitope2_mean_score,0.5606382978723404
YP_008530243.1,ifnepitope2_median_score,0.57
YP_498838.1,ifnepitope2_max_score,0.63
YP_498838.1,ifnepitope2_min_score,0.25
YP_498838.1,ifnepitope2_mean_score,0.45176470588235296
YP_498838.1,ifnepitope2_median_score,0.45
YP_501152.1,ifnepitope2_max_score,0.9
YP_501152.1,ifnepitope2_min_score,0.23
YP_501152.1,ifnepitope2_mean_score,0.591240157480315
YP_501152.1,ifnepitope2_median_score,0.6
YP_500917.1,ifnepitope2_max_score,0.9
YP_500917.1,ifnepitope2_min_score,0.24
YP_500917.1,ifnepitope2_mean_score,0.6103202846975089
YP_500917.1,ifnepitope2_median_score,0.61
YP_498913.1,ifnepitope2_max_score,0.85
YP_498913.1,ifnepitope2_min_score,0.11
YP_498913.1,ifnepitope2_mean_score,0.5701156069364162
YP_498913.1,ifnepitope2_median_score,0.57
YP_500822.1,ifnepitope2_max_score,0.89
YP_500822.1,ifnepitope2_min_score,0.29
YP_500822.1,ifnepitope2_mean_score,0.6039676113360324
YP_500822.1,ifnepitope2_median_score,0.6
YP_499470.1,ifnepitope2_max_score,0.85
YP_499470.1,ifnepitope2_min_score,0.32
YP_499470.1,ifnepitope2_mean_score,0.6023926380368099
YP_499470.1,ifnepitope2_median_score,0.6
YP_499771.1,ifnepitope2_max_score,0.92
YP_499771.1,ifnepitope2_min_score,0.15
YP_499771.1,ifnepitope2_mean_score,0.5966666666666667
YP_499771.1,ifnepitope2_median_score,0.62
YP_500001.1,ifnepitope2_max_score,0.87
YP_500001.1,ifnepitope2_min_score,0.22
YP_500001.1,ifnepitope2_mean_score,0.5667105263157894
YP_500001.1,ifnepitope2_median_score,0.565
YP_500700.1,ifnepitope2_max_score,0.78
YP_500700.1,ifnepitope2_min_score,0.41
YP_500700.1,ifnepitope2_mean_score,0.5827272727272728
YP_500700.1,ifnepitope2_median_score,0.555
YP_499966.1,ifnepitope2_max_score,0.8
YP_499966.1,ifnepitope2_min_score,0.44
YP_499966.1,ifnepitope2_mean_score,0.6191428571428571
YP_499966.1,ifnepitope2_median_score,0.64
YP_499406.1,ifnepitope2_max_score,0.69
YP_499406.1,ifnepitope2_min_score,0.27
YP_499406.1,ifnepitope2_mean_score,0.5048648648648648
YP_499406.1,ifnepitope2_median_score,0.55
YP_500247.1,ifnepitope2_max_score,0.84
YP_500247.1,ifnepitope2_min_score,0.17
YP_500247.1,ifnepitope2_mean_score,0.568904593639576
YP_500247.1,ifnepitope2_median_score,0.58
YP_500390.1,ifnepitope2_max_score,0.87
YP_500390.1,ifnepitope2_min_score,0.27
YP_500390.1,ifnepitope2_mean_score,0.5510891089108911
YP_500390.1,ifnepitope2_median_score,0.56
YP_500734.1,ifnepitope2_max_score,0.88
YP_500734.1,ifnepitope2_min_score,0.29
YP_500734.1,ifnepitope2_mean_score,0.5638709677419355
YP_500734.1,ifnepitope2_median_score,0.565
YP_501286.1,ifnepitope2_max_score,0.89
YP_501286.1,ifnepitope2_min_score,0.23
YP_501286.1,ifnepitope2_mean_score,0.5730232558139535
YP_501286.1,ifnepitope2_median_score,0.555
YP_499814.1,ifnepitope2_max_score,0.83
YP_499814.1,ifnepitope2_min_score,0.32
YP_499814.1,ifnepitope2_mean_score,0.6118666666666667
YP_499814.1,ifnepitope2_median_score,0.61
YP_498729.1,ifnepitope2_max_score,0.82
YP_498729.1,ifnepitope2_min_score,0.23
YP_498729.1,ifnepitope2_mean_score,0.5797050938337802
YP_498729.1,ifnepitope2_median_score,0.59
YP_499402.1,ifnepitope2_max_score,0.92
YP_499402.1,ifnepitope2_min_score,0.28
YP_499402.1,ifnepitope2_mean_score,0.5729742388758782
YP_499402.1,ifnepitope2_median_score,0.57
YP_500183.1,ifnepitope2_max_score,0.85
YP_500183.1,ifnepitope2_min_score,0.32
YP_500183.1,ifnepitope2_mean_score,0.5782993197278912
YP_500183.1,ifnepitope2_median_score,0.6
YP_499565.1,ifnepitope2_max_score,0.85
YP_499565.1,ifnepitope2_min_score,0.2
YP_499565.1,ifnepitope2_mean_score,0.5910479041916168
YP_499565.1,ifnepitope2_median_score,0.59
YP_500645.1,ifnepitope2_max_score,0.79
YP_500645.1,ifnepitope2_min_score,0.23
YP_500645.1,ifnepitope2_mean_score,0.5927118644067797
YP_500645.1,ifnepitope2_median_score,0.61
YP_498751.1,ifnepitope2_max_score,0.89
YP_498751.1,ifnepitope2_min_score,0.24
YP_498751.1,ifnepitope2_mean_score,0.5619108280254778
YP_498751.1,ifnepitope2_median_score,0.57
YP_498989.1,ifnepitope2_max_score,0.92
YP_498989.1,ifnepitope2_min_score,0.31
YP_498989.1,ifnepitope2_mean_score,0.5745075757575757
YP_498989.1,ifnepitope2_median_score,0.56
YP_500431.1,ifnepitope2_max_score,0.91
YP_500431.1,ifnepitope2_min_score,0.2
YP_500431.1,ifnepitope2_mean_score,0.5086486486486487
YP_500431.1,ifnepitope2_median_score,0.53
YP_500650.1,ifnepitope2_max_score,0.82
YP_500650.1,ifnepitope2_min_score,0.22
YP_500650.1,ifnepitope2_mean_score,0.54578125
YP_500650.1,ifnepitope2_median_score,0.55
YP_499177.1,ifnepitope2_max_score,0.95
YP_499177.1,ifnepitope2_min_score,0.21
YP_499177.1,ifnepitope2_mean_score,0.6105844155844156
YP_499177.1,ifnepitope2_median_score,0.635
YP_498931.1,ifnepitope2_max_score,0.89
YP_498931.1,ifnepitope2_min_score,0.28
YP_498931.1,ifnepitope2_mean_score,0.5844568245125348
YP_498931.1,ifnepitope2_median_score,0.58
YP_500655.1,ifnepitope2_max_score,0.88
YP_500655.1,ifnepitope2_min_score,0.35
YP_500655.1,ifnepitope2_mean_score,0.5997222222222223
YP_500655.1,ifnepitope2_median_score,0.6
YP_499586.1,ifnepitope2_max_score,0.83
YP_499586.1,ifnepitope2_min_score,0.12
YP_499586.1,ifnepitope2_mean_score,0.46218750000000003
YP_499586.1,ifnepitope2_median_score,0.475
YP_500868.1,ifnepitope2_max_score,0.74
YP_500868.1,ifnepitope2_min_score,0.48
YP_500868.1,ifnepitope2_mean_score,0.6365384615384615
YP_500868.1,ifnepitope2_median_score,0.65
YP_501414.1,ifnepitope2_max_score,0.89
YP_501414.1,ifnepitope2_min_score,0.3
YP_501414.1,ifnepitope2_mean_score,0.5484695051783659
YP_501414.1,ifnepitope2_median_score,0.54
YP_500911.1,ifnepitope2_max_score,0.81
YP_500911.1,ifnepitope2_min_score,0.31
YP_500911.1,ifnepitope2_mean_score,0.5738823529411765
YP_500911.1,ifnepitope2_median_score,0.57
YP_499461.1,ifnepitope2_max_score,0.94
YP_499461.1,ifnepitope2_min_score,0.23
YP_499461.1,ifnepitope2_mean_score,0.5674883720930233
YP_499461.1,ifnepitope2_median_score,0.57
YP_499181.1,ifnepitope2_max_score,0.8
YP_499181.1,ifnepitope2_min_score,0.13
YP_499181.1,ifnepitope2_mean_score,0.5262608695652173
YP_499181.1,ifnepitope2_median_score,0.53
YP_499146.1,ifnepitope2_max_score,0.87
YP_499146.1,ifnepitope2_min_score,0.28
YP_499146.1,ifnepitope2_mean_score,0.5896
YP_499146.1,ifnepitope2_median_score,0.59
YP_498721.1,ifnepitope2_max_score,0.85
YP_498721.1,ifnepitope2_min_score,0.2
YP_498721.1,ifnepitope2_mean_score,0.56315
YP_498721.1,ifnepitope2_median_score,0.57
YP_499037.1,ifnepitope2_max_score,0.76
YP_499037.1,ifnepitope2_min_score,0.29
YP_499037.1,ifnepitope2_mean_score,0.5483783783783784
YP_499037.1,ifnepitope2_median_score,0.55
YP_501133.1,ifnepitope2_max_score,0.91
YP_501133.1,ifnepitope2_min_score,0.22
YP_501133.1,ifnepitope2_mean_score,0.6048031496062992
YP_501133.1,ifnepitope2_median_score,0.62
YP_501137.1,ifnepitope2_max_score,0.84
YP_501137.1,ifnepitope2_min_score,0.26
YP_501137.1,ifnepitope2_mean_score,0.5971875
YP_501137.1,ifnepitope2_median_score,0.6
YP_500059.1,ifnepitope2_max_score,0.9
YP_500059.1,ifnepitope2_min_score,0.33
YP_500059.1,ifnepitope2_mean_score,0.6319318181818182
YP_500059.1,ifnepitope2_median_score,0.63
YP_498663.1,ifnepitope2_max_score,0.94
YP_498663.1,ifnepitope2_min_score,0.18
YP_498663.1,ifnepitope2_mean_score,0.6024008810572687
YP_498663.1,ifnepitope2_median_score,0.62
YP_500986.1,ifnepitope2_max_score,0.81
YP_500986.1,ifnepitope2_min_score,0.39
YP_500986.1,ifnepitope2_mean_score,0.6377142857142857
YP_500986.1,ifnepitope2_median_score,0.63
YP_499809.1,ifnepitope2_max_score,0.89
YP_499809.1,ifnepitope2_min_score,0.24
YP_499809.1,ifnepitope2_mean_score,0.6175714285714285
YP_499809.1,ifnepitope2_median_score,0.625
YP_499832.1,ifnepitope2_max_score,0.86
YP_499832.1,ifnepitope2_min_score,0.4
YP_499832.1,ifnepitope2_mean_score,0.6181081081081081
YP_499832.1,ifnepitope2_median_score,0.62
YP_499397.1,ifnepitope2_max_score,0.85
YP_499397.1,ifnepitope2_min_score,0.07
YP_499397.1,ifnepitope2_mean_score,0.5834529147982063
YP_499397.1,ifnepitope2_median_score,0.59
YP_501477.1,ifnepitope2_max_score,0.93
YP_501477.1,ifnepitope2_min_score,0.35
YP_501477.1,ifnepitope2_mean_score,0.5909589041095891
YP_501477.1,ifnepitope2_median_score,0.57
YP_500964.1,ifnepitope2_max_score,0.9
YP_500964.1,ifnepitope2_min_score,0.39
YP_500964.1,ifnepitope2_mean_score,0.6384705882352941
YP_500964.1,ifnepitope2_median_score,0.63
YP_501222.1,ifnepitope2_max_score,0.87
YP_501222.1,ifnepitope2_min_score,0.14
YP_501222.1,ifnepitope2_mean_score,0.5872199170124481
YP_501222.1,ifnepitope2_median_score,0.58
YP_500398.1,ifnepitope2_max_score,0.88
YP_500398.1,ifnepitope2_min_score,0.17
YP_500398.1,ifnepitope2_mean_score,0.5623648648648648
YP_500398.1,ifnepitope2_median_score,0.565
YP_499787.1,ifnepitope2_max_score,0.85
YP_499787.1,ifnepitope2_min_score,0.25
YP_499787.1,ifnepitope2_mean_score,0.5805240174672489
YP_499787.1,ifnepitope2_median_score,0.57
YP_499107.1,ifnepitope2_max_score,0.93
YP_499107.1,ifnepitope2_min_score,0.28
YP_499107.1,ifnepitope2_mean_score,0.6061661341853035
YP_499107.1,ifnepitope2_median_score,0.6
YP_501258.1,ifnepitope2_max_score,0.81
YP_501258.1,ifnepitope2_min_score,0.27
YP_501258.1,ifnepitope2_mean_score,0.5184693877551021
YP_501258.1,ifnepitope2_median_score,0.505
YP_500667.1,ifnepitope2_max_score,0.85
YP_500667.1,ifnepitope2_min_score,0.23
YP_500667.1,ifnepitope2_mean_score,0.5662090163934427
YP_500667.1,ifnepitope2_median_score,0.57
YP_499884.1,ifnepitope2_max_score,0.81
YP_499884.1,ifnepitope2_min_score,0.19
YP_499884.1,ifnepitope2_mean_score,0.5819148936170213
YP_499884.1,ifnepitope2_median_score,0.62
YP_500602.1,ifnepitope2_max_score,0.9
YP_500602.1,ifnepitope2_min_score,0.33
YP_500602.1,ifnepitope2_mean_score,0.6118181818181818
YP_500602.1,ifnepitope2_median_score,0.61
YP_500311.1,ifnepitope2_max_score,0.91
YP_500311.1,ifnepitope2_min_score,0.22
YP_500311.1,ifnepitope2_mean_score,0.6052686308492201
YP_500311.1,ifnepitope2_median_score,0.62
YP_499128.1,ifnepitope2_max_score,0.96
YP_499128.1,ifnepitope2_min_score,0.17
YP_499128.1,ifnepitope2_mean_score,0.6055021834061135
YP_499128.1,ifnepitope2_median_score,0.61
YP_500445.1,ifnepitope2_max_score,0.92
YP_500445.1,ifnepitope2_min_score,0.12
YP_500445.1,ifnepitope2_mean_score,0.5387053571428572
YP_500445.1,ifnepitope2_median_score,0.53
YP_500806.1,ifnepitope2_max_score,0.9
YP_500806.1,ifnepitope2_min_score,0.33
YP_500806.1,ifnepitope2_mean_score,0.6058156028368794
YP_500806.1,ifnepitope2_median_score,0.6
YP_500949.1,ifnepitope2_max_score,0.84
YP_500949.1,ifnepitope2_min_score,0.24
YP_500949.1,ifnepitope2_mean_score,0.593
YP_500949.1,ifnepitope2_median_score,0.61
YP_500401.1,ifnepitope2_max_score,0.81
YP_500401.1,ifnepitope2_min_score,0.22
YP_500401.1,ifnepitope2_mean_score,0.5306403940886699
YP_500401.1,ifnepitope2_median_score,0.54
YP_501170.1,ifnepitope2_max_score,0.82
YP_501170.1,ifnepitope2_min_score,0.13
YP_501170.1,ifnepitope2_mean_score,0.5624252491694353
YP_501170.1,ifnepitope2_median_score,0.57
YP_500913.1,ifnepitope2_max_score,0.9
YP_500913.1,ifnepitope2_min_score,0.22
YP_500913.1,ifnepitope2_mean_score,0.6109846153846153
YP_500913.1,ifnepitope2_median_score,0.62
YP_499329.1,ifnepitope2_max_score,0.79
YP_499329.1,ifnepitope2_min_score,0.29
YP_499329.1,ifnepitope2_mean_score,0.5392592592592592
YP_499329.1,ifnepitope2_median_score,0.51
YP_498826.1,ifnepitope2_max_score,0.86
YP_498826.1,ifnepitope2_min_score,0.14
YP_498826.1,ifnepitope2_mean_score,0.5495798319327732
YP_498826.1,ifnepitope2_median_score,0.56
YP_499760.1,ifnepitope2_max_score,0.86
YP_499760.1,ifnepitope2_min_score,0.23
YP_499760.1,ifnepitope2_mean_score,0.5727241379310345
YP_499760.1,ifnepitope2_median_score,0.58
YP_500855.1,ifnepitope2_max_score,0.79
YP_500855.1,ifnepitope2_min_score,0.25
YP_500855.1,ifnepitope2_mean_score,0.5829411764705882
YP_500855.1,ifnepitope2_median_score,0.57
YP_501478.1,ifnepitope2_max_score,0.92
YP_501478.1,ifnepitope2_min_score,0.27
YP_501478.1,ifnepitope2_mean_score,0.596551724137931
YP_501478.1,ifnepitope2_median_score,0.61
YP_499794.1,ifnepitope2_max_score,0.89
YP_499794.1,ifnepitope2_min_score,0.25
YP_499794.1,ifnepitope2_mean_score,0.5634666666666667
YP_499794.1,ifnepitope2_median_score,0.57
YP_500719.1,ifnepitope2_max_score,0.88
YP_500719.1,ifnepitope2_min_score,0.28
YP_500719.1,ifnepitope2_mean_score,0.5397177419354838
YP_500719.1,ifnepitope2_median_score,0.53
YP_499998.1,ifnepitope2_max_score,0.86
YP_499998.1,ifnepitope2_min_score,0.24
YP_499998.1,ifnepitope2_mean_score,0.5764902506963788
YP_499998.1,ifnepitope2_median_score,0.57
YP_501418.1,ifnepitope2_max_score,0.88
YP_501418.1,ifnepitope2_min_score,0.24
YP_501418.1,ifnepitope2_mean_score,0.6105487804878049
YP_501418.1,ifnepitope2_median_score,0.61
YP_500434.1,ifnepitope2_max_score,0.88
YP_500434.1,ifnepitope2_min_score,0.17
YP_500434.1,ifnepitope2_mean_score,0.5573730297723293
YP_500434.1,ifnepitope2_median_score,0.57
YP_501338.1,ifnepitope2_max_score,0.89
YP_501338.1,ifnepitope2_min_score,0.17
YP_501338.1,ifnepitope2_mean_score,0.5494117647058824
YP_501338.1,ifnepitope2_median_score,0.56
YP_499913.1,ifnepitope2_max_score,0.93
YP_499913.1,ifnepitope2_min_score,0.21
YP_499913.1,ifnepitope2_mean_score,0.603905723905724
YP_499913.1,ifnepitope2_median_score,0.62
YP_498835.1,ifnepitope2_max_score,0.89
YP_498835.1,ifnepitope2_min_score,0.34
YP_498835.1,ifnepitope2_mean_score,0.5711111111111111
YP_498835.1,ifnepitope2_median_score,0.57
YP_500890.1,ifnepitope2_max_score,0.87
YP_500890.1,ifnepitope2_min_score,0.2
YP_500890.1,ifnepitope2_mean_score,0.5959533898305085
YP_500890.1,ifnepitope2_median_score,0.61
YP_500883.1,ifnepitope2_max_score,0.82
YP_500883.1,ifnepitope2_min_score,0.26
YP_500883.1,ifnepitope2_mean_score,0.550727969348659
YP_500883.1,ifnepitope2_median_score,0.56
YP_500687.1,ifnepitope2_max_score,0.72
YP_500687.1,ifnepitope2_min_score,0.39
YP_500687.1,ifnepitope2_mean_score,0.5124390243902439
YP_500687.1,ifnepitope2_median_score,0.5
YP_498714.1,ifnepitope2_max_score,0.8
YP_498714.1,ifnepitope2_min_score,0.14
YP_498714.1,ifnepitope2_mean_score,0.5747663551401869
YP_498714.1,ifnepitope2_median_score,0.59
YP_501252.1,ifnepitope2_max_score,0.92
YP_501252.1,ifnepitope2_min_score,0.25
YP_501252.1,ifnepitope2_mean_score,0.5718181818181818
YP_501252.1,ifnepitope2_median_score,0.57
YP_499172.1,ifnepitope2_max_score,0.64
YP_499172.1,ifnepitope2_min_score,0.32
YP_499172.1,ifnepitope2_mean_score,0.5133333333333333
YP_499172.1,ifnepitope2_median_score,0.56
YP_499276.1,ifnepitope2_max_score,0.76
YP_499276.1,ifnepitope2_min_score,0.33
YP_499276.1,ifnepitope2_mean_score,0.5507971014492754
YP_499276.1,ifnepitope2_median_score,0.55
YP_500553.1,ifnepitope2_max_score,0.81
YP_500553.1,ifnepitope2_min_score,0.31
YP_500553.1,ifnepitope2_mean_score,0.5952702702702702
YP_500553.1,ifnepitope2_median_score,0.59
YP_500301.1,ifnepitope2_max_score,0.95
YP_500301.1,ifnepitope2_min_score,0.21
YP_500301.1,ifnepitope2_mean_score,0.5741359447004608
YP_500301.1,ifnepitope2_median_score,0.58
YP_500208.1,ifnepitope2_max_score,0.81
YP_500208.1,ifnepitope2_min_score,0.27
YP_500208.1,ifnepitope2_mean_score,0.5786363636363636
YP_500208.1,ifnepitope2_median_score,0.59
YP_499754.1,ifnepitope2_max_score,0.88
YP_499754.1,ifnepitope2_min_score,0.22
YP_499754.1,ifnepitope2_mean_score,0.5987755102040816
YP_499754.1,ifnepitope2_median_score,0.59
YP_501216.1,ifnepitope2_max_score,0.76
YP_501216.1,ifnepitope2_min_score,0.27
YP_501216.1,ifnepitope2_mean_score,0.565974025974026
YP_501216.1,ifnepitope2_median_score,0.59
YP_498621.1,ifnepitope2_max_score,0.9
YP_498621.1,ifnepitope2_min_score,0.31
YP_498621.1,ifnepitope2_mean_score,0.6064473684210526
YP_498621.1,ifnepitope2_median_score,0.615
YP_499822.1,ifnepitope2_max_score,0.86
YP_499822.1,ifnepitope2_min_score,0.35
YP_499822.1,ifnepitope2_mean_score,0.5821428571428572
YP_499822.1,ifnepitope2_median_score,0.615
YP_499675.1,ifnepitope2_max_score,0.92
YP_499675.1,ifnepitope2_min_score,0.13
YP_499675.1,ifnepitope2_mean_score,0.5933550488599348
YP_499675.1,ifnepitope2_median_score,0.61
YP_499331.1,ifnepitope2_max_score,0.88
YP_499331.1,ifnepitope2_min_score,0.17
YP_499331.1,ifnepitope2_mean_score,0.5457692307692308
YP_499331.1,ifnepitope2_median_score,0.54
YP_501269.1,ifnepitope2_max_score,0.93
YP_501269.1,ifnepitope2_min_score,0.3
YP_501269.1,ifnepitope2_mean_score,0.612072072072072
YP_501269.1,ifnepitope2_median_score,0.61
SSL5|A0A0H3K6Z6,ifnepitope2_max_score,0.82
SSL5|A0A0H3K6Z6,ifnepitope2_min_score,0.3
SSL5|A0A0H3K6Z6,ifnepitope2_mean_score,0.5435398230088495
SSL5|A0A0H3K6Z6,ifnepitope2_median_score,0.54
SSL10|A0A0H3K6Z9,ifnepitope2_max_score,0.92
SSL10|A0A0H3K6Z9,ifnepitope2_min_score,0.33
SSL10|A0A0H3K6Z9,ifnepitope2_mean_score,0.5771689497716895
SSL10|A0A0H3K6Z9,ifnepitope2_median_score,0.57
SSL1|A0A0H3KAV3,ifnepitope2_max_score,0.9
SSL1|A0A0H3KAV3,ifnepitope2_min_score,0.23
SSL1|A0A0H3KAV3,ifnepitope2_mean_score,0.5726146788990826
SSL1|A0A0H3KAV3,ifnepitope2_median_score,0.58
SSL4|A0A0H3K6A3,ifnepitope2_max_score,0.91
SSL4|A0A0H3K6A3,ifnepitope2_min_score,0.32
SSL4|A0A0H3K6A3,ifnepitope2_mean_score,0.6110333333333333
SSL4|A0A0H3K6A3,ifnepitope2_median_score,0.61
P0C0I5|ExotoxinC,ifnepitope2_max_score,0.81
P0C0I5|ExotoxinC,ifnepitope2_min_score,0.15
P0C0I5|ExotoxinC,ifnepitope2_mean_score,0.5037004405286344
P0C0I5|ExotoxinC,ifnepitope2_median_score,0.51
P0C0I6|ExotoxinH,ifnepitope2_max_score,0.87
P0C0I6|ExotoxinH,ifnepitope2_min_score,0.28
P0C0I6|ExotoxinH,ifnepitope2_mean_score,0.5455357142857142
P0C0I6|ExotoxinH,ifnepitope2_median_score,0.54
P0DJY7|ExotoxinA,ifnepitope2_max_score,0.89
P0DJY7|ExotoxinA,ifnepitope2_min_score,0.24
P0DJY7|ExotoxinA,ifnepitope2_mean_score,0.5660330578512397
P0DJY7|ExotoxinA,ifnepitope2_median_score,0.58
A0A0H3KHN8|EnterotoxinA,ifnepitope2_max_score,0.87
A0A0H3KHN8|EnterotoxinA,ifnepitope2_min_score,0.23
A0A0H3KHN8|EnterotoxinA,ifnepitope2_mean_score,0.5729317269076305
A0A0H3KHN8|EnterotoxinA,ifnepitope2_median_score,0.59
SSL3|CC1,mhci_median_score,0.265562
SSL3|CC1,mhci_median_percentile,0.784
SSL3|CC1,mhci_num_peptides,301
SSL3|CC1,mhci_num_strong_binders,96
SSL3|CC1,mhci_num_weak_binders,205
SSL3|CC5,mhci_median_score,0.26108
SSL3|CC5,mhci_median_percentile,0.787
SSL3|CC5,mhci_num_peptides,297
SSL3|CC5,mhci_num_strong_binders,92
SSL3|CC5,mhci_num_weak_binders,205
SSL3|CC8,mhci_median_score,0.260626
SSL3|CC8,mhci_median_percentile,0.787
SSL3|CC8,mhci_num_peptides,299
SSL3|CC8,mhci_num_strong_binders,94
SSL3|CC8,mhci_num_weak_binders,205
SSL3|CC22,mhci_median_score,0.248522
SSL3|CC22,mhci_median_percentile,0.859
SSL3|CC22,mhci_num_peptides,257
SSL3|CC22,mhci_num_strong_binders,79
SSL3|CC22,mhci_num_weak_binders,178
SSL3|CC30,mhci_median_score,0.261435
SSL3|CC30,mhci_median_percentile,0.832
SSL3|CC30,mhci_num_peptides,259
SSL3|CC30,mhci_num_strong_binders,79
SSL3|CC30,mhci_num_weak_binders,180
SSL3|CC93,mhci_median_score,0.2462755
SSL3|CC93,mhci_median_percentile,0.8305
SSL3|CC93,mhci_num_peptides,280
SSL3|CC93,mhci_num_strong_binders,84
SSL3|CC93,mhci_num_weak_binders,196
SSL7|CC1,mhci_median_score,0.240287
SSL7|CC1,mhci_median_percentile,0.868
SSL7|CC1,mhci_num_peptides,241
SSL7|CC1,mhci_num_strong_binders,73
SSL7|CC1,mhci_num_weak_binders,168
SSL7|CC5,mhci_median_score,0.23226049999999998
SSL7|CC5,mhci_median_percentile,0.881
SSL7|CC5,mhci_num_peptides,274
SSL7|CC5,mhci_num_strong_binders,75
SSL7|CC5,mhci_num_weak_binders,199
SSL7|CC8,mhci_median_score,0.221102
SSL7|CC8,mhci_median_percentile,0.83
SSL7|CC8,mhci_num_peptides,239
SSL7|CC8,mhci_num_strong_binders,73
SSL7|CC8,mhci_num_weak_binders,166
SSL7|CC22,mhci_median_score,0.220841
SSL7|CC22,mhci_median_percentile,0.907
SSL7|CC22,mhci_num_peptides,219
SSL7|CC22,mhci_num_strong_binders,64
SSL7|CC22,mhci_num_weak_binders,155
SSL7|CC30,mhci_median_score,0.222393
SSL7|CC30,mhci_median_percentile,0.882
SSL7|CC30,mhci_num_peptides,215
SSL7|CC30,mhci_num_strong_binders,66
SSL7|CC30,mhci_num_weak_binders,149
SSL7|CC93,mhci_median_score,0.221051
SSL7|CC93,mhci_median_percentile,0.8775
SSL7|CC93,mhci_num_peptides,252
SSL7|CC93,mhci_num_strong_binders,70
SSL7|CC93,mhci_num_weak_binders,182
SSL11|CC1,mhci_median_score,0.23776150000000001
SSL11|CC1,mhci_median_percentile,0.8325
SSL11|CC1,mhci_num_peptides,226
SSL11|CC1,mhci_num_strong_binders,68
SSL11|CC1,mhci_num_weak_binders,158
SSL11|CC5,mhci_median_score,0.2578195
SSL11|CC5,mhci_median_percentile,0.8214999999999999
SSL11|CC5,mhci_num_peptides,266
SSL11|CC5,mhci_num_strong_binders,94
SSL11|CC5,mhci_num_weak_binders,172
SSL11|CC8,mhci_median_score,0.230593
SSL11|CC8,mhci_median_percentile,0.908
SSL11|CC8,mhci_num_peptides,241
SSL11|CC8,mhci_num_strong_binders,80
SSL11|CC8,mhci_num_weak_binders,161
SSL11|CC22,mhci_median_score,0.276236
SSL11|CC22,mhci_median_percentile,0.719
SSL11|CC22,mhci_num_peptides,233
SSL11|CC22,mhci_num_strong_binders,84
SSL11|CC22,mhci_num_weak_binders,149
SSL11|CC30,mhci_median_score,0.2454
SSL11|CC30,mhci_median_percentile,0.886
SSL11|CC30,mhci_num_peptides,223
SSL11|CC30,mhci_num_strong_binders,62
SSL11|CC30,mhci_num_weak_binders,161
SSL11|CC93,mhci_median_score,0.254193
SSL11|CC93,mhci_median_percentile,0.833
SSL11|CC93,mhci_num_peptides,257
SSL11|CC93,mhci_num_strong_binders,74
SSL11|CC93,mhci_num_weak_binders,183
YP_499183.1,mhci_median_score,0.217469
YP_499183.1,mhci_median_percentile,1.0675
YP_499183.1,mhci_num_peptides,196
YP_499183.1,mhci_num_strong_binders,54
YP_499183.1,mhci_num_weak_binders,142
YP_501487.1,mhci_median_score,0.273003
YP_501487.1,mhci_median_percentile,0.762
YP_501487.1,mhci_num_peptides,221
YP_501487.1,mhci_num_strong_binders,80
YP_501487.1,mhci_num_weak_binders,141
YP_500419.1,mhci_median_score,0.241685
YP_500419.1,mhci_median_percentile,0.835
YP_500419.1,mhci_num_peptides,67
YP_500419.1,mhci_num_strong_binders,19
YP_500419.1,mhci_num_weak_binders,48
YP_500337.1,mhci_median_score,0.213738
YP_500337.1,mhci_median_percentile,0.977
YP_500337.1,mhci_num_peptides,125
YP_500337.1,mhci_num_strong_binders,30
YP_500337.1,mhci_num_weak_binders,95
YP_500378.1,mhci_median_score,0.24800899999999998
YP_500378.1,mhci_median_percentile,0.907
YP_500378.1,mhci_num_peptides,1004
YP_500378.1,mhci_num_strong_binders,331
YP_500378.1,mhci_num_weak_binders,673
YP_499389.1,mhci_median_score,0.213617
YP_499389.1,mhci_median_percentile,0.973
YP_499389.1,mhci_num_peptides,159
YP_499389.1,mhci_num_strong_binders,42
YP_499389.1,mhci_num_weak_binders,117
YP_499915.1,mhci_median_score,0.259441
YP_499915.1,mhci_median_percentile,0.825
YP_499915.1,mhci_num_peptides,52
YP_499915.1,mhci_num_strong_binders,18
YP_499915.1,mhci_num_weak_binders,34
YP_501058.1,mhci_median_score,0.23591
YP_501058.1,mhci_median_percentile,0.845
YP_501058.1,mhci_num_peptides,295
YP_501058.1,mhci_num_strong_binders,94
YP_501058.1,mhci_num_weak_binders,201
YP_499703.1,mhci_median_score,0.226678
YP_499703.1,mhci_median_percentile,0.915
YP_499703.1,mhci_num_peptides,357
YP_499703.1,mhci_num_strong_binders,112
YP_499703.1,mhci_num_weak_binders,245
YP_500657.1,mhci_median_score,0.242724
YP_500657.1,mhci_median_percentile,0.855
YP_500657.1,mhci_num_peptides,107
YP_500657.1,mhci_num_strong_binders,32
YP_500657.1,mhci_num_weak_binders,75
YP_499492.1,mhci_median_score,0.24444700000000003
YP_499492.1,mhci_median_percentile,0.901
YP_499492.1,mhci_num_peptides,128
YP_499492.1,mhci_num_strong_binders,39
YP_499492.1,mhci_num_weak_binders,89
YP_501495.1,mhci_median_score,0.24990649999999998
YP_501495.1,mhci_median_percentile,0.8634999999999999
YP_501495.1,mhci_num_peptides,330
YP_501495.1,mhci_num_strong_binders,107
YP_501495.1,mhci_num_weak_binders,223
YP_500791.1,mhci_median_score,0.228597
YP_500791.1,mhci_median_percentile,0.919
YP_500791.1,mhci_num_peptides,757
YP_500791.1,mhci_num_strong_binders,206
YP_500791.1,mhci_num_weak_binders,551
YP_500348.1,mhci_median_score,0.217409
YP_500348.1,mhci_median_percentile,0.93
YP_500348.1,mhci_num_peptides,853
YP_500348.1,mhci_num_strong_binders,235
YP_500348.1,mhci_num_weak_binders,618
YP_499292.1,mhci_median_score,0.266706
YP_499292.1,mhci_median_percentile,0.817
YP_499292.1,mhci_num_peptides,755
YP_499292.1,mhci_num_strong_binders,246
YP_499292.1,mhci_num_weak_binders,509
YP_498758.1,mhci_median_score,0.223609
YP_498758.1,mhci_median_percentile,0.904
YP_498758.1,mhci_num_peptides,427
YP_498758.1,mhci_num_strong_binders,125
YP_498758.1,mhci_num_weak_binders,302
YP_500086.1,mhci_median_score,0.278369
YP_500086.1,mhci_median_percentile,0.759
YP_500086.1,mhci_num_peptides,103
YP_500086.1,mhci_num_strong_binders,32
YP_500086.1,mhci_num_weak_binders,71
YP_500438.1,mhci_median_score,0.264146
YP_500438.1,mhci_median_percentile,0.935
YP_500438.1,mhci_num_peptides,41
YP_500438.1,mhci_num_strong_binders,14
YP_500438.1,mhci_num_weak_binders,27
YP_501182.1,mhci_median_score,0.25485
YP_501182.1,mhci_median_percentile,0.839
YP_501182.1,mhci_num_peptides,885
YP_501182.1,mhci_num_strong_binders,306
YP_501182.1,mhci_num_weak_binders,579
YP_500020.1,mhci_median_score,0.236601
YP_500020.1,mhci_median_percentile,0.89
YP_500020.1,mhci_num_peptides,547
YP_500020.1,mhci_num_strong_binders,163
YP_500020.1,mhci_num_weak_binders,384
YP_501119.1,mhci_median_score,0.252015
YP_501119.1,mhci_median_percentile,0.991
YP_501119.1,mhci_num_peptides,47
YP_501119.1,mhci_num_strong_binders,14
YP_501119.1,mhci_num_weak_binders,33
YP_500511.1,mhci_median_score,0.2822525
YP_500511.1,mhci_median_percentile,0.8075
YP_500511.1,mhci_num_peptides,58
YP_500511.1,mhci_num_strong_binders,17
YP_500511.1,mhci_num_weak_binders,41
YP_500759.1,mhci_median_score,0.248616
YP_500759.1,mhci_median_percentile,0.8674999999999999
YP_500759.1,mhci_num_peptides,178
YP_500759.1,mhci_num_strong_binders,47
YP_500759.1,mhci_num_weak_binders,131
YP_498958.1,mhci_median_score,0.208203
YP_498958.1,mhci_median_percentile,1.0545
YP_498958.1,mhci_num_peptides,236
YP_498958.1,mhci_num_strong_binders,55
YP_498958.1,mhci_num_weak_binders,181
YP_499051.1,mhci_median_score,0.264003
YP_499051.1,mhci_median_percentile,0.8425
YP_499051.1,mhci_num_peptides,402
YP_499051.1,mhci_num_strong_binders,137
YP_499051.1,mhci_num_weak_binders,265
YP_499163.1,mhci_median_score,0.240978
YP_499163.1,mhci_median_percentile,0.877
YP_499163.1,mhci_num_peptides,333
YP_499163.1,mhci_num_strong_binders,99
YP_499163.1,mhci_num_weak_binders,234
YP_499540.1,mhci_median_score,0.239087
YP_499540.1,mhci_median_percentile,0.873
YP_499540.1,mhci_num_peptides,400
YP_499540.1,mhci_num_strong_binders,115
YP_499540.1,mhci_num_weak_binders,285
YP_499616.1,mhci_median_score,0.243479
YP_499616.1,mhci_median_percentile,0.899
YP_499616.1,mhci_num_peptides,233
YP_499616.1,mhci_num_strong_binders,85
YP_499616.1,mhci_num_weak_binders,148
YP_499721.1,mhci_median_score,0.261907
YP_499721.1,mhci_median_percentile,0.821
YP_499721.1,mhci_num_peptides,185
YP_499721.1,mhci_num_strong_binders,63
YP_499721.1,mhci_num_weak_binders,122
YP_499390.1,mhci_median_score,0.312884
YP_499390.1,mhci_median_percentile,0.669
YP_499390.1,mhci_num_peptides,165
YP_499390.1,mhci_num_strong_binders,69
YP_499390.1,mhci_num_weak_binders,96
YP_500936.1,mhci_median_score,0.242708
YP_500936.1,mhci_median_percentile,0.829
YP_500936.1,mhci_num_peptides,661
YP_500936.1,mhci_num_strong_binders,211
YP_500936.1,mhci_num_weak_binders,450
YP_501445.1,mhci_median_score,0.191907
YP_501445.1,mhci_median_percentile,1.04
YP_501445.1,mhci_num_peptides,175
YP_501445.1,mhci_num_strong_binders,52
YP_501445.1,mhci_num_weak_binders,123
YP_501499.1,mhci_median_score,0.261201
YP_501499.1,mhci_median_percentile,0.9484999999999999
YP_501499.1,mhci_num_peptides,174
YP_501499.1,mhci_num_strong_binders,49
YP_501499.1,mhci_num_weak_binders,125
YP_499373.1,mhci_median_score,0.24473899999999998
YP_499373.1,mhci_median_percentile,0.8534999999999999
YP_499373.1,mhci_num_peptides,262
YP_499373.1,mhci_num_strong_binders,77
YP_499373.1,mhci_num_weak_binders,185
YP_501066.1,mhci_median_score,0.234803
YP_501066.1,mhci_median_percentile,0.88
YP_501066.1,mhci_num_peptides,587
YP_501066.1,mhci_num_strong_binders,184
YP_501066.1,mhci_num_weak_binders,403
YP_500763.1,mhci_median_score,0.22706500000000002
YP_500763.1,mhci_median_percentile,0.9564999999999999
YP_500763.1,mhci_num_peptides,654
YP_500763.1,mhci_num_strong_binders,195
YP_500763.1,mhci_num_weak_binders,459
YP_500308.1,mhci_median_score,0.24263800000000002
YP_500308.1,mhci_median_percentile,0.8775
YP_500308.1,mhci_num_peptides,664
YP_500308.1,mhci_num_strong_binders,198
YP_500308.1,mhci_num_weak_binders,466
YP_499548.1,mhci_median_score,0.244857
YP_499548.1,mhci_median_percentile,0.834
YP_499548.1,mhci_num_peptides,245
YP_499548.1,mhci_num_strong_binders,82
YP_499548.1,mhci_num_weak_binders,163
YP_501128.1,mhci_median_score,0.196303
YP_501128.1,mhci_median_percentile,1.149
YP_501128.1,mhci_num_peptides,109
YP_501128.1,mhci_num_strong_binders,22
YP_501128.1,mhci_num_weak_binders,87
YP_499075.1,mhci_median_score,0.2440075
YP_499075.1,mhci_median_percentile,0.874
YP_499075.1,mhci_num_peptides,232
YP_499075.1,mhci_num_strong_binders,75
YP_499075.1,mhci_num_weak_binders,157
YP_501077.1,mhci_median_score,0.269679
YP_501077.1,mhci_median_percentile,0.885
YP_501077.1,mhci_num_peptides,151
YP_501077.1,mhci_num_strong_binders,40
YP_501077.1,mhci_num_weak_binders,111
YP_500800.1,mhci_median_score,0.200087
YP_500800.1,mhci_median_percentile,1.06
YP_500800.1,mhci_num_peptides,67
YP_500800.1,mhci_num_strong_binders,16
YP_500800.1,mhci_num_weak_binders,51
YP_500576.1,mhci_median_score,0.22709
YP_500576.1,mhci_median_percentile,0.937
YP_500576.1,mhci_num_peptides,287
YP_500576.1,mhci_num_strong_binders,80
YP_500576.1,mhci_num_weak_binders,207
YP_499961.1,mhci_median_score,0.291301
YP_499961.1,mhci_median_percentile,0.701
YP_499961.1,mhci_num_peptides,159
YP_499961.1,mhci_num_strong_binders,62
YP_499961.1,mhci_num_weak_binders,97
YP_498794.1,mhci_median_score,0.27198
YP_498794.1,mhci_median_percentile,0.812
YP_498794.1,mhci_num_peptides,587
YP_498794.1,mhci_num_strong_binders,190
YP_498794.1,mhci_num_weak_binders,397
YP_500304.1,mhci_median_score,0.243533
YP_500304.1,mhci_median_percentile,0.847
YP_500304.1,mhci_num_peptides,321
YP_500304.1,mhci_num_strong_binders,105
YP_500304.1,mhci_num_weak_binders,216
YP_499855.1,mhci_median_score,0.358282
YP_499855.1,mhci_median_percentile,0.51
YP_499855.1,mhci_num_peptides,37
YP_499855.1,mhci_num_strong_binders,18
YP_499855.1,mhci_num_weak_binders,19
YP_499262.1,mhci_median_score,0.240549
YP_499262.1,mhci_median_percentile,0.929
YP_499262.1,mhci_num_peptides,579
YP_499262.1,mhci_num_strong_binders,178
YP_499262.1,mhci_num_weak_binders,401
YP_499857.1,mhci_median_score,0.2067135
YP_499857.1,mhci_median_percentile,1.0715
YP_499857.1,mhci_num_peptides,462
YP_499857.1,mhci_num_strong_binders,118
YP_499857.1,mhci_num_weak_binders,344
YP_500261.1,mhci_median_score,0.2340485
YP_500261.1,mhci_median_percentile,0.983
YP_500261.1,mhci_num_peptides,80
YP_500261.1,mhci_num_strong_binders,25
YP_500261.1,mhci_num_weak_binders,55
YP_498610.1,mhci_median_score,0.231241
YP_498610.1,mhci_median_percentile,0.886
YP_498610.1,mhci_num_peptides,491
YP_498610.1,mhci_num_strong_binders,142
YP_498610.1,mhci_num_weak_binders,349
YP_500922.1,mhci_median_score,0.23095949999999998
YP_500922.1,mhci_median_percentile,0.9359999999999999
YP_500922.1,mhci_num_peptides,142
YP_500922.1,mhci_num_strong_binders,52
YP_500922.1,mhci_num_weak_binders,90
YP_500433.1,mhci_median_score,0.262942
YP_500433.1,mhci_median_percentile,0.817
YP_500433.1,mhci_num_peptides,477
YP_500433.1,mhci_num_strong_binders,165
YP_500433.1,mhci_num_weak_binders,312
YP_499934.1,mhci_median_score,0.246176
YP_499934.1,mhci_median_percentile,0.898
YP_499934.1,mhci_num_peptides,340
YP_499934.1,mhci_num_strong_binders,114
YP_499934.1,mhci_num_weak_binders,226
YP_500542.1,mhci_median_score,0.2722
YP_500542.1,mhci_median_percentile,0.836
YP_500542.1,mhci_num_peptides,524
YP_500542.1,mhci_num_strong_binders,185
YP_500542.1,mhci_num_weak_binders,339
YP_500426.1,mhci_median_score,0.199064
YP_500426.1,mhci_median_percentile,1.049
YP_500426.1,mhci_num_peptides,59
YP_500426.1,mhci_num_strong_binders,12
YP_500426.1,mhci_num_weak_binders,47
YP_501450.1,mhci_median_score,0.232028
YP_501450.1,mhci_median_percentile,0.932
YP_501450.1,mhci_num_peptides,327
YP_501450.1,mhci_num_strong_binders,92
YP_501450.1,mhci_num_weak_binders,235
YP_498730.1,mhci_median_score,0.211773
YP_498730.1,mhci_median_percentile,0.919
YP_498730.1,mhci_num_peptides,149
YP_498730.1,mhci_num_strong_binders,50
YP_498730.1,mhci_num_weak_binders,99
YP_499158.1,mhci_median_score,0.243356
YP_499158.1,mhci_median_percentile,0.851
YP_499158.1,mhci_num_peptides,323
YP_499158.1,mhci_num_strong_binders,97
YP_499158.1,mhci_num_weak_binders,226
YP_500764.1,mhci_median_score,0.231084
YP_500764.1,mhci_median_percentile,0.889
YP_500764.1,mhci_num_peptides,621
YP_500764.1,mhci_num_strong_binders,197
YP_500764.1,mhci_num_weak_binders,424
YP_500167.1,mhci_median_score,0.229072
YP_500167.1,mhci_median_percentile,0.959
YP_500167.1,mhci_num_peptides,483
YP_500167.1,mhci_num_strong_binders,139
YP_500167.1,mhci_num_weak_binders,344
YP_499002.1,mhci_median_score,0.2770265
YP_499002.1,mhci_median_percentile,0.8194999999999999
YP_499002.1,mhci_num_peptides,338
YP_499002.1,mhci_num_strong_binders,123
YP_499002.1,mhci_num_weak_binders,215
YP_501474.1,mhci_median_score,0.193881
YP_501474.1,mhci_median_percentile,1.094
YP_501474.1,mhci_num_peptides,223
YP_501474.1,mhci_num_strong_binders,51
YP_501474.1,mhci_num_weak_binders,172
YP_501139.1,mhci_median_score,0.203378
YP_501139.1,mhci_median_percentile,1.069
YP_501139.1,mhci_num_peptides,167
YP_501139.1,mhci_num_strong_binders,46
YP_501139.1,mhci_num_weak_binders,121
YP_500711.1,mhci_median_score,0.2288195
YP_500711.1,mhci_median_percentile,0.9524999999999999
YP_500711.1,mhci_num_peptides,308
YP_500711.1,mhci_num_strong_binders,96
YP_500711.1,mhci_num_weak_binders,212
YP_500549.1,mhci_median_score,0.245475
YP_500549.1,mhci_median_percentile,1.04
YP_500549.1,mhci_num_peptides,127
YP_500549.1,mhci_num_strong_binders,37
YP_500549.1,mhci_num_weak_binders,90
YP_501122.1,mhci_median_score,0.2442515
YP_501122.1,mhci_median_percentile,0.879
YP_501122.1,mhci_num_peptides,410
YP_501122.1,mhci_num_strong_binders,126
YP_501122.1,mhci_num_weak_binders,284
YP_498678.1,mhci_median_score,0.25328
YP_498678.1,mhci_median_percentile,0.887
YP_498678.1,mhci_num_peptides,486
YP_498678.1,mhci_num_strong_binders,143
YP_498678.1,mhci_num_weak_binders,343
YP_499994.1,mhci_median_score,0.2746815
YP_499994.1,mhci_median_percentile,0.804
YP_499994.1,mhci_num_peptides,130
YP_499994.1,mhci_num_strong_binders,48
YP_499994.1,mhci_num_weak_binders,82
YP_499764.1,mhci_median_score,0.218437
YP_499764.1,mhci_median_percentile,1.0394999999999999
YP_499764.1,mhci_num_peptides,44
YP_499764.1,mhci_num_strong_binders,10
YP_499764.1,mhci_num_weak_binders,34
YP_500682.1,mhci_median_score,0.17853000000000002
YP_500682.1,mhci_median_percentile,1.0870000000000002
YP_500682.1,mhci_num_peptides,158
YP_500682.1,mhci_num_strong_binders,39
YP_500682.1,mhci_num_weak_binders,119
YP_501253.1,mhci_median_score,0.193425
YP_501253.1,mhci_median_percentile,1.1235
YP_501253.1,mhci_num_peptides,120
YP_501253.1,mhci_num_strong_binders,19
YP_501253.1,mhci_num_weak_binders,101
YP_500186.1,mhci_median_score,0.252254
YP_500186.1,mhci_median_percentile,0.8995
YP_500186.1,mhci_num_peptides,378
YP_500186.1,mhci_num_strong_binders,117
YP_500186.1,mhci_num_weak_binders,261
YP_500068.1,mhci_median_score,0.2471045
YP_500068.1,mhci_median_percentile,0.919
YP_500068.1,mhci_num_peptides,218
YP_500068.1,mhci_num_strong_binders,59
YP_500068.1,mhci_num_weak_binders,159
YP_499541.1,mhci_median_score,0.234934
YP_499541.1,mhci_median_percentile,0.972
YP_499541.1,mhci_num_peptides,299
YP_499541.1,mhci_num_strong_binders,94
YP_499541.1,mhci_num_weak_binders,205
YP_499312.1,mhci_median_score,0.230873
YP_499312.1,mhci_median_percentile,0.849
YP_499312.1,mhci_num_peptides,238
YP_499312.1,mhci_num_strong_binders,81
YP_499312.1,mhci_num_weak_binders,157
YP_500905.1,mhci_median_score,0.255119
YP_500905.1,mhci_median_percentile,0.841
YP_500905.1,mhci_num_peptides,891
YP_500905.1,mhci_num_strong_binders,283
YP_500905.1,mhci_num_weak_binders,608
YP_499719.1,mhci_median_score,0.217365
YP_499719.1,mhci_median_percentile,0.98
YP_499719.1,mhci_num_peptides,365
YP_499719.1,mhci_num_strong_binders,105
YP_499719.1,mhci_num_weak_binders,260
YP_499093.1,mhci_median_score,0.242999
YP_499093.1,mhci_median_percentile,0.839
YP_499093.1,mhci_num_peptides,213
YP_499093.1,mhci_num_strong_binders,75
YP_499093.1,mhci_num_weak_binders,138
YP_499224.1,mhci_median_score,0.278327
YP_499224.1,mhci_median_percentile,0.773
YP_499224.1,mhci_num_peptides,330
YP_499224.1,mhci_num_strong_binders,125
YP_499224.1,mhci_num_weak_binders,205
YP_498647.1,mhci_median_score,0.274631
YP_498647.1,mhci_median_percentile,0.807
YP_498647.1,mhci_num_peptides,139
YP_498647.1,mhci_num_strong_binders,48
YP_498647.1,mhci_num_weak_binders,91
YP_499525.1,mhci_median_score,0.22853849999999998
YP_499525.1,mhci_median_percentile,0.824
YP_499525.1,mhci_num_peptides,144
YP_499525.1,mhci_num_strong_binders,47
YP_499525.1,mhci_num_weak_binders,97
YP_499522.1,mhci_median_score,0.25948950000000004
YP_499522.1,mhci_median_percentile,0.918
YP_499522.1,mhci_num_peptides,160
YP_499522.1,mhci_num_strong_binders,49
YP_499522.1,mhci_num_weak_binders,111
YP_498928.1,mhci_median_score,0.24845
YP_498928.1,mhci_median_percentile,0.81
YP_498928.1,mhci_num_peptides,949
YP_498928.1,mhci_num_strong_binders,322
YP_498928.1,mhci_num_weak_binders,627
YP_499123.1,mhci_median_score,0.27999
YP_499123.1,mhci_median_percentile,0.7655000000000001
YP_499123.1,mhci_num_peptides,164
YP_499123.1,mhci_num_strong_binders,63
YP_499123.1,mhci_num_weak_binders,101
YP_499058.1,mhci_median_score,0.314252
YP_499058.1,mhci_median_percentile,0.715
YP_499058.1,mhci_num_peptides,95
YP_499058.1,mhci_num_strong_binders,28
YP_499058.1,mhci_num_weak_binders,67
YP_500459.1,mhci_median_score,0.25732449999999996
YP_500459.1,mhci_median_percentile,0.829
YP_500459.1,mhci_num_peptides,548
YP_500459.1,mhci_num_strong_binders,181
YP_500459.1,mhci_num_weak_binders,367
YP_499978.1,mhci_median_score,0.1719515
YP_499978.1,mhci_median_percentile,1.1935
YP_499978.1,mhci_num_peptides,114
YP_499978.1,mhci_num_strong_binders,25
YP_499978.1,mhci_num_weak_binders,89
YP_501107.1,mhci_median_score,0.271237
YP_501107.1,mhci_median_percentile,0.823
YP_501107.1,mhci_num_peptides,289
YP_501107.1,mhci_num_strong_binders,102
YP_501107.1,mhci_num_weak_binders,187
YP_499349.1,mhci_median_score,0.2171855
YP_499349.1,mhci_median_percentile,1.093
YP_499349.1,mhci_num_peptides,108
YP_499349.1,mhci_num_strong_binders,21
YP_499349.1,mhci_num_weak_binders,87
YP_499995.1,mhci_median_score,0.222046
YP_499995.1,mhci_median_percentile,0.946
YP_499995.1,mhci_num_peptides,336
YP_499995.1,mhci_num_strong_binders,97
YP_499995.1,mhci_num_weak_binders,239
YP_500697.1,mhci_median_score,0.154
YP_500697.1,mhci_median_percentile,1.207
YP_500697.1,mhci_num_peptides,67
YP_500697.1,mhci_num_strong_binders,14
YP_500697.1,mhci_num_weak_binders,53
YP_500007.1,mhci_median_score,0.2272075
YP_500007.1,mhci_median_percentile,0.8785000000000001
YP_500007.1,mhci_num_peptides,150
YP_500007.1,mhci_num_strong_binders,44
YP_500007.1,mhci_num_weak_binders,106
YP_499119.1,mhci_median_score,0.263502
YP_499119.1,mhci_median_percentile,0.82
YP_499119.1,mhci_num_peptides,739
YP_499119.1,mhci_num_strong_binders,262
YP_499119.1,mhci_num_weak_binders,477
YP_499685.1,mhci_median_score,0.233235
YP_499685.1,mhci_median_percentile,0.937
YP_499685.1,mhci_num_peptides,411
YP_499685.1,mhci_num_strong_binders,116
YP_499685.1,mhci_num_weak_binders,295
YP_500599.1,mhci_median_score,0.246483
YP_500599.1,mhci_median_percentile,0.839
YP_500599.1,mhci_num_peptides,613
YP_500599.1,mhci_num_strong_binders,194
YP_500599.1,mhci_num_weak_binders,419
YP_500389.1,mhci_median_score,0.218215
YP_500389.1,mhci_median_percentile,0.93
YP_500389.1,mhci_num_peptides,476
YP_500389.1,mhci_num_strong_binders,140
YP_500389.1,mhci_num_weak_binders,336
YP_500162.1,mhci_median_score,0.220072
YP_500162.1,mhci_median_percentile,0.842
YP_500162.1,mhci_num_peptides,305
YP_500162.1,mhci_num_strong_binders,100
YP_500162.1,mhci_num_weak_binders,205
YP_501186.1,mhci_median_score,0.21124949999999998
YP_501186.1,mhci_median_percentile,0.9924999999999999
YP_501186.1,mhci_num_peptides,428
YP_501186.1,mhci_num_strong_binders,120
YP_501186.1,mhci_num_weak_binders,308
YP_498609.1,mhci_median_score,0.246386
YP_498609.1,mhci_median_percentile,0.866
YP_498609.1,mhci_num_peptides,647
YP_498609.1,mhci_num_strong_binders,209
YP_498609.1,mhci_num_weak_binders,438
YP_500741.1,mhci_median_score,0.25957
YP_500741.1,mhci_median_percentile,0.786
YP_500741.1,mhci_num_peptides,307
YP_500741.1,mhci_num_strong_binders,104
YP_500741.1,mhci_num_weak_binders,203
YP_500449.1,mhci_median_score,0.280407
YP_500449.1,mhci_median_percentile,0.82
YP_500449.1,mhci_num_peptides,229
YP_500449.1,mhci_num_strong_binders,73
YP_500449.1,mhci_num_weak_binders,156
YP_500120.1,mhci_median_score,0.245933
YP_500120.1,mhci_median_percentile,0.837
YP_500120.1,mhci_num_peptides,521
YP_500120.1,mhci_num_strong_binders,173
YP_500120.1,mhci_num_weak_binders,348
YP_500405.1,mhci_median_score,0.2167325
YP_500405.1,mhci_median_percentile,1.034
YP_500405.1,mhci_num_peptides,176
YP_500405.1,mhci_num_strong_binders,42
YP_500405.1,mhci_num_weak_binders,134
YP_499431.1,mhci_median_score,0.247342
YP_499431.1,mhci_median_percentile,0.877
YP_499431.1,mhci_num_peptides,467
YP_499431.1,mhci_num_strong_binders,155
YP_499431.1,mhci_num_weak_binders,312
YP_498696.1,mhci_median_score,0.243572
YP_498696.1,mhci_median_percentile,0.829
YP_498696.1,mhci_num_peptides,345
YP_498696.1,mhci_num_strong_binders,115
YP_498696.1,mhci_num_weak_binders,230
YP_500550.1,mhci_median_score,0.2908635
YP_500550.1,mhci_median_percentile,0.824
YP_500550.1,mhci_num_peptides,192
YP_500550.1,mhci_num_strong_binders,58
YP_500550.1,mhci_num_weak_binders,134
YP_500795.1,mhci_median_score,0.237473
YP_500795.1,mhci_median_percentile,0.9005000000000001
YP_500795.1,mhci_num_peptides,656
YP_500795.1,mhci_num_strong_binders,193
YP_500795.1,mhci_num_weak_binders,463
YP_499888.1,mhci_median_score,0.270575
YP_499888.1,mhci_median_percentile,0.861
YP_499888.1,mhci_num_peptides,387
YP_499888.1,mhci_num_strong_binders,128
YP_499888.1,mhci_num_weak_binders,259
YP_499558.1,mhci_median_score,0.25534999999999997
YP_499558.1,mhci_median_percentile,0.9395
YP_499558.1,mhci_num_peptides,182
YP_499558.1,mhci_num_strong_binders,52
YP_499558.1,mhci_num_weak_binders,130
YP_500393.1,mhci_median_score,0.251774
YP_500393.1,mhci_median_percentile,0.715
YP_500393.1,mhci_num_peptides,93
YP_500393.1,mhci_num_strong_binders,35
YP_500393.1,mhci_num_weak_binders,58
YP_498896.1,mhci_median_score,0.289159
YP_498896.1,mhci_median_percentile,0.708
YP_498896.1,mhci_num_peptides,283
YP_498896.1,mhci_num_strong_binders,109
YP_498896.1,mhci_num_weak_binders,174
YP_500255.1,mhci_median_score,0.205847
YP_500255.1,mhci_median_percentile,1.036
YP_500255.1,mhci_num_peptides,368
YP_500255.1,mhci_num_strong_binders,101
YP_500255.1,mhci_num_weak_binders,267
YP_501173.1,mhci_median_score,0.275103
YP_501173.1,mhci_median_percentile,0.806
YP_501173.1,mhci_num_peptides,329
YP_501173.1,mhci_num_strong_binders,113
YP_501173.1,mhci_num_weak_binders,216
YP_499376.1,mhci_median_score,0.24753950000000002
YP_499376.1,mhci_median_percentile,0.81
YP_499376.1,mhci_num_peptides,124
YP_499376.1,mhci_num_strong_binders,43
YP_499376.1,mhci_num_weak_binders,81
YP_500119.1,mhci_median_score,0.25716649999999996
YP_500119.1,mhci_median_percentile,0.8005
YP_500119.1,mhci_num_peptides,142
YP_500119.1,mhci_num_strong_binders,43
YP_500119.1,mhci_num_weak_binders,99
YP_501036.1,mhci_median_score,0.225202
YP_501036.1,mhci_median_percentile,0.9355
YP_501036.1,mhci_num_peptides,228
YP_501036.1,mhci_num_strong_binders,65
YP_501036.1,mhci_num_weak_binders,163
YP_500279.1,mhci_median_score,0.2550215
YP_500279.1,mhci_median_percentile,0.897
YP_500279.1,mhci_num_peptides,370
YP_500279.1,mhci_num_strong_binders,103
YP_500279.1,mhci_num_weak_binders,267
YP_501481.1,mhci_median_score,0.238317
YP_501481.1,mhci_median_percentile,0.8975
YP_501481.1,mhci_num_peptides,516
YP_501481.1,mhci_num_strong_binders,148
YP_501481.1,mhci_num_weak_binders,368
YP_501434.1,mhci_median_score,0.2369475
YP_501434.1,mhci_median_percentile,0.873
YP_501434.1,mhci_num_peptides,1174
YP_501434.1,mhci_num_strong_binders,377
YP_501434.1,mhci_num_weak_binders,797
YP_499264.1,mhci_median_score,0.2453435
YP_499264.1,mhci_median_percentile,0.9045000000000001
YP_499264.1,mhci_num_peptides,238
YP_499264.1,mhci_num_strong_binders,69
YP_499264.1,mhci_num_weak_binders,169
YP_498768.1,mhci_median_score,0.2393615
YP_498768.1,mhci_median_percentile,0.877
YP_498768.1,mhci_num_peptides,996
YP_498768.1,mhci_num_strong_binders,290
YP_498768.1,mhci_num_weak_binders,706
YP_499118.1,mhci_median_score,0.222508
YP_499118.1,mhci_median_percentile,0.969
YP_499118.1,mhci_num_peptides,1047
YP_499118.1,mhci_num_strong_binders,309
YP_499118.1,mhci_num_weak_binders,738
YP_500388.1,mhci_median_score,0.21363949999999998
YP_500388.1,mhci_median_percentile,1.0215
YP_500388.1,mhci_num_peptides,148
YP_500388.1,mhci_num_strong_binders,40
YP_500388.1,mhci_num_weak_binders,108
YP_498966.1,mhci_median_score,0.283232
YP_498966.1,mhci_median_percentile,0.801
YP_498966.1,mhci_num_peptides,279
YP_498966.1,mhci_num_strong_binders,93
YP_498966.1,mhci_num_weak_binders,186
YP_501290.1,mhci_median_score,0.25474949999999996
YP_501290.1,mhci_median_percentile,0.865
YP_501290.1,mhci_num_peptides,322
YP_501290.1,mhci_num_strong_binders,100
YP_501290.1,mhci_num_weak_binders,222
YP_501264.1,mhci_median_score,0.2632855
YP_501264.1,mhci_median_percentile,0.853
YP_501264.1,mhci_num_peptides,214
YP_501264.1,mhci_num_strong_binders,75
YP_501264.1,mhci_num_weak_binders,139
YP_500713.1,mhci_median_score,0.2278465
YP_500713.1,mhci_median_percentile,0.889
YP_500713.1,mhci_num_peptides,118
YP_500713.1,mhci_num_strong_binders,36
YP_500713.1,mhci_num_weak_binders,82
YP_499530.1,mhci_median_score,0.369311
YP_499530.1,mhci_median_percentile,0.588
YP_499530.1,mhci_num_peptides,69
YP_499530.1,mhci_num_strong_binders,27
YP_499530.1,mhci_num_weak_binders,42
YP_499050.1,mhci_median_score,0.24101
YP_499050.1,mhci_median_percentile,0.872
YP_499050.1,mhci_num_peptides,455
YP_499050.1,mhci_num_strong_binders,142
YP_499050.1,mhci_num_weak_binders,313
YP_501132.1,mhci_median_score,0.21790749999999998
YP_501132.1,mhci_median_percentile,0.937
YP_501132.1,mhci_num_peptides,146
YP_501132.1,mhci_num_strong_binders,35
YP_501132.1,mhci_num_weak_binders,111
YP_501053.1,mhci_median_score,0.29017899999999996
YP_501053.1,mhci_median_percentile,0.747
YP_501053.1,mhci_num_peptides,174
YP_501053.1,mhci_num_strong_binders,60
YP_501053.1,mhci_num_weak_binders,114
YP_500864.1,mhci_median_score,0.227488
YP_500864.1,mhci_median_percentile,0.872
YP_500864.1,mhci_num_peptides,206
YP_500864.1,mhci_num_strong_binders,54
YP_500864.1,mhci_num_weak_binders,152
YP_501208.1,mhci_median_score,0.248043
YP_501208.1,mhci_median_percentile,0.844
YP_501208.1,mhci_num_peptides,315
YP_501208.1,mhci_num_strong_binders,107
YP_501208.1,mhci_num_weak_binders,208
YP_500495.1,mhci_median_score,0.21323
YP_500495.1,mhci_median_percentile,0.953
YP_500495.1,mhci_num_peptides,417
YP_500495.1,mhci_num_strong_binders,121
YP_500495.1,mhci_num_weak_binders,296
YP_499100.1,mhci_median_score,0.243659
YP_499100.1,mhci_median_percentile,0.986
YP_499100.1,mhci_num_peptides,165
YP_499100.1,mhci_num_strong_binders,51
YP_499100.1,mhci_num_weak_binders,114
YP_501383.1,mhci_median_score,0.263128
YP_501383.1,mhci_median_percentile,0.775
YP_501383.1,mhci_num_peptides,181
YP_501383.1,mhci_num_strong_binders,58
YP_501383.1,mhci_num_weak_binders,123
YP_500189.1,mhci_median_score,0.257521
YP_500189.1,mhci_median_percentile,0.834
YP_500189.1,mhci_num_peptides,493
YP_500189.1,mhci_num_strong_binders,163
YP_500189.1,mhci_num_weak_binders,330
YP_500399.1,mhci_median_score,0.247033
YP_500399.1,mhci_median_percentile,0.909
YP_500399.1,mhci_num_peptides,234
YP_500399.1,mhci_num_strong_binders,78
YP_500399.1,mhci_num_weak_binders,156
YP_499396.1,mhci_median_score,0.238322
YP_499396.1,mhci_median_percentile,0.879
YP_499396.1,mhci_num_peptides,413
YP_499396.1,mhci_num_strong_binders,130
YP_499396.1,mhci_num_weak_binders,283
YP_499593.1,mhci_median_score,0.240558
YP_499593.1,mhci_median_percentile,0.899
YP_499593.1,mhci_num_peptides,137
YP_499593.1,mhci_num_strong_binders,41
YP_499593.1,mhci_num_weak_binders,96
YP_499986.1,mhci_median_score,0.260684
YP_499986.1,mhci_median_percentile,0.903
YP_499986.1,mhci_num_peptides,193
YP_499986.1,mhci_num_strong_binders,60
YP_499986.1,mhci_num_weak_binders,133
YP_500202.1,mhci_median_score,0.259674
YP_500202.1,mhci_median_percentile,0.91
YP_500202.1,mhci_num_peptides,143
YP_500202.1,mhci_num_strong_binders,38
YP_500202.1,mhci_num_weak_binders,105
YP_498859.1,mhci_median_score,0.2399945
YP_498859.1,mhci_median_percentile,0.8875
YP_498859.1,mhci_num_peptides,294
YP_498859.1,mhci_num_strong_binders,94
YP_498859.1,mhci_num_weak_binders,200
YP_498655.1,mhci_median_score,0.289939
YP_498655.1,mhci_median_percentile,0.761
YP_498655.1,mhci_num_peptides,207
YP_498655.1,mhci_num_strong_binders,70
YP_498655.1,mhci_num_weak_binders,137
YP_500306.1,mhci_median_score,0.25918450000000004
YP_500306.1,mhci_median_percentile,0.8694999999999999
YP_500306.1,mhci_num_peptides,470
YP_500306.1,mhci_num_strong_binders,155
YP_500306.1,mhci_num_weak_binders,315
YP_499249.1,mhci_median_score,0.221939
YP_499249.1,mhci_median_percentile,0.875
YP_499249.1,mhci_num_peptides,201
YP_499249.1,mhci_num_strong_binders,63
YP_499249.1,mhci_num_weak_binders,138
YP_499345.1,mhci_median_score,0.25099
YP_499345.1,mhci_median_percentile,0.867
YP_499345.1,mhci_num_peptides,384
YP_499345.1,mhci_num_strong_binders,114
YP_499345.1,mhci_num_weak_binders,270
YP_498808.1,mhci_median_score,0.238856
YP_498808.1,mhci_median_percentile,0.894
YP_498808.1,mhci_num_peptides,1031
YP_498808.1,mhci_num_strong_binders,335
YP_498808.1,mhci_num_weak_binders,696
YP_499225.1,mhci_median_score,0.236428
YP_499225.1,mhci_median_percentile,0.897
YP_499225.1,mhci_num_peptides,478
YP_499225.1,mhci_num_strong_binders,134
YP_499225.1,mhci_num_weak_binders,344
YP_500380.1,mhci_median_score,0.2448305
YP_500380.1,mhci_median_percentile,0.9535
YP_500380.1,mhci_num_peptides,382
YP_500380.1,mhci_num_strong_binders,124
YP_500380.1,mhci_num_weak_binders,258
YP_499451.1,mhci_median_score,0.240998
YP_499451.1,mhci_median_percentile,0.824
YP_499451.1,mhci_num_peptides,574
YP_499451.1,mhci_num_strong_binders,178
YP_499451.1,mhci_num_weak_binders,396
YP_008530243.1,mhci_median_score,0.334145
YP_008530243.1,mhci_median_percentile,0.621
YP_008530243.1,mhci_num_peptides,149
YP_008530243.1,mhci_num_strong_binders,57
YP_008530243.1,mhci_num_weak_binders,92
YP_501152.1,mhci_median_score,0.229684
YP_501152.1,mhci_median_percentile,0.953
YP_501152.1,mhci_num_peptides,536
YP_501152.1,mhci_num_strong_binders,156
YP_501152.1,mhci_num_weak_binders,380
YP_500917.1,mhci_median_score,0.226566
YP_500917.1,mhci_median_percentile,0.9655
YP_500917.1,mhci_num_peptides,850
YP_500917.1,mhci_num_strong_binders,240
YP_500917.1,mhci_num_weak_binders,610
YP_498913.1,mhci_median_score,0.246224
YP_498913.1,mhci_median_percentile,0.858
YP_498913.1,mhci_num_peptides,203
YP_498913.1,mhci_num_strong_binders,65
YP_498913.1,mhci_num_weak_binders,138
YP_500822.1,mhci_median_score,0.240544
YP_500822.1,mhci_median_percentile,0.896
YP_500822.1,mhci_num_peptides,566
YP_500822.1,mhci_num_strong_binders,178
YP_500822.1,mhci_num_weak_binders,388
YP_499470.1,mhci_median_score,0.2123825
YP_499470.1,mhci_median_percentile,0.967
YP_499470.1,mhci_num_peptides,186
YP_499470.1,mhci_num_strong_binders,52
YP_499470.1,mhci_num_weak_binders,134
YP_499771.1,mhci_median_score,0.23561
YP_499771.1,mhci_median_percentile,0.905
YP_499771.1,mhci_num_peptides,359
YP_499771.1,mhci_num_strong_binders,99
YP_499771.1,mhci_num_weak_binders,260
YP_500001.1,mhci_median_score,0.258729
YP_500001.1,mhci_median_percentile,0.871
YP_500001.1,mhci_num_peptides,439
YP_500001.1,mhci_num_strong_binders,142
YP_500001.1,mhci_num_weak_binders,297
YP_500700.1,mhci_median_score,0.3099405
YP_500700.1,mhci_median_percentile,0.6930000000000001
YP_500700.1,mhci_num_peptides,62
YP_500700.1,mhci_num_strong_binders,24
YP_500700.1,mhci_num_weak_binders,38
YP_499966.1,mhci_median_score,0.193649
YP_499966.1,mhci_median_percentile,0.9245000000000001
YP_499966.1,mhci_num_peptides,44
YP_499966.1,mhci_num_strong_binders,13
YP_499966.1,mhci_num_weak_binders,31
YP_499406.1,mhci_median_score,0.213607
YP_499406.1,mhci_median_percentile,1.025
YP_499406.1,mhci_num_peptides,90
YP_499406.1,mhci_num_strong_binders,25
YP_499406.1,mhci_num_weak_binders,65
YP_500247.1,mhci_median_score,0.231525
YP_500247.1,mhci_median_percentile,0.932
YP_500247.1,mhci_num_peptides,315
YP_500247.1,mhci_num_strong_binders,86
YP_500247.1,mhci_num_weak_binders,229
YP_500390.1,mhci_median_score,0.250301
YP_500390.1,mhci_median_percentile,0.8755
YP_500390.1,mhci_num_peptides,250
YP_500390.1,mhci_num_strong_binders,84
YP_500390.1,mhci_num_weak_binders,166
YP_500734.1,mhci_median_score,0.235017
YP_500734.1,mhci_median_percentile,0.799
YP_500734.1,mhci_num_peptides,93
YP_500734.1,mhci_num_strong_binders,30
YP_500734.1,mhci_num_weak_binders,63
YP_501286.1,mhci_median_score,0.218701
YP_501286.1,mhci_median_percentile,0.991
YP_501286.1,mhci_num_peptides,97
YP_501286.1,mhci_num_strong_binders,26
YP_501286.1,mhci_num_weak_binders,71
YP_499814.1,mhci_median_score,0.281798
YP_499814.1,mhci_median_percentile,0.778
YP_499814.1,mhci_num_peptides,209
YP_499814.1,mhci_num_strong_binders,81
YP_499814.1,mhci_num_weak_binders,128
YP_498729.1,mhci_median_score,0.236107
YP_498729.1,mhci_median_percentile,0.926
YP_498729.1,mhci_num_peptides,499
YP_498729.1,mhci_num_strong_binders,152
YP_498729.1,mhci_num_weak_binders,347
YP_499402.1,mhci_median_score,0.227723
YP_499402.1,mhci_median_percentile,0.9065000000000001
YP_499402.1,mhci_num_peptides,582
YP_499402.1,mhci_num_strong_binders,172
YP_499402.1,mhci_num_weak_binders,410
YP_500183.1,mhci_median_score,0.23007149999999998
YP_500183.1,mhci_median_percentile,0.886
YP_500183.1,mhci_num_peptides,196
YP_500183.1,mhci_num_strong_binders,61
YP_500183.1,mhci_num_weak_binders,135
YP_499565.1,mhci_median_score,0.232122
YP_499565.1,mhci_median_percentile,0.92
YP_499565.1,mhci_num_peptides,387
YP_499565.1,mhci_num_strong_binders,122
YP_499565.1,mhci_num_weak_binders,265
YP_500645.1,mhci_median_score,0.228402
YP_500645.1,mhci_median_percentile,0.901
YP_500645.1,mhci_num_peptides,143
YP_500645.1,mhci_num_strong_binders,31
YP_500645.1,mhci_num_weak_binders,112
YP_498751.1,mhci_median_score,0.230738
YP_498751.1,mhci_median_percentile,0.949
YP_498751.1,mhci_num_peptides,209
YP_498751.1,mhci_num_strong_binders,54
YP_498751.1,mhci_num_weak_binders,155
YP_498989.1,mhci_median_score,0.285718
YP_498989.1,mhci_median_percentile,0.824
YP_498989.1,mhci_num_peptides,293
YP_498989.1,mhci_num_strong_binders,103
YP_498989.1,mhci_num_weak_binders,190
YP_500431.1,mhci_median_score,0.232994
YP_500431.1,mhci_median_percentile,0.903
YP_500431.1,mhci_num_peptides,119
YP_500431.1,mhci_num_strong_binders,36
YP_500431.1,mhci_num_weak_binders,83
YP_500650.1,mhci_median_score,0.246698
YP_500650.1,mhci_median_percentile,0.8915
YP_500650.1,mhci_num_peptides,760
YP_500650.1,mhci_num_strong_binders,219
YP_500650.1,mhci_num_weak_binders,541
YP_499177.1,mhci_median_score,0.22549
YP_499177.1,mhci_median_percentile,0.9984999999999999
YP_499177.1,mhci_num_peptides,498
YP_499177.1,mhci_num_strong_binders,126
YP_499177.1,mhci_num_weak_binders,372
YP_498931.1,mhci_median_score,0.236511
YP_498931.1,mhci_median_percentile,0.875
YP_498931.1,mhci_num_peptides,481
YP_498931.1,mhci_num_strong_binders,138
YP_498931.1,mhci_num_weak_binders,343
YP_500655.1,mhci_median_score,0.276103
YP_500655.1,mhci_median_percentile,0.741
YP_500655.1,mhci_num_peptides,173
YP_500655.1,mhci_num_strong_binders,60
YP_500655.1,mhci_num_weak_binders,113
YP_499586.1,mhci_median_score,0.226378
YP_499586.1,mhci_median_percentile,0.8185
YP_499586.1,mhci_num_peptides,64
YP_499586.1,mhci_num_strong_binders,20
YP_499586.1,mhci_num_weak_binders,44
YP_500868.1,mhci_median_score,0.183945
YP_500868.1,mhci_median_percentile,1.288
YP_500868.1,mhci_num_peptides,23
YP_500868.1,mhci_num_strong_binders,5
YP_500868.1,mhci_num_weak_binders,18
YP_501414.1,mhci_median_score,0.239384
YP_501414.1,mhci_median_percentile,0.85
YP_501414.1,mhci_num_peptides,609
YP_501414.1,mhci_num_strong_binders,192
YP_501414.1,mhci_num_weak_binders,417
YP_500911.1,mhci_median_score,0.221548
YP_500911.1,mhci_median_percentile,0.921
YP_500911.1,mhci_num_peptides,251
YP_500911.1,mhci_num_strong_binders,74
YP_500911.1,mhci_num_weak_binders,177
YP_499461.1,mhci_median_score,0.233338
YP_499461.1,mhci_median_percentile,0.857
YP_499461.1,mhci_num_peptides,583
YP_499461.1,mhci_num_strong_binders,172
YP_499461.1,mhci_num_weak_binders,411
YP_499181.1,mhci_median_score,0.232321
YP_499181.1,mhci_median_percentile,0.908
YP_499181.1,mhci_num_peptides,351
YP_499181.1,mhci_num_strong_binders,107
YP_499181.1,mhci_num_weak_binders,244
YP_499146.1,mhci_median_score,0.255286
YP_499146.1,mhci_median_percentile,0.8565
YP_499146.1,mhci_num_peptides,482
YP_499146.1,mhci_num_strong_binders,166
YP_499146.1,mhci_num_weak_binders,316
YP_498721.1,mhci_median_score,0.277836
YP_498721.1,mhci_median_percentile,0.788
YP_498721.1,mhci_num_peptides,231
YP_498721.1,mhci_num_strong_binders,79
YP_498721.1,mhci_num_weak_binders,152
YP_499037.1,mhci_median_score,0.21990500000000002
YP_499037.1,mhci_median_percentile,0.9915
YP_499037.1,mhci_num_peptides,106
YP_499037.1,mhci_num_strong_binders,26
YP_499037.1,mhci_num_weak_binders,80
YP_501133.1,mhci_median_score,0.249285
YP_501133.1,mhci_median_percentile,0.887
YP_501133.1,mhci_num_peptides,527
YP_501133.1,mhci_num_strong_binders,167
YP_501133.1,mhci_num_weak_binders,360
YP_501137.1,mhci_median_score,0.257434
YP_501137.1,mhci_median_percentile,0.876
YP_501137.1,mhci_num_peptides,323
YP_501137.1,mhci_num_strong_binders,119
YP_501137.1,mhci_num_weak_binders,204
YP_500059.1,mhci_median_score,0.29122899999999996
YP_500059.1,mhci_median_percentile,0.7585
YP_500059.1,mhci_num_peptides,148
YP_500059.1,mhci_num_strong_binders,59
YP_500059.1,mhci_num_weak_binders,89
YP_498663.1,mhci_median_score,0.24438300000000002
YP_498663.1,mhci_median_percentile,0.9265000000000001
YP_498663.1,mhci_num_peptides,556
YP_498663.1,mhci_num_strong_binders,159
YP_498663.1,mhci_num_weak_binders,397
YP_500986.1,mhci_median_score,0.2973165
YP_500986.1,mhci_median_percentile,0.602
YP_500986.1,mhci_num_peptides,60
YP_500986.1,mhci_num_strong_binders,25
YP_500986.1,mhci_num_weak_binders,35
YP_499809.1,mhci_median_score,0.215909
YP_499809.1,mhci_median_percentile,0.954
YP_499809.1,mhci_num_peptides,553
YP_499809.1,mhci_num_strong_binders,159
YP_499809.1,mhci_num_weak_binders,394
YP_499832.1,mhci_median_score,0.235699
YP_499832.1,mhci_median_percentile,0.904
YP_499832.1,mhci_num_peptides,47
YP_499832.1,mhci_num_strong_binders,11
YP_499832.1,mhci_num_weak_binders,36
YP_499397.1,mhci_median_score,0.260549
YP_499397.1,mhci_median_percentile,0.848
YP_499397.1,mhci_num_peptides,347
YP_499397.1,mhci_num_strong_binders,116
YP_499397.1,mhci_num_weak_binders,231
YP_501477.1,mhci_median_score,0.229203
YP_501477.1,mhci_median_percentile,0.896
YP_501477.1,mhci_num_peptides,189
YP_501477.1,mhci_num_strong_binders,50
YP_501477.1,mhci_num_weak_binders,139
YP_500964.1,mhci_median_score,0.231066
YP_500964.1,mhci_median_percentile,0.808
YP_500964.1,mhci_num_peptides,207
YP_500964.1,mhci_num_strong_binders,67
YP_500964.1,mhci_num_weak_binders,140
YP_501222.1,mhci_median_score,0.24856
YP_501222.1,mhci_median_percentile,0.809
YP_501222.1,mhci_num_peptides,319
YP_501222.1,mhci_num_strong_binders,96
YP_501222.1,mhci_num_weak_binders,223
YP_500398.1,mhci_median_score,0.249017
YP_500398.1,mhci_median_percentile,0.859
YP_500398.1,mhci_num_peptides,255
YP_500398.1,mhci_num_strong_binders,87
YP_500398.1,mhci_num_weak_binders,168
YP_499787.1,mhci_median_score,0.27203
YP_499787.1,mhci_median_percentile,0.731
YP_499787.1,mhci_num_peptides,326
YP_499787.1,mhci_num_strong_binders,117
YP_499787.1,mhci_num_weak_binders,209
YP_499107.1,mhci_median_score,0.226578
YP_499107.1,mhci_median_percentile,0.882
YP_499107.1,mhci_num_peptides,377
YP_499107.1,mhci_num_strong_binders,105
YP_499107.1,mhci_num_weak_binders,272
YP_501258.1,mhci_median_score,0.229106
YP_501258.1,mhci_median_percentile,0.952
YP_501258.1,mhci_num_peptides,144
YP_501258.1,mhci_num_strong_binders,39
YP_501258.1,mhci_num_weak_binders,105
YP_500667.1,mhci_median_score,0.22883
YP_500667.1,mhci_median_percentile,0.9365000000000001
YP_500667.1,mhci_num_peptides,644
YP_500667.1,mhci_num_strong_binders,198
YP_500667.1,mhci_num_weak_binders,446
YP_500602.1,mhci_median_score,0.223256
YP_500602.1,mhci_median_percentile,0.8545
YP_500602.1,mhci_num_peptides,256
YP_500602.1,mhci_num_strong_binders,66
YP_500602.1,mhci_num_weak_binders,190
YP_500311.1,mhci_median_score,0.2546405
YP_500311.1,mhci_median_percentile,0.8294999999999999
YP_500311.1,mhci_num_peptides,642
YP_500311.1,mhci_num_strong_binders,209
YP_500311.1,mhci_num_weak_binders,433
YP_499128.1,mhci_median_score,0.2442165
YP_499128.1,mhci_median_percentile,0.902
YP_499128.1,mhci_num_peptides,702
YP_499128.1,mhci_num_strong_binders,212
YP_499128.1,mhci_num_weak_binders,490
YP_500445.1,mhci_median_score,0.243022
YP_500445.1,mhci_median_percentile,0.907
YP_500445.1,mhci_num_peptides,387
YP_500445.1,mhci_num_strong_binders,93
YP_500445.1,mhci_num_weak_binders,294
YP_500806.1,mhci_median_score,0.2330045
YP_500806.1,mhci_median_percentile,0.9155
YP_500806.1,mhci_num_peptides,422
YP_500806.1,mhci_num_strong_binders,121
YP_500806.1,mhci_num_weak_binders,301
YP_500949.1,mhci_median_score,0.22379549999999998
YP_500949.1,mhci_median_percentile,0.9455
YP_500949.1,mhci_num_peptides,436
YP_500949.1,mhci_num_strong_binders,120
YP_500949.1,mhci_num_weak_binders,316
YP_500401.1,mhci_median_score,0.27565
YP_500401.1,mhci_median_percentile,0.769
YP_500401.1,mhci_num_peptides,377
YP_500401.1,mhci_num_strong_binders,126
YP_500401.1,mhci_num_weak_binders,251
YP_501170.1,mhci_median_score,0.2618735
YP_501170.1,mhci_median_percentile,0.8425
YP_501170.1,mhci_num_peptides,412
YP_501170.1,mhci_num_strong_binders,130
YP_501170.1,mhci_num_weak_binders,282
YP_500913.1,mhci_median_score,0.2295725
YP_500913.1,mhci_median_percentile,0.855
YP_500913.1,mhci_num_peptides,444
YP_500913.1,mhci_num_strong_binders,146
YP_500913.1,mhci_num_weak_binders,298
YP_499329.1,mhci_median_score,0.206235
YP_499329.1,mhci_median_percentile,1.127
YP_499329.1,mhci_num_peptides,43
YP_499329.1,mhci_num_strong_binders,8
YP_499329.1,mhci_num_weak_binders,35
YP_498826.1,mhci_median_score,0.2203985
YP_498826.1,mhci_median_percentile,0.967
YP_498826.1,mhci_num_peptides,332
YP_498826.1,mhci_num_strong_binders,96
YP_498826.1,mhci_num_weak_binders,236
YP_499760.1,mhci_median_score,0.2344495
YP_499760.1,mhci_median_percentile,0.907
YP_499760.1,mhci_num_peptides,424
YP_499760.1,mhci_num_strong_binders,136
YP_499760.1,mhci_num_weak_binders,288
YP_500855.1,mhci_median_score,0.2844335
YP_500855.1,mhci_median_percentile,0.883
YP_500855.1,mhci_num_peptides,56
YP_500855.1,mhci_num_strong_binders,17
YP_500855.1,mhci_num_weak_binders,39
YP_501478.1,mhci_median_score,0.2173735
YP_501478.1,mhci_median_percentile,0.9455
YP_501478.1,mhci_num_peptides,656
YP_501478.1,mhci_num_strong_binders,178
YP_501478.1,mhci_num_weak_binders,478
YP_499794.1,mhci_median_score,0.237307
YP_499794.1,mhci_median_percentile,0.869
YP_499794.1,mhci_num_peptides,539
YP_499794.1,mhci_num_strong_binders,171
YP_499794.1,mhci_num_weak_binders,368
YP_500719.1,mhci_median_score,0.25223850000000003
YP_500719.1,mhci_median_percentile,0.8414999999999999
YP_500719.1,mhci_num_peptides,304
YP_500719.1,mhci_num_strong_binders,101
YP_500719.1,mhci_num_weak_binders,203
YP_499998.1,mhci_median_score,0.220256
YP_499998.1,mhci_median_percentile,0.897
YP_499998.1,mhci_num_peptides,499
YP_499998.1,mhci_num_strong_binders,152
YP_499998.1,mhci_num_weak_binders,347
YP_501418.1,mhci_median_score,0.258866
YP_501418.1,mhci_median_percentile,0.765
YP_501418.1,mhci_num_peptides,409
YP_501418.1,mhci_num_strong_binders,141
YP_501418.1,mhci_num_weak_binders,268
YP_500434.1,mhci_median_score,0.249186
YP_500434.1,mhci_median_percentile,0.8534999999999999
YP_500434.1,mhci_num_peptides,742
YP_500434.1,mhci_num_strong_binders,234
YP_500434.1,mhci_num_weak_binders,508
YP_501338.1,mhci_median_score,0.26601450000000004
YP_501338.1,mhci_median_percentile,0.788
YP_501338.1,mhci_num_peptides,952
YP_501338.1,mhci_num_strong_binders,330
YP_501338.1,mhci_num_weak_binders,622
YP_499913.1,mhci_median_score,0.24510749999999998
YP_499913.1,mhci_median_percentile,0.949
YP_499913.1,mhci_num_peptides,462
YP_499913.1,mhci_num_strong_binders,137
YP_499913.1,mhci_num_weak_binders,325
YP_498835.1,mhci_median_score,0.24692
YP_498835.1,mhci_median_percentile,0.896
YP_498835.1,mhci_num_peptides,183
YP_498835.1,mhci_num_strong_binders,54
YP_498835.1,mhci_num_weak_binders,129
YP_500890.1,mhci_median_score,0.24788949999999998
YP_500890.1,mhci_median_percentile,0.859
YP_500890.1,mhci_num_peptides,754
YP_500890.1,mhci_num_strong_binders,221
YP_500890.1,mhci_num_weak_binders,533
YP_500883.1,mhci_median_score,0.256726
YP_500883.1,mhci_median_percentile,0.865
YP_500883.1,mhci_num_peptides,382
YP_500883.1,mhci_num_strong_binders,113
YP_500883.1,mhci_num_weak_binders,269
YP_500687.1,mhci_median_score,0.198034
YP_500687.1,mhci_median_percentile,1.088
YP_500687.1,mhci_num_peptides,67
YP_500687.1,mhci_num_strong_binders,17
YP_500687.1,mhci_num_weak_binders,50
YP_498714.1,mhci_median_score,0.2566385
YP_498714.1,mhci_median_percentile,0.829
YP_498714.1,mhci_num_peptides,300
YP_498714.1,mhci_num_strong_binders,91
YP_498714.1,mhci_num_weak_binders,209
YP_501252.1,mhci_median_score,0.241026
YP_501252.1,mhci_median_percentile,0.896
YP_501252.1,mhci_num_peptides,777
YP_501252.1,mhci_num_strong_binders,236
YP_501252.1,mhci_num_weak_binders,541
YP_499172.1,mhci_median_score,0.29228299999999996
YP_499172.1,mhci_median_percentile,0.69
YP_499172.1,mhci_num_peptides,64
YP_499172.1,mhci_num_strong_binders,26
YP_499172.1,mhci_num_weak_binders,38
YP_499276.1,mhci_median_score,0.187538
YP_499276.1,mhci_median_percentile,0.977
YP_499276.1,mhci_num_peptides,113
YP_499276.1,mhci_num_strong_binders,28
YP_499276.1,mhci_num_weak_binders,85
YP_500553.1,mhci_median_score,0.241194
YP_500553.1,mhci_median_percentile,0.821
YP_500553.1,mhci_num_peptides,131
YP_500553.1,mhci_num_strong_binders,50
YP_500553.1,mhci_num_weak_binders,81
YP_500301.1,mhci_median_score,0.270792
YP_500301.1,mhci_median_percentile,0.754
YP_500301.1,mhci_num_peptides,1277
YP_500301.1,mhci_num_strong_binders,456
YP_500301.1,mhci_num_weak_binders,821
YP_500208.1,mhci_median_score,0.2481715
YP_500208.1,mhci_median_percentile,0.8645
YP_500208.1,mhci_num_peptides,116
YP_500208.1,mhci_num_strong_binders,32
YP_500208.1,mhci_num_weak_binders,84
YP_499754.1,mhci_median_score,0.2499
YP_499754.1,mhci_median_percentile,0.839
YP_499754.1,mhci_num_peptides,337
YP_499754.1,mhci_num_strong_binders,112
YP_499754.1,mhci_num_weak_binders,225
YP_501216.1,mhci_median_score,0.25858349999999997
YP_501216.1,mhci_median_percentile,0.6705000000000001
YP_501216.1,mhci_num_peptides,68
YP_501216.1,mhci_num_strong_binders,26
YP_501216.1,mhci_num_weak_binders,42
YP_498621.1,mhci_median_score,0.225045
YP_498621.1,mhci_median_percentile,0.984
YP_498621.1,mhci_num_peptides,542
YP_498621.1,mhci_num_strong_binders,159
YP_498621.1,mhci_num_weak_binders,383
YP_499675.1,mhci_median_score,0.257007
YP_499675.1,mhci_median_percentile,0.825
YP_499675.1,mhci_num_peptides,527
YP_499675.1,mhci_num_strong_binders,172
YP_499675.1,mhci_num_weak_binders,355
YP_499331.1,mhci_median_score,0.265732
YP_499331.1,mhci_median_percentile,0.768
YP_499331.1,mhci_num_peptides,341
YP_499331.1,mhci_num_strong_binders,123
YP_499331.1,mhci_num_weak_binders,218
YP_501269.1,mhci_median_score,0.218919
YP_501269.1,mhci_median_percentile,0.932
YP_501269.1,mhci_num_peptides,317
YP_501269.1,mhci_num_strong_binders,104
YP_501269.1,mhci_num_weak_binders,213
SSL5|A0A0H3K6Z6,mhci_median_score,0.230774
SSL5|A0A0H3K6Z6,mhci_median_percentile,0.909
SSL5|A0A0H3K6Z6,mhci_num_peptides,377
SSL5|A0A0H3K6Z6,mhci_num_strong_binders,114
SSL5|A0A0H3K6Z6,mhci_num_weak_binders,263
SSL10|A0A0H3K6Z9,mhci_median_score,0.258796
SSL10|A0A0H3K6Z9,mhci_median_percentile,0.8354999999999999
SSL10|A0A0H3K6Z9,mhci_num_peptides,292
SSL10|A0A0H3K6Z9,mhci_num_strong_binders,97
SSL10|A0A0H3K6Z9,mhci_num_weak_binders,195
SSL1|A0A0H3KAV3,mhci_median_score,0.238608
SSL1|A0A0H3KAV3,mhci_median_percentile,0.911
SSL1|A0A0H3KAV3,mhci_num_peptides,288
SSL1|A0A0H3KAV3,mhci_num_strong_binders,89
SSL1|A0A0H3KAV3,mhci_num_weak_binders,199
SSL4|A0A0H3K6A3,mhci_median_score,0.226491
SSL4|A0A0H3K6A3,mhci_median_percentile,0.946
SSL4|A0A0H3K6A3,mhci_num_peptides,353
SSL4|A0A0H3K6A3,mhci_num_strong_binders,95
SSL4|A0A0H3K6A3,mhci_num_weak_binders,258
P0C0I5|ExotoxinC,mhci_median_score,0.241237
P0C0I5|ExotoxinC,mhci_median_percentile,0.805
P0C0I5|ExotoxinC,mhci_num_peptides,301
P0C0I5|ExotoxinC,mhci_num_strong_binders,107
P0C0I5|ExotoxinC,mhci_num_weak_binders,194
P0C0I6|ExotoxinH,mhci_median_score,0.220719
P0C0I6|ExotoxinH,mhci_median_percentile,0.9185000000000001
P0C0I6|ExotoxinH,mhci_num_peptides,220
P0C0I6|ExotoxinH,mhci_num_strong_binders,67
P0C0I6|ExotoxinH,mhci_num_weak_binders,153
P0DJY7|ExotoxinA,mhci_median_score,0.238957
P0DJY7|ExotoxinA,mhci_median_percentile,0.965
P0DJY7|ExotoxinA,mhci_num_peptides,349
P0DJY7|ExotoxinA,mhci_num_strong_binders,101
P0DJY7|ExotoxinA,mhci_num_weak_binders,248
A0A0H3KHN8|EnterotoxinA,mhci_median_score,0.2205905
A0A0H3KHN8|EnterotoxinA,mhci_median_percentile,0.979
A0A0H3KHN8|EnterotoxinA,mhci_num_peptides,262
A0A0H3KHN8|EnterotoxinA,mhci_num_strong_binders,74
A0A0H3KHN8|EnterotoxinA,mhci_num_weak_binders,188
YP_500587.1,mhci_median_score,0.302245
YP_500587.1,mhci_median_percentile,0.67
YP_500587.1,mhci_num_peptides,91
YP_500587.1,mhci_num_strong_binders,33
YP_500587.1,mhci_num_weak_binders,58
YP_008530245.1,mhci_median_score,0.20319199999999998
YP_008530245.1,mhci_median_percentile,1.0935000000000001
YP_008530245.1,mhci_num_peptides,56
YP_008530245.1,mhci_num_strong_binders,11
YP_008530245.1,mhci_num_weak_binders,45
YP_498838.1,mhci_median_score,0.257384
YP_498838.1,mhci_median_percentile,0.928
YP_498838.1,mhci_num_peptides,87
YP_498838.1,mhci_num_strong_binders,26
YP_498838.1,mhci_num_weak_binders,61
YP_499884.1,mhci_median_score,0.2609225
YP_499884.1,mhci_median_percentile,0.8705
YP_499884.1,mhci_num_peptides,62
YP_499884.1,mhci_num_strong_binders,25
YP_499884.1,mhci_num_weak_binders,37
YP_499822.1,mhci_median_score,0.232282
YP_499822.1,mhci_median_percentile,0.93
YP_499822.1,mhci_num_peptides,27
YP_499822.1,mhci_num_strong_binders,6
YP_499822.1,mhci_num_weak_binders,21
YP_499555.1,mhci_median_score,0.238686
YP_499555.1,mhci_median_percentile,0.994
YP_499555.1,mhci_num_peptides,23
YP_499555.1,mhci_num_strong_binders,4
YP_499555.1,mhci_num_weak_binders,19
YP_500804.1,mhci_median_score,0.142233
YP_500804.1,mhci_median_percentile,1.0525
YP_500804.1,mhci_num_peptides,10
YP_500804.1,mhci_num_strong_binders,1
YP_500804.1,mhci_num_weak_binders,9
SSL3|CC1,mhcii_median_score,0.298843
SSL3|CC1,mhcii_median_percentile,2.67
SSL3|CC1,mhcii_num_peptides,107
SSL3|CC1,mhcii_num_strong_binders,17
SSL3|CC1,mhcii_num_weak_binders,90
SSL3|CC5,mhcii_median_score,0.3393335
SSL3|CC5,mhcii_median_percentile,2.65
SSL3|CC5,mhcii_num_peptides,110
SSL3|CC5,mhcii_num_strong_binders,21
SSL3|CC5,mhcii_num_weak_binders,89
SSL3|CC8,mhcii_median_score,0.2963675
SSL3|CC8,mhcii_median_percentile,2.5999999999999996
SSL3|CC8,mhcii_num_peptides,108
SSL3|CC8,mhcii_num_strong_binders,17
SSL3|CC8,mhcii_num_weak_binders,91
SSL3|CC22,mhcii_median_score,0.269828
SSL3|CC22,mhcii_median_percentile,3.11
SSL3|CC22,mhcii_num_peptides,107
SSL3|CC22,mhcii_num_strong_binders,20
SSL3|CC22,mhcii_num_weak_binders,87
SSL3|CC30,mhcii_median_score,0.281863
SSL3|CC30,mhcii_median_percentile,3.255
SSL3|CC30,mhcii_num_peptides,108
SSL3|CC30,mhcii_num_strong_binders,18
SSL3|CC30,mhcii_num_weak_binders,90
SSL3|CC93,mhcii_median_score,0.30018100000000003
SSL3|CC93,mhcii_median_percentile,2.855
SSL3|CC93,mhcii_num_peptides,130
SSL3|CC93,mhcii_num_strong_binders,23
SSL3|CC93,mhcii_num_weak_binders,107
SSL7|CC1,mhcii_median_score,0.30824450000000003
SSL7|CC1,mhcii_median_percentile,2.59
SSL7|CC1,mhcii_num_peptides,96
SSL7|CC1,mhcii_num_strong_binders,21
SSL7|CC1,mhcii_num_weak_binders,75
SSL7|CC5,mhcii_median_score,0.307068
SSL7|CC5,mhcii_median_percentile,2.56
SSL7|CC5,mhcii_num_peptides,107
SSL7|CC5,mhcii_num_strong_binders,21
SSL7|CC5,mhcii_num_weak_binders,86
SSL7|CC8,mhcii_median_score,0.326291
SSL7|CC8,mhcii_median_percentile,2.4050000000000002
SSL7|CC8,mhcii_num_peptides,104
SSL7|CC8,mhcii_num_strong_binders,23
SSL7|CC8,mhcii_num_weak_binders,81
SSL7|CC22,mhcii_median_score,0.291424
SSL7|CC22,mhcii_median_percentile,2.28
SSL7|CC22,mhcii_num_peptides,125
SSL7|CC22,mhcii_num_strong_binders,29
SSL7|CC22,mhcii_num_weak_binders,96
SSL7|CC30,mhcii_median_score,0.303671
SSL7|CC30,mhcii_median_percentile,2.38
SSL7|CC30,mhcii_num_peptides,117
SSL7|CC30,mhcii_num_strong_binders,23
SSL7|CC30,mhcii_num_weak_binders,94
SSL7|CC93,mhcii_median_score,0.287346
SSL7|CC93,mhcii_median_percentile,2.43
SSL7|CC93,mhcii_num_peptides,111
SSL7|CC93,mhcii_num_strong_binders,26
SSL7|CC93,mhcii_num_weak_binders,85
SSL11|CC1,mhcii_median_score,0.3257895
SSL11|CC1,mhcii_median_percentile,2.885
SSL11|CC1,mhcii_num_peptides,66
SSL11|CC1,mhcii_num_strong_binders,13
SSL11|CC1,mhcii_num_weak_binders,53
SSL11|CC5,mhcii_median_score,0.219625
SSL11|CC5,mhcii_median_percentile,3.0
SSL11|CC5,mhcii_num_peptides,69
SSL11|CC5,mhcii_num_strong_binders,5
SSL11|CC5,mhcii_num_weak_binders,64
SSL11|CC8,mhcii_median_score,0.266873
SSL11|CC8,mhcii_median_percentile,2.535
SSL11|CC8,mhcii_num_peptides,100
SSL11|CC8,mhcii_num_strong_binders,19
SSL11|CC8,mhcii_num_weak_binders,81
SSL11|CC22,mhcii_median_score,0.28506
SSL11|CC22,mhcii_median_percentile,2.815
SSL11|CC22,mhcii_num_peptides,88
SSL11|CC22,mhcii_num_strong_binders,13
SSL11|CC22,mhcii_num_weak_binders,75
SSL11|CC30,mhcii_median_score,0.31802949999999996
SSL11|CC30,mhcii_median_percentile,2.45
SSL11|CC30,mhcii_num_peptides,82
SSL11|CC30,mhcii_num_strong_binders,14
SSL11|CC30,mhcii_num_weak_binders,68
SSL11|CC93,mhcii_median_score,0.2627085
SSL11|CC93,mhcii_median_percentile,3.215
SSL11|CC93,mhcii_num_peptides,80
SSL11|CC93,mhcii_num_strong_binders,10
SSL11|CC93,mhcii_num_weak_binders,70
YP_499183.1,mhcii_median_score,0.327895
YP_499183.1,mhcii_median_percentile,2.37
YP_499183.1,mhcii_num_peptides,45
YP_499183.1,mhcii_num_strong_binders,9
YP_499183.1,mhcii_num_weak_binders,36
YP_501487.1,mhcii_median_score,0.3129225
YP_501487.1,mhcii_median_percentile,2.365
YP_501487.1,mhcii_num_peptides,82
YP_501487.1,mhcii_num_strong_binders,22
YP_501487.1,mhcii_num_weak_binders,60
YP_500419.1,mhcii_median_score,0.32766
YP_500419.1,mhcii_median_percentile,2.05
YP_500419.1,mhcii_num_peptides,49
YP_500419.1,mhcii_num_strong_binders,13
YP_500419.1,mhcii_num_weak_binders,36
YP_500378.1,mhcii_median_score,0.3007575
YP_500378.1,mhcii_median_percentile,2.6
YP_500378.1,mhcii_num_peptides,346
YP_500378.1,mhcii_num_strong_binders,63
YP_500378.1,mhcii_num_weak_binders,283
YP_499389.1,mhcii_median_score,0.345899
YP_499389.1,mhcii_median_percentile,2.43
YP_499389.1,mhcii_num_peptides,67
YP_499389.1,mhcii_num_strong_binders,13
YP_499389.1,mhcii_num_weak_binders,54
YP_499915.1,mhcii_median_score,0.196814
YP_499915.1,mhcii_median_percentile,3.8
YP_499915.1,mhcii_num_peptides,13
YP_499915.1,mhcii_num_strong_binders,0
YP_499915.1,mhcii_num_weak_binders,13
YP_501058.1,mhcii_median_score,0.348777
YP_501058.1,mhcii_median_percentile,2.4000000000000004
YP_501058.1,mhcii_num_peptides,90
YP_501058.1,mhcii_num_strong_binders,27
YP_501058.1,mhcii_num_weak_binders,63
YP_499703.1,mhcii_median_score,0.313823
YP_499703.1,mhcii_median_percentile,2.47
YP_499703.1,mhcii_num_peptides,179
YP_499703.1,mhcii_num_strong_binders,44
YP_499703.1,mhcii_num_weak_binders,135
YP_500657.1,mhcii_median_score,0.40851400000000004
YP_500657.1,mhcii_median_percentile,1.755
YP_500657.1,mhcii_num_peptides,82
YP_500657.1,mhcii_num_strong_binders,20
YP_500657.1,mhcii_num_weak_binders,62
YP_499492.1,mhcii_median_score,0.3354545
YP_499492.1,mhcii_median_percentile,2.575
YP_499492.1,mhcii_num_peptides,24
YP_499492.1,mhcii_num_strong_binders,4
YP_499492.1,mhcii_num_weak_binders,20
YP_501495.1,mhcii_median_score,0.31130650000000004
YP_501495.1,mhcii_median_percentile,2.3
YP_501495.1,mhcii_num_peptides,164
YP_501495.1,mhcii_num_strong_binders,37
YP_501495.1,mhcii_num_weak_binders,127
YP_500791.1,mhcii_median_score,0.26821150000000005
YP_500791.1,mhcii_median_percentile,2.855
YP_500791.1,mhcii_num_peptides,134
YP_500791.1,mhcii_num_strong_binders,20
YP_500791.1,mhcii_num_weak_binders,114
YP_500348.1,mhcii_median_score,0.295062
YP_500348.1,mhcii_median_percentile,2.49
YP_500348.1,mhcii_num_peptides,461
YP_500348.1,mhcii_num_strong_binders,82
YP_500348.1,mhcii_num_weak_binders,379
YP_499292.1,mhcii_median_score,0.303551
YP_499292.1,mhcii_median_percentile,2.9
YP_499292.1,mhcii_num_peptides,213
YP_499292.1,mhcii_num_strong_binders,41
YP_499292.1,mhcii_num_weak_binders,172
YP_498758.1,mhcii_median_score,0.309567
YP_498758.1,mhcii_median_percentile,2.81
YP_498758.1,mhcii_num_peptides,169
YP_498758.1,mhcii_num_strong_binders,29
YP_498758.1,mhcii_num_weak_binders,140
YP_500086.1,mhcii_median_score,0.34123349999999997
YP_500086.1,mhcii_median_percentile,2.6799999999999997
YP_500086.1,mhcii_num_peptides,24
YP_500086.1,mhcii_num_strong_binders,5
YP_500086.1,mhcii_num_weak_binders,19
YP_501182.1,mhcii_median_score,0.3524685
YP_501182.1,mhcii_median_percentile,2.295
YP_501182.1,mhcii_num_peptides,306
YP_501182.1,mhcii_num_strong_binders,65
YP_501182.1,mhcii_num_weak_binders,241
YP_500020.1,mhcii_median_score,0.301079
YP_500020.1,mhcii_median_percentile,2.645
YP_500020.1,mhcii_num_peptides,182
YP_500020.1,mhcii_num_strong_binders,30
YP_500020.1,mhcii_num_weak_binders,152
YP_500511.1,mhcii_median_score,0.2254445
YP_500511.1,mhcii_median_percentile,2.675
YP_500511.1,mhcii_num_peptides,24
YP_500511.1,mhcii_num_strong_binders,0
YP_500511.1,mhcii_num_weak_binders,24
YP_500759.1,mhcii_median_score,0.3515425
YP_500759.1,mhcii_median_percentile,1.8599999999999999
YP_500759.1,mhcii_num_peptides,54
YP_500759.1,mhcii_num_strong_binders,10
YP_500759.1,mhcii_num_weak_binders,44
YP_498958.1,mhcii_median_score,0.321212
YP_498958.1,mhcii_median_percentile,2.42
YP_498958.1,mhcii_num_peptides,133
YP_498958.1,mhcii_num_strong_binders,33
YP_498958.1,mhcii_num_weak_binders,100
YP_499051.1,mhcii_median_score,0.306424
YP_499051.1,mhcii_median_percentile,2.43
YP_499051.1,mhcii_num_peptides,145
YP_499051.1,mhcii_num_strong_binders,28
YP_499051.1,mhcii_num_weak_binders,117
YP_499163.1,mhcii_median_score,0.37418450000000003
YP_499163.1,mhcii_median_percentile,1.9049999999999998
YP_499163.1,mhcii_num_peptides,96
YP_499163.1,mhcii_num_strong_binders,32
YP_499163.1,mhcii_num_weak_binders,64
YP_499540.1,mhcii_median_score,0.352139
YP_499540.1,mhcii_median_percentile,2.25
YP_499540.1,mhcii_num_peptides,236
YP_499540.1,mhcii_num_strong_binders,53
YP_499540.1,mhcii_num_weak_binders,183
YP_499616.1,mhcii_median_score,0.256475
YP_499616.1,mhcii_median_percentile,2.99
YP_499616.1,mhcii_num_peptides,77
YP_499616.1,mhcii_num_strong_binders,10
YP_499616.1,mhcii_num_weak_binders,67
YP_500587.1,mhcii_median_score,0.325741
YP_500587.1,mhcii_median_percentile,2.83
YP_500587.1,mhcii_num_peptides,34
YP_500587.1,mhcii_num_strong_binders,7
YP_500587.1,mhcii_num_weak_binders,27
YP_499721.1,mhcii_median_score,0.292175
YP_499721.1,mhcii_median_percentile,2.27
YP_499721.1,mhcii_num_peptides,65
YP_499721.1,mhcii_num_strong_binders,13
YP_499721.1,mhcii_num_weak_binders,52
YP_500936.1,mhcii_median_score,0.334984
YP_500936.1,mhcii_median_percentile,2.29
YP_500936.1,mhcii_num_peptides,317
YP_500936.1,mhcii_num_strong_binders,72
YP_500936.1,mhcii_num_weak_binders,245
YP_501445.1,mhcii_median_score,0.39799850000000003
YP_501445.1,mhcii_median_percentile,2.08
YP_501445.1,mhcii_num_peptides,58
YP_501445.1,mhcii_num_strong_binders,13
YP_501445.1,mhcii_num_weak_binders,45
YP_501499.1,mhcii_median_score,0.32834050000000004
YP_501499.1,mhcii_median_percentile,2.455
YP_501499.1,mhcii_num_peptides,98
YP_501499.1,mhcii_num_strong_binders,26
YP_501499.1,mhcii_num_weak_binders,72
YP_499373.1,mhcii_median_score,0.2895375
YP_499373.1,mhcii_median_percentile,2.5949999999999998
YP_499373.1,mhcii_num_peptides,118
YP_499373.1,mhcii_num_strong_binders,22
YP_499373.1,mhcii_num_weak_binders,96
YP_501066.1,mhcii_median_score,0.33160449999999997
YP_501066.1,mhcii_median_percentile,2.365
YP_501066.1,mhcii_num_peptides,184
YP_501066.1,mhcii_num_strong_binders,34
YP_501066.1,mhcii_num_weak_binders,150
YP_500763.1,mhcii_median_score,0.3472525
YP_500763.1,mhcii_median_percentile,2.25
YP_500763.1,mhcii_num_peptides,280
YP_500763.1,mhcii_num_strong_binders,75
YP_500763.1,mhcii_num_weak_binders,205
YP_500308.1,mhcii_median_score,0.348325
YP_500308.1,mhcii_median_percentile,2.47
YP_500308.1,mhcii_num_peptides,115
YP_500308.1,mhcii_num_strong_binders,15
YP_500308.1,mhcii_num_weak_binders,100
YP_499548.1,mhcii_median_score,0.257752
YP_499548.1,mhcii_median_percentile,2.8
YP_499548.1,mhcii_num_peptides,79
YP_499548.1,mhcii_num_strong_binders,10
YP_499548.1,mhcii_num_weak_binders,69
YP_501128.1,mhcii_median_score,0.276644
YP_501128.1,mhcii_median_percentile,3.2
YP_501128.1,mhcii_num_peptides,63
YP_501128.1,mhcii_num_strong_binders,8
YP_501128.1,mhcii_num_weak_binders,55
YP_499075.1,mhcii_median_score,0.301083
YP_499075.1,mhcii_median_percentile,2.94
YP_499075.1,mhcii_num_peptides,91
YP_499075.1,mhcii_num_strong_binders,9
YP_499075.1,mhcii_num_weak_binders,82
YP_501077.1,mhcii_median_score,0.4743395
YP_501077.1,mhcii_median_percentile,1.195
YP_501077.1,mhcii_num_peptides,38
YP_501077.1,mhcii_num_strong_binders,16
YP_501077.1,mhcii_num_weak_binders,22
YP_500800.1,mhcii_median_score,0.236379
YP_500800.1,mhcii_median_percentile,2.87
YP_500800.1,mhcii_num_peptides,21
YP_500800.1,mhcii_num_strong_binders,4
YP_500800.1,mhcii_num_weak_binders,17
YP_500576.1,mhcii_median_score,0.34797100000000003
YP_500576.1,mhcii_median_percentile,1.7850000000000001
YP_500576.1,mhcii_num_peptides,116
YP_500576.1,mhcii_num_strong_binders,22
YP_500576.1,mhcii_num_weak_binders,94
YP_499961.1,mhcii_median_score,0.3123475
YP_499961.1,mhcii_median_percentile,2.765
YP_499961.1,mhcii_num_peptides,60
YP_499961.1,mhcii_num_strong_binders,8
YP_499961.1,mhcii_num_weak_binders,52
YP_498794.1,mhcii_median_score,0.3295265
YP_498794.1,mhcii_median_percentile,2.25
YP_498794.1,mhcii_num_peptides,192
YP_498794.1,mhcii_num_strong_binders,39
YP_498794.1,mhcii_num_weak_binders,153
YP_500304.1,mhcii_median_score,0.282707
YP_500304.1,mhcii_median_percentile,2.52
YP_500304.1,mhcii_num_peptides,108
YP_500304.1,mhcii_num_strong_binders,13
YP_500304.1,mhcii_num_weak_binders,95
YP_499855.1,mhcii_median_score,0.399716
YP_499855.1,mhcii_median_percentile,1.04
YP_499855.1,mhcii_num_peptides,17
YP_499855.1,mhcii_num_strong_binders,8
YP_499855.1,mhcii_num_weak_binders,9
YP_499262.1,mhcii_median_score,0.32449550000000005
YP_499262.1,mhcii_median_percentile,2.36
YP_499262.1,mhcii_num_peptides,158
YP_499262.1,mhcii_num_strong_binders,32
YP_499262.1,mhcii_num_weak_binders,126
YP_499857.1,mhcii_median_score,0.324164
YP_499857.1,mhcii_median_percentile,2.32
YP_499857.1,mhcii_num_peptides,283
YP_499857.1,mhcii_num_strong_binders,51
YP_499857.1,mhcii_num_weak_binders,232
YP_500261.1,mhcii_median_score,0.2425385
YP_500261.1,mhcii_median_percentile,2.185
YP_500261.1,mhcii_num_peptides,56
YP_500261.1,mhcii_num_strong_binders,8
YP_500261.1,mhcii_num_weak_binders,48
YP_498610.1,mhcii_median_score,0.29377600000000004
YP_498610.1,mhcii_median_percentile,2.565
YP_498610.1,mhcii_num_peptides,190
YP_498610.1,mhcii_num_strong_binders,41
YP_498610.1,mhcii_num_weak_binders,149
YP_500922.1,mhcii_median_score,0.286591
YP_500922.1,mhcii_median_percentile,2.9
YP_500922.1,mhcii_num_peptides,81
YP_500922.1,mhcii_num_strong_binders,8
YP_500922.1,mhcii_num_weak_binders,73
YP_500433.1,mhcii_median_score,0.335619
YP_500433.1,mhcii_median_percentile,2.34
YP_500433.1,mhcii_num_peptides,183
YP_500433.1,mhcii_num_strong_binders,44
YP_500433.1,mhcii_num_weak_binders,139
YP_499934.1,mhcii_median_score,0.300646
YP_499934.1,mhcii_median_percentile,2.29
YP_499934.1,mhcii_num_peptides,123
YP_499934.1,mhcii_num_strong_binders,32
YP_499934.1,mhcii_num_weak_binders,91
YP_500542.1,mhcii_median_score,0.29489299999999996
YP_500542.1,mhcii_median_percentile,2.7
YP_500542.1,mhcii_num_peptides,182
YP_500542.1,mhcii_num_strong_binders,33
YP_500542.1,mhcii_num_weak_binders,149
YP_501450.1,mhcii_median_score,0.323091
YP_501450.1,mhcii_median_percentile,2.2649999999999997
YP_501450.1,mhcii_num_peptides,84
YP_501450.1,mhcii_num_strong_binders,21
YP_501450.1,mhcii_num_weak_binders,63
YP_498730.1,mhcii_median_score,0.282602
YP_498730.1,mhcii_median_percentile,2.45
YP_498730.1,mhcii_num_peptides,55
YP_498730.1,mhcii_num_strong_binders,9
YP_498730.1,mhcii_num_weak_binders,46
YP_499158.1,mhcii_median_score,0.323731
YP_499158.1,mhcii_median_percentile,2.5
YP_499158.1,mhcii_num_peptides,67
YP_499158.1,mhcii_num_strong_binders,12
YP_499158.1,mhcii_num_weak_binders,55
YP_500764.1,mhcii_median_score,0.31075450000000004
YP_500764.1,mhcii_median_percentile,2.525
YP_500764.1,mhcii_num_peptides,270
YP_500764.1,mhcii_num_strong_binders,55
YP_500764.1,mhcii_num_weak_binders,215
YP_500167.1,mhcii_median_score,0.347377
YP_500167.1,mhcii_median_percentile,2.6900000000000004
YP_500167.1,mhcii_num_peptides,52
YP_500167.1,mhcii_num_strong_binders,7
YP_500167.1,mhcii_num_weak_binders,45
YP_499002.1,mhcii_median_score,0.315086
YP_499002.1,mhcii_median_percentile,2.87
YP_499002.1,mhcii_num_peptides,62
YP_499002.1,mhcii_num_strong_binders,7
YP_499002.1,mhcii_num_weak_binders,55
YP_501474.1,mhcii_median_score,0.264713
YP_501474.1,mhcii_median_percentile,2.33
YP_501474.1,mhcii_num_peptides,136
YP_501474.1,mhcii_num_strong_binders,30
YP_501474.1,mhcii_num_weak_binders,106
YP_501139.1,mhcii_median_score,0.334469
YP_501139.1,mhcii_median_percentile,2.565
YP_501139.1,mhcii_num_peptides,68
YP_501139.1,mhcii_num_strong_binders,13
YP_501139.1,mhcii_num_weak_binders,55
YP_500711.1,mhcii_median_score,0.377436
YP_500711.1,mhcii_median_percentile,2.065
YP_500711.1,mhcii_num_peptides,198
YP_500711.1,mhcii_num_strong_binders,59
YP_500711.1,mhcii_num_weak_binders,139
YP_500549.1,mhcii_median_score,0.350611
YP_500549.1,mhcii_median_percentile,3.04
YP_500549.1,mhcii_num_peptides,13
YP_500549.1,mhcii_num_strong_binders,0
YP_500549.1,mhcii_num_weak_binders,13
YP_501122.1,mhcii_median_score,0.265961
YP_501122.1,mhcii_median_percentile,2.86
YP_501122.1,mhcii_num_peptides,164
YP_501122.1,mhcii_num_strong_binders,32
YP_501122.1,mhcii_num_weak_binders,132
YP_498678.1,mhcii_median_score,0.269897
YP_498678.1,mhcii_median_percentile,3.08
YP_498678.1,mhcii_num_peptides,55
YP_498678.1,mhcii_num_strong_binders,13
YP_498678.1,mhcii_num_weak_binders,42
YP_499994.1,mhcii_median_score,0.420172
YP_499994.1,mhcii_median_percentile,1.77
YP_499994.1,mhcii_num_peptides,19
YP_499994.1,mhcii_num_strong_binders,5
YP_499994.1,mhcii_num_weak_binders,14
YP_500682.1,mhcii_median_score,0.3112745
YP_500682.1,mhcii_median_percentile,1.7349999999999999
YP_500682.1,mhcii_num_peptides,76
YP_500682.1,mhcii_num_strong_binders,23
YP_500682.1,mhcii_num_weak_binders,53
YP_500186.1,mhcii_median_score,0.3186565
YP_500186.1,mhcii_median_percentile,2.3099999999999996
YP_500186.1,mhcii_num_peptides,172
YP_500186.1,mhcii_num_strong_binders,34
YP_500186.1,mhcii_num_weak_binders,138
YP_500068.1,mhcii_median_score,0.3094165
YP_500068.1,mhcii_median_percentile,2.25
YP_500068.1,mhcii_num_peptides,140
YP_500068.1,mhcii_num_strong_binders,34
YP_500068.1,mhcii_num_weak_binders,106
YP_499541.1,mhcii_median_score,0.2484315
YP_499541.1,mhcii_median_percentile,2.895
YP_499541.1,mhcii_num_peptides,126
YP_499541.1,mhcii_num_strong_binders,11
YP_499541.1,mhcii_num_weak_binders,115
YP_499312.1,mhcii_median_score,0.24935849999999998
YP_499312.1,mhcii_median_percentile,3.065
YP_499312.1,mhcii_num_peptides,62
YP_499312.1,mhcii_num_strong_binders,6
YP_499312.1,mhcii_num_weak_binders,56
YP_500905.1,mhcii_median_score,0.320092
YP_500905.1,mhcii_median_percentile,2.49
YP_500905.1,mhcii_num_peptides,377
YP_500905.1,mhcii_num_strong_binders,79
YP_500905.1,mhcii_num_weak_binders,298
YP_499719.1,mhcii_median_score,0.35122200000000003
YP_499719.1,mhcii_median_percentile,2.315
YP_499719.1,mhcii_num_peptides,170
YP_499719.1,mhcii_num_strong_binders,35
YP_499719.1,mhcii_num_weak_binders,135
YP_499093.1,mhcii_median_score,0.278783
YP_499093.1,mhcii_median_percentile,2.96
YP_499093.1,mhcii_num_peptides,97
YP_499093.1,mhcii_num_strong_binders,15
YP_499093.1,mhcii_num_weak_binders,82
YP_499224.1,mhcii_median_score,0.34632850000000004
YP_499224.1,mhcii_median_percentile,2.12
YP_499224.1,mhcii_num_peptides,128
YP_499224.1,mhcii_num_strong_binders,22
YP_499224.1,mhcii_num_weak_binders,106
YP_498647.1,mhcii_median_score,0.426578
YP_498647.1,mhcii_median_percentile,2.39
YP_498647.1,mhcii_num_peptides,33
YP_498647.1,mhcii_num_strong_binders,9
YP_498647.1,mhcii_num_weak_binders,24
YP_499525.1,mhcii_median_score,0.43849249999999995
YP_499525.1,mhcii_median_percentile,2.11
YP_499525.1,mhcii_num_peptides,78
YP_499525.1,mhcii_num_strong_binders,24
YP_499525.1,mhcii_num_weak_binders,54
YP_499522.1,mhcii_median_score,0.388381
YP_499522.1,mhcii_median_percentile,2.42
YP_499522.1,mhcii_num_peptides,71
YP_499522.1,mhcii_num_strong_binders,10
YP_499522.1,mhcii_num_weak_binders,61
YP_498928.1,mhcii_median_score,0.351614
YP_498928.1,mhcii_median_percentile,2.075
YP_498928.1,mhcii_num_peptides,478
YP_498928.1,mhcii_num_strong_binders,131
YP_498928.1,mhcii_num_weak_binders,347
YP_499123.1,mhcii_median_score,0.26831950000000004
YP_499123.1,mhcii_median_percentile,3.235
YP_499123.1,mhcii_num_peptides,42
YP_499123.1,mhcii_num_strong_binders,6
YP_499123.1,mhcii_num_weak_binders,36
YP_499058.1,mhcii_median_score,0.3546095
YP_499058.1,mhcii_median_percentile,2.8
YP_499058.1,mhcii_num_peptides,48
YP_499058.1,mhcii_num_strong_binders,9
YP_499058.1,mhcii_num_weak_binders,39
YP_500459.1,mhcii_median_score,0.3213065
YP_500459.1,mhcii_median_percentile,2.6399999999999997
YP_500459.1,mhcii_num_peptides,248
YP_500459.1,mhcii_num_strong_binders,44
YP_500459.1,mhcii_num_weak_binders,204
YP_499978.1,mhcii_median_score,0.278904
YP_499978.1,mhcii_median_percentile,2.63
YP_499978.1,mhcii_num_peptides,81
YP_499978.1,mhcii_num_strong_binders,9
YP_499978.1,mhcii_num_weak_binders,72
YP_501107.1,mhcii_median_score,0.287609
YP_501107.1,mhcii_median_percentile,2.15
YP_501107.1,mhcii_num_peptides,106
YP_501107.1,mhcii_num_strong_binders,27
YP_501107.1,mhcii_num_weak_binders,79
YP_499349.1,mhcii_median_score,0.3275665
YP_499349.1,mhcii_median_percentile,2.44
YP_499349.1,mhcii_num_peptides,42
YP_499349.1,mhcii_num_strong_binders,8
YP_499349.1,mhcii_num_weak_binders,34
YP_499995.1,mhcii_median_score,0.275882
YP_499995.1,mhcii_median_percentile,2.925
YP_499995.1,mhcii_num_peptides,92
YP_499995.1,mhcii_num_strong_binders,13
YP_499995.1,mhcii_num_weak_binders,79
YP_500697.1,mhcii_median_score,0.370537
YP_500697.1,mhcii_median_percentile,2.5
YP_500697.1,mhcii_num_peptides,37
YP_500697.1,mhcii_num_strong_binders,9
YP_500697.1,mhcii_num_weak_binders,28
YP_499119.1,mhcii_median_score,0.31207
YP_499119.1,mhcii_median_percentile,2.44
YP_499119.1,mhcii_num_peptides,269
YP_499119.1,mhcii_num_strong_binders,58
YP_499119.1,mhcii_num_weak_binders,211
YP_499685.1,mhcii_median_score,0.332287
YP_499685.1,mhcii_median_percentile,2.27
YP_499685.1,mhcii_num_peptides,181
YP_499685.1,mhcii_num_strong_binders,41
YP_499685.1,mhcii_num_weak_binders,140
YP_500599.1,mhcii_median_score,0.30583099999999996
YP_500599.1,mhcii_median_percentile,2.62
YP_500599.1,mhcii_num_peptides,238
YP_500599.1,mhcii_num_strong_binders,52
YP_500599.1,mhcii_num_weak_binders,186
YP_500389.1,mhcii_median_score,0.323601
YP_500389.1,mhcii_median_percentile,2.58
YP_500389.1,mhcii_num_peptides,242
YP_500389.1,mhcii_num_strong_binders,54
YP_500389.1,mhcii_num_weak_binders,188
YP_500162.1,mhcii_median_score,0.3803065
YP_500162.1,mhcii_median_percentile,2.24
YP_500162.1,mhcii_num_peptides,80
YP_500162.1,mhcii_num_strong_binders,19
YP_500162.1,mhcii_num_weak_binders,61
YP_501186.1,mhcii_median_score,0.269893
YP_501186.1,mhcii_median_percentile,2.77
YP_501186.1,mhcii_num_peptides,181
YP_501186.1,mhcii_num_strong_binders,25
YP_501186.1,mhcii_num_weak_binders,156
YP_498609.1,mhcii_median_score,0.3233795
YP_498609.1,mhcii_median_percentile,2.36
YP_498609.1,mhcii_num_peptides,264
YP_498609.1,mhcii_num_strong_binders,62
YP_498609.1,mhcii_num_weak_binders,202
YP_500741.1,mhcii_median_score,0.296977
YP_500741.1,mhcii_median_percentile,2.59
YP_500741.1,mhcii_num_peptides,159
YP_500741.1,mhcii_num_strong_binders,32
YP_500741.1,mhcii_num_weak_binders,127
YP_500449.1,mhcii_median_score,0.310805
YP_500449.1,mhcii_median_percentile,2.505
YP_500449.1,mhcii_num_peptides,108
YP_500449.1,mhcii_num_strong_binders,31
YP_500449.1,mhcii_num_weak_binders,77
YP_500120.1,mhcii_median_score,0.32535349999999996
YP_500120.1,mhcii_median_percentile,2.55
YP_500120.1,mhcii_num_peptides,210
YP_500120.1,mhcii_num_strong_binders,45
YP_500120.1,mhcii_num_weak_binders,165
YP_499431.1,mhcii_median_score,0.363891
YP_499431.1,mhcii_median_percentile,2.44
YP_499431.1,mhcii_num_peptides,183
YP_499431.1,mhcii_num_strong_binders,37
YP_499431.1,mhcii_num_weak_binders,146
YP_498696.1,mhcii_median_score,0.327101
YP_498696.1,mhcii_median_percentile,2.56
YP_498696.1,mhcii_num_peptides,109
YP_498696.1,mhcii_num_strong_binders,22
YP_498696.1,mhcii_num_weak_binders,87
YP_500550.1,mhcii_median_score,0.354584
YP_500550.1,mhcii_median_percentile,2.0300000000000002
YP_500550.1,mhcii_num_peptides,106
YP_500550.1,mhcii_num_strong_binders,31
YP_500550.1,mhcii_num_weak_binders,75
YP_500795.1,mhcii_median_score,0.330803
YP_500795.1,mhcii_median_percentile,2.32
YP_500795.1,mhcii_num_peptides,281
YP_500795.1,mhcii_num_strong_binders,62
YP_500795.1,mhcii_num_weak_binders,219
YP_499888.1,mhcii_median_score,0.274029
YP_499888.1,mhcii_median_percentile,2.8
YP_499888.1,mhcii_num_peptides,161
YP_499888.1,mhcii_num_strong_binders,28
YP_499888.1,mhcii_num_weak_binders,133
YP_499558.1,mhcii_median_score,0.2843945
YP_499558.1,mhcii_median_percentile,3.255
YP_499558.1,mhcii_num_peptides,50
YP_499558.1,mhcii_num_strong_binders,5
YP_499558.1,mhcii_num_weak_binders,45
YP_500393.1,mhcii_median_score,0.2632105
YP_500393.1,mhcii_median_percentile,2.995
YP_500393.1,mhcii_num_peptides,18
YP_500393.1,mhcii_num_strong_binders,3
YP_500393.1,mhcii_num_weak_binders,15
YP_498896.1,mhcii_median_score,0.28037
YP_498896.1,mhcii_median_percentile,2.65
YP_498896.1,mhcii_num_peptides,157
YP_498896.1,mhcii_num_strong_binders,25
YP_498896.1,mhcii_num_weak_binders,132
YP_500255.1,mhcii_median_score,0.302361
YP_500255.1,mhcii_median_percentile,2.76
YP_500255.1,mhcii_num_peptides,144
YP_500255.1,mhcii_num_strong_binders,24
YP_500255.1,mhcii_num_weak_binders,120
YP_499376.1,mhcii_median_score,0.150648
YP_499376.1,mhcii_median_percentile,3.085
YP_499376.1,mhcii_num_peptides,34
YP_499376.1,mhcii_num_strong_binders,5
YP_499376.1,mhcii_num_weak_binders,29
YP_500119.1,mhcii_median_score,0.2559495
YP_500119.1,mhcii_median_percentile,3.065
YP_500119.1,mhcii_num_peptides,74
YP_500119.1,mhcii_num_strong_binders,14
YP_500119.1,mhcii_num_weak_binders,60
YP_501036.1,mhcii_median_score,0.3768165
YP_501036.1,mhcii_median_percentile,2.105
YP_501036.1,mhcii_num_peptides,20
YP_501036.1,mhcii_num_strong_binders,3
YP_501036.1,mhcii_num_weak_binders,17
YP_500279.1,mhcii_median_score,0.35143800000000003
YP_500279.1,mhcii_median_percentile,2.355
YP_500279.1,mhcii_num_peptides,130
YP_500279.1,mhcii_num_strong_binders,32
YP_500279.1,mhcii_num_weak_binders,98
YP_501481.1,mhcii_median_score,0.324915
YP_501481.1,mhcii_median_percentile,2.64
YP_501481.1,mhcii_num_peptides,97
YP_501481.1,mhcii_num_strong_binders,22
YP_501481.1,mhcii_num_weak_binders,75
YP_501434.1,mhcii_median_score,0.3023055
YP_501434.1,mhcii_median_percentile,2.615
YP_501434.1,mhcii_num_peptides,426
YP_501434.1,mhcii_num_strong_binders,98
YP_501434.1,mhcii_num_weak_binders,328
YP_499264.1,mhcii_median_score,0.348348
YP_499264.1,mhcii_median_percentile,2.535
YP_499264.1,mhcii_num_peptides,42
YP_499264.1,mhcii_num_strong_binders,10
YP_499264.1,mhcii_num_weak_binders,32
YP_498768.1,mhcii_median_score,0.322926
YP_498768.1,mhcii_median_percentile,2.45
YP_498768.1,mhcii_num_peptides,357
YP_498768.1,mhcii_num_strong_binders,81
YP_498768.1,mhcii_num_weak_binders,276
YP_499118.1,mhcii_median_score,0.3107925
YP_499118.1,mhcii_median_percentile,2.46
YP_499118.1,mhcii_num_peptides,648
YP_499118.1,mhcii_num_strong_binders,143
YP_499118.1,mhcii_num_weak_binders,505
YP_500388.1,mhcii_median_score,0.2682
YP_500388.1,mhcii_median_percentile,2.6
YP_500388.1,mhcii_num_peptides,49
YP_500388.1,mhcii_num_strong_binders,9
YP_500388.1,mhcii_num_weak_binders,40
YP_498966.1,mhcii_median_score,0.38214000000000004
YP_498966.1,mhcii_median_percentile,2.37
YP_498966.1,mhcii_num_peptides,106
YP_498966.1,mhcii_num_strong_binders,35
YP_498966.1,mhcii_num_weak_binders,71
YP_501290.1,mhcii_median_score,0.330593
YP_501290.1,mhcii_median_percentile,2.3
YP_501290.1,mhcii_num_peptides,167
YP_501290.1,mhcii_num_strong_binders,28
YP_501290.1,mhcii_num_weak_binders,139
YP_501264.1,mhcii_median_score,0.322679
YP_501264.1,mhcii_median_percentile,2.52
YP_501264.1,mhcii_num_peptides,85
YP_501264.1,mhcii_num_strong_binders,21
YP_501264.1,mhcii_num_weak_binders,64
YP_500713.1,mhcii_median_score,0.31799750000000004
YP_500713.1,mhcii_median_percentile,1.88
YP_500713.1,mhcii_num_peptides,52
YP_500713.1,mhcii_num_strong_binders,16
YP_500713.1,mhcii_num_weak_binders,36
YP_499050.1,mhcii_median_score,0.291438
YP_499050.1,mhcii_median_percentile,2.7
YP_499050.1,mhcii_num_peptides,265
YP_499050.1,mhcii_num_strong_binders,36
YP_499050.1,mhcii_num_weak_binders,229
YP_501132.1,mhcii_median_score,0.294956
YP_501132.1,mhcii_median_percentile,2.05
YP_501132.1,mhcii_num_peptides,90
YP_501132.1,mhcii_num_strong_binders,20
YP_501132.1,mhcii_num_weak_binders,70
YP_500864.1,mhcii_median_score,0.298212
YP_500864.1,mhcii_median_percentile,2.74
YP_500864.1,mhcii_num_peptides,99
YP_500864.1,mhcii_num_strong_binders,10
YP_500864.1,mhcii_num_weak_binders,89
YP_501208.1,mhcii_median_score,0.47892250000000003
YP_501208.1,mhcii_median_percentile,1.6600000000000001
YP_501208.1,mhcii_num_peptides,110
YP_501208.1,mhcii_num_strong_binders,40
YP_501208.1,mhcii_num_weak_binders,70
YP_500495.1,mhcii_median_score,0.346215
YP_500495.1,mhcii_median_percentile,2.26
YP_500495.1,mhcii_num_peptides,151
YP_500495.1,mhcii_num_strong_binders,38
YP_500495.1,mhcii_num_weak_binders,113
YP_499100.1,mhcii_median_score,0.2893465
YP_499100.1,mhcii_median_percentile,2.46
YP_499100.1,mhcii_num_peptides,54
YP_499100.1,mhcii_num_strong_binders,10
YP_499100.1,mhcii_num_weak_binders,44
YP_501383.1,mhcii_median_score,0.2836105
YP_501383.1,mhcii_median_percentile,3.3449999999999998
YP_501383.1,mhcii_num_peptides,48
YP_501383.1,mhcii_num_strong_binders,6
YP_501383.1,mhcii_num_weak_binders,42
YP_500189.1,mhcii_median_score,0.30415749999999997
YP_500189.1,mhcii_median_percentile,2.2649999999999997
YP_500189.1,mhcii_num_peptides,182
YP_500189.1,mhcii_num_strong_binders,40
YP_500189.1,mhcii_num_weak_binders,142
YP_500399.1,mhcii_median_score,0.367373
YP_500399.1,mhcii_median_percentile,2.35
YP_500399.1,mhcii_num_peptides,65
YP_500399.1,mhcii_num_strong_binders,10
YP_500399.1,mhcii_num_weak_binders,55
YP_499396.1,mhcii_median_score,0.320696
YP_499396.1,mhcii_median_percentile,2.56
YP_499396.1,mhcii_num_peptides,147
YP_499396.1,mhcii_num_strong_binders,32
YP_499396.1,mhcii_num_weak_binders,115
YP_499593.1,mhcii_median_score,0.407391
YP_499593.1,mhcii_median_percentile,2.615
YP_499593.1,mhcii_num_peptides,48
YP_499593.1,mhcii_num_strong_binders,8
YP_499593.1,mhcii_num_weak_binders,40
YP_499986.1,mhcii_median_score,0.379467
YP_499986.1,mhcii_median_percentile,1.85
YP_499986.1,mhcii_num_peptides,52
YP_499986.1,mhcii_num_strong_binders,17
YP_499986.1,mhcii_num_weak_binders,35
YP_500202.1,mhcii_median_score,0.2383575
YP_500202.1,mhcii_median_percentile,2.8049999999999997
YP_500202.1,mhcii_num_peptides,40
YP_500202.1,mhcii_num_strong_binders,7
YP_500202.1,mhcii_num_weak_binders,33
YP_498859.1,mhcii_median_score,0.296984
YP_498859.1,mhcii_median_percentile,2.315
YP_498859.1,mhcii_num_peptides,106
YP_498859.1,mhcii_num_strong_binders,22
YP_498859.1,mhcii_num_weak_binders,84
YP_500306.1,mhcii_median_score,0.303013
YP_500306.1,mhcii_median_percentile,2.65
YP_500306.1,mhcii_num_peptides,187
YP_500306.1,mhcii_num_strong_binders,33
YP_500306.1,mhcii_num_weak_binders,154
YP_499249.1,mhcii_median_score,0.2994415
YP_499249.1,mhcii_median_percentile,2.8099999999999996
YP_499249.1,mhcii_num_peptides,88
YP_499249.1,mhcii_num_strong_binders,14
YP_499249.1,mhcii_num_weak_binders,74
YP_499345.1,mhcii_median_score,0.279895
YP_499345.1,mhcii_median_percentile,2.86
YP_499345.1,mhcii_num_peptides,185
YP_499345.1,mhcii_num_strong_binders,27
YP_499345.1,mhcii_num_weak_binders,158
YP_498808.1,mhcii_median_score,0.299025
YP_498808.1,mhcii_median_percentile,2.61
YP_498808.1,mhcii_num_peptides,359
YP_498808.1,mhcii_num_strong_binders,71
YP_498808.1,mhcii_num_weak_binders,288
YP_499225.1,mhcii_median_score,0.3451115
YP_499225.1,mhcii_median_percentile,2.16
YP_499225.1,mhcii_num_peptides,190
YP_499225.1,mhcii_num_strong_binders,34
YP_499225.1,mhcii_num_weak_binders,156
YP_500380.1,mhcii_median_score,0.319249
YP_500380.1,mhcii_median_percentile,2.04
YP_500380.1,mhcii_num_peptides,123
YP_500380.1,mhcii_num_strong_binders,30
YP_500380.1,mhcii_num_weak_binders,93
YP_499451.1,mhcii_median_score,0.29038149999999996
YP_499451.1,mhcii_median_percentile,2.48
YP_499451.1,mhcii_num_peptides,258
YP_499451.1,mhcii_num_strong_binders,50
YP_499451.1,mhcii_num_weak_binders,208
YP_008530243.1,mhcii_median_score,0.399658
YP_008530243.1,mhcii_median_percentile,2.29
YP_008530243.1,mhcii_num_peptides,29
YP_008530243.1,mhcii_num_strong_binders,9
YP_008530243.1,mhcii_num_weak_binders,20
YP_501152.1,mhcii_median_score,0.328821
YP_501152.1,mhcii_median_percentile,2.45
YP_501152.1,mhcii_num_peptides,287
YP_501152.1,mhcii_num_strong_binders,70
YP_501152.1,mhcii_num_weak_binders,217
YP_500917.1,mhcii_median_score,0.311884
YP_500917.1,mhcii_median_percentile,2.65
YP_500917.1,mhcii_num_peptides,190
YP_500917.1,mhcii_num_strong_binders,22
YP_500917.1,mhcii_num_weak_binders,168
YP_498913.1,mhcii_median_score,0.2956135
YP_498913.1,mhcii_median_percentile,3.005
YP_498913.1,mhcii_num_peptides,50
YP_498913.1,mhcii_num_strong_binders,5
YP_498913.1,mhcii_num_weak_binders,45
YP_500822.1,mhcii_median_score,0.360152
YP_500822.1,mhcii_median_percentile,2.24
YP_500822.1,mhcii_num_peptides,253
YP_500822.1,mhcii_num_strong_binders,66
YP_500822.1,mhcii_num_weak_binders,187
YP_499470.1,mhcii_median_score,0.38529500000000005
YP_499470.1,mhcii_median_percentile,2.315
YP_499470.1,mhcii_num_peptides,110
YP_499470.1,mhcii_num_strong_binders,30
YP_499470.1,mhcii_num_weak_binders,80
YP_500001.1,mhcii_median_score,0.3504385
YP_500001.1,mhcii_median_percentile,2.35
YP_500001.1,mhcii_num_peptides,204
YP_500001.1,mhcii_num_strong_binders,42
YP_500001.1,mhcii_num_weak_binders,162
YP_499406.1,mhcii_median_score,0.34836
YP_499406.1,mhcii_median_percentile,1.8
YP_499406.1,mhcii_num_peptides,30
YP_499406.1,mhcii_num_strong_binders,6
YP_499406.1,mhcii_num_weak_binders,24
YP_500247.1,mhcii_median_score,0.325729
YP_500247.1,mhcii_median_percentile,2.15
YP_500247.1,mhcii_num_peptides,195
YP_500247.1,mhcii_num_strong_binders,42
YP_500247.1,mhcii_num_weak_binders,153
YP_500390.1,mhcii_median_score,0.338302
YP_500390.1,mhcii_median_percentile,2.28
YP_500390.1,mhcii_num_peptides,119
YP_500390.1,mhcii_num_strong_binders,20
YP_500390.1,mhcii_num_weak_binders,99
YP_500734.1,mhcii_median_score,0.284779
YP_500734.1,mhcii_median_percentile,3.18
YP_500734.1,mhcii_num_peptides,46
YP_500734.1,mhcii_num_strong_binders,5
YP_500734.1,mhcii_num_weak_binders,41
YP_501286.1,mhcii_median_score,0.3077765
YP_501286.1,mhcii_median_percentile,2.03
YP_501286.1,mhcii_num_peptides,66
YP_501286.1,mhcii_num_strong_binders,22
YP_501286.1,mhcii_num_weak_binders,44
YP_499814.1,mhcii_median_score,0.277678
YP_499814.1,mhcii_median_percentile,2.47
YP_499814.1,mhcii_num_peptides,75
YP_499814.1,mhcii_num_strong_binders,8
YP_499814.1,mhcii_num_weak_binders,67
YP_498729.1,mhcii_median_score,0.288089
YP_498729.1,mhcii_median_percentile,2.71
YP_498729.1,mhcii_num_peptides,245
YP_498729.1,mhcii_num_strong_binders,34
YP_498729.1,mhcii_num_weak_binders,211
YP_499402.1,mhcii_median_score,0.31434
YP_499402.1,mhcii_median_percentile,2.54
YP_499402.1,mhcii_num_peptides,263
YP_499402.1,mhcii_num_strong_binders,44
YP_499402.1,mhcii_num_weak_binders,219
YP_500183.1,mhcii_median_score,0.271741
YP_500183.1,mhcii_median_percentile,2.975
YP_500183.1,mhcii_num_peptides,46
YP_500183.1,mhcii_num_strong_binders,5
YP_500183.1,mhcii_num_weak_binders,41
YP_499565.1,mhcii_median_score,0.309339
YP_499565.1,mhcii_median_percentile,2.48
YP_499565.1,mhcii_num_peptides,149
YP_499565.1,mhcii_num_strong_binders,33
YP_499565.1,mhcii_num_weak_binders,116
YP_500645.1,mhcii_median_score,0.25586
YP_500645.1,mhcii_median_percentile,2.42
YP_500645.1,mhcii_num_peptides,27
YP_500645.1,mhcii_num_strong_binders,5
YP_500645.1,mhcii_num_weak_binders,22
YP_498751.1,mhcii_median_score,0.280424
YP_498751.1,mhcii_median_percentile,2.25
YP_498751.1,mhcii_num_peptides,89
YP_498751.1,mhcii_num_strong_binders,19
YP_498751.1,mhcii_num_weak_binders,70
YP_498989.1,mhcii_median_score,0.31826299999999996
YP_498989.1,mhcii_median_percentile,2.545
YP_498989.1,mhcii_num_peptides,122
YP_498989.1,mhcii_num_strong_binders,26
YP_498989.1,mhcii_num_weak_binders,96
YP_500431.1,mhcii_median_score,0.411582
YP_500431.1,mhcii_median_percentile,1.87
YP_500431.1,mhcii_num_peptides,83
YP_500431.1,mhcii_num_strong_binders,24
YP_500431.1,mhcii_num_weak_binders,59
YP_500650.1,mhcii_median_score,0.34376450000000003
YP_500650.1,mhcii_median_percentile,2.21
YP_500650.1,mhcii_num_peptides,386
YP_500650.1,mhcii_num_strong_binders,115
YP_500650.1,mhcii_num_weak_binders,271
YP_499177.1,mhcii_median_score,0.32302600000000004
YP_499177.1,mhcii_median_percentile,2.535
YP_499177.1,mhcii_num_peptides,44
YP_499177.1,mhcii_num_strong_binders,8
YP_499177.1,mhcii_num_weak_binders,36
YP_498931.1,mhcii_median_score,0.335869
YP_498931.1,mhcii_median_percentile,2.54
YP_498931.1,mhcii_num_peptides,151
YP_498931.1,mhcii_num_strong_binders,24
YP_498931.1,mhcii_num_weak_binders,127
YP_500655.1,mhcii_median_score,0.349883
YP_500655.1,mhcii_median_percentile,2.75
YP_500655.1,mhcii_num_peptides,31
YP_500655.1,mhcii_num_strong_binders,4
YP_500655.1,mhcii_num_weak_binders,27
YP_501414.1,mhcii_median_score,0.310906
YP_501414.1,mhcii_median_percentile,2.16
YP_501414.1,mhcii_num_peptides,297
YP_501414.1,mhcii_num_strong_binders,71
YP_501414.1,mhcii_num_weak_binders,226
YP_500911.1,mhcii_median_score,0.362034
YP_500911.1,mhcii_median_percentile,2.44
YP_500911.1,mhcii_num_peptides,103
YP_500911.1,mhcii_num_strong_binders,28
YP_500911.1,mhcii_num_weak_binders,75
YP_499461.1,mhcii_median_score,0.310951
YP_499461.1,mhcii_median_percentile,2.37
YP_499461.1,mhcii_num_peptides,286
YP_499461.1,mhcii_num_strong_binders,65
YP_499461.1,mhcii_num_weak_binders,221
YP_499181.1,mhcii_median_score,0.283696
YP_499181.1,mhcii_median_percentile,2.455
YP_499181.1,mhcii_num_peptides,76
YP_499181.1,mhcii_num_strong_binders,16
YP_499181.1,mhcii_num_weak_binders,60
YP_499146.1,mhcii_median_score,0.324666
YP_499146.1,mhcii_median_percentile,2.25
YP_499146.1,mhcii_num_peptides,197
YP_499146.1,mhcii_num_strong_binders,49
YP_499146.1,mhcii_num_weak_binders,148
YP_498721.1,mhcii_median_score,0.3108055
YP_498721.1,mhcii_median_percentile,2.665
YP_498721.1,mhcii_num_peptides,128
YP_498721.1,mhcii_num_strong_binders,19
YP_498721.1,mhcii_num_weak_binders,109
YP_499037.1,mhcii_median_score,0.4551535
YP_499037.1,mhcii_median_percentile,1.435
YP_499037.1,mhcii_num_peptides,32
YP_499037.1,mhcii_num_strong_binders,14
YP_499037.1,mhcii_num_weak_binders,18
YP_501133.1,mhcii_median_score,0.323302
YP_501133.1,mhcii_median_percentile,2.66
YP_501133.1,mhcii_num_peptides,133
YP_501133.1,mhcii_num_strong_binders,30
YP_501133.1,mhcii_num_weak_binders,103
YP_501137.1,mhcii_median_score,0.28202
YP_501137.1,mhcii_median_percentile,2.85
YP_501137.1,mhcii_num_peptides,83
YP_501137.1,mhcii_num_strong_binders,15
YP_501137.1,mhcii_num_weak_binders,68
YP_500059.1,mhcii_median_score,0.27328949999999996
YP_500059.1,mhcii_median_percentile,3.465
YP_500059.1,mhcii_num_peptides,24
YP_500059.1,mhcii_num_strong_binders,0
YP_500059.1,mhcii_num_weak_binders,24
YP_498663.1,mhcii_median_score,0.266641
YP_498663.1,mhcii_median_percentile,3.1
YP_498663.1,mhcii_num_peptides,117
YP_498663.1,mhcii_num_strong_binders,13
YP_498663.1,mhcii_num_weak_binders,104
YP_500986.1,mhcii_median_score,0.3297025
YP_500986.1,mhcii_median_percentile,2.21
YP_500986.1,mhcii_num_peptides,28
YP_500986.1,mhcii_num_strong_binders,9
YP_500986.1,mhcii_num_weak_binders,19
YP_499809.1,mhcii_median_score,0.284433
YP_499809.1,mhcii_median_percentile,2.58
YP_499809.1,mhcii_num_peptides,237
YP_499809.1,mhcii_num_strong_binders,41
YP_499809.1,mhcii_num_weak_binders,196
YP_499832.1,mhcii_median_score,0.376947
YP_499832.1,mhcii_median_percentile,2.73
YP_499832.1,mhcii_num_peptides,11
YP_499832.1,mhcii_num_strong_binders,0
YP_499832.1,mhcii_num_weak_binders,11
YP_501477.1,mhcii_median_score,0.287836
YP_501477.1,mhcii_median_percentile,3.64
YP_501477.1,mhcii_num_peptides,57
YP_501477.1,mhcii_num_strong_binders,7
YP_501477.1,mhcii_num_weak_binders,50
YP_500964.1,mhcii_median_score,0.31597
YP_500964.1,mhcii_median_percentile,2.18
YP_500964.1,mhcii_num_peptides,95
YP_500964.1,mhcii_num_strong_binders,20
YP_500964.1,mhcii_num_weak_binders,75
YP_501222.1,mhcii_median_score,0.284673
YP_501222.1,mhcii_median_percentile,2.34
YP_501222.1,mhcii_num_peptides,91
YP_501222.1,mhcii_num_strong_binders,20
YP_501222.1,mhcii_num_weak_binders,71
YP_499787.1,mhcii_median_score,0.274386
YP_499787.1,mhcii_median_percentile,3.325
YP_499787.1,mhcii_num_peptides,92
YP_499787.1,mhcii_num_strong_binders,5
YP_499787.1,mhcii_num_weak_binders,87
YP_499107.1,mhcii_median_score,0.261278
YP_499107.1,mhcii_median_percentile,2.67
YP_499107.1,mhcii_num_peptides,137
YP_499107.1,mhcii_num_strong_binders,19
YP_499107.1,mhcii_num_weak_binders,118
YP_501258.1,mhcii_median_score,0.345819
YP_501258.1,mhcii_median_percentile,1.68
YP_501258.1,mhcii_num_peptides,63
YP_501258.1,mhcii_num_strong_binders,21
YP_501258.1,mhcii_num_weak_binders,42
YP_500667.1,mhcii_median_score,0.325414
YP_500667.1,mhcii_median_percentile,2.39
YP_500667.1,mhcii_num_peptides,245
YP_500667.1,mhcii_num_strong_binders,59
YP_500667.1,mhcii_num_weak_binders,186
YP_500602.1,mhcii_median_score,0.29098
YP_500602.1,mhcii_median_percentile,2.775
YP_500602.1,mhcii_num_peptides,84
YP_500602.1,mhcii_num_strong_binders,13
YP_500602.1,mhcii_num_weak_binders,71
YP_500311.1,mhcii_median_score,0.305096
YP_500311.1,mhcii_median_percentile,2.63
YP_500311.1,mhcii_num_peptides,200
YP_500311.1,mhcii_num_strong_binders,39
YP_500311.1,mhcii_num_weak_binders,161
YP_499128.1,mhcii_median_score,0.3152005
YP_499128.1,mhcii_median_percentile,2.59
YP_499128.1,mhcii_num_peptides,112
YP_499128.1,mhcii_num_strong_binders,21
YP_499128.1,mhcii_num_weak_binders,91
YP_500445.1,mhcii_median_score,0.335798
YP_500445.1,mhcii_median_percentile,3.21
YP_500445.1,mhcii_num_peptides,43
YP_500445.1,mhcii_num_strong_binders,7
YP_500445.1,mhcii_num_weak_binders,36
YP_500806.1,mhcii_median_score,0.31317700000000004
YP_500806.1,mhcii_median_percentile,2.67
YP_500806.1,mhcii_num_peptides,80
YP_500806.1,mhcii_num_strong_binders,19
YP_500806.1,mhcii_num_weak_binders,61
YP_500949.1,mhcii_median_score,0.303705
YP_500949.1,mhcii_median_percentile,3.0
YP_500949.1,mhcii_num_peptides,66
YP_500949.1,mhcii_num_strong_binders,6
YP_500949.1,mhcii_num_weak_binders,60
YP_500401.1,mhcii_median_score,0.290391
YP_500401.1,mhcii_median_percentile,2.9
YP_500401.1,mhcii_num_peptides,49
YP_500401.1,mhcii_num_strong_binders,2
YP_500401.1,mhcii_num_weak_binders,47
YP_501170.1,mhcii_median_score,0.30857
YP_501170.1,mhcii_median_percentile,2.6
YP_501170.1,mhcii_num_peptides,215
YP_501170.1,mhcii_num_strong_binders,38
YP_501170.1,mhcii_num_weak_binders,177
YP_500913.1,mhcii_median_score,0.3107705
YP_500913.1,mhcii_median_percentile,2.53
YP_500913.1,mhcii_num_peptides,222
YP_500913.1,mhcii_num_strong_binders,53
YP_500913.1,mhcii_num_weak_binders,169
YP_499329.1,mhcii_median_score,0.23076000000000002
YP_499329.1,mhcii_median_percentile,4.630000000000001
YP_499329.1,mhcii_num_peptides,2
YP_499329.1,mhcii_num_strong_binders,0
YP_499329.1,mhcii_num_weak_binders,2
YP_498826.1,mhcii_median_score,0.3094925
YP_498826.1,mhcii_median_percentile,2.605
YP_498826.1,mhcii_num_peptides,166
YP_498826.1,mhcii_num_strong_binders,34
YP_498826.1,mhcii_num_weak_binders,132
YP_499760.1,mhcii_median_score,0.378446
YP_499760.1,mhcii_median_percentile,2.1
YP_499760.1,mhcii_num_peptides,159
YP_499760.1,mhcii_num_strong_binders,47
YP_499760.1,mhcii_num_weak_binders,112
YP_501478.1,mhcii_median_score,0.273828
YP_501478.1,mhcii_median_percentile,3.11
YP_501478.1,mhcii_num_peptides,125
YP_501478.1,mhcii_num_strong_binders,16
YP_501478.1,mhcii_num_weak_binders,109
YP_499794.1,mhcii_median_score,0.333325
YP_499794.1,mhcii_median_percentile,2.39
YP_499794.1,mhcii_num_peptides,223
YP_499794.1,mhcii_num_strong_binders,44
YP_499794.1,mhcii_num_weak_binders,179
YP_500719.1,mhcii_median_score,0.300094
YP_500719.1,mhcii_median_percentile,2.16
YP_500719.1,mhcii_num_peptides,105
YP_500719.1,mhcii_num_strong_binders,28
YP_500719.1,mhcii_num_weak_binders,77
YP_499998.1,mhcii_median_score,0.278793
YP_499998.1,mhcii_median_percentile,2.1
YP_499998.1,mhcii_num_peptides,135
YP_499998.1,mhcii_num_strong_binders,28
YP_499998.1,mhcii_num_weak_binders,107
YP_501418.1,mhcii_median_score,0.30885
YP_501418.1,mhcii_median_percentile,2.955
YP_501418.1,mhcii_num_peptides,130
YP_501418.1,mhcii_num_strong_binders,21
YP_501418.1,mhcii_num_weak_binders,109
YP_500434.1,mhcii_median_score,0.306627
YP_500434.1,mhcii_median_percentile,2.28
YP_500434.1,mhcii_num_peptides,297
YP_500434.1,mhcii_num_strong_binders,62
YP_500434.1,mhcii_num_weak_binders,235
YP_501338.1,mhcii_median_score,0.3150675
YP_501338.1,mhcii_median_percentile,2.635
YP_501338.1,mhcii_num_peptides,258
YP_501338.1,mhcii_num_strong_binders,47
YP_501338.1,mhcii_num_weak_binders,211
YP_499913.1,mhcii_median_score,0.361235
YP_499913.1,mhcii_median_percentile,2.55
YP_499913.1,mhcii_num_peptides,90
YP_499913.1,mhcii_num_strong_binders,15
YP_499913.1,mhcii_num_weak_binders,75
YP_498835.1,mhcii_median_score,0.30271
YP_498835.1,mhcii_median_percentile,3.32
YP_498835.1,mhcii_num_peptides,59
YP_498835.1,mhcii_num_strong_binders,7
YP_498835.1,mhcii_num_weak_binders,52
YP_500890.1,mhcii_median_score,0.30761700000000003
YP_500890.1,mhcii_median_percentile,2.885
YP_500890.1,mhcii_num_peptides,156
YP_500890.1,mhcii_num_strong_binders,30
YP_500890.1,mhcii_num_weak_binders,126
YP_500883.1,mhcii_median_score,0.342492
YP_500883.1,mhcii_median_percentile,2.29
YP_500883.1,mhcii_num_peptides,163
YP_500883.1,mhcii_num_strong_binders,47
YP_500883.1,mhcii_num_weak_binders,116
YP_498714.1,mhcii_median_score,0.310577
YP_498714.1,mhcii_median_percentile,2.57
YP_498714.1,mhcii_num_peptides,101
YP_498714.1,mhcii_num_strong_binders,17
YP_498714.1,mhcii_num_weak_binders,84
YP_501252.1,mhcii_median_score,0.32195450000000003
YP_501252.1,mhcii_median_percentile,2.4450000000000003
YP_501252.1,mhcii_num_peptides,316
YP_501252.1,mhcii_num_strong_binders,60
YP_501252.1,mhcii_num_weak_binders,256
YP_499276.1,mhcii_median_score,0.3409835
YP_499276.1,mhcii_median_percentile,1.9649999999999999
YP_499276.1,mhcii_num_peptides,58
YP_499276.1,mhcii_num_strong_binders,10
YP_499276.1,mhcii_num_weak_binders,48
YP_500553.1,mhcii_median_score,0.276492
YP_500553.1,mhcii_median_percentile,3.05
YP_500553.1,mhcii_num_peptides,31
YP_500553.1,mhcii_num_strong_binders,2
YP_500553.1,mhcii_num_weak_binders,29
YP_500301.1,mhcii_median_score,0.2983485
YP_500301.1,mhcii_median_percentile,2.425
YP_500301.1,mhcii_num_peptides,572
YP_500301.1,mhcii_num_strong_binders,128
YP_500301.1,mhcii_num_weak_binders,444
YP_500208.1,mhcii_median_score,0.2451845
YP_500208.1,mhcii_median_percentile,3.19
YP_500208.1,mhcii_num_peptides,48
YP_500208.1,mhcii_num_strong_binders,11
YP_500208.1,mhcii_num_weak_binders,37
YP_499754.1,mhcii_median_score,0.281035
YP_499754.1,mhcii_median_percentile,2.56
YP_499754.1,mhcii_num_peptides,85
YP_499754.1,mhcii_num_strong_binders,15
YP_499754.1,mhcii_num_weak_binders,70
YP_501216.1,mhcii_median_score,0.281602
YP_501216.1,mhcii_median_percentile,3.11
YP_501216.1,mhcii_num_peptides,29
YP_501216.1,mhcii_num_strong_binders,3
YP_501216.1,mhcii_num_weak_binders,26
YP_498621.1,mhcii_median_score,0.311705
YP_498621.1,mhcii_median_percentile,2.32
YP_498621.1,mhcii_num_peptides,47
YP_498621.1,mhcii_num_strong_binders,7
YP_498621.1,mhcii_num_weak_binders,40
YP_499675.1,mhcii_median_score,0.291712
YP_499675.1,mhcii_median_percentile,2.45
YP_499675.1,mhcii_num_peptides,71
YP_499675.1,mhcii_num_strong_binders,17
YP_499675.1,mhcii_num_weak_binders,54
YP_499331.1,mhcii_median_score,0.36739049999999995
YP_499331.1,mhcii_median_percentile,2.48
YP_499331.1,mhcii_num_peptides,124
YP_499331.1,mhcii_num_strong_binders,31
YP_499331.1,mhcii_num_weak_binders,93
YP_501269.1,mhcii_median_score,0.28482
YP_501269.1,mhcii_median_percentile,2.74
YP_501269.1,mhcii_num_peptides,75
YP_501269.1,mhcii_num_strong_binders,13
YP_501269.1,mhcii_num_weak_binders,62
SSL5|A0A0H3K6Z6,mhcii_median_score,0.3245485
SSL5|A0A0H3K6Z6,mhcii_median_percentile,2.73
SSL5|A0A0H3K6Z6,mhcii_num_peptides,132
SSL5|A0A0H3K6Z6,mhcii_num_strong_binders,17
SSL5|A0A0H3K6Z6,mhcii_num_weak_binders,115
SSL10|A0A0H3K6Z9,mhcii_median_score,0.29614
SSL10|A0A0H3K6Z9,mhcii_median_percentile,2.88
SSL10|A0A0H3K6Z9,mhcii_num_peptides,101
SSL10|A0A0H3K6Z9,mhcii_num_strong_binders,16
SSL10|A0A0H3K6Z9,mhcii_num_weak_binders,85
SSL1|A0A0H3KAV3,mhcii_median_score,0.2486015
SSL1|A0A0H3KAV3,mhcii_median_percentile,2.685
SSL1|A0A0H3KAV3,mhcii_num_peptides,86
SSL1|A0A0H3KAV3,mhcii_num_strong_binders,10
SSL1|A0A0H3KAV3,mhcii_num_weak_binders,76
SSL4|A0A0H3K6A3,mhcii_median_score,0.262391
SSL4|A0A0H3K6A3,mhcii_median_percentile,3.31
SSL4|A0A0H3K6A3,mhcii_num_peptides,109
SSL4|A0A0H3K6A3,mhcii_num_strong_binders,13
SSL4|A0A0H3K6A3,mhcii_num_weak_binders,96
P0C0I5|ExotoxinC,mhcii_median_score,0.334804
P0C0I5|ExotoxinC,mhcii_median_percentile,2.62
P0C0I5|ExotoxinC,mhcii_num_peptides,191
P0C0I5|ExotoxinC,mhcii_num_strong_binders,38
P0C0I5|ExotoxinC,mhcii_num_weak_binders,153
P0C0I6|ExotoxinH,mhcii_median_score,0.414413
P0C0I6|ExotoxinH,mhcii_median_percentile,2.23
P0C0I6|ExotoxinH,mhcii_num_peptides,71
P0C0I6|ExotoxinH,mhcii_num_strong_binders,18
P0C0I6|ExotoxinH,mhcii_num_weak_binders,53
P0DJY7|ExotoxinA,mhcii_median_score,0.301499
P0DJY7|ExotoxinA,mhcii_median_percentile,2.82
P0DJY7|ExotoxinA,mhcii_num_peptides,111
P0DJY7|ExotoxinA,mhcii_num_strong_binders,28
P0DJY7|ExotoxinA,mhcii_num_weak_binders,83
A0A0H3KHN8|EnterotoxinA,mhcii_median_score,0.483969
A0A0H3KHN8|EnterotoxinA,mhcii_median_percentile,1.62
A0A0H3KHN8|EnterotoxinA,mhcii_num_peptides,117
A0A0H3KHN8|EnterotoxinA,mhcii_num_strong_binders,42
A0A0H3KHN8|EnterotoxinA,mhcii_num_weak_binders,75
YP_500337.1,mhcii_median_score,0.27709
YP_500337.1,mhcii_median_percentile,2.63
YP_500337.1,mhcii_num_peptides,61
YP_500337.1,mhcii_num_strong_binders,4
YP_500337.1,mhcii_num_weak_binders,57
YP_501119.1,mhcii_median_score,0.509831
YP_501119.1,mhcii_median_percentile,2.06
YP_501119.1,mhcii_num_peptides,5
YP_501119.1,mhcii_num_strong_binders,0
YP_501119.1,mhcii_num_weak_binders,5
YP_499390.1,mhcii_median_score,0.36139
YP_499390.1,mhcii_median_percentile,2.19
YP_499390.1,mhcii_num_peptides,53
YP_499390.1,mhcii_num_strong_binders,11
YP_499390.1,mhcii_num_weak_binders,42
YP_500007.1,mhcii_median_score,0.280978
YP_500007.1,mhcii_median_percentile,3.64
YP_500007.1,mhcii_num_peptides,15
YP_500007.1,mhcii_num_strong_binders,0
YP_500007.1,mhcii_num_weak_binders,15
YP_500804.1,mhcii_median_score,0.341766
YP_500804.1,mhcii_median_percentile,3.54
YP_500804.1,mhcii_num_peptides,1
YP_500804.1,mhcii_num_strong_binders,0
YP_500804.1,mhcii_num_weak_binders,1
YP_501173.1,mhcii_median_score,0.316477
YP_501173.1,mhcii_median_percentile,3.64
YP_501173.1,mhcii_num_peptides,13
YP_501173.1,mhcii_num_strong_binders,0
YP_501173.1,mhcii_num_weak_binders,13
YP_499555.1,mhcii_median_score,0.36712999999999996
YP_499555.1,mhcii_median_percentile,2.55
YP_499555.1,mhcii_num_peptides,16
YP_499555.1,mhcii_num_strong_binders,2
YP_499555.1,mhcii_num_weak_binders,14
YP_501053.1,mhcii_median_score,0.296583
YP_501053.1,mhcii_median_percentile,2.85
YP_501053.1,mhcii_num_peptides,41
YP_501053.1,mhcii_num_strong_binders,5
YP_501053.1,mhcii_num_weak_binders,36
YP_498655.1,mhcii_median_score,0.3963765
YP_498655.1,mhcii_median_percentile,2.455
YP_498655.1,mhcii_num_peptides,50
YP_498655.1,mhcii_num_strong_binders,16
YP_498655.1,mhcii_num_weak_binders,34
YP_498838.1,mhcii_median_score,0.386264
YP_498838.1,mhcii_median_percentile,2.11
YP_498838.1,mhcii_num_peptides,39
YP_498838.1,mhcii_num_strong_binders,8
YP_498838.1,mhcii_num_weak_binders,31
YP_499771.1,mhcii_median_score,0.296348
YP_499771.1,mhcii_median_percentile,2.87
YP_499771.1,mhcii_num_peptides,59
YP_499771.1,mhcii_num_strong_binders,7
YP_499771.1,mhcii_num_weak_binders,52
YP_499586.1,mhcii_median_score,0.490823
YP_499586.1,mhcii_median_percentile,1.865
YP_499586.1,mhcii_num_peptides,16
YP_499586.1,mhcii_num_strong_binders,7
YP_499586.1,mhcii_num_weak_binders,9
YP_499397.1,mhcii_median_score,0.443409
YP_499397.1,mhcii_median_percentile,1.92
YP_499397.1,mhcii_num_peptides,49
YP_499397.1,mhcii_num_strong_binders,15
YP_499397.1,mhcii_num_weak_binders,34
YP_500398.1,mhcii_median_score,0.247674
YP_500398.1,mhcii_median_percentile,3.3
YP_500398.1,mhcii_num_peptides,33
YP_500398.1,mhcii_num_strong_binders,1
YP_500398.1,mhcii_num_weak_binders,32
YP_499884.1,mhcii_median_score,0.293599
YP_499884.1,mhcii_median_percentile,3.67
YP_499884.1,mhcii_num_peptides,5
YP_499884.1,mhcii_num_strong_binders,0
YP_499884.1,mhcii_num_weak_binders,5
YP_500855.1,mhcii_median_score,0.625662
YP_500855.1,mhcii_median_percentile,1.1
YP_500855.1,mhcii_num_peptides,17
YP_500855.1,mhcii_num_strong_binders,7
YP_500855.1,mhcii_num_weak_binders,10
YP_500687.1,mhcii_median_score,0.253138
YP_500687.1,mhcii_median_percentile,3.34
YP_500687.1,mhcii_num_peptides,17
YP_500687.1,mhcii_num_strong_binders,0
YP_500687.1,mhcii_num_weak_binders,17
YP_008530245.1,mhcii_median_score,0.268593
YP_008530245.1,mhcii_median_percentile,4.0
YP_008530245.1,mhcii_num_peptides,3
YP_008530245.1,mhcii_num_strong_binders,0
YP_008530245.1,mhcii_num_weak_binders,3
YP_500426.1,mhcii_median_score,0.289592
YP_500426.1,mhcii_median_percentile,3.725
YP_500426.1,mhcii_num_peptides,6
YP_500426.1,mhcii_num_strong_binders,0
YP_500426.1,mhcii_num_weak_binders,6
YP_500405.1,mhcii_median_score,0.676633
YP_500405.1,mhcii_median_percentile,1.01
YP_500405.1,mhcii_num_peptides,15
YP_500405.1,mhcii_num_strong_binders,7
YP_500405.1,mhcii_num_weak_binders,8
YP_499530.1,mhcii_median_score,0.28861
YP_499530.1,mhcii_median_percentile,2.44
YP_499530.1,mhcii_num_peptides,15
YP_499530.1,mhcii_num_strong_binders,2
YP_499530.1,mhcii_num_weak_binders,13
YP_499966.1,mhcii_median_score,0.313967
YP_499966.1,mhcii_median_percentile,3.54
YP_499966.1,mhcii_num_peptides,4
YP_499966.1,mhcii_num_strong_binders,0
YP_499966.1,mhcii_num_weak_binders,4
YP_499172.1,mhcii_median_score,0.082024
YP_499172.1,mhcii_median_percentile,3.87
YP_499172.1,mhcii_num_peptides,3
YP_499172.1,mhcii_num_strong_binders,0
YP_499172.1,mhcii_num_weak_binders,3
YP_501253.1,mhcii_median_score,0.1666
YP_501253.1,mhcii_median_percentile,3.58
YP_501253.1,mhcii_num_peptides,7
YP_501253.1,mhcii_num_strong_binders,0
YP_501253.1,mhcii_num_weak_binders,7
YP_500700.1,mhcii_median_score,0.13793
YP_500700.1,mhcii_median_percentile,3.3
YP_500700.1,mhcii_num_peptides,8
YP_500700.1,mhcii_num_strong_binders,0
YP_500700.1,mhcii_num_weak_binders,8
YP_500868.1,mhcii_median_score,0.083069
YP_500868.1,mhcii_median_percentile,4.29
YP_500868.1,mhcii_num_peptides,1
YP_500868.1,mhcii_num_strong_binders,0
YP_500868.1,mhcii_num_weak_binders,1
YP_499822.1,mhcii_median_score,0.222671
YP_499822.1,mhcii_median_percentile,4.325
YP_499822.1,mhcii_num_peptides,2
YP_499822.1,mhcii_num_strong_binders,0
YP_499822.1,mhcii_num_weak_binders,2
