# jackhmmer :: iteratively search a protein sequence against a protein database
# HMMER 3.1b2 (February 2015); http://hmmer.org/
# Copyright (C) 2015 Howard Hughes Medical Institute.
# Freely distributed under the GNU General Public License (GPLv3).
# - - - - - - - - - - - - - - - - - - - - - - - - - - - - - - - - - - - -
# query sequence file:             data/ssl/SSL3.fasta
# target sequence database:        data/ssl/genomes_6frame_proteins.fasta
# output directed to file:         jackhmmer_results/SSL3.jackhmmer.out
# MSA of hits saved to file:       jackhmmer_results/SSL3.jackhmmer.sto
# per-seq hits tabular output:     jackhmmer_results/SSL3.jackhmmer.tblout
# per-dom hits tabular output:     jackhmmer_results/SSL3.jackhmmer.domtblout
# MSA checkpoint files output:     jackhmmer_results/SSL3-<i>.sto
# show alignments in output:       no
# sequence reporting threshold:    score <= 100
# number of worker threads:        4
# - - - - - - - - - - - - - - - - - - - - - - - - - - - - - - - - - - - -

Query:       Q2G0X7|SSL3  [L=356]

Scores for complete sequences (score includes all domains):
   --- full sequence ---   --- best 1 domain ---    -#dom-
    E-value  score  bias    E-value  score  bias    exp  N  Sequence               Description
    ------- ------ -----    ------- ------ -----   ---- --  --------               -----------
+         0 1282.2 122.1   8.2e-222  730.3  22.2    8.9  9  NC_002745.2_frame=2     Staphylococcus aureus subsp. aureus N
+         0 1204.9 198.9   4.1e-221  728.0  21.8   10.7  8  NZ_CP132371.1_frame=3   Staphylococcus aureus strain UNC_SA38
+  6.7e-286  940.8  80.9   2.9e-215  708.8  22.8   12.6  8  NZ_LR134090.1_frame=1   Staphylococcus aureus strain NCTC9555
+  1.4e-269  887.2  67.6   1.2e-226  746.1  22.1    5.4  5  NC_007795.1_frame=3     Staphylococcus aureus subsp. aureus N
+  1.2e-259  854.6 186.2   6.7e-119  392.2  12.4   13.0 12  NC_007795.1_frame=1     Staphylococcus aureus subsp. aureus N
+  1.7e-255  841.0 100.1   9.7e-221  726.8  22.7    6.1  5  NZ_CP029678.1_frame=3   Staphylococcus aureus strain AR_0216 
+  1.9e-248  817.8  57.3   9.1e-221  726.9  22.7    7.4  5  NZ_CP113052.1_frame=1   Staphylococcus aureus strain Fizz chr
+  1.9e-248  817.8  57.3   9.1e-221  726.9  22.7    9.5  5  NZ_CP136528.1_frame=3   Staphylococcus aureus strain BAA-1556
+  1.4e-247  815.0  55.8   1.6e-223  735.9  22.3    7.7  6  NC_002953.3_frame=2     Staphylococcus aureus subsp. aureus M
+  1.7e-234  772.0 223.4   3.2e-128  422.9  16.1   13.2 11  NZ_CP011877.1_frame=-2  Staphylococcus aureus strain 12S01032
+  3.5e-230  757.8 139.4   8.1e-117  385.4  14.9   10.3 10  NC_002952.2_frame=1     Staphylococcus aureus subsp. aureus M
+  3.1e-226  744.8 176.4   8.1e-122  401.8  25.3   12.9 11  NZ_CP113052.1_frame=2   Staphylococcus aureus strain Fizz chr
+  3.1e-225  741.6 174.7   6.5e-119  392.3  12.4   12.9 12  NZ_CP136528.1_frame=1   Staphylococcus aureus strain BAA-1556
+  1.1e-223  736.5 183.6   2.7e-106  350.8  21.7   12.9 11  NC_002953.3_frame=3     Staphylococcus aureus subsp. aureus M
+  4.9e-214  704.8 218.9   6.9e-119  392.2  12.4   14.0 12  NZ_CP029678.1_frame=1   Staphylococcus aureus strain AR_0216 
+    2e-207  683.0 143.2     1e-108  358.8  22.1   12.0 10  NZ_LR134090.1_frame=2   Staphylococcus aureus strain NCTC9555
+  3.6e-204  672.3 186.5   9.5e-105  345.8  11.2   10.6  9  NC_017338.2_frame=2     Staphylococcus aureus subsp. aureus J
+  7.2e-194  638.5 176.7   9.3e-137  450.9  16.4   10.8  8  NC_017763.1_frame=3     Staphylococcus aureus subsp. aureus H
+  2.7e-165  544.6  53.6   4.5e-120  396.1  11.0    5.2  5  NC_017338.2_frame=1     Staphylococcus aureus subsp. aureus J
+  5.2e-147  484.6  43.3   6.2e-118  389.1  13.5    5.7  5  NC_002952.2_frame=3     Staphylococcus aureus subsp. aureus M
+  1.6e-141  466.6 156.2    2.9e-45  150.3   7.9   12.7 11  NZ_CP132371.1_frame=1   Staphylococcus aureus strain UNC_SA38
+  4.6e-141  465.0 135.6    3.1e-45  150.3   7.9   10.9 10  NC_002745.2_frame=3     Staphylococcus aureus subsp. aureus N
+  3.9e-136  448.9  29.1   1.9e-118  390.8  14.9    5.7  4  NZ_CP011877.1_frame=-1  Staphylococcus aureus strain 12S01032
+     1e-87  289.8  56.7    1.2e-40  135.1  15.6    5.0  5  NZ_CP136528.1_frame=2   Staphylococcus aureus strain BAA-1556
+   1.5e-87  289.3  62.4    4.7e-35  116.8  10.7   13.6 10  NC_017338.2_frame=3     Staphylococcus aureus subsp. aureus J
+   4.4e-76  251.6  46.4    1.2e-40  135.1  15.6    7.2  5  NZ_CP113052.1_frame=3   Staphylococcus aureus strain Fizz chr
+   4.9e-76  251.4  46.4    1.3e-40  135.1  15.6    7.3  5  NZ_CP029678.1_frame=2   Staphylococcus aureus strain AR_0216 
+   4.8e-71  235.0  48.8    2.7e-39  130.7  12.9    8.0  5  NC_002953.3_frame=1     Staphylococcus aureus subsp. aureus M
+   2.3e-59  196.7  76.8    3.4e-28   94.3   6.8    6.2  6  NC_017763.1_frame=1     Staphylococcus aureus subsp. aureus H
+   2.4e-56  186.8  33.9    1.4e-40  135.0  15.7    6.7  4  NC_007795.1_frame=2     Staphylococcus aureus subsp. aureus N
+   4.2e-48  159.7   6.0    4.2e-48  159.7   6.0    4.4  2  NC_017763.1_frame=2     Staphylococcus aureus subsp. aureus H
+   5.8e-46  152.6   5.8    5.8e-46  152.6   5.8    3.7  2  NZ_CP011877.1_frame=-3  Staphylococcus aureus strain 12S01032
+   9.1e-37  122.4   9.2    9.1e-37  122.4   9.2    5.7  2  NC_002952.2_frame=2     Staphylococcus aureus subsp. aureus M


Domain annotation for each sequence:
>> NC_002745.2_frame=2  Staphylococcus aureus subsp. aureus N315, complete sequence
   #    score  bias  c-Evalue  i-Evalue hmmfrom  hmm to    alifrom  ali to    envfrom  env to     acc
 ---   ------ ----- --------- --------- ------- -------    ------- -------    ------- -------    ----
   1 !  730.3  22.2  4.8e-223  8.2e-222       1     356 []  147685  148040 ..  147685  148040 .. 1.00
   2 !   15.7   3.5   1.6e-05   0.00027       1      40 [.  148163  148202 ..  148163  148207 .. 0.94
   3 !  346.6  10.7    3e-106  5.1e-105     109     356 .]  148205  148454 ..  148202  148454 .. 0.96
   4 ?    3.6   0.4     0.079       1.3       1      34 [.  148577  148610 ..  148577  148619 .. 0.88
   5 !   85.9   8.3   6.9e-27   1.2e-25     163     356 .]  148615  148810 ..  148608  148810 .. 0.86
   6 !   81.9   8.8   1.2e-25     2e-24     170     356 .]  149349  149536 ..  149323  149536 .. 0.84
   7 ?   -0.1   0.2       1.1        19       1      35 [.  150018  150052 ..  150018  150064 .. 0.83
   8 !   59.3   9.5   8.9e-19   1.5e-17     171     356 .]  150062  150244 ..  150047  150244 .. 0.81
   9 ?    3.0   1.7      0.12       2.1     226     314 ..  685803  685890 ..  685780  685900 .. 0.74

>> NZ_CP132371.1_frame=3  Staphylococcus aureus strain UNC_SA38 chromosome, complete genome
   #    score  bias  c-Evalue  i-Evalue hmmfrom  hmm to    alifrom  ali to    envfrom  env to     acc
 ---   ------ ----- --------- --------- ------- -------    ------- -------    ------- -------    ----
   1 !  728.0  21.8  2.4e-222  4.1e-221       1     356 []  889780  890135 ..  889780  890135 .. 1.00
   2 !   15.8   3.5   1.5e-05   0.00026       1      40 [.  890258  890297 ..  890258  890302 .. 0.94
   3 !  346.7  10.7  2.8e-106  4.8e-105     109     356 .]  890300  890549 ..  890297  890549 .. 0.96
   4 ?    3.7   0.4     0.074       1.3       1      34 [.  890672  890705 ..  890672  890714 .. 0.88
   5 !   86.0   8.3   6.6e-27   1.1e-25     163     356 .]  890710  890905 ..  890703  890905 .. 0.86
   6 !   81.9   8.8   1.1e-25   1.9e-24     170     356 .]  891444  891631 ..  891418  891631 .. 0.84
   7 ?   -0.1   0.2       1.1        18       1      35 [.  892113  892147 ..  892113  892157 .. 0.84
   8 !   59.1  10.3     1e-18   1.8e-17     169     356 .]  892155  892339 ..  892131  892339 .. 0.81

>> NZ_LR134090.1_frame=1  Staphylococcus aureus strain NCTC9555 chromosome 1, complete sequence
   #    score  bias  c-Evalue  i-Evalue hmmfrom  hmm to    alifrom  ali to    envfrom  env to     acc
 ---   ------ ----- --------- --------- ------- -------    ------- -------    ------- -------    ----
   1 !  708.8  22.8  1.7e-216  2.9e-215       1     356 []  150420  150775 ..  150420  150775 .. 1.00
   2 ?    6.2   0.7     0.013      0.21       1      32 [.  151712  151743 ..  151712  151749 .. 0.90
   3 !  133.1  14.7   2.9e-41     5e-40     151     355 ..  151733  151939 ..  151728  151940 .. 0.91
   4 !   82.2   8.2   9.5e-26   1.6e-24     170     356 .]  152474  152661 ..  152446  152661 .. 0.84
   5 !   11.2   0.9   0.00039    0.0067       1      35 [.  154501  154535 ..  154501  154540 .. 0.93
   6 !   91.6  11.2   1.3e-28   2.1e-27     168     355 ..  154540  154727 ..  154535  154727 .. 0.87
   7 !   11.5   0.2   0.00032    0.0055     245     335 ..  595020  595109 ..  594914  595127 .. 0.80
   8 !   13.6   0.2   7.4e-05    0.0013     244     335 ..  595293  595383 ..  595269  595400 .. 0.82

>> NC_007795.1_frame=3  Staphylococcus aureus subsp. aureus NCTC 8325 chromosome, complete genome
   #    score  bias  c-Evalue  i-Evalue hmmfrom  hmm to    alifrom  ali to    envfrom  env to     acc
 ---   ------ ----- --------- --------- ------- -------    ------- -------    ------- -------    ----
   1 !   18.4   0.5   2.5e-06   4.4e-05     281     352 ..  121415  121487 ..  121389  121491 .. 0.85
   2 !  746.1  22.1  7.3e-228  1.2e-226       1     356 []  130082  130437 ..  130082  130437 .. 1.00
   3 !   81.7   9.0   1.3e-25   2.3e-24     170     356 .]  132136  132323 ..  132111  132323 .. 0.85
   4 ?   -0.2   0.2       1.1        19       1      35 [.  132806  132840 ..  132806  132852 .. 0.83
   5 !   59.3   9.5   8.9e-19   1.5e-17     171     356 .]  132850  133032 ..  132835  133032 .. 0.81

>> NC_007795.1_frame=1  Staphylococcus aureus subsp. aureus NCTC 8325 chromosome, complete genome
   #    score  bias  c-Evalue  i-Evalue hmmfrom  hmm to    alifrom  ali to    envfrom  env to     acc
 ---   ------ ----- --------- --------- ------- -------    ------- -------    ------- -------    ----
   1 ?    5.5   0.2     0.021      0.36       1      31 [.  129432  129462 ..  129432  129471 .. 0.88
   2 !   98.9   7.6   7.9e-31   1.3e-29     169     356 .]  129471  129657 ..  129462  129657 .. 0.91
   3 ?    2.3   0.1       0.2       3.4       1      32 [.  129754  129785 ..  129754  129793 .. 0.94
   4 !  149.6   7.9   2.8e-46   4.8e-45     169     355 ..  129795  129981 ..  129789  129982 .. 0.98
   5 !   17.8   4.3   3.7e-06   6.3e-05       1      40 [.  130561  130600 ..  130561  130610 .. 0.93
   6 !  392.2  12.4  3.9e-120  6.7e-119     103     356 .]  130614  130868 ..  130601  130868 .. 0.95
   7 ?    3.2   0.6       0.1       1.8       1      33 [.  130991  131023 ..  130991  131032 .. 0.88
   8 !   85.6   8.7   8.6e-27   1.5e-25     163     356 .]  131029  131224 ..  131023  131224 .. 0.86
   9 ?    2.1   0.7      0.23       3.9       1      30 [.  132452  132481 ..  132452  132491 .. 0.85
  10 !   73.8   9.6   3.3e-23   5.6e-22     170     355 ..  132496  132682 ..  132482  132683 .. 0.86
  11 !   10.7   0.8   0.00055    0.0094       1      34 [.  134170  134203 ..  134170  134209 .. 0.92
  12 !  119.5   7.4   4.2e-37   7.2e-36     168     355 ..  134209  134394 ..  134204  134394 .. 0.87

>> NZ_CP029678.1_frame=3  Staphylococcus aureus strain AR_0216 chromosome, complete genome
   #    score  bias  c-Evalue  i-Evalue hmmfrom  hmm to    alifrom  ali to    envfrom  env to     acc
 ---   ------ ----- --------- --------- ------- -------    ------- -------    ------- -------    ----
   1 !   18.3   0.5   2.6e-06   4.5e-05     281     352 ..  140306  140378 ..  140280  140382 .. 0.85
   2 !  726.8  22.7  5.7e-222  9.7e-221       1     356 []  148973  149324 ..  148973  149324 .. 1.00
   3 !   81.7   9.0   1.4e-25   2.3e-24     170     356 .]  151023  151210 ..  150998  151210 .. 0.85
   4 ?   -0.1   0.3       1.1        18       1      35 [.  151693  151727 ..  151693  151753 .. 0.84
   5 !   59.1   9.7     1e-18   1.7e-17     171     356 .]  151737  151919 ..  151722  151919 .. 0.81

>> NZ_CP113052.1_frame=1  Staphylococcus aureus strain Fizz chromosome, complete genome
   #    score  bias  c-Evalue  i-Evalue hmmfrom  hmm to    alifrom  ali to    envfrom  env to     acc
 ---   ------ ----- --------- --------- ------- -------    ------- -------    ------- -------    ----
   1 !   18.4   0.5   2.5e-06   4.2e-05     281     352 ..  452367  452439 ..  452341  452443 .. 0.85
   2 !  726.9  22.7  5.3e-222  9.1e-221       1     356 []  461034  461385 ..  461034  461385 .. 1.00
   3 !   81.8   9.0   1.3e-25   2.2e-24     170     356 .]  463101  463288 ..  463076  463288 .. 0.85
   4 ?   -0.0   0.3         1        17       1      35 [.  463771  463805 ..  463771  463831 .. 0.84
   5 !   59.2   9.6   9.3e-19   1.6e-17     171     356 .]  463815  463997 ..  463800  463997 .. 0.81

>> NZ_CP136528.1_frame=3  Staphylococcus aureus strain BAA-1556_Catania chromosome, complete genome
   #    score  bias  c-Evalue  i-Evalue hmmfrom  hmm to    alifrom  ali to    envfrom  env to     acc
 ---   ------ ----- --------- --------- ------- -------    ------- -------    ------- -------    ----
   1 !   18.4   0.5   2.5e-06   4.2e-05     281     352 ..  140889  140961 ..  140863  140965 .. 0.85
   2 !  726.9  22.7  5.3e-222  9.1e-221       1     356 []  149556  149907 ..  149556  149907 .. 1.00
   3 !   81.7   9.0   1.3e-25   2.2e-24     170     356 .]  151606  151793 ..  151581  151793 .. 0.85
   4 ?   -0.0   0.3         1        17       1      35 [.  152276  152310 ..  152276  152336 .. 0.84
   5 !   59.2   9.6   9.3e-19   1.6e-17     171     356 .]  152320  152502 ..  152305  152502 .. 0.81

>> NC_002953.3_frame=2  Staphylococcus aureus subsp. aureus MSSA476, complete sequence
   #    score  bias  c-Evalue  i-Evalue hmmfrom  hmm to    alifrom  ali to    envfrom  env to     acc
 ---   ------ ----- --------- --------- ------- -------    ------- -------    ------- -------    ----
   1 !   18.2   0.5   2.9e-06   4.9e-05     282     352 ..  131300  131371 ..  131274  131375 .. 0.86
   2 !  735.9  22.3  9.6e-225  1.6e-223       1     356 []  143281  143636 ..  143281  143636 .. 1.00
   3 ?    6.4   0.8     0.011      0.19       2      34 ..  144954  144986 ..  144953  144992 .. 0.89
   4 !   69.7   8.0   5.9e-22     1e-20     167     355 ..  144994  145180 ..  144984  145181 .. 0.86
   5 ?    1.4   0.6      0.38       6.4       1      35 [.  146009  146043 ..  146009  146069 .. 0.84
   6 !   59.2   9.5   9.1e-19   1.6e-17     173     356 .]  146055  146235 ..  146039  146235 .. 0.81

>> NZ_CP011877.1_frame=-2  Staphylococcus aureus strain 12S01032 chromosome, complete genome
   #    score  bias  c-Evalue  i-Evalue hmmfrom  hmm to    alifrom  ali to    envfrom  env to     acc
 ---   ------ ----- --------- --------- ------- -------    ------- -------    ------- -------    ----
   1 ?    4.9   0.3     0.033      0.56       1      31 [.  757121  757151 ..  757121  757159 .. 0.90
   2 !  107.2   9.3   2.2e-33   3.8e-32     159     356 .]  757149  757346 ..  757149  757346 .. 0.88
   3 !  422.9  16.1  1.9e-129  3.2e-128       1     355 [.  758231  758544 ..  758231  758545 .. 0.91
   4 ?    4.5   1.0     0.042      0.71       1      35 [.  758669  758703 ..  758669  758710 .. 0.89
   5 !   91.8   9.0   1.1e-28   1.9e-27     164     356 .]  758708  758902 ..  758702  758902 .. 0.88
   6 ?    3.2   1.2       0.1       1.7       1      31 [.  759398  759428 ..  759398  759438 .. 0.87
   7 !   67.5   9.8   2.8e-21   4.9e-20     169     355 ..  759441  759628 ..  759428  759629 .. 0.84
   8 ?    0.4   0.2      0.72        12       1      35 [.  759753  759787 ..  759753  759799 .. 0.87
   9 !   71.0   5.3   2.4e-22     4e-21     209     356 .]  759831  759979 ..  759795  759979 .. 0.89
  10 !   10.7   0.9   0.00053    0.0091       1      34 [.  761111  761144 ..  761111  761151 .. 0.92
  11 !  126.6   7.9   2.9e-39   4.9e-38     168     355 ..  761150  761336 ..  761145  761336 .. 0.92

>> NC_002952.2_frame=1  Staphylococcus aureus subsp. aureus MRSA252, complete sequence
   #    score  bias  c-Evalue  i-Evalue hmmfrom  hmm to    alifrom  ali to    envfrom  env to     acc
 ---   ------ ----- --------- --------- ------- -------    ------- -------    ------- -------    ----
   1 ?    4.8   0.3     0.033      0.57       1      31 [.  150854  150884 ..  150854  150892 .. 0.90
   2 !  101.7   7.7   1.1e-31   1.9e-30     159     355 ..  150882  151078 ..  150881  151079 .. 0.88
   3 ?    6.0   0.1     0.015      0.26       1      32 [.  151175  151206 ..  151175  151214 .. 0.92
   4 !  151.7   6.3   6.6e-47   1.1e-45     166     356 .]  151213  151405 ..  151206  151405 .. 0.96
   5 !   12.1   2.8   0.00021    0.0035       1      46 [.  151964  152009 ..  151964  152015 .. 0.88
   6 !  385.4  14.9  4.7e-118  8.1e-117     104     356 .]  152008  152267 ..  152000  152267 .. 0.87
   7 ?    4.7   0.9     0.038      0.64       1      35 [.  152391  152425 ..  152391  152434 .. 0.89
   8 !   94.3   9.2     2e-29   3.4e-28     164     356 .]  152430  152624 ..  152424  152624 .. 0.90
   9 ?    3.2   1.2      0.11       1.8       1      31 [.  153120  153150 ..  153120  153160 .. 0.87
  10 !   69.8   9.5   5.7e-22   9.7e-21     170     355 ..  153164  153350 ..  153151  153351 .. 0.84

>> NZ_CP113052.1_frame=2  Staphylococcus aureus strain Fizz chromosome, complete genome
   #    score  bias  c-Evalue  i-Evalue hmmfrom  hmm to    alifrom  ali to    envfrom  env to     acc
 ---   ------ ----- --------- --------- ------- -------    ------- -------    ------- -------    ----
   1 ?    5.6   0.2      0.02      0.34       1      31 [.  460383  460413 ..  460383  460422 .. 0.88
   2 !   98.9   7.6   7.6e-31   1.3e-29     169     356 .]  460422  460608 ..  460413  460608 .. 0.91
   3 ?    2.3   0.1      0.19       3.3       1      32 [.  460705  460736 ..  460705  460744 .. 0.94
   4 !  149.6   7.9   2.8e-46   4.7e-45     169     355 ..  460746  460932 ..  460740  460933 .. 0.98
   5 !  401.8  25.3  4.7e-123  8.1e-122       1     356 []  461508  461832 ..  461508  461832 .. 0.89
   6 ?    3.3   0.6     0.099       1.7       1      33 [.  461955  461987 ..  461955  461996 .. 0.88
   7 !   85.7   8.8   8.2e-27   1.4e-25     163     356 .]  461993  462188 ..  461984  462188 .. 0.86
   8 ?    2.2   0.7      0.22       3.7       1      30 [.  463416  463445 ..  463416  463456 .. 0.85
   9 !   74.0   9.3   2.9e-23   4.9e-22     171     355 ..  463461  463646 ..  463448  463647 .. 0.87
  10 !   10.7   0.8   0.00053    0.0091       1      34 [.  465134  465167 ..  465134  465173 .. 0.92
  11 ?    4.6   0.2     0.039      0.67     168     237 ..  465173  465236 ..  465168  465241 .. 0.84

>> NZ_CP136528.1_frame=1  Staphylococcus aureus strain BAA-1556_Catania chromosome, complete genome
   #    score  bias  c-Evalue  i-Evalue hmmfrom  hmm to    alifrom  ali to    envfrom  env to     acc
 ---   ------ ----- --------- --------- ------- -------    ------- -------    ------- -------    ----
   1 ?    5.6   0.2      0.02      0.34       1      31 [.  148906  148936 ..  148906  148945 .. 0.88
   2 !   98.9   7.6   7.6e-31   1.3e-29     169     356 .]  148945  149131 ..  148936  149131 .. 0.91
   3 ?    2.3   0.1      0.19       3.3       1      32 [.  149228  149259 ..  149228  149267 .. 0.94
   4 !  149.6   7.9   2.8e-46   4.7e-45     169     355 ..  149269  149455 ..  149263  149456 .. 0.98
   5 !   16.2   3.8   1.2e-05    0.0002       1      40 [.  150031  150070 ..  150031  150080 .. 0.92
   6 !  392.3  12.4  3.8e-120  6.5e-119     103     356 .]  150084  150338 ..  150071  150338 .. 0.95
   7 ?    3.3   0.6     0.099       1.7       1      33 [.  150461  150493 ..  150461  150502 .. 0.88
   8 !   85.7   8.8   8.3e-27   1.4e-25     163     356 .]  150499  150694 ..  150490  150694 .. 0.86
   9 ?    2.2   0.7      0.22       3.7       1      30 [.  151922  151951 ..  151922  151962 .. 0.85
  10 !   74.0   9.3   2.9e-23   4.9e-22     171     355 ..  151967  152152 ..  151954  152153 .. 0.87
  11 !   10.7   0.8   0.00053    0.0091       1      34 [.  153640  153673 ..  153640  153679 .. 0.92
  12 ?    4.6   0.2     0.039      0.67     168     237 ..  153679  153742 ..  153674  153747 .. 0.84

>> NC_002953.3_frame=3  Staphylococcus aureus subsp. aureus MSSA476, complete sequence
   #    score  bias  c-Evalue  i-Evalue hmmfrom  hmm to    alifrom  ali to    envfrom  env to     acc
 ---   ------ ----- --------- --------- ------- -------    ------- -------    ------- -------    ----
   1 ?    3.5   0.6     0.085       1.5     274     333 ..   20219   20281 ..   20167   20300 .. 0.79
   2 ?    5.4   0.3     0.022      0.38       1      31 [.  142630  142660 ..  142630  142669 .. 0.90
   3 !  103.2   7.0   3.9e-32   6.7e-31     159     355 ..  142658  142854 ..  142658  142855 .. 0.91
   4 ?    0.9   0.1      0.52       8.8       1      32 [.  142952  142983 ..  142952  142990 .. 0.94
   5 !  151.0   8.3     1e-46   1.8e-45     167     355 ..  142991  143179 ..  142972  143180 .. 0.96
   6 !  350.8  21.7  1.6e-107  2.7e-106      40     356 .]  143760  144073 ..  143759  144073 .. 0.83
   7 ?    3.6   0.3     0.078       1.3       1      34 [.  144196  144229 ..  144196  144237 .. 0.88
   8 !   83.0   8.0   5.4e-26   9.3e-25     164     356 .]  144235  144429 ..  144228  144429 .. 0.85
   9 !   10.0   0.9   0.00091     0.016       1      32 [.  147395  147426 ..  147395  147437 .. 0.87
  10 !  116.8   9.8   2.8e-36   4.9e-35     157     355 ..  147425  147624 ..  147424  147624 .. 0.86
  11 !   12.1   3.3    0.0002    0.0035     169     313 ..  688743  688881 ..  688733  688905 .. 0.77

>> NZ_CP029678.1_frame=1  Staphylococcus aureus strain AR_0216 chromosome, complete genome
   #    score  bias  c-Evalue  i-Evalue hmmfrom  hmm to    alifrom  ali to    envfrom  env to     acc
 ---   ------ ----- --------- --------- ------- -------    ------- -------    ------- -------    ----
   1 ?    5.5   0.2     0.021      0.36       1      31 [.  148323  148353 ..  148323  148362 .. 0.88
   2 !   98.8   7.6   8.1e-31   1.4e-29     169     356 .]  148362  148548 ..  148353  148548 .. 0.91
   3 ?    2.3   0.1       0.2       3.5       1      32 [.  148645  148676 ..  148645  148684 .. 0.94
   4 !  149.6   7.9   2.9e-46     5e-45     169     355 ..  148686  148872 ..  148680  148873 .. 0.98
   5 !   16.1   3.8   1.2e-05   0.00021       1      40 [.  149448  149487 ..  149448  149497 .. 0.92
   6 !  392.2  12.4  4.1e-120  6.9e-119     103     356 .]  149501  149755 ..  149488  149755 .. 0.95
   7 ?    3.2   0.6      0.11       1.8       1      33 [.  149878  149910 ..  149878  149919 .. 0.88
   8 !   85.6   8.8   8.8e-27   1.5e-25     163     356 .]  149916  150111 ..  149907  150111 .. 0.86
   9 ?    2.1   0.7      0.23         4       1      30 [.  151339  151368 ..  151339  151379 .. 0.85
  10 !   73.9   9.3   3.1e-23   5.2e-22     171     355 ..  151384  151569 ..  151371  151570 .. 0.87
  11 !   10.7   0.8   0.00057    0.0097       1      34 [.  153057  153090 ..  153057  153096 .. 0.92
  12 ?    4.5   0.2     0.041      0.71     168     237 ..  153096  153159 ..  153091  153164 .. 0.84

>> NZ_LR134090.1_frame=2  Staphylococcus aureus strain NCTC9555 chromosome 1, complete sequence
   #    score  bias  c-Evalue  i-Evalue hmmfrom  hmm to    alifrom  ali to    envfrom  env to     acc
 ---   ------ ----- --------- --------- ------- -------    ------- -------    ------- -------    ----
   1 !   19.2   0.8   1.4e-06   2.4e-05     276     342 ..  136395  136458 ..  136336  136472 .. 0.78
   2 ?    2.3   0.1      0.19       3.3       1      32 [.  150091  150122 ..  150091  150130 .. 0.94
   3 !  150.5   7.2   1.5e-46   2.6e-45     169     355 ..  150132  150318 ..  150126  150319 .. 0.98
   4 !  358.8  22.1  6.1e-110    1e-108      40     356 .]  150899  151210 ..  150899  151210 .. 0.90
   5 ?    6.0   0.7     0.015      0.25       1      34 [.  151333  151366 ..  151333  151374 .. 0.89
   6 !   80.5   9.4   3.1e-25   5.3e-24     164     355 ..  151372  151565 ..  151366  151566 .. 0.87
   7 ?    5.8   0.6     0.017      0.29       2      34 ..  152085  152117 ..  152084  152125 .. 0.89
   8 !   63.6   7.6   4.3e-20   7.4e-19     168     355 ..  152126  152311 ..  152116  152312 .. 0.86
   9 ?    0.6   0.4      0.64        11       1      41 [.  153143  153183 ..  153143  153208 .. 0.85
  10 !   60.0   9.3   5.4e-19   9.3e-18     173     356 .]  153187  153367 ..  153172  153367 .. 0.82

>> NC_017338.2_frame=2  Staphylococcus aureus subsp. aureus JKD6159, complete sequence
   #    score  bias  c-Evalue  i-Evalue hmmfrom  hmm to    alifrom  ali to    envfrom  env to     acc
 ---   ------ ----- --------- --------- ------- -------    ------- -------    ------- -------    ----
   1 ?    9.5   0.6    0.0013     0.022       1      31 [.  141984  142014 ..  141984  142022 .. 0.91
   2 !  109.3   7.2   5.1e-34   8.8e-33     159     356 .]  142012  142209 ..  142012  142209 .. 0.90
   3 ?    5.4   0.2     0.023      0.39       1      32 [.  142295  142326 ..  142295  142333 .. 0.95
   4 !  161.2   6.0   8.5e-50   1.5e-48     169     355 ..  142336  142522 ..  142328  142523 .. 0.98
   5 !   15.9   5.1   1.4e-05   0.00024       1      40 [.  143024  143063 ..  143024  143080 .. 0.89
   6 !  345.8  11.2  5.5e-106  9.5e-105      97     356 .]  143076  143333 ..  143065  143333 .. 0.89
   7 !   74.1   8.3   2.7e-23   4.7e-22     172     355 ..  144950  145134 ..  144945  145135 .. 0.86
   8 ?   -0.9   0.1       1.9        32       1      35 [.  145256  145290 ..  145256  145302 .. 0.82
   9 !   72.3   8.8     1e-22   1.7e-21     170     356 .]  145299  145482 ..  145278  145482 .. 0.82

>> NC_017763.1_frame=3  Staphylococcus aureus subsp. aureus HO 5096 0412, complete sequence
   #    score  bias  c-Evalue  i-Evalue hmmfrom  hmm to    alifrom  ali to    envfrom  env to     acc
 ---   ------ ----- --------- --------- ------- -------    ------- -------    ------- -------    ----
   1 !   18.7   0.6   2.1e-06   3.6e-05     282     352 ..  129696  129767 ..  129618  129771 .. 0.85
   2 !  450.9  16.4  5.4e-138  9.3e-137       1     356 []  139207  139547 ..  139207  139547 .. 0.92
   3 ?    5.4   0.8     0.022      0.38       1      34 [.  139671  139704 ..  139671  139712 .. 0.89
   4 !   86.2   8.3   5.8e-27   9.9e-26     164     356 .]  139710  139904 ..  139704  139904 .. 0.86
   5 ?    8.6   1.0    0.0025     0.042       1      34 [.  140055  140088 ..  140055  140094 .. 0.90
   6 !   81.3   6.0   1.7e-25     3e-24     167     355 ..  140096  140282 ..  140087  140283 .. 0.86
   7 !   10.7   0.9   0.00054    0.0092       1      34 [.  142143  142176 ..  142143  142182 .. 0.92
   8 !   87.5   9.5   2.3e-27     4e-26     168     354 ..  142182  142368 ..  142176  142370 .. 0.87

>> NC_017338.2_frame=1  Staphylococcus aureus subsp. aureus JKD6159, complete sequence
   #    score  bias  c-Evalue  i-Evalue hmmfrom  hmm to    alifrom  ali to    envfrom  env to     acc
 ---   ------ ----- --------- --------- ------- -------    ------- -------    ------- -------    ----
   1 !   17.8   0.4   3.7e-06   6.3e-05     282     351 ..  132378  132448 ..  132353  132453 .. 0.86
   2 !   10.8   1.8    0.0005    0.0086       1      49 [.  142623  142669 ..  142623  142673 .. 0.91
   3 !  396.1  11.0  2.7e-121  4.5e-120     112     356 .]  142660  142903 ..  142654  142903 .. 0.91
   4 ?    8.2   1.4    0.0031     0.054       1      32 [.  143840  143871 ..  143840  143877 .. 0.90
   5 !  138.5  13.5     7e-43   1.2e-41     154     355 ..  143864  144067 ..  143863  144068 .. 0.92

>> NC_002952.2_frame=3  Staphylococcus aureus subsp. aureus MRSA252, complete sequence
   #    score  bias  c-Evalue  i-Evalue hmmfrom  hmm to    alifrom  ali to    envfrom  env to     acc
 ---   ------ ----- --------- --------- ------- -------    ------- -------    ------- -------    ----
   1 !  389.1  13.5  3.6e-119  6.2e-118       1     356 []  151504  151844 ..  151504  151844 .. 0.93
   2 ?    7.0   0.8    0.0075      0.13       1      34 [.  152774  152807 ..  152774  152813 .. 0.89
   3 !   73.9   6.6   3.2e-23   5.5e-22     167     355 ..  152815  153001 ..  152805  153002 .. 0.88
   4 ?    0.5   0.3      0.68        12       1      35 [.  153473  153507 ..  153473  153518 .. 0.84
   5 !   71.6   7.2   1.5e-22   2.6e-21     170     356 .]  153516  153699 ..  153495  153699 .. 0.82

>> NZ_CP132371.1_frame=1  Staphylococcus aureus strain UNC_SA38 chromosome, complete genome
   #    score  bias  c-Evalue  i-Evalue hmmfrom  hmm to    alifrom  ali to    envfrom  env to     acc
 ---   ------ ----- --------- --------- ------- -------    ------- -------    ------- -------    ----
   1 !   18.6   0.6   2.1e-06   3.7e-05     282     352 ..  881108  881179 ..  881044  881183 .. 0.84
   2 ?    5.4   0.3     0.022      0.37       1      31 [.  889130  889160 ..  889130  889169 .. 0.90
   3 !  103.4   7.8   3.3e-32   5.7e-31     159     355 ..  889158  889354 ..  889156  889355 .. 0.90
   4 ?    2.4   0.1      0.19       3.2       1      32 [.  889452  889483 ..  889452  889491 .. 0.94
   5 !  150.3   7.9   1.7e-46   2.9e-45     167     355 ..  889491  889679 ..  889474  889680 .. 0.96
   6 ?    7.0   0.6    0.0075      0.13       1      34 [.  891056  891089 ..  891056  891095 .. 0.90
   7 !   77.1  10.0   3.4e-24   5.9e-23     167     355 ..  891097  891283 ..  891087  891284 .. 0.86
   8 ?    0.2   0.3      0.85        15       1      31 [.  891759  891789 ..  891759  891797 .. 0.88
   9 !   76.2   9.7   6.5e-24   1.1e-22     170     355 ..  891803  891989 ..  891789  891990 .. 0.86
  10 !   10.8   0.9   0.00053     0.009       1      34 [.  893477  893510 ..  893477  893516 .. 0.92
  11 !  105.7   7.5   6.6e-33   1.1e-31     175     355 ..  893515  893703 ..  893509  893703 .. 0.82

>> NC_002745.2_frame=3  Staphylococcus aureus subsp. aureus N315, complete sequence
   #    score  bias  c-Evalue  i-Evalue hmmfrom  hmm to    alifrom  ali to    envfrom  env to     acc
 ---   ------ ----- --------- --------- ------- -------    ------- -------    ------- -------    ----
   1 ?    5.4   0.3     0.023       0.4       1      31 [.  147034  147064 ..  147034  147073 .. 0.90
   2 !  103.3   7.8   3.5e-32     6e-31     159     355 ..  147062  147258 ..  147060  147259 .. 0.90
   3 ?    2.3   0.1       0.2       3.3       1      32 [.  147356  147387 ..  147356  147395 .. 0.94
   4 !  150.3   7.9   1.8e-46   3.1e-45     167     355 ..  147395  147583 ..  147378  147584 .. 0.96
   5 ?    6.9   0.6    0.0079      0.13       1      34 [.  148960  148993 ..  148960  148999 .. 0.90
   6 !   77.0  10.0   3.6e-24   6.2e-23     167     355 ..  149001  149187 ..  148991  149188 .. 0.86
   7 ?    0.1   0.3      0.92        16       1      31 [.  149663  149693 ..  149663  149701 .. 0.88
   8 !   76.0   9.7   7.1e-24   1.2e-22     170     355 ..  149707  149893 ..  149693  149894 .. 0.86
   9 !   10.7   0.9   0.00056    0.0095       1      34 [.  151381  151414 ..  151381  151420 .. 0.92
  10 !  105.6   7.5     7e-33   1.2e-31     175     355 ..  151419  151607 ..  151413  151607 .. 0.82

>> NZ_CP011877.1_frame=-1  Staphylococcus aureus strain 12S01032 chromosome, complete genome
   #    score  bias  c-Evalue  i-Evalue hmmfrom  hmm to    alifrom  ali to    envfrom  env to     acc
 ---   ------ ----- --------- --------- ------- -------    ------- -------    ------- -------    ----
   1 !   20.2   0.5   7.1e-07   1.2e-05     282     352 ..  748646  748717 ..  748638  748721 .. 0.86
   2 !  390.8  14.9  1.1e-119  1.9e-118       1     356 []  757772  758112 ..  757772  758112 .. 0.92
   3 ?    8.6   1.0    0.0024     0.041       1      34 [.  759053  759086 ..  759053  759094 .. 0.90
   4 !   83.1   6.3   5.2e-26   8.8e-25     168     355 ..  759095  759280 ..  759085  759281 .. 0.86

>> NZ_CP136528.1_frame=2  Staphylococcus aureus strain BAA-1556_Catania chromosome, complete genome
   #    score  bias  c-Evalue  i-Evalue hmmfrom  hmm to    alifrom  ali to    envfrom  env to     acc
 ---   ------ ----- --------- --------- ------- -------    ------- -------    ------- -------    ----
   1 ?    6.3   0.6     0.012      0.21       1      32 [.  150844  150875 ..  150844  150881 .. 0.90
   2 !  135.1  15.6   7.2e-42   1.2e-40     150     355 ..  150864  151071 ..  150858  151072 .. 0.91
   3 ?    6.4   1.0     0.011      0.19       2      34 ..  151217  151249 ..  151216  151259 .. 0.88
   4 !   76.7  10.3   4.4e-24   7.5e-23     167     356 .]  151257  151444 ..  151246  151444 .. 0.87
   5 !   89.7   4.6   4.9e-28   8.3e-27     245     355 ..  153748  153862 ..  153744  153862 .. 0.87

>> NC_017338.2_frame=3  Staphylococcus aureus subsp. aureus JKD6159, complete sequence
   #    score  bias  c-Evalue  i-Evalue hmmfrom  hmm to    alifrom  ali to    envfrom  env to     acc
 ---   ------ ----- --------- --------- ------- -------    ------- -------    ------- -------    ----
   1 ?    8.9   0.2    0.0019     0.032     244     313 ..   25773   25840 ..   25759   25861 .. 0.73
   2 ?    4.9   0.6     0.032      0.54       1      35 [.  143456  143490 ..  143456  143497 .. 0.89
   3 !   91.0   9.4   1.9e-28   3.3e-27     164     356 .]  143495  143689 ..  143489  143689 .. 0.89
   4 ?    7.1   0.7    0.0068      0.12       1      34 [.  144208  144241 ..  144208  144249 .. 0.89
   5 !   79.5   8.6   6.3e-25   1.1e-23     168     355 ..  144250  144435 ..  144240  144436 .. 0.86
   6 ?   -0.1   0.3       1.1        19       1      31 [.  144550  144580 ..  144550  144592 .. 0.88
   7 !   76.7   9.8   4.4e-24   7.6e-23     170     356 .]  144594  144781 ..  144570  144781 .. 0.83
   8 ?    5.2   0.4     0.027      0.45       1      31 [.  144908  144938 ..  144908  144954 .. 0.88
   9 ?    9.8   0.9     0.001     0.017       1      32 [.  146658  146689 ..  146658  146699 .. 0.88
  10 !  116.8  10.7   2.8e-36   4.7e-35     157     354 ..  146688  146886 ..  146687  146888 .. 0.88

>> NZ_CP113052.1_frame=3  Staphylococcus aureus strain Fizz chromosome, complete genome
   #    score  bias  c-Evalue  i-Evalue hmmfrom  hmm to    alifrom  ali to    envfrom  env to     acc
 ---   ------ ----- --------- --------- ------- -------    ------- -------    ------- -------    ----
   1 ?    6.3   0.6     0.012      0.21       1      32 [.  462338  462369 ..  462338  462375 .. 0.90
   2 !  135.1  15.6   7.2e-42   1.2e-40     150     355 ..  462358  462565 ..  462352  462566 .. 0.91
   3 ?    6.4   1.0     0.011      0.19       2      34 ..  462711  462743 ..  462710  462753 .. 0.88
   4 !   76.7  10.3   4.4e-24   7.4e-23     167     356 .]  462751  462938 ..  462740  462938 .. 0.87
   5 !   89.7   4.6   4.8e-28   8.3e-27     245     355 ..  465242  465356 ..  465238  465356 .. 0.87

>> NZ_CP029678.1_frame=2  Staphylococcus aureus strain AR_0216 chromosome, complete genome
   #    score  bias  c-Evalue  i-Evalue hmmfrom  hmm to    alifrom  ali to    envfrom  env to     acc
 ---   ------ ----- --------- --------- ------- -------    ------- -------    ------- -------    ----
   1 ?    6.2   0.6     0.013      0.22       1      32 [.  150261  150292 ..  150261  150298 .. 0.90
   2 !  135.1  15.6   7.7e-42   1.3e-40     150     355 ..  150281  150488 ..  150275  150489 .. 0.91
   3 ?    6.4   1.0     0.012       0.2       2      34 ..  150634  150666 ..  150633  150676 .. 0.88
   4 !   76.6  10.3   4.6e-24   7.9e-23     167     356 .]  150674  150861 ..  150663  150861 .. 0.87
   5 !   89.6   4.6   5.2e-28   8.8e-27     245     355 ..  153165  153279 ..  153161  153279 .. 0.87

>> NC_002953.3_frame=1  Staphylococcus aureus subsp. aureus MSSA476, complete sequence
   #    score  bias  c-Evalue  i-Evalue hmmfrom  hmm to    alifrom  ali to    envfrom  env to     acc
 ---   ------ ----- --------- --------- ------- -------    ------- -------    ------- -------    ----
   1 !  130.7  12.9   1.6e-40   2.7e-39     148     355 ..  144598  144808 ..  144580  144809 .. 0.91
   2 !   80.4   8.6   3.3e-25   5.6e-24     170     356 .]  145342  145529 ..  145316  145529 .. 0.85
   3 ?   -0.3   0.2       1.2        21       1      31 [.  145657  145687 ..  145657  145699 .. 0.85
   4 !   73.7  11.3   3.5e-23     6e-22     169     355 ..  145700  145887 ..  145672  145888 .. 0.85
   5 ?    7.7   2.1    0.0046     0.078     218     310 ..  688542  688629 ..  688494  688660 .. 0.71

>> NC_017763.1_frame=1  Staphylococcus aureus subsp. aureus HO 5096 0412, complete sequence
   #    score  bias  c-Evalue  i-Evalue hmmfrom  hmm to    alifrom  ali to    envfrom  env to     acc
 ---   ------ ----- --------- --------- ------- -------    ------- -------    ------- -------    ----
   1 ?    5.6   0.2      0.02      0.34       1      31 [.  138556  138586 ..  138556  138595 .. 0.88
   2 !   94.3   6.8     2e-29   3.4e-28     168     355 ..  138594  138780 ..  138584  138781 .. 0.90
   3 ?    0.4   0.3      0.77        13       1      31 [.  140401  140431 ..  140401  140447 .. 0.87
   4 !   72.6   8.3   8.1e-23   1.4e-21     171     355 ..  140446  140631 ..  140431  140632 .. 0.82
   5 ?    0.2   0.3      0.84        14       1      35 [.  140756  140790 ..  140756  140800 .. 0.82
   6 !   67.8   8.2   2.3e-21   3.9e-20     208     356 .]  140833  140982 ..  140785  140982 .. 0.84

>> NC_007795.1_frame=2  Staphylococcus aureus subsp. aureus NCTC 8325 chromosome, complete genome
   #    score  bias  c-Evalue  i-Evalue hmmfrom  hmm to    alifrom  ali to    envfrom  env to     acc
 ---   ------ ----- --------- --------- ------- -------    ------- -------    ------- -------    ----
   1 ?    6.1   0.7     0.013      0.23       1      32 [.  131374  131405 ..  131374  131411 .. 0.90
   2 !  135.0  15.7     8e-42   1.4e-40     150     355 ..  131394  131601 ..  131388  131602 .. 0.91
   3 ?    6.4   1.0     0.011      0.19       2      34 ..  131747  131779 ..  131746  131789 .. 0.88
   4 !   76.7  10.3   4.5e-24   7.7e-23     167     356 .]  131787  131974 ..  131776  131974 .. 0.87

>> NC_017763.1_frame=2  Staphylococcus aureus subsp. aureus HO 5096 0412, complete sequence
   #    score  bias  c-Evalue  i-Evalue hmmfrom  hmm to    alifrom  ali to    envfrom  env to     acc
 ---   ------ ----- --------- --------- ------- -------    ------- -------    ------- -------    ----
   1 ?    6.1   0.1     0.014      0.24       1      32 [.  138877  138908 ..  138877  138918 .. 0.91
   2 !  159.7   6.0   2.5e-49   4.2e-48     167     356 .]  138916  139107 ..  138909  139107 .. 0.96

>> NZ_CP011877.1_frame=-3  Staphylococcus aureus strain 12S01032 chromosome, complete genome
   #    score  bias  c-Evalue  i-Evalue hmmfrom  hmm to    alifrom  ali to    envfrom  env to     acc
 ---   ------ ----- --------- --------- ------- -------    ------- -------    ------- -------    ----
   1 ?    6.0   0.1     0.014      0.25       1      32 [.  757442  757473 ..  757442  757481 .. 0.92
   2 !  152.6   5.8   3.4e-47   5.8e-46     166     356 .]  757480  757672 ..  757473  757672 .. 0.96

>> NC_002952.2_frame=2  Staphylococcus aureus subsp. aureus MRSA252, complete sequence
   #    score  bias  c-Evalue  i-Evalue hmmfrom  hmm to    alifrom  ali to    envfrom  env to     acc
 ---   ------ ----- --------- --------- ------- -------    ------- -------    ------- -------    ----
   1 !   10.8   0.8   0.00052     0.009       1      33 [.  154843  154875 ..  154843  154886 .. 0.89
   2 !  122.4   9.2   5.3e-38   9.1e-37     168     355 ..  154885  155073 ..  154874  155074 .. 0.90



Internal pipeline statistics summary:
-------------------------------------
Query model(s):                              1  (356 nodes)
Target sequences:                          564  (304447416 residues searched)
Passed MSV filter:                       183  (0.324468); expected 11.3 (0.02)
Passed bias filter:                       38  (0.0673759); expected 11.3 (0.02)
Passed Vit filter:                        36  (0.0638298); expected 0.6 (0.001)
Passed Fwd filter:                        33  (0.0585106); expected 0.0 (1e-05)
Initial search space (Z):                564  [actual number of targets]
Domain search space  (domZ):              33  [number of targets reported over threshold]
# CPU time: 48.96u 0.23s 00:00:49.19 Elapsed: 00:02:28.97
# Mc/sec: 727.50

@@ New targets included:   33
@@ New alignment includes: 154 subseqs (was 1), including original query
@@ Continuing to next round.

@@
@@ Round:                  2
@@ Included in MSA:        154 subsequences (query + 153 subseqs from 33 targets)
@@ Model size:             356 positions
@@

Scores for complete sequences (score includes all domains):
   --- full sequence ---   --- best 1 domain ---    -#dom-
    E-value  score  bias    E-value  score  bias    exp  N  Sequence               Description
    ------- ------ -----    ------- ------ -----   ---- --  --------               -----------
          0 1583.2 157.0   1.8e-180  595.2  28.6   17.2 10  NC_002745.2_frame=2     Staphylococcus aureus subsp. aureus N
          0 1568.7 138.5   2.2e-180  594.9  28.1   21.8  9  NZ_CP132371.1_frame=3   Staphylococcus aureus strain UNC_SA38
          0 1560.8 335.9   4.6e-147  485.3  17.2   16.9 11  NC_007795.1_frame=1     Staphylococcus aureus subsp. aureus N
          0 1482.0 161.6   2.2e-146  483.1  16.2   21.8 11  NZ_CP011877.1_frame=-2  Staphylococcus aureus strain 12S01032
          0 1396.2 312.1   2.2e-151  499.5  18.3   16.6 11  NZ_CP113052.1_frame=2   Staphylococcus aureus strain Fizz chr
          0 1371.5 140.1   1.9e-143  473.4  17.3   19.0 11  NC_002953.3_frame=3     Staphylococcus aureus subsp. aureus M
          0 1341.5 146.4   8.8e-179  589.6  29.5   33.1  9  NZ_LR134090.1_frame=1   Staphylococcus aureus strain NCTC9555
          0 1316.6 136.1   4.4e-147  485.4  16.9   20.4 11  NZ_CP136528.1_frame=1   Staphylococcus aureus strain BAA-1556
          0 1316.2 136.1   4.6e-147  485.3  16.9   21.0 11  NZ_CP029678.1_frame=1   Staphylococcus aureus strain AR_0216 
          0 1283.6 151.4   1.8e-144  476.8  20.1   42.4 12  NZ_LR134090.1_frame=2   Staphylococcus aureus strain NCTC9555
          0 1276.1 299.0   2.3e-137  453.4  13.1   15.1  9  NC_002952.2_frame=1     Staphylococcus aureus subsp. aureus M
          0 1246.2 116.9   3.6e-137  452.8  18.6   18.1  8  NC_017338.2_frame=2     Staphylococcus aureus subsp. aureus J
          0 1162.5 123.4   4.2e-157  518.3  22.0   19.9  8  NC_017763.1_frame=3     Staphylococcus aureus subsp. aureus H
          0 1084.3 136.5    2.8e-74  245.9  15.0   19.3 11  NZ_CP132371.1_frame=1   Staphylococcus aureus strain UNC_SA38
          0 1034.3 126.8      3e-74  245.8  15.0   17.5 12  NC_002745.2_frame=3     Staphylococcus aureus subsp. aureus N
          0 1019.4  87.6   1.3e-182  602.2  28.8   14.8  7  NC_007795.1_frame=3     Staphylococcus aureus subsp. aureus N
   5.3e-303  998.3  88.0   3.2e-176  581.2  29.1   16.8  6  NZ_CP113052.1_frame=1   Staphylococcus aureus strain Fizz chr
   5.3e-303  998.2  88.0   3.2e-176  581.2  29.1   20.1  6  NZ_CP136528.1_frame=3   Staphylococcus aureus strain BAA-1556
   6.1e-303  998.0  88.0   3.4e-176  581.1  29.1   12.4  6  NZ_CP029678.1_frame=3   Staphylococcus aureus strain AR_0216 
   1.1e-301  993.9  90.6   4.7e-180  593.8  29.8   17.5  7  NC_002953.3_frame=2     Staphylococcus aureus subsp. aureus M
   1.9e-264  871.5  65.9   6.6e-153  504.5  21.8   14.1  5  NC_002952.2_frame=3     Staphylococcus aureus subsp. aureus M
   3.5e-254  837.7 123.9      8e-71  234.5  20.1   24.3 10  NC_017338.2_frame=3     Staphylococcus aureus subsp. aureus J
     1e-224  740.7  51.8   2.4e-154  509.3  21.5   12.5  5  NZ_CP011877.1_frame=-1  Staphylococcus aureus strain 12S01032
   1.4e-201  664.6  71.2   1.1e-115  382.1  14.7   11.5  6  NC_017338.2_frame=1     Staphylococcus aureus subsp. aureus J
   2.2e-193  637.7  82.2    1.7e-70  233.4  19.6   15.4  7  NC_002953.3_frame=1     Staphylococcus aureus subsp. aureus M
   2.9e-176  581.3  57.4    1.6e-64  213.8  13.6   15.1  6  NC_017763.1_frame=1     Staphylococcus aureus subsp. aureus H
   2.4e-173  571.8  69.2      5e-73  241.8  23.2   16.4  6  NZ_CP113052.1_frame=3   Staphylococcus aureus strain Fizz chr
   2.4e-173  571.8  69.2      5e-73  241.8  23.2    9.4  6  NZ_CP136528.1_frame=2   Staphylococcus aureus strain BAA-1556
   2.7e-173  571.6  69.2    5.3e-73  241.7  23.2   17.1  6  NZ_CP029678.1_frame=2   Staphylococcus aureus strain AR_0216 


Domain annotation for each sequence:
>> NC_002745.2_frame=2  Staphylococcus aureus subsp. aureus N315, complete sequence
   #    score  bias  c-Evalue  i-Evalue hmmfrom  hmm to    alifrom  ali to    envfrom  env to     acc
 ---   ------ ----- --------- --------- ------- -------    ------- -------    ------- -------    ----
   1 !  595.2  28.6    9e-182  1.8e-180       1     356 []  147685  148040 ..  147685  148040 .. 1.00
   2 !   45.0   7.6   1.7e-14   3.2e-13       1      42 [.  148163  148204 ..  148163  148206 .. 0.96
   3 !  408.3  13.5  6.1e-125  1.2e-123     108     356 .]  148204  148454 ..  148201  148454 .. 0.98
   4 !   20.9   2.9   3.6e-07   7.1e-06       1      35 [.  148577  148611 ..  148577  148615 .. 0.94
   5 !  228.6  15.0   2.5e-70   4.9e-69     162     356 .]  148614  148810 ..  148609  148810 .. 0.95
   6 !   10.3   0.9    0.0006     0.012       1      32 [.  149305  149336 ..  149305  149345 .. 0.92
   7 !  221.5  14.9   3.7e-68   7.1e-67     167     356 .]  149346  149536 ..  149335  149536 .. 0.94
   8 ?    4.9   5.0     0.026      0.51       1      31 [.  150018  150048 ..  150018  150050 .. 0.89
   9 !  194.8  19.5   5.1e-60   9.8e-59     153     356 .]  150043  150244 ..  150040  150244 .. 0.93
  10 !   39.2  10.1   9.8e-13   1.9e-11     170     315 ..  685751  685891 ..  685743  685893 .. 0.74

>> NZ_CP132371.1_frame=3  Staphylococcus aureus strain UNC_SA38 chromosome, complete genome
   #    score  bias  c-Evalue  i-Evalue hmmfrom  hmm to    alifrom  ali to    envfrom  env to     acc
 ---   ------ ----- --------- --------- ------- -------    ------- -------    ------- -------    ----
   1 !  594.9  28.1  1.1e-181  2.2e-180       1     356 []  889780  890135 ..  889780  890135 .. 1.00
   2 !   45.1   7.6   1.6e-14   3.1e-13       1      42 [.  890258  890299 ..  890258  890301 .. 0.96
   3 !  408.4  13.5  5.8e-125  1.1e-123     108     356 .]  890299  890549 ..  890296  890549 .. 0.98
   4 !   21.0   2.9   3.4e-07   6.7e-06       1      35 [.  890672  890706 ..  890672  890710 .. 0.94
   5 !  228.7  15.0   2.4e-70   4.7e-69     162     356 .]  890709  890905 ..  890704  890905 .. 0.95
   6 !   10.4   0.9   0.00056     0.011       1      32 [.  891400  891431 ..  891400  891440 .. 0.92
   7 !  221.6  14.9   3.5e-68   6.8e-67     167     356 .]  891441  891631 ..  891430  891631 .. 0.94
   8 ?    5.0   5.0     0.025      0.48       1      31 [.  892113  892143 ..  892113  892145 .. 0.89
   9 !  194.8  19.5   4.8e-60   9.3e-59     153     356 .]  892138  892339 ..  892135  892339 .. 0.93

>> NC_007795.1_frame=1  Staphylococcus aureus subsp. aureus NCTC 8325 chromosome, complete genome
   #    score  bias  c-Evalue  i-Evalue hmmfrom  hmm to    alifrom  ali to    envfrom  env to     acc
 ---   ------ ----- --------- --------- ------- -------    ------- -------    ------- -------    ----
   1 !   20.1   2.3   6.2e-07   1.2e-05       1      33 [.  129432  129464 ..  129432  129471 .. 0.89
   2 !  212.4  17.9   2.1e-65   4.2e-64     159     356 .]  129460  129657 ..  129459  129657 .. 0.93
   3 !   19.2   0.6   1.2e-06   2.4e-05       1      33 [.  129754  129786 ..  129754  129793 .. 0.94
   4 !  246.5  17.0   9.1e-76   1.8e-74     164     355 ..  129790  129981 ..  129785  129982 .. 0.98
   5 !  485.3  17.2  2.4e-148  4.6e-147       1     356 []  130561  130868 ..  130561  130868 .. 0.97
   6 !   21.4   4.4   2.5e-07     5e-06       1      35 [.  130991  131025 ..  130991  131031 .. 0.90
   7 !  229.0  15.2     2e-70   3.9e-69     159     356 .]  131025  131224 ..  131022  131224 .. 0.95
   8 !   15.9   4.0   1.2e-05   0.00023       1      32 [.  132452  132483 ..  132452  132492 .. 0.91
   9 !  215.6  16.1   2.3e-66   4.5e-65     163     355 ..  132489  132682 ..  132482  132683 .. 0.92
  10 !   39.5   3.7     8e-13   1.6e-11       1      34 [.  134170  134203 ..  134170  134208 .. 0.95
  11 !  231.6  14.5   3.2e-71   6.3e-70     166     355 ..  134207  134394 ..  134203  134394 .. 0.94

>> NZ_CP011877.1_frame=-2  Staphylococcus aureus strain 12S01032 chromosome, complete genome
   #    score  bias  c-Evalue  i-Evalue hmmfrom  hmm to    alifrom  ali to    envfrom  env to     acc
 ---   ------ ----- --------- --------- ------- -------    ------- -------    ------- -------    ----
   1 !   20.0   2.9     7e-07   1.4e-05       1      33 [.  757121  757153 ..  757121  757159 .. 0.91
   2 !  218.7  20.5   2.6e-67   5.1e-66     159     356 .]  757149  757346 ..  757149  757346 .. 0.95
   3 !  483.1  16.2  1.1e-147  2.2e-146       1     355 [.  758231  758544 ..  758231  758545 .. 0.96
   4 !   29.0   4.9   1.2e-09   2.4e-08       1      36 [.  758669  758704 ..  758669  758710 .. 0.91
   5 !  229.4  15.8   1.4e-70   2.8e-69     162     356 .]  758706  758902 ..  758702  758902 .. 0.95
   6 !   18.5   5.8     2e-06   3.8e-05       1      33 [.  759398  759430 ..  759398  759437 .. 0.92
   7 !  206.0  16.9   1.9e-63   3.7e-62     161     355 ..  759433  759628 ..  759428  759629 .. 0.94
   8 ?    3.6   6.1     0.067       1.3       1      33 [.  759753  759785 ..  759753  759790 .. 0.92
   9 !  205.0  16.1   3.8e-63   7.3e-62     151     356 .]  759776  759979 ..  759774  759979 .. 0.93
  10 !   39.5   3.7   7.7e-13   1.5e-11       1      34 [.  761111  761144 ..  761111  761149 .. 0.95
  11 !  245.8  11.8   1.5e-75   2.9e-74     166     355 ..  761148  761336 ..  761144  761336 .. 0.94

>> NZ_CP113052.1_frame=2  Staphylococcus aureus strain Fizz chromosome, complete genome
   #    score  bias  c-Evalue  i-Evalue hmmfrom  hmm to    alifrom  ali to    envfrom  env to     acc
 ---   ------ ----- --------- --------- ------- -------    ------- -------    ------- -------    ----
   1 !   20.2   2.3     6e-07   1.2e-05       1      33 [.  460383  460415 ..  460383  460422 .. 0.89
   2 !  212.5  17.9   2.1e-65     4e-64     159     356 .]  460411  460608 ..  460410  460608 .. 0.93
   3 !   19.2   0.6   1.2e-06   2.3e-05       1      33 [.  460705  460737 ..  460705  460744 .. 0.94
   4 !  246.6  17.0   8.8e-76   1.7e-74     164     355 ..  460741  460932 ..  460736  460933 .. 0.98
   5 !  499.5  18.3  1.1e-152  2.2e-151       1     356 []  461508  461832 ..  461508  461832 .. 0.94
   6 !   21.4   4.4   2.5e-07   4.8e-06       1      35 [.  461955  461989 ..  461955  461995 .. 0.90
   7 !  229.0  15.2   1.9e-70   3.7e-69     159     356 .]  461989  462188 ..  461986  462188 .. 0.95
   8 !   16.0   4.0   1.1e-05   0.00022       1      32 [.  463416  463447 ..  463416  463456 .. 0.91
   9 !  215.6  16.1   2.2e-66   4.4e-65     163     355 ..  463453  463646 ..  463446  463647 .. 0.92
  10 !   39.1   4.0   1.1e-12   2.1e-11       1      34 [.  465134  465167 ..  465134  465171 .. 0.95
  11 !   37.8   1.6   2.6e-12     5e-11     166     242 ..  465171  465241 ..  465165  465243 .. 0.88

>> NC_002953.3_frame=3  Staphylococcus aureus subsp. aureus MSSA476, complete sequence
   #    score  bias  c-Evalue  i-Evalue hmmfrom  hmm to    alifrom  ali to    envfrom  env to     acc
 ---   ------ ----- --------- --------- ------- -------    ------- -------    ------- -------    ----
   1 !   22.7  12.0     1e-07     2e-06     218     355 ..   20164   20311 ..   20121   20312 .. 0.73
   2 !   21.2   2.3   2.8e-07   5.5e-06       1      34 [.  142630  142663 ..  142630  142669 .. 0.90
   3 !  224.9  14.3   3.6e-69   6.9e-68     159     356 .]  142658  142855 ..  142657  142855 .. 0.96
   4 !   14.3   0.4   3.6e-05   0.00071       1      32 [.  142952  142983 ..  142952  142987 .. 0.96
   5 !  247.1  15.5   6.2e-76   1.2e-74     163     355 ..  142987  143179 ..  142982  143180 .. 0.98
   6 !  473.4  17.3    1e-144  1.9e-143       1     356 []  143759  144073 ..  143759  144073 .. 0.93
   7 !   20.9   3.0   3.7e-07   7.2e-06       1      35 [.  144196  144230 ..  144196  144234 .. 0.94
   8 !  227.4  15.2     6e-70   1.2e-68     162     356 .]  144233  144429 ..  144228  144429 .. 0.95
   9 !   37.8   3.3   2.7e-12   5.2e-11       1      36 [.  147395  147430 ..  147395  147434 .. 0.92
  10 !  236.8  16.7   8.3e-73   1.6e-71     157     355 ..  147425  147624 ..  147424  147624 .. 0.93
  11 !   73.7   9.9   3.2e-23   6.2e-22     164     313 ..  688738  688881 ..  688730  688885 .. 0.87

>> NZ_LR134090.1_frame=1  Staphylococcus aureus strain NCTC9555 chromosome 1, complete sequence
   #    score  bias  c-Evalue  i-Evalue hmmfrom  hmm to    alifrom  ali to    envfrom  env to     acc
 ---   ------ ----- --------- --------- ------- -------    ------- -------    ------- -------    ----
   1 !  589.6  29.5  4.5e-180  8.8e-179       1     356 []  150420  150775 ..  150420  150775 .. 1.00
   2 !   15.5   4.7   1.6e-05   0.00031       1      33 [.  151712  151744 ..  151712  151748 .. 0.93
   3 !  241.0  21.2   4.3e-74   8.3e-73     153     355 ..  151735  151939 ..  151735  151940 .. 0.97
   4 ?    9.3   0.8    0.0012     0.024       1      32 [.  152430  152461 ..  152430  152469 .. 0.92
   5 !  219.6  14.3   1.4e-67   2.7e-66     167     356 .]  152471  152661 ..  152462  152661 .. 0.95
   6 !   40.2   4.0   4.7e-13   9.2e-12       1      36 [.  154501  154536 ..  154501  154540 .. 0.94
   7 !  219.2  21.8   1.9e-67   3.8e-66     166     355 ..  154538  154727 ..  154535  154727 .. 0.91
   8 !   89.1   3.6   6.7e-28   1.3e-26     154     340 ..  594925  595114 ..  594909  595129 .. 0.77
   9 !   92.3   4.3   7.3e-29   1.4e-27     150     353 ..  595193  595401 ..  595177  595404 .. 0.79

>> NZ_CP136528.1_frame=1  Staphylococcus aureus strain BAA-1556_Catania chromosome, complete genome
   #    score  bias  c-Evalue  i-Evalue hmmfrom  hmm to    alifrom  ali to    envfrom  env to     acc
 ---   ------ ----- --------- --------- ------- -------    ------- -------    ------- -------    ----
   1 !   20.2   2.3     6e-07   1.2e-05       1      33 [.  148906  148938 ..  148906  148945 .. 0.89
   2 !  212.5  17.9   2.1e-65     4e-64     159     356 .]  148934  149131 ..  148933  149131 .. 0.93
   3 !   19.2   0.6   1.2e-06   2.3e-05       1      33 [.  149228  149260 ..  149228  149267 .. 0.94
   4 !  246.6  17.0   8.8e-76   1.7e-74     164     355 ..  149264  149455 ..  149259  149456 .. 0.98
   5 !  485.4  16.9  2.2e-148  4.4e-147       1     356 []  150031  150338 ..  150031  150338 .. 0.97
   6 !   21.4   4.4   2.5e-07   4.8e-06       1      35 [.  150461  150495 ..  150461  150501 .. 0.90
   7 !  229.0  15.2   1.9e-70   3.7e-69     159     356 .]  150495  150694 ..  150492  150694 .. 0.95
   8 !   16.0   4.0   1.1e-05   0.00022       1      32 [.  151922  151953 ..  151922  151962 .. 0.91
   9 !  215.6  16.1   2.3e-66   4.4e-65     163     355 ..  151959  152152 ..  151952  152153 .. 0.92
  10 !   39.1   4.0   1.1e-12   2.1e-11       1      34 [.  153640  153673 ..  153640  153677 .. 0.95
  11 !   37.8   1.6   2.6e-12     5e-11     166     242 ..  153677  153747 ..  153671  153749 .. 0.88

>> NZ_CP029678.1_frame=1  Staphylococcus aureus strain AR_0216 chromosome, complete genome
   #    score  bias  c-Evalue  i-Evalue hmmfrom  hmm to    alifrom  ali to    envfrom  env to     acc
 ---   ------ ----- --------- --------- ------- -------    ------- -------    ------- -------    ----
   1 !   20.1   2.3   6.3e-07   1.2e-05       1      33 [.  148323  148355 ..  148323  148362 .. 0.89
   2 !  212.4  17.9   2.2e-65   4.3e-64     159     356 .]  148351  148548 ..  148350  148548 .. 0.93
   3 !   19.1   0.6   1.2e-06   2.4e-05       1      33 [.  148645  148677 ..  148645  148684 .. 0.94
   4 !  246.5  17.0   9.3e-76   1.8e-74     164     355 ..  148681  148872 ..  148676  148873 .. 0.98
   5 !  485.3  16.9  2.4e-148  4.6e-147       1     356 []  149448  149755 ..  149448  149755 .. 0.97
   6 !   21.4   4.4   2.6e-07   5.1e-06       1      35 [.  149878  149912 ..  149878  149918 .. 0.90
   7 !  228.9  15.2     2e-70     4e-69     159     356 .]  149912  150111 ..  149909  150111 .. 0.95
   8 !   15.9   4.0   1.2e-05   0.00024       1      32 [.  151339  151370 ..  151339  151379 .. 0.91
   9 !  215.6  16.1   2.4e-66   4.7e-65     163     355 ..  151376  151569 ..  151369  151570 .. 0.92
  10 !   39.0   4.0   1.1e-12   2.2e-11       1      34 [.  153057  153090 ..  153057  153094 .. 0.95
  11 !   37.7   1.6   2.7e-12   5.3e-11     166     242 ..  153094  153164 ..  153088  153166 .. 0.88

>> NZ_LR134090.1_frame=2  Staphylococcus aureus strain NCTC9555 chromosome 1, complete sequence
   #    score  bias  c-Evalue  i-Evalue hmmfrom  hmm to    alifrom  ali to    envfrom  env to     acc
 ---   ------ ----- --------- --------- ------- -------    ------- -------    ------- -------    ----
   1 !   68.0   2.0   1.7e-21   3.3e-20     280     355 ..  136396  136472 ..  136375  136473 .. 0.92
   2 !   19.1   0.4   1.3e-06   2.5e-05       1      32 [.  150091  150122 ..  150091  150126 .. 0.96
   3 !  245.8  15.0   1.5e-75   2.9e-74     163     355 ..  150126  150318 ..  150121  150319 .. 0.98
   4 !  476.8  20.1    9e-146  1.8e-144       1     356 []  150898  151210 ..  150898  151210 .. 0.96
   5 !   26.7   3.9     6e-09   1.2e-07       1      35 [.  151333  151367 ..  151333  151371 .. 0.94
   6 !  219.5  17.0   1.5e-67   2.9e-66     162     355 ..  151370  151565 ..  151366  151566 .. 0.92
   7 !   17.8   2.5   3.1e-06   6.1e-05       2      34 ..  152085  152117 ..  152084  152124 .. 0.90
   8 !  203.2  13.4   1.3e-62   2.6e-61     158     355 ..  152116  152311 ..  152114  152312 .. 0.95
   9 !   12.5   3.2   0.00013    0.0025       1      40 [.  153143  153182 ..  153143  153184 .. 0.94
  10 !  192.6  18.3   2.3e-59   4.5e-58     162     356 .]  153175  153367 ..  153171  153367 .. 0.91
  11 ?   -2.7   0.3       5.5   1.1e+02     315     356 .]  319474  319512 ..  319468  319512 .. 0.88
  12 !   25.2   6.1   1.8e-08   3.6e-07     238     327 ..  434062  434154 ..  434031  434161 .. 0.78

>> NC_002952.2_frame=1  Staphylococcus aureus subsp. aureus MRSA252, complete sequence
   #    score  bias  c-Evalue  i-Evalue hmmfrom  hmm to    alifrom  ali to    envfrom  env to     acc
 ---   ------ ----- --------- --------- ------- -------    ------- -------    ------- -------    ----
   1 !   19.9   2.9   7.4e-07   1.4e-05       1      33 [.  150854  150886 ..  150854  150892 .. 0.91
   2 !  220.9  14.7   5.5e-68   1.1e-66     159     356 .]  150882  151079 ..  150881  151079 .. 0.96
   3 !   22.0   0.2   1.7e-07   3.4e-06       1      33 [.  151175  151207 ..  151175  151209 .. 0.96
   4 !  243.5  12.6   7.9e-75   1.5e-73     161     356 .]  151208  151405 ..  151205  151405 .. 0.97
   5 !  453.4  13.1  1.2e-138  2.3e-137       1     356 []  151964  152267 ..  151964  152267 .. 0.93
   6 !   29.0   4.9   1.3e-09   2.5e-08       1      36 [.  152391  152426 ..  152391  152432 .. 0.91
   7 !  229.1  16.2   1.8e-70   3.6e-69     162     356 .]  152428  152624 ..  152424  152624 .. 0.95
   8 !   18.4   5.9     2e-06     4e-05       1      33 [.  153120  153152 ..  153120  153159 .. 0.92
   9 !  208.4  16.5   3.5e-64   6.8e-63     161     355 ..  153155  153350 ..  153150  153351 .. 0.93

>> NC_017338.2_frame=2  Staphylococcus aureus subsp. aureus JKD6159, complete sequence
   #    score  bias  c-Evalue  i-Evalue hmmfrom  hmm to    alifrom  ali to    envfrom  env to     acc
 ---   ------ ----- --------- --------- ------- -------    ------- -------    ------- -------    ----
   1 !   24.0   3.8   4.1e-08     8e-07       1      33 [.  141984  142016 ..  141984  142021 .. 0.93
   2 !  229.0  17.6   1.9e-70   3.8e-69     159     356 .]  142012  142209 ..  142011  142209 .. 0.96
   3 !   22.9   0.5     9e-08   1.8e-06       1      33 [.  142295  142327 ..  142295  142334 .. 0.94
   4 !  248.0  14.4   3.4e-76   6.5e-75     163     355 ..  142330  142522 ..  142325  142523 .. 0.98
   5 !  452.8  18.6  1.8e-138  3.6e-137       1     356 []  143024  143333 ..  143024  143333 .. 0.93
   6 !  209.9  16.3   1.2e-64   2.4e-63     168     355 ..  144946  145134 ..  144944  145135 .. 0.94
   7 ?    8.0   6.1     0.003     0.058       1      32 [.  145256  145287 ..  145256  145289 .. 0.90
   8 !  206.2  18.1   1.7e-63   3.3e-62     153     356 .]  145281  145482 ..  145277  145482 .. 0.93

>> NC_017763.1_frame=3  Staphylococcus aureus subsp. aureus HO 5096 0412, complete sequence
   #    score  bias  c-Evalue  i-Evalue hmmfrom  hmm to    alifrom  ali to    envfrom  env to     acc
 ---   ------ ----- --------- --------- ------- -------    ------- -------    ------- -------    ----
   1 !   74.3   1.9   2.1e-23   4.1e-22     279     354 ..  129693  129769 ..  129670  129770 .. 0.90
   2 !  518.3  22.0  2.1e-158  4.2e-157       1     356 []  139207  139547 ..  139207  139547 .. 0.95
   3 !   27.7   2.7   3.1e-09   6.1e-08       1      35 [.  139671  139705 ..  139671  139711 .. 0.92
   4 !  227.7  13.9   4.8e-70   9.4e-69     162     356 .]  139708  139904 ..  139701  139904 .. 0.94
   5 !   21.1   3.7   3.2e-07   6.1e-06       1      34 [.  140055  140088 ..  140055  140094 .. 0.91
   6 !  207.9  12.7     5e-64   9.7e-63     158     355 ..  140087  140282 ..  140085  140283 .. 0.95
   7 !   39.4   3.8   8.3e-13   1.6e-11       1      34 [.  142143  142176 ..  142143  142181 .. 0.95
   8 !  216.2  19.3   1.5e-66   2.9e-65     166     355 ..  142180  142369 ..  142176  142370 .. 0.92

>> NZ_CP132371.1_frame=1  Staphylococcus aureus strain UNC_SA38 chromosome, complete genome
   #    score  bias  c-Evalue  i-Evalue hmmfrom  hmm to    alifrom  ali to    envfrom  env to     acc
 ---   ------ ----- --------- --------- ------- -------    ------- -------    ------- -------    ----
   1 !   74.3   2.1   2.1e-23     4e-22     279     355 ..  881105  881182 ..  881082  881183 .. 0.90
   2 !   20.3   2.5   5.3e-07     1e-05       1      33 [.  889130  889162 ..  889130  889166 .. 0.94
   3 !  225.3  17.4   2.7e-69   5.2e-68     159     356 .]  889158  889355 ..  889157  889355 .. 0.96
   4 !   19.1   0.4   1.2e-06   2.4e-05       1      32 [.  889452  889483 ..  889452  889487 .. 0.96
   5 !  245.9  15.0   1.5e-75   2.8e-74     163     355 ..  889487  889679 ..  889482  889680 .. 0.98
   6 !   21.1   2.3   3.2e-07   6.3e-06       1      34 [.  891056  891089 ..  891056  891095 .. 0.92
   7 !  207.4  18.3     7e-64   1.4e-62     158     355 ..  891088  891283 ..  891086  891284 .. 0.95
   8 !   11.4   3.2   0.00028    0.0054       1      32 [.  891759  891790 ..  891759  891799 .. 0.91
   9 !  215.3  16.8   2.9e-66   5.6e-65     163     355 ..  891796  891989 ..  891789  891990 .. 0.92
  10 !   39.6   3.8   7.3e-13   1.4e-11       1      35 [.  893477  893511 ..  893477  893516 .. 0.94
  11 !  225.8  15.6   1.9e-69   3.7e-68     166     355 ..  893514  893703 ..  893510  893703 .. 0.92

>> NC_002745.2_frame=3  Staphylococcus aureus subsp. aureus N315, complete sequence
   #    score  bias  c-Evalue  i-Evalue hmmfrom  hmm to    alifrom  ali to    envfrom  env to     acc
 ---   ------ ----- --------- --------- ------- -------    ------- -------    ------- -------    ----
   1 !   20.3   2.5   5.6e-07   1.1e-05       1      33 [.  147034  147066 ..  147034  147070 .. 0.94
   2 !  225.2  17.4   2.8e-69   5.5e-68     159     356 .]  147062  147259 ..  147061  147259 .. 0.96
   3 !   19.1   0.4   1.3e-06   2.6e-05       1      32 [.  147356  147387 ..  147356  147391 .. 0.96
   4 !  245.8  15.0   1.5e-75     3e-74     163     355 ..  147391  147583 ..  147386  147584 .. 0.98
   5 !   21.0   2.3   3.4e-07   6.6e-06       1      34 [.  148960  148993 ..  148960  148999 .. 0.92
   6 !  207.4  18.3   7.4e-64   1.4e-62     158     355 ..  148992  149187 ..  148990  149188 .. 0.95
   7 !   11.3   3.2   0.00029    0.0057       1      32 [.  149663  149694 ..  149663  149703 .. 0.91
   8 !  215.2  16.8   3.1e-66   5.9e-65     163     355 ..  149700  149893 ..  149693  149894 .. 0.92
   9 !   39.6   3.8   7.7e-13   1.5e-11       1      35 [.  151381  151415 ..  151381  151420 .. 0.94
  10 !  225.7  15.6     2e-69   3.9e-68     166     355 ..  151418  151607 ..  151414  151607 .. 0.92
  11 ?   -1.5   0.9       2.4        46       1      47 [.  317993  318037 ..  317993  318060 .. 0.69
  12 ?   -2.7   0.3       5.6   1.1e+02     315     356 .]  318096  318134 ..  318090  318134 .. 0.88

>> NC_007795.1_frame=3  Staphylococcus aureus subsp. aureus NCTC 8325 chromosome, complete genome
   #    score  bias  c-Evalue  i-Evalue hmmfrom  hmm to    alifrom  ali to    envfrom  env to     acc
 ---   ------ ----- --------- --------- ------- -------    ------- -------    ------- -------    ----
   1 !   75.0   1.3   1.3e-23   2.6e-22     279     355 ..  121413  121490 ..  121393  121491 .. 0.92
   2 !  602.2  28.8  6.9e-184  1.3e-182       1     356 []  130082  130437 ..  130082  130437 .. 1.00
   3 ?    9.5   0.8    0.0011     0.021       1      32 [.  132092  132123 ..  132092  132132 .. 0.92
   4 !  221.5  14.9   3.8e-68   7.4e-67     167     356 .]  132133  132323 ..  132122  132323 .. 0.94
   5 ?    4.9   5.0     0.026      0.51       1      31 [.  132806  132836 ..  132806  132838 .. 0.89
   6 !  194.7  19.5   5.1e-60   9.9e-59     153     356 .]  132831  133032 ..  132828  133032 .. 0.93
   7 ?   -3.0   0.4       6.7   1.3e+02     316     356 .]  296762  296799 ..  296756  296799 .. 0.89

>> NZ_CP113052.1_frame=1  Staphylococcus aureus strain Fizz chromosome, complete genome
   #    score  bias  c-Evalue  i-Evalue hmmfrom  hmm to    alifrom  ali to    envfrom  env to     acc
 ---   ------ ----- --------- --------- ------- -------    ------- -------    ------- -------    ----
   1 !   75.0   1.3   1.3e-23   2.5e-22     279     355 ..  452365  452442 ..  452345  452443 .. 0.92
   2 !  581.2  29.1  1.7e-177  3.2e-176       1     356 []  461034  461385 ..  461034  461385 .. 1.00
   3 ?    9.5   0.8     0.001      0.02       1      32 [.  463057  463088 ..  463057  463097 .. 0.92
   4 !  221.5  14.9   3.7e-68   7.1e-67     167     356 .]  463098  463288 ..  463087  463288 .. 0.94
   5 ?    5.0   5.0     0.025      0.49       1      31 [.  463771  463801 ..  463771  463803 .. 0.89
   6 !  194.8  19.5   4.9e-60   9.6e-59     153     356 .]  463796  463997 ..  463793  463997 .. 0.93

>> NZ_CP136528.1_frame=3  Staphylococcus aureus strain BAA-1556_Catania chromosome, complete genome
   #    score  bias  c-Evalue  i-Evalue hmmfrom  hmm to    alifrom  ali to    envfrom  env to     acc
 ---   ------ ----- --------- --------- ------- -------    ------- -------    ------- -------    ----
   1 !   75.0   1.3   1.3e-23   2.5e-22     279     355 ..  140887  140964 ..  140867  140965 .. 0.92
   2 !  581.2  29.1  1.7e-177  3.2e-176       1     356 []  149556  149907 ..  149556  149907 .. 1.00
   3 ?    9.5   0.8     0.001      0.02       1      32 [.  151562  151593 ..  151562  151602 .. 0.92
   4 !  221.5  14.9   3.7e-68   7.1e-67     167     356 .]  151603  151793 ..  151592  151793 .. 0.94
   5 ?    4.9   5.0     0.025       0.5       1      31 [.  152276  152306 ..  152276  152308 .. 0.89
   6 !  194.8  19.5   4.9e-60   9.6e-59     153     356 .]  152301  152502 ..  152298  152502 .. 0.93

>> NZ_CP029678.1_frame=3  Staphylococcus aureus strain AR_0216 chromosome, complete genome
   #    score  bias  c-Evalue  i-Evalue hmmfrom  hmm to    alifrom  ali to    envfrom  env to     acc
 ---   ------ ----- --------- --------- ------- -------    ------- -------    ------- -------    ----
   1 !   74.9   1.3   1.4e-23   2.6e-22     279     355 ..  140304  140381 ..  140284  140382 .. 0.92
   2 !  581.1  29.1  1.8e-177  3.4e-176       1     356 []  148973  149324 ..  148973  149324 .. 1.00
   3 ?    9.4   0.8    0.0011     0.022       1      32 [.  150979  151010 ..  150979  151019 .. 0.92
   4 !  221.4  14.9   3.9e-68   7.6e-67     167     356 .]  151020  151210 ..  151009  151210 .. 0.94
   5 ?    4.9   5.0     0.027      0.53       1      31 [.  151693  151723 ..  151693  151725 .. 0.89
   6 !  194.7  19.5   5.2e-60     1e-58     153     356 .]  151718  151919 ..  151715  151919 .. 0.93

>> NC_002953.3_frame=2  Staphylococcus aureus subsp. aureus MSSA476, complete sequence
   #    score  bias  c-Evalue  i-Evalue hmmfrom  hmm to    alifrom  ali to    envfrom  env to     acc
 ---   ------ ----- --------- --------- ------- -------    ------- -------    ------- -------    ----
   1 !   74.1   2.3   2.4e-23   4.6e-22     279     355 ..  131297  131374 ..  131274  131375 .. 0.90
   2 !  593.8  29.8  2.4e-181  4.7e-180       1     356 []  143281  143636 ..  143281  143636 .. 1.00
   3 !   17.5   3.2   3.9e-06   7.7e-05       2      34 ..  144954  144986 ..  144953  144993 .. 0.90
   4 !  206.2  14.3   1.6e-63   3.2e-62     158     355 ..  144985  145180 ..  144983  145181 .. 0.95
   5 ?    8.7   5.9    0.0018     0.035       1      31 [.  146009  146039 ..  146009  146041 .. 0.89
   6 !  194.2  20.5   7.3e-60   1.4e-58     152     356 .]  146033  146235 ..  146030  146235 .. 0.93
   7 ?   -3.0   0.4       6.5   1.3e+02     316     356 .]  312743  312780 ..  312737  312780 .. 0.89

>> NC_002952.2_frame=3  Staphylococcus aureus subsp. aureus MRSA252, complete sequence
   #    score  bias  c-Evalue  i-Evalue hmmfrom  hmm to    alifrom  ali to    envfrom  env to     acc
 ---   ------ ----- --------- --------- ------- -------    ------- -------    ------- -------    ----
   1 !  504.5  21.8  3.4e-154  6.6e-153       1     356 []  151504  151844 ..  151504  151844 .. 0.98
   2 !   19.7   3.6   8.5e-07   1.7e-05       1      34 [.  152774  152807 ..  152774  152813 .. 0.91
   3 !  207.7  12.0   5.8e-64   1.1e-62     158     355 ..  152806  153001 ..  152804  153002 .. 0.95
   4 ?    5.1   6.0     0.022      0.43       1      32 [.  153473  153504 ..  153473  153506 .. 0.93
   5 !  209.2  16.1     2e-64   3.9e-63     152     356 .]  153497  153699 ..  153495  153699 .. 0.93

>> NC_017338.2_frame=3  Staphylococcus aureus subsp. aureus JKD6159, complete sequence
   #    score  bias  c-Evalue  i-Evalue hmmfrom  hmm to    alifrom  ali to    envfrom  env to     acc
 ---   ------ ----- --------- --------- ------- -------    ------- -------    ------- -------    ----
   1 !   29.7   2.5   7.9e-10   1.5e-08     241     325 ..   25770   25856 ..   25756   25862 .. 0.77
   2 !   24.9   2.9   2.1e-08   4.2e-07       1      36 [.  143456  143491 ..  143456  143494 .. 0.95
   3 !  233.3  15.5   9.4e-72   1.8e-70     162     356 .]  143493  143689 ..  143489  143689 .. 0.95
   4 !   21.9   3.5   1.8e-07   3.5e-06       1      34 [.  144208  144241 ..  144208  144249 .. 0.91
   5 !  208.4  15.9   3.5e-64   6.9e-63     158     355 ..  144240  144435 ..  144238  144436 .. 0.95
   6 !   11.3   3.8   0.00031    0.0059       1      32 [.  144550  144581 ..  144550  144589 .. 0.92
   7 !  218.3  15.8   3.6e-67   6.9e-66     167     356 .]  144591  144781 ..  144581  144781 .. 0.94
   8 !   21.3   2.1   2.8e-07   5.4e-06       1      33 [.  144908  144940 ..  144908  144968 .. 0.85
   9 !   37.4   3.8   3.4e-12   6.6e-11       1      36 [.  146658  146693 ..  146658  146698 .. 0.92
  10 !  234.5  20.1   4.1e-72     8e-71     157     355 ..  146688  146887 ..  146687  146888 .. 0.94

>> NZ_CP011877.1_frame=-1  Staphylococcus aureus strain 12S01032 chromosome, complete genome
   #    score  bias  c-Evalue  i-Evalue hmmfrom  hmm to    alifrom  ali to    envfrom  env to     acc
 ---   ------ ----- --------- --------- ------- -------    ------- -------    ------- -------    ----
   1 !   74.5   1.6   1.9e-23   3.7e-22     280     355 ..  748644  748720 ..  748633  748721 .. 0.92
   2 !  509.3  21.5  1.2e-155  2.4e-154       1     356 []  757772  758112 ..  757772  758112 .. 0.97
   3 !   21.1   3.8     3e-07   5.9e-06       1      34 [.  759053  759086 ..  759053  759094 .. 0.90
   4 !  206.4  13.3   1.5e-63   2.8e-62     158     355 ..  759085  759280 ..  759083  759281 .. 0.95
   5 ?   -2.7   0.3       5.4   1.1e+02     315     356 .]  934267  934305 ..  934261  934305 .. 0.88

>> NC_017338.2_frame=1  Staphylococcus aureus subsp. aureus JKD6159, complete sequence
   #    score  bias  c-Evalue  i-Evalue hmmfrom  hmm to    alifrom  ali to    envfrom  env to     acc
 ---   ------ ----- --------- --------- ------- -------    ------- -------    ------- -------    ----
   1 !   74.1   2.3   2.4e-23   4.7e-22     279     355 ..  132375  132452 ..  132353  132453 .. 0.91
   2 !   40.1   6.9   5.4e-13   1.1e-11       1      51 [.  142623  142671 ..  142623  142675 .. 0.95
   3 !  382.1  14.7  5.6e-117  1.1e-115     122     356 .]  142670  142903 ..  142665  142903 .. 0.96
   4 !   21.4   5.4   2.5e-07   4.8e-06       1      33 [.  143840  143872 ..  143840  143876 .. 0.93
   5 !  242.8  23.7   1.3e-74   2.5e-73     153     355 ..  143863  144067 ..  143862  144068 .. 0.96
   6 ?   -2.8   0.3       5.6   1.1e+02     315     356 .]  312198  312236 ..  312192  312236 .. 0.88

>> NC_002953.3_frame=1  Staphylococcus aureus subsp. aureus MSSA476, complete sequence
   #    score  bias  c-Evalue  i-Evalue hmmfrom  hmm to    alifrom  ali to    envfrom  env to     acc
 ---   ------ ----- --------- --------- ------- -------    ------- -------    ------- -------    ----
   1 !   13.9   4.3   4.9e-05   0.00095       1      32 [.  144580  144611 ..  144580  144614 .. 0.95
   2 !  233.4  19.6   8.9e-72   1.7e-70     153     355 ..  144603  144808 ..  144603  144809 .. 0.95
   3 !   10.3   0.9   0.00058     0.011       1      32 [.  145298  145329 ..  145298  145338 .. 0.92
   4 !  221.3  14.3   4.2e-68   8.1e-67     167     356 .]  145339  145529 ..  145328  145529 .. 0.94
   5 !   12.7   2.6   0.00011    0.0021       1      32 [.  145657  145688 ..  145657  145697 .. 0.91
   6 !  214.6  14.7   4.7e-66   9.1e-65     163     355 ..  145694  145887 ..  145687  145888 .. 0.92
   7 !   43.1   9.6   6.4e-14   1.2e-12     170     314 ..  688495  688635 ..  688488  688643 .. 0.85

>> NC_017763.1_frame=1  Staphylococcus aureus subsp. aureus HO 5096 0412, complete sequence
   #    score  bias  c-Evalue  i-Evalue hmmfrom  hmm to    alifrom  ali to    envfrom  env to     acc
 ---   ------ ----- --------- --------- ------- -------    ------- -------    ------- -------    ----
   1 !   20.5   2.0   4.8e-07   9.4e-06       1      33 [.  138556  138588 ..  138556  138595 .. 0.88
   2 !  213.8  13.6   8.4e-66   1.6e-64     159     356 .]  138584  138781 ..  138584  138781 .. 0.96
   3 !   11.6   3.0   0.00025    0.0048       1      32 [.  140401  140432 ..  140401  140441 .. 0.91
   4 !  211.1  12.1   5.3e-65     1e-63     166     355 ..  140441  140631 ..  140432  140632 .. 0.93
   5 ?    6.1   7.3     0.012      0.22       1      33 [.  140756  140788 ..  140756  140790 .. 0.92
   6 !  206.4  15.7   1.4e-63   2.8e-62     154     356 .]  140782  140982 ..  140779  140982 .. 0.92

>> NZ_CP113052.1_frame=3  Staphylococcus aureus strain Fizz chromosome, complete genome
   #    score  bias  c-Evalue  i-Evalue hmmfrom  hmm to    alifrom  ali to    envfrom  env to     acc
 ---   ------ ----- --------- --------- ------- -------    ------- -------    ------- -------    ----
   1 !   15.5   4.7   1.6e-05    0.0003       1      33 [.  462338  462370 ..  462338  462374 .. 0.93
   2 !  241.8  23.2   2.6e-74     5e-73     153     355 ..  462361  462565 ..  462360  462566 .. 0.96
   3 !   17.4   3.3   4.1e-06   7.9e-05       2      34 ..  462711  462743 ..  462710  462750 .. 0.90
   4 !  217.6  17.8   5.8e-67   1.1e-65     158     356 .]  462742  462938 ..  462740  462938 .. 0.95
   5 !  162.5  12.1   3.2e-50   6.3e-49     244     355 ..  465241  465356 ..  465237  465356 .. 0.95
   6 ?   -3.0   0.4       6.4   1.2e+02     316     356 .]  641472  641509 ..  641466  641509 .. 0.89

>> NZ_CP136528.1_frame=2  Staphylococcus aureus strain BAA-1556_Catania chromosome, complete genome
   #    score  bias  c-Evalue  i-Evalue hmmfrom  hmm to    alifrom  ali to    envfrom  env to     acc
 ---   ------ ----- --------- --------- ------- -------    ------- -------    ------- -------    ----
   1 !   15.5   4.7   1.6e-05   0.00031       1      33 [.  150844  150876 ..  150844  150880 .. 0.93
   2 !  241.8  23.2   2.6e-74     5e-73     153     355 ..  150867  151071 ..  150866  151072 .. 0.96
   3 !   17.4   3.3   4.1e-06   7.9e-05       2      34 ..  151217  151249 ..  151216  151256 .. 0.90
   4 !  217.6  17.8   5.9e-67   1.1e-65     158     356 .]  151248  151444 ..  151246  151444 .. 0.95
   5 !  162.5  12.1   3.3e-50   6.3e-49     244     355 ..  153747  153862 ..  153743  153862 .. 0.95
   6 ?   -3.0   0.4       6.4   1.3e+02     316     356 .]  329960  329997 ..  329954  329997 .. 0.89

>> NZ_CP029678.1_frame=2  Staphylococcus aureus strain AR_0216 chromosome, complete genome
   #    score  bias  c-Evalue  i-Evalue hmmfrom  hmm to    alifrom  ali to    envfrom  env to     acc
 ---   ------ ----- --------- --------- ------- -------    ------- -------    ------- -------    ----
   1 !   15.4   4.7   1.7e-05   0.00032       1      33 [.  150261  150293 ..  150261  150297 .. 0.93
   2 !  241.7  23.2   2.7e-74   5.3e-73     153     355 ..  150284  150488 ..  150283  150489 .. 0.96
   3 !   17.3   3.3   4.3e-06   8.4e-05       2      34 ..  150634  150666 ..  150633  150673 .. 0.90
   4 !  217.5  17.8   6.2e-67   1.2e-65     158     356 .]  150665  150861 ..  150663  150861 .. 0.95
   5 !  162.4  12.1   3.4e-50   6.7e-49     244     355 ..  153164  153279 ..  153160  153279 .. 0.95
   6 ?   -3.0   0.4       6.8   1.3e+02     316     356 .]  344002  344039 ..  343996  344039 .. 0.89



Internal pipeline statistics summary:
-------------------------------------
Query model(s):                              1  (356 nodes)
Target sequences:                          564  (304447416 residues searched)
Passed MSV filter:                       331  (0.586879); expected 11.3 (0.02)
Passed bias filter:                      117  (0.207447); expected 11.3 (0.02)
Passed Vit filter:                       117  (0.207447); expected 0.6 (0.001)
Passed Fwd filter:                        33  (0.0585106); expected 0.0 (1e-05)
Initial search space (Z):                564  [actual number of targets]
Domain search space  (domZ):              29  [number of targets reported over threshold]
# CPU time: 90.87u 0.19s 00:01:31.06 Elapsed: 00:03:24.98
# Mc/sec: 528.75

@@ New targets included:   0
@@ New alignment includes: 218 subseqs (was 154), including original query
@@ Continuing to next round.

@@
@@ Round:                  3
@@ Included in MSA:        218 subsequences (query + 217 subseqs from 29 targets)
@@ Model size:             356 positions
@@

Scores for complete sequences (score includes all domains):
   --- full sequence ---   --- best 1 domain ---    -#dom-
    E-value  score  bias    E-value  score  bias    exp  N  Sequence               Description
    ------- ------ -----    ------- ------ -----   ---- --  --------               -----------
          0 1605.0 175.8   4.4e-176  580.8  29.4   16.7  9  NC_002745.2_frame=2     Staphylococcus aureus subsp. aureus N
          0 1589.4 307.7   1.3e-143  473.9  17.9   16.1 11  NC_007795.1_frame=1     Staphylococcus aureus subsp. aureus N
          0 1555.6 155.5   4.8e-176  580.6  29.0   20.7  8  NZ_CP132371.1_frame=3   Staphylococcus aureus strain UNC_SA38
          0 1456.2 183.9   4.5e-143  472.2  16.5   21.3 11  NZ_CP011877.1_frame=-2  Staphylococcus aureus strain 12S01032
          0 1421.1 301.2   3.6e-148  488.9  19.1   15.9 11  NZ_CP113052.1_frame=2   Staphylococcus aureus strain Fizz chr
          0 1416.4 194.8   2.6e-139  459.8  17.9   17.9 11  NC_002953.3_frame=3     Staphylococcus aureus subsp. aureus M
          0 1416.2 169.2   8.2e-175  576.6  30.2   31.8  9  NZ_LR134090.1_frame=1   Staphylococcus aureus strain NCTC9555
          0 1321.6 188.7     3e-140  462.9  20.7   40.1 12  NZ_LR134090.1_frame=2   Staphylococcus aureus strain NCTC9555
          0 1308.9 178.7   5.8e-144  475.1  17.6   20.1 12  NZ_CP136528.1_frame=1   Staphylococcus aureus strain BAA-1556
          0 1308.4 178.7   6.1e-144  475.0  17.6   20.1 11  NZ_CP029678.1_frame=1   Staphylococcus aureus strain AR_0216 
          0 1293.4 287.2   5.5e-133  439.0  14.7   14.7  9  NC_002952.2_frame=1     Staphylococcus aureus subsp. aureus M
          0 1237.9 135.5   3.3e-133  439.7  19.2   17.4  8  NC_017338.2_frame=2     Staphylococcus aureus subsp. aureus J
          0 1126.3 138.2   9.1e-154  507.4  22.8   19.8 10  NC_017763.1_frame=3     Staphylococcus aureus subsp. aureus H
          0 1088.3 302.1      4e-71  235.5  15.9   17.4 12  NC_002745.2_frame=3     Staphylococcus aureus subsp. aureus N
          0 1076.0 180.8    3.8e-71  235.6  15.9   19.7 12  NZ_CP132371.1_frame=1   Staphylococcus aureus strain UNC_SA38
          0 1014.0  95.2   3.2e-178  587.8  29.5   16.1  8  NC_007795.1_frame=3     Staphylococcus aureus subsp. aureus N
   5.1e-302  995.0  95.6   1.6e-172  569.0  29.9   16.7  7  NZ_CP113052.1_frame=1   Staphylococcus aureus strain Fizz chr
   5.1e-302  995.0  95.6   1.6e-172  569.0  29.9   19.7  6  NZ_CP136528.1_frame=3   Staphylococcus aureus strain BAA-1556
   6.1e-302  994.8  95.6   1.7e-172  569.0  29.9   12.3  7  NZ_CP029678.1_frame=3   Staphylococcus aureus strain AR_0216 
   1.1e-300  990.6 101.3   1.3e-175  579.2  30.6   19.0  9  NC_002953.3_frame=2     Staphylococcus aureus subsp. aureus M
   8.6e-264  869.3  77.0   7.1e-151  497.8  22.4   13.6  5  NC_002952.2_frame=3     Staphylococcus aureus subsp. aureus M
   4.6e-261  860.3 156.8    7.3e-66  218.2  15.7   24.1 11  NC_017338.2_frame=3     Staphylococcus aureus subsp. aureus J
   8.4e-224  737.7  65.8   1.4e-152  503.5  22.3   13.0  6  NZ_CP011877.1_frame=-1  Staphylococcus aureus strain 12S01032
   6.7e-201  662.4 114.7    3.6e-66  219.2  13.9   15.4  8  NC_002953.3_frame=1     Staphylococcus aureus subsp. aureus M
   2.3e-195  644.2  81.9   7.2e-118  389.3  28.2   11.9  6  NC_017338.2_frame=1     Staphylococcus aureus subsp. aureus J
   8.3e-177  583.1  78.4    2.9e-63  209.7  15.2   15.7  7  NC_017763.1_frame=1     Staphylococcus aureus subsp. aureus H
   3.6e-165  544.9 172.6      2e-66  220.1  20.9    9.3  6  NZ_CP136528.1_frame=2   Staphylococcus aureus strain BAA-1556
   1.3e-164  543.0  92.7      2e-66  220.1  20.9   16.5  6  NZ_CP113052.1_frame=3   Staphylococcus aureus strain Fizz chr
+   3.2e-32  107.5  39.5    3.9e-19   64.5  11.2    4.9  3  NZ_LS483357.1_frame=1   Streptococcus pyogenes strain NCTC832


Domain annotation for each sequence:
>> NC_002745.2_frame=2  Staphylococcus aureus subsp. aureus N315, complete sequence
   #    score  bias  c-Evalue  i-Evalue hmmfrom  hmm to    alifrom  ali to    envfrom  env to     acc
 ---   ------ ----- --------- --------- ------- -------    ------- -------    ------- -------    ----
   1 !  580.8  29.4  2.3e-177  4.4e-176       1     356 []  147685  148040 ..  147685  148040 .. 1.00
   2 !  422.4  27.3  3.2e-129  6.3e-128       1     356 []  148163  148454 ..  148163  148454 .. 0.98
   3 !   33.7   4.1   4.8e-11   9.4e-10       1      37 [.  148577  148613 ..  148577  148618 .. 0.90
   4 !  216.8  14.8     1e-66   1.9e-65     158     356 .]  148610  148810 ..  148608  148810 .. 0.95
   5 !   29.3   1.0     1e-09     2e-08       1      33 [.  149305  149337 ..  149305  149343 .. 0.93
   6 !  219.8  14.4   1.2e-67   2.4e-66     161     356 .]  149340  149536 ..  149336  149536 .. 0.96
   7 !   22.7   5.8     1e-07     2e-06       1      34 [.  150018  150051 ..  150018  150052 .. 0.97
   8 !  201.3  18.0   5.3e-62     1e-60     153     356 .]  150043  150244 ..  150041  150244 .. 0.95
   9 !   74.3  11.8   2.1e-23     4e-22     170     315 ..  685751  685891 ..  685743  685903 .. 0.93

>> NC_007795.1_frame=1  Staphylococcus aureus subsp. aureus NCTC 8325 chromosome, complete genome
   #    score  bias  c-Evalue  i-Evalue hmmfrom  hmm to    alifrom  ali to    envfrom  env to     acc
 ---   ------ ----- --------- --------- ------- -------    ------- -------    ------- -------    ----
   1 !   34.8   2.4   2.1e-11   4.1e-10       1      37 [.  129432  129468 ..  129432  129471 .. 0.91
   2 !  200.0  17.8   1.3e-61   2.4e-60     163     356 .]  129464  129657 ..  129462  129657 .. 0.95
   3 !   33.8   0.9   4.5e-11   8.7e-10       1      33 [.  129754  129786 ..  129754  129793 .. 0.94
   4 !  237.2  16.9   6.2e-73   1.2e-71     164     355 ..  129790  129981 ..  129786  129982 .. 0.98
   5 !  473.9  17.9  6.9e-145  1.3e-143       1     356 []  130561  130868 ..  130561  130868 .. 0.99
   6 !   34.4   4.8   2.9e-11   5.7e-10       1      36 [.  130991  131026 ..  130991  131029 .. 0.94
   7 !  217.7  15.7   5.2e-67     1e-65     156     356 .]  131022  131224 ..  131021  131224 .. 0.95
   8 !   31.1   3.9   2.8e-10   5.4e-09       1      33 [.  132452  132484 ..  132452  132491 .. 0.93
   9 !  213.7  15.8     9e-66   1.7e-64     160     355 ..  132486  132682 ..  132482  132683 .. 0.95
  10 !   35.7   4.0   1.2e-11   2.3e-10       1      34 [.  134170  134203 ..  134170  134207 .. 0.94
  11 !  221.7  15.9   3.2e-68   6.3e-67     165     355 ..  134206  134394 ..  134201  134394 .. 0.95

>> NZ_CP132371.1_frame=3  Staphylococcus aureus strain UNC_SA38 chromosome, complete genome
   #    score  bias  c-Evalue  i-Evalue hmmfrom  hmm to    alifrom  ali to    envfrom  env to     acc
 ---   ------ ----- --------- --------- ------- -------    ------- -------    ------- -------    ----
   1 !  580.6  29.0  2.5e-177  4.8e-176       1     356 []  889780  890135 ..  889780  890135 .. 1.00
   2 !  422.4  27.3  3.1e-129    6e-128       1     356 []  890258  890549 ..  890258  890549 .. 0.98
   3 !   33.7   4.1   4.6e-11   8.9e-10       1      37 [.  890672  890708 ..  890672  890713 .. 0.90
   4 !  216.9  14.8   9.5e-67   1.8e-65     158     356 .]  890705  890905 ..  890703  890905 .. 0.95
   5 !   29.3   1.0   9.8e-10   1.9e-08       1      33 [.  891400  891432 ..  891400  891438 .. 0.93
   6 !  219.9  14.4   1.2e-67   2.2e-66     161     356 .]  891435  891631 ..  891431  891631 .. 0.96
   7 !   22.8   5.8   9.8e-08   1.9e-06       1      34 [.  892113  892146 ..  892113  892147 .. 0.97
   8 !  201.4  18.0     5e-62   9.7e-61     153     356 .]  892138  892339 ..  892136  892339 .. 0.95

>> NZ_CP011877.1_frame=-2  Staphylococcus aureus strain 12S01032 chromosome, complete genome
   #    score  bias  c-Evalue  i-Evalue hmmfrom  hmm to    alifrom  ali to    envfrom  env to     acc
 ---   ------ ----- --------- --------- ------- -------    ------- -------    ------- -------    ----
   1 !   35.0   2.9   1.9e-11   3.6e-10       1      39 [.  757121  757159 ..  757121  757161 .. 0.92
   2 !  208.1  21.1   4.5e-64   8.8e-63     159     356 .]  757149  757346 ..  757149  757346 .. 0.97
   3 !  472.2  16.5  2.3e-144  4.5e-143       1     355 [.  758231  758544 ..  758231  758545 .. 0.98
   4 !   37.7   3.8   2.8e-12   5.4e-11       1      36 [.  758669  758704 ..  758669  758708 .. 0.94
   5 !  217.9  15.9   4.8e-67   9.4e-66     161     356 .]  758705  758902 ..  758702  758902 .. 0.96
   6 !   31.7   5.7   1.9e-10   3.7e-09       1      33 [.  759398  759430 ..  759398  759433 .. 0.96
   7 !  206.0  16.9     2e-63   3.8e-62     158     355 ..  759430  759628 ..  759428  759629 .. 0.96
   8 !   18.0   7.4   2.7e-06   5.3e-05       1      35 [.  759753  759787 ..  759753  759794 .. 0.87
   9 !  209.5  13.8   1.6e-64   3.2e-63     152     356 .]  759777  759979 ..  759776  759979 .. 0.95
  10 !   36.2   4.0   8.1e-12   1.6e-10       1      36 [.  761111  761146 ..  761111  761151 .. 0.92
  11 !  226.4  11.6   1.2e-69   2.4e-68     165     355 ..  761147  761336 ..  761143  761336 .. 0.95

>> NZ_CP113052.1_frame=2  Staphylococcus aureus strain Fizz chromosome, complete genome
   #    score  bias  c-Evalue  i-Evalue hmmfrom  hmm to    alifrom  ali to    envfrom  env to     acc
 ---   ------ ----- --------- --------- ------- -------    ------- -------    ------- -------    ----
   1 !   34.9   2.4     2e-11     4e-10       1      37 [.  460383  460419 ..  460383  460422 .. 0.91
   2 !  200.1  17.8   1.2e-61   2.3e-60     163     356 .]  460415  460608 ..  460413  460608 .. 0.95
   3 !   33.8   0.9   4.3e-11   8.4e-10       1      33 [.  460705  460737 ..  460705  460744 .. 0.94
   4 !  237.3  16.9     6e-73   1.2e-71     164     355 ..  460741  460932 ..  460737  460933 .. 0.98
   5 !  488.9  19.1  1.9e-149  3.6e-148       1     356 []  461508  461832 ..  461508  461832 .. 0.97
   6 !   34.4   4.8   2.8e-11   5.5e-10       1      36 [.  461955  461990 ..  461955  461993 .. 0.94
   7 !  217.8  15.7     5e-67   9.8e-66     156     356 .]  461986  462188 ..  461985  462188 .. 0.95
   8 !   31.2   3.9   2.7e-10   5.3e-09       1      33 [.  463416  463448 ..  463416  463455 .. 0.93
   9 !  213.7  15.8   8.7e-66   1.7e-64     160     355 ..  463450  463646 ..  463446  463647 .. 0.95
  10 !   36.0   3.9   9.5e-12   1.8e-10       1      35 [.  465134  465168 ..  465134  465172 .. 0.94
  11 !   42.8   1.0   8.2e-14   1.6e-12     165     241 ..  465170  465240 ..  465166  465243 .. 0.91

>> NC_002953.3_frame=3  Staphylococcus aureus subsp. aureus MSSA476, complete sequence
   #    score  bias  c-Evalue  i-Evalue hmmfrom  hmm to    alifrom  ali to    envfrom  env to     acc
 ---   ------ ----- --------- --------- ------- -------    ------- -------    ------- -------    ----
   1 !  100.6  13.6   2.1e-31   4.1e-30     218     355 ..   20164   20311 ..   20121   20312 .. 0.93
   2 !   35.7   2.6   1.1e-11   2.2e-10       1      38 [.  142630  142667 ..  142630  142669 .. 0.92
   3 !  212.9  14.8   1.5e-65     3e-64     159     356 .]  142658  142855 ..  142658  142855 .. 0.97
   4 !   29.9   0.8   6.4e-10   1.3e-08       1      33 [.  142952  142984 ..  142952  142991 .. 0.94
   5 !  236.9  16.4   7.8e-73   1.5e-71     163     355 ..  142987  143179 ..  142983  143180 .. 0.98
   6 !  459.8  17.9  1.3e-140  2.6e-139       1     356 []  143759  144073 ..  143759  144073 .. 0.95
   7 !   33.7   4.1   4.7e-11   9.2e-10       1      37 [.  144196  144232 ..  144196  144237 .. 0.90
   8 !  216.2  15.1   1.5e-66   2.9e-65     158     356 .]  144229  144429 ..  144227  144429 .. 0.94
   9 !   36.3   3.4   7.3e-12   1.4e-10       1      36 [.  147395  147430 ..  147395  147435 .. 0.93
  10 !  218.0  16.2   4.4e-67   8.7e-66     158     355 ..  147426  147624 ..  147425  147624 .. 0.93
  11 !   83.9  11.6   2.6e-26   5.1e-25     163     312 ..  688737  688880 ..  688730  688890 .. 0.86

>> NZ_LR134090.1_frame=1  Staphylococcus aureus strain NCTC9555 chromosome 1, complete sequence
   #    score  bias  c-Evalue  i-Evalue hmmfrom  hmm to    alifrom  ali to    envfrom  env to     acc
 ---   ------ ----- --------- --------- ------- -------    ------- -------    ------- -------    ----
   1 !  576.6  30.2  4.2e-176  8.2e-175       1     356 []  150420  150775 ..  150420  150775 .. 1.00
   2 !   30.1   5.1   5.8e-10   1.1e-08       1      34 [.  151712  151745 ..  151712  151749 .. 0.94
   3 !  219.3  19.8   1.7e-67   3.4e-66     160     355 ..  151743  151939 ..  151742  151940 .. 0.97
   4 !   26.1   1.0   9.4e-09   1.8e-07       1      33 [.  152430  152462 ..  152430  152468 .. 0.93
   5 !  218.2  13.9   3.7e-67   7.2e-66     161     356 .]  152465  152661 ..  152461  152661 .. 0.96
   6 !   36.4   4.1   7.1e-12   1.4e-10       1      36 [.  154501  154536 ..  154501  154540 .. 0.93
   7 !  203.8  21.8   9.1e-63   1.8e-61     165     355 ..  154537  154727 ..  154533  154727 .. 0.94
   8 !  148.4   4.3   6.3e-46   1.2e-44     147     355 ..  594918  595129 ..  594908  595130 .. 0.90
   9 !  155.9   6.3   3.4e-48   6.6e-47     149     355 ..  595192  595403 ..  595174  595404 .. 0.92

>> NZ_LR134090.1_frame=2  Staphylococcus aureus strain NCTC9555 chromosome 1, complete sequence
   #    score  bias  c-Evalue  i-Evalue hmmfrom  hmm to    alifrom  ali to    envfrom  env to     acc
 ---   ------ ----- --------- --------- ------- -------    ------- -------    ------- -------    ----
   1 !   70.6   3.1   2.8e-22   5.4e-21     278     355 ..  136394  136472 ..  136372  136473 .. 0.92
   2 !   33.8   0.9   4.3e-11   8.3e-10       1      33 [.  150091  150123 ..  150091  150130 .. 0.94
   3 !  235.5  15.9     2e-72     4e-71     163     355 ..  150126  150318 ..  150122  150319 .. 0.98
   4 !  462.9  20.7  1.6e-141    3e-140       1     356 []  150898  151210 ..  150898  151210 .. 0.97
   5 !   38.0   5.1   2.3e-12   4.5e-11       1      37 [.  151333  151369 ..  151333  151374 .. 0.90
   6 !  208.8  16.5   2.7e-64   5.3e-63     158     355 ..  151366  151565 ..  151364  151566 .. 0.93
   7 !   31.2   3.8   2.7e-10   5.3e-09       2      35 ..  152085  152118 ..  152084  152122 .. 0.93
   8 !  201.2  14.0   5.8e-62   1.1e-60     157     355 ..  152115  152311 ..  152114  152312 .. 0.97
   9 !   32.8   2.6   8.5e-11   1.7e-09       1      40 [.  153143  153182 ..  153143  153184 .. 0.97
  10 !  191.2  17.8     6e-59   1.2e-57     165     356 .]  153179  153367 ..  153176  153367 .. 0.95
  11 ?    3.4   0.9     0.075       1.5       1      48 [.  319371  319416 ..  319371  319442 .. 0.75
  12 !   63.6  10.0   3.8e-20   7.3e-19     223     331 ..  434042  434158 ..  433989  434179 .. 0.87

>> NZ_CP136528.1_frame=1  Staphylococcus aureus strain BAA-1556_Catania chromosome, complete genome
   #    score  bias  c-Evalue  i-Evalue hmmfrom  hmm to    alifrom  ali to    envfrom  env to     acc
 ---   ------ ----- --------- --------- ------- -------    ------- -------    ------- -------    ----
   1 !   34.9   2.4     2e-11     4e-10       1      37 [.  148906  148942 ..  148906  148945 .. 0.91
   2 !  200.1  17.8   1.2e-61   2.4e-60     163     356 .]  148938  149131 ..  148936  149131 .. 0.95
   3 !   33.8   0.9   4.3e-11   8.4e-10       1      33 [.  149228  149260 ..  149228  149267 .. 0.94
   4 !  237.3  16.9     6e-73   1.2e-71     164     355 ..  149264  149455 ..  149260  149456 .. 0.98
   5 !  475.1  17.6    3e-145  5.8e-144       1     356 []  150031  150338 ..  150031  150338 .. 0.99
   6 !   34.4   4.8   2.8e-11   5.5e-10       1      36 [.  150461  150496 ..  150461  150499 .. 0.94
   7 !  217.8  15.7   5.1e-67   9.8e-66     156     356 .]  150492  150694 ..  150491  150694 .. 0.95
   8 !   31.2   3.9   2.7e-10   5.3e-09       1      33 [.  151922  151954 ..  151922  151961 .. 0.93
   9 !  213.7  15.8   8.7e-66   1.7e-64     160     355 ..  151956  152152 ..  151952  152153 .. 0.95
  10 !   36.1   3.8   8.8e-12   1.7e-10       1      35 [.  153640  153674 ..  153640  153678 .. 0.94
  11 !   42.5   1.4   9.8e-14   1.9e-12     165     241 ..  153676  153746 ..  153671  153750 .. 0.91
  12 ?   -2.1   0.7       3.6        70       1      90 [.  782770  782856 ..  782770  782908 .. 0.50

>> NZ_CP029678.1_frame=1  Staphylococcus aureus strain AR_0216 chromosome, complete genome
   #    score  bias  c-Evalue  i-Evalue hmmfrom  hmm to    alifrom  ali to    envfrom  env to     acc
 ---   ------ ----- --------- --------- ------- -------    ------- -------    ------- -------    ----
   1 !   34.8   2.4   2.2e-11   4.2e-10       1      37 [.  148323  148359 ..  148323  148362 .. 0.91
   2 !  200.0  17.8   1.3e-61   2.5e-60     163     356 .]  148355  148548 ..  148353  148548 .. 0.95
   3 !   33.7   0.9   4.6e-11   8.9e-10       1      33 [.  148645  148677 ..  148645  148684 .. 0.94
   4 !  237.2  16.9   6.4e-73   1.2e-71     164     355 ..  148681  148872 ..  148677  148873 .. 0.98
   5 !  475.0  17.6  3.2e-145  6.1e-144       1     356 []  149448  149755 ..  149448  149755 .. 0.99
   6 !   34.3   4.8     3e-11   5.9e-10       1      36 [.  149878  149913 ..  149878  149916 .. 0.94
   7 !  217.7  15.7   5.4e-67     1e-65     156     356 .]  149909  150111 ..  149908  150111 .. 0.95
   8 !   31.1   3.9   2.9e-10   5.6e-09       1      33 [.  151339  151371 ..  151339  151378 .. 0.93
   9 !  213.6  15.8   9.2e-66   1.8e-64     160     355 ..  151373  151569 ..  151369  151570 .. 0.95
  10 !   36.0   3.8   9.4e-12   1.8e-10       1      35 [.  153057  153091 ..  153057  153095 .. 0.94
  11 !   42.4   1.4     1e-13     2e-12     165     241 ..  153093  153163 ..  153088  153167 .. 0.91

>> NC_002952.2_frame=1  Staphylococcus aureus subsp. aureus MRSA252, complete sequence
   #    score  bias  c-Evalue  i-Evalue hmmfrom  hmm to    alifrom  ali to    envfrom  env to     acc
 ---   ------ ----- --------- --------- ------- -------    ------- -------    ------- -------    ----
   1 !   35.0   2.7   1.9e-11   3.6e-10       1      38 [.  150854  150891 ..  150854  150893 .. 0.92
   2 !  209.1  15.2   2.3e-64   4.4e-63     159     356 .]  150882  151079 ..  150882  151079 .. 0.96
   3 !   35.2   0.2   1.6e-11   3.2e-10       1      34 [.  151175  151208 ..  151175  151210 .. 0.96
   4 !  236.3  12.8   1.2e-72   2.2e-71     160     356 .]  151207  151405 ..  151205  151405 .. 0.98
   5 !  439.0  14.7  2.8e-134  5.5e-133       1     356 []  151964  152267 ..  151964  152267 .. 0.95
   6 !   37.7   3.8   2.9e-12   5.6e-11       1      36 [.  152391  152426 ..  152391  152430 .. 0.94
   7 !  218.1  16.2     4e-67   7.7e-66     161     356 .]  152427  152624 ..  152424  152624 .. 0.96
   8 !   31.6   5.7     2e-10   3.9e-09       1      33 [.  153120  153152 ..  153120  153155 .. 0.96
   9 !  207.9  16.5     5e-64   9.7e-63     158     355 ..  153152  153350 ..  153150  153351 .. 0.96

>> NC_017338.2_frame=2  Staphylococcus aureus subsp. aureus JKD6159, complete sequence
   #    score  bias  c-Evalue  i-Evalue hmmfrom  hmm to    alifrom  ali to    envfrom  env to     acc
 ---   ------ ----- --------- --------- ------- -------    ------- -------    ------- -------    ----
   1 !   37.4   3.9   3.6e-12     7e-11       1      39 [.  141984  142022 ..  141984  142024 .. 0.92
   2 !  216.1  18.2   1.6e-66   3.1e-65     159     356 .]  142012  142209 ..  142012  142209 .. 0.97
   3 !   36.2   0.6   8.2e-12   1.6e-10       1      33 [.  142295  142327 ..  142295  142333 .. 0.96
   4 !  237.1  15.2   7.1e-73   1.4e-71     164     355 ..  142331  142522 ..  142327  142523 .. 0.99
   5 !  439.7  19.2  1.7e-134  3.3e-133       1     356 []  143024  143333 ..  143024  143333 .. 0.95
   6 !  207.4  15.9   7.4e-64   1.4e-62     168     355 ..  144946  145134 ..  144944  145135 .. 0.95
   7 !   23.5   6.3   5.8e-08   1.1e-06       1      34 [.  145256  145289 ..  145256  145291 .. 0.96
   8 !  211.9  16.3   3.2e-65   6.3e-64     153     356 .]  145281  145482 ..  145279  145482 .. 0.95

>> NC_017763.1_frame=3  Staphylococcus aureus subsp. aureus HO 5096 0412, complete sequence
   #    score  bias  c-Evalue  i-Evalue hmmfrom  hmm to    alifrom  ali to    envfrom  env to     acc
 ---   ------ ----- --------- --------- ------- -------    ------- -------    ------- -------    ----
   1 !   75.8   2.2   7.5e-24   1.5e-22     278     355 ..  129692  129770 ..  129669  129771 .. 0.90
   2 !  507.4  22.8  4.7e-155  9.1e-154       1     356 []  139207  139547 ..  139207  139547 .. 0.97
   3 !   34.1   2.3   3.6e-11   6.9e-10       1      36 [.  139671  139706 ..  139671  139710 .. 0.94
   4 !  213.8  14.7   8.5e-66   1.7e-64     159     356 .]  139705  139904 ..  139703  139904 .. 0.94
   5 !   32.1   4.7   1.4e-10   2.7e-09       1      35 [.  140055  140089 ..  140055  140092 .. 0.95
   6 !  202.7  12.6   1.9e-62   3.7e-61     158     355 ..  140087  140282 ..  140085  140283 .. 0.96
   7 !   35.7   4.0   1.1e-11   2.2e-10       1      34 [.  142143  142176 ..  142143  142180 .. 0.94
   8 !  198.9  19.7   2.8e-61   5.5e-60     165     355 ..  142179  142369 ..  142175  142370 .. 0.94
   9 ?   -1.2   1.9       1.9        37       1      68 [.  629678  629748 ..  629678  629786 .. 0.48
  10 ?   -2.2   1.0       3.9        76       1      92 [.  767719  767807 ..  767719  767856 .. 0.49

>> NC_002745.2_frame=3  Staphylococcus aureus subsp. aureus N315, complete sequence
   #    score  bias  c-Evalue  i-Evalue hmmfrom  hmm to    alifrom  ali to    envfrom  env to     acc
 ---   ------ ----- --------- --------- ------- -------    ------- -------    ------- -------    ----
   1 !   35.7   2.8   1.2e-11   2.3e-10       1      39 [.  147034  147072 ..  147034  147074 .. 0.92
   2 !  213.4  17.9   1.1e-65   2.1e-64     159     356 .]  147062  147259 ..  147062  147259 .. 0.97
   3 !   33.8   0.9   4.3e-11   8.4e-10       1      33 [.  147356  147388 ..  147356  147395 .. 0.94
   4 !  235.5  15.9   2.1e-72     4e-71     163     355 ..  147391  147583 ..  147387  147584 .. 0.98
   5 !   35.2   3.5   1.6e-11   3.2e-10       1      35 [.  148960  148994 ..  148960  148998 .. 0.94
   6 !  203.1  18.5   1.5e-62   2.9e-61     157     355 ..  148991  149187 ..  148990  149188 .. 0.97
   7 !   28.0   4.2   2.6e-09     5e-08       1      33 [.  149663  149695 ..  149663  149702 .. 0.93
   8 !  213.6  16.5   9.6e-66   1.9e-64     160     355 ..  149697  149893 ..  149693  149894 .. 0.95
   9 !   36.1   3.7   8.5e-12   1.7e-10       1      35 [.  151381  151415 ..  151381  151419 .. 0.94
  10 !  212.9  16.1   1.5e-65     3e-64     165     355 ..  151417  151607 ..  151414  151607 .. 0.93
  11 ?    5.7   0.9     0.015      0.29       1      48 [.  317993  318038 ..  317993  318064 .. 0.75
  12 ?   -2.1   1.3       3.7        71       1     105 [.  759419  759520 ..  759419  759556 .. 0.49

>> NZ_CP132371.1_frame=1  Staphylococcus aureus strain UNC_SA38 chromosome, complete genome
   #    score  bias  c-Evalue  i-Evalue hmmfrom  hmm to    alifrom  ali to    envfrom  env to     acc
 ---   ------ ----- --------- --------- ------- -------    ------- -------    ------- -------    ----
   1 ?   -2.1   1.3       3.5        67       1     105 [.  568978  569079 ..  568978  569115 .. 0.49
   2 !   75.7   2.7   8.1e-24   1.6e-22     278     355 ..  881104  881182 ..  881082  881183 .. 0.90
   3 !   35.7   2.8   1.1e-11   2.2e-10       1      39 [.  889130  889168 ..  889130  889170 .. 0.92
   4 !  213.5  17.9     1e-65     2e-64     159     356 .]  889158  889355 ..  889158  889355 .. 0.97
   5 !   33.9   0.9   4.1e-11     8e-10       1      33 [.  889452  889484 ..  889452  889491 .. 0.94
   6 !  235.6  15.9     2e-72   3.8e-71     163     355 ..  889487  889679 ..  889483  889680 .. 0.98
   7 !   35.3   3.5   1.6e-11     3e-10       1      35 [.  891056  891090 ..  891056  891094 .. 0.94
   8 !  203.2  18.5   1.4e-62   2.7e-61     157     355 ..  891087  891283 ..  891086  891284 .. 0.97
   9 !   28.0   4.2   2.5e-09   4.8e-08       1      33 [.  891759  891791 ..  891759  891798 .. 0.93
  10 !  213.7  16.5   9.1e-66   1.8e-64     160     355 ..  891793  891989 ..  891789  891990 .. 0.95
  11 !   36.2   3.7   8.1e-12   1.6e-10       1      35 [.  893477  893511 ..  893477  893515 .. 0.94
  12 !  213.0  16.1   1.4e-65   2.8e-64     165     355 ..  893513  893703 ..  893510  893703 .. 0.93

>> NC_007795.1_frame=3  Staphylococcus aureus subsp. aureus NCTC 8325 chromosome, complete genome
   #    score  bias  c-Evalue  i-Evalue hmmfrom  hmm to    alifrom  ali to    envfrom  env to     acc
 ---   ------ ----- --------- --------- ------- -------    ------- -------    ------- -------    ----
   1 !   76.1   2.1   5.9e-24   1.2e-22     278     355 ..  121412  121490 ..  121390  121491 .. 0.91
   2 !  587.8  29.5  1.6e-179  3.2e-178       1     356 []  130082  130437 ..  130082  130437 .. 1.00
   3 !   27.1   0.8   4.9e-09   9.4e-08       1      33 [.  132092  132124 ..  132092  132130 .. 0.93
   4 !  219.8  14.4   1.2e-67   2.4e-66     161     356 .]  132127  132323 ..  132123  132323 .. 0.96
   5 !   22.7   5.8     1e-07     2e-06       1      34 [.  132806  132839 ..  132806  132840 .. 0.97
   6 !  201.3  18.0   5.3e-62     1e-60     153     356 .]  132831  133032 ..  132829  133032 .. 0.95
   7 ?    2.4   0.7      0.15       2.9       1      48 [.  296658  296703 ..  296658  296729 .. 0.75
   8 ?   -2.2   0.7       3.7        72       1      90 [.  763178  763264 ..  763178  763316 .. 0.50

>> NZ_CP113052.1_frame=1  Staphylococcus aureus strain Fizz chromosome, complete genome
   #    score  bias  c-Evalue  i-Evalue hmmfrom  hmm to    alifrom  ali to    envfrom  env to     acc
 ---   ------ ----- --------- --------- ------- -------    ------- -------    ------- -------    ----
   1 ?   -2.1   0.7       3.6        70       1      90 [.  135253  135339 ..  135253  135391 .. 0.50
   2 !   76.2   2.1   5.7e-24   1.1e-22     278     355 ..  452364  452442 ..  452342  452443 .. 0.91
   3 !  569.0  29.9  8.3e-174  1.6e-172       1     356 []  461034  461385 ..  461034  461385 .. 1.00
   4 !   27.1   0.8   4.7e-09   9.1e-08       1      33 [.  463057  463089 ..  463057  463095 .. 0.93
   5 !  219.9  14.4   1.2e-67   2.3e-66     161     356 .]  463092  463288 ..  463088  463288 .. 0.96
   6 !   22.7   5.8     1e-07     2e-06       1      34 [.  463771  463804 ..  463771  463805 .. 0.97
   7 !  201.3  18.0   5.1e-62     1e-60     153     356 .]  463796  463997 ..  463794  463997 .. 0.95

>> NZ_CP136528.1_frame=3  Staphylococcus aureus strain BAA-1556_Catania chromosome, complete genome
   #    score  bias  c-Evalue  i-Evalue hmmfrom  hmm to    alifrom  ali to    envfrom  env to     acc
 ---   ------ ----- --------- --------- ------- -------    ------- -------    ------- -------    ----
   1 !   76.2   2.1   5.7e-24   1.1e-22     278     355 ..  140886  140964 ..  140864  140965 .. 0.91
   2 !  569.0  29.9  8.3e-174  1.6e-172       1     356 []  149556  149907 ..  149556  149907 .. 1.00
   3 !   27.1   0.8   4.7e-09   9.1e-08       1      33 [.  151562  151594 ..  151562  151600 .. 0.93
   4 !  219.9  14.4   1.2e-67   2.3e-66     161     356 .]  151597  151793 ..  151593  151793 .. 0.96
   5 !   22.7   5.8     1e-07     2e-06       1      34 [.  152276  152309 ..  152276  152310 .. 0.97
   6 !  201.3  18.0   5.1e-62     1e-60     153     356 .]  152301  152502 ..  152299  152502 .. 0.95

>> NZ_CP029678.1_frame=3  Staphylococcus aureus strain AR_0216 chromosome, complete genome
   #    score  bias  c-Evalue  i-Evalue hmmfrom  hmm to    alifrom  ali to    envfrom  env to     acc
 ---   ------ ----- --------- --------- ------- -------    ------- -------    ------- -------    ----
   1 !   76.1   2.1   6.1e-24   1.2e-22     278     355 ..  140303  140381 ..  140281  140382 .. 0.91
   2 !  569.0  29.9  8.9e-174  1.7e-172       1     356 []  148973  149324 ..  148973  149324 .. 1.00
   3 !   27.0   0.8     5e-09   9.7e-08       1      33 [.  150979  151011 ..  150979  151017 .. 0.93
   4 !  219.8  14.4   1.3e-67   2.5e-66     161     356 .]  151014  151210 ..  151010  151210 .. 0.96
   5 !   22.6   5.8   1.1e-07   2.1e-06       1      34 [.  151693  151726 ..  151693  151727 .. 0.97
   6 !  201.2  18.0   5.4e-62   1.1e-60     153     356 .]  151718  151919 ..  151716  151919 .. 0.95
   7 ?   -2.2   0.7       3.8        74       1      90 [.  796838  796924 ..  796838  796976 .. 0.50

>> NC_002953.3_frame=2  Staphylococcus aureus subsp. aureus MSSA476, complete sequence
   #    score  bias  c-Evalue  i-Evalue hmmfrom  hmm to    alifrom  ali to    envfrom  env to     acc
 ---   ------ ----- --------- --------- ------- -------    ------- -------    ------- -------    ----
   1 ?    8.9   3.6    0.0016     0.031     258     326 ..   20463   20531 ..   20460   20546 .. 0.81
   2 !   76.5   2.0   4.5e-24   8.8e-23     278     355 ..  131296  131374 ..  131272  131375 .. 0.90
   3 !  579.2  30.6  6.9e-177  1.3e-175       1     356 []  143281  143636 ..  143281  143636 .. 1.00
   4 !   29.9   4.3   6.6e-10   1.3e-08       2      35 ..  144954  144987 ..  144953  144991 .. 0.93
   5 !  203.0  14.9   1.6e-62   3.1e-61     157     355 ..  144984  145180 ..  144983  145181 .. 0.97
   6 !   22.8   6.6   9.6e-08   1.9e-06       1      34 [.  146009  146042 ..  146009  146043 .. 0.97
   7 !  201.3  18.0   5.2e-62     1e-60     153     356 .]  146034  146235 ..  146032  146235 .. 0.95
   8 ?    2.5   0.7      0.15       2.8       1      48 [.  312639  312684 ..  312639  312710 .. 0.75
   9 ?   -2.6   1.5       4.9        96       1      56 [.  623009  623067 ..  623009  623117 .. 0.46

>> NC_002952.2_frame=3  Staphylococcus aureus subsp. aureus MRSA252, complete sequence
   #    score  bias  c-Evalue  i-Evalue hmmfrom  hmm to    alifrom  ali to    envfrom  env to     acc
 ---   ------ ----- --------- --------- ------- -------    ------- -------    ------- -------    ----
   1 !  497.8  22.4  3.7e-152  7.1e-151       1     356 []  151504  151844 ..  151504  151844 .. 0.99
   2 !   32.2   4.0   1.3e-10   2.6e-09       1      35 [.  152774  152808 ..  152774  152810 .. 0.95
   3 !  200.7  11.9     8e-62   1.6e-60     158     355 ..  152806  153001 ..  152804  153002 .. 0.97
   4 !   21.3   8.0   2.8e-07   5.5e-06       1      35 [.  153473  153507 ..  153473  153513 .. 0.91
   5 !  213.5  14.8     1e-65     2e-64     152     356 .]  153497  153699 ..  153496  153699 .. 0.95

>> NC_017338.2_frame=3  Staphylococcus aureus subsp. aureus JKD6159, complete sequence
   #    score  bias  c-Evalue  i-Evalue hmmfrom  hmm to    alifrom  ali to    envfrom  env to     acc
 ---   ------ ----- --------- --------- ------- -------    ------- -------    ------- -------    ----
   1 !   58.0   1.5   1.9e-18   3.6e-17     241     329 ..   25763   25860 ..   25702   25868 .. 0.82
   2 !   36.6   3.8   6.2e-12   1.2e-10       1      37 [.  143456  143492 ..  143456  143497 .. 0.92
   3 !  218.2  15.7   3.7e-67   7.3e-66     161     356 .]  143492  143689 ..  143489  143689 .. 0.94
   4 !   34.2   4.6   3.3e-11   6.4e-10       1      35 [.  144208  144242 ..  144208  144246 .. 0.94
   5 !  204.2  16.3     7e-63   1.4e-61     158     355 ..  144240  144435 ..  144238  144436 .. 0.97
   6 !   29.8   4.4   7.4e-10   1.4e-08       1      33 [.  144550  144582 ..  144550  144588 .. 0.93
   7 !  215.4  15.8   2.7e-66   5.2e-65     161     356 .]  144585  144781 ..  144581  144781 .. 0.96
   8 !   36.8   1.5   5.3e-12     1e-10       1      33 [.  144908  144940 ..  144908  144959 .. 0.89
   9 !   36.5   3.6   6.5e-12   1.3e-10       1      38 [.  146658  146695 ..  146658  146700 .. 0.91
  10 !  213.3  19.4   1.2e-65   2.3e-64     158     355 ..  146689  146887 ..  146688  146888 .. 0.94
  11 ?    0.6   0.7      0.52        10       1      73 [.  628600  628675 ..  628600  628768 .. 0.67

>> NZ_CP011877.1_frame=-1  Staphylococcus aureus strain 12S01032 chromosome, complete genome
   #    score  bias  c-Evalue  i-Evalue hmmfrom  hmm to    alifrom  ali to    envfrom  env to     acc
 ---   ------ ----- --------- --------- ------- -------    ------- -------    ------- -------    ----
   1 ?   -1.4   0.4       2.2        44       1      47 [.  287559  287606 ..  287559  287654 .. 0.57
   2 !   75.9   1.9   6.7e-24   1.3e-22     279     355 ..  748643  748720 ..  748633  748721 .. 0.93
   3 !  503.5  22.3    7e-154  1.4e-152       1     356 []  757772  758112 ..  757772  758112 .. 0.99
   4 !   32.1   4.7   1.4e-10   2.8e-09       1      35 [.  759053  759087 ..  759053  759090 .. 0.95
   5 !  200.7  13.4   8.2e-62   1.6e-60     158     355 ..  759085  759280 ..  759083  759281 .. 0.97
   6 ?    3.0   0.7     0.098       1.9       1      48 [.  934164  934209 ..  934164  934235 .. 0.73

>> NC_002953.3_frame=1  Staphylococcus aureus subsp. aureus MSSA476, complete sequence
   #    score  bias  c-Evalue  i-Evalue hmmfrom  hmm to    alifrom  ali to    envfrom  env to     acc
 ---   ------ ----- --------- --------- ------- -------    ------- -------    ------- -------    ----
   1 !   29.4   4.6   9.5e-10   1.8e-08       1      33 [.  144580  144612 ..  144580  144615 .. 0.95
   2 !  211.3  18.3   4.8e-65   9.3e-64     160     355 ..  144611  144808 ..  144610  144809 .. 0.95
   3 !   29.3   1.0     1e-09     2e-08       1      33 [.  145298  145330 ..  145298  145336 .. 0.93
   4 !  219.2  13.9   1.9e-67   3.6e-66     161     356 .]  145333  145529 ..  145329  145529 .. 0.96
   5 !   30.5   3.3   4.4e-10   8.5e-09       1      33 [.  145657  145689 ..  145657  145696 .. 0.93
   6 !  213.5  14.3     1e-65     2e-64     160     355 ..  145691  145887 ..  145687  145888 .. 0.95
   7 !   77.7  12.6     2e-24   3.8e-23     169     315 ..  688494  688636 ..  688482  688660 .. 0.91
   8 ?   -2.1   1.3       3.6        70       1     105 [.  758716  758817 ..  758716  758853 .. 0.49

>> NC_017338.2_frame=1  Staphylococcus aureus subsp. aureus JKD6159, complete sequence
   #    score  bias  c-Evalue  i-Evalue hmmfrom  hmm to    alifrom  ali to    envfrom  env to     acc
 ---   ------ ----- --------- --------- ------- -------    ------- -------    ------- -------    ----
   1 !   76.0   2.9   6.3e-24   1.2e-22     278     355 ..  132374  132452 ..  132352  132453 .. 0.91
   2 !  389.3  28.2  3.7e-119  7.2e-118       1     356 []  142623  142903 ..  142623  142903 .. 0.92
   3 !   33.0   5.6   7.6e-11   1.5e-09       1      34 [.  143840  143873 ..  143840  143877 .. 0.94
   4 !  220.4  21.4   8.2e-68   1.6e-66     160     355 ..  143871  144067 ..  143870  144068 .. 0.97
   5 ?    3.4   0.9     0.076       1.5       1      48 [.  312095  312140 ..  312095  312166 .. 0.75
   6 ?   -2.1   1.4       3.4        67       1     106 [.  764443  764545 ..  764443  764581 .. 0.50

>> NC_017763.1_frame=1  Staphylococcus aureus subsp. aureus HO 5096 0412, complete sequence
   #    score  bias  c-Evalue  i-Evalue hmmfrom  hmm to    alifrom  ali to    envfrom  env to     acc
 ---   ------ ----- --------- --------- ------- -------    ------- -------    ------- -------    ----
   1 !   35.2   2.2   1.7e-11   3.3e-10       1      38 [.  138556  138593 ..  138556  138595 .. 0.91
   2 !  201.3  13.5   5.1e-62   9.9e-61     163     356 .]  138588  138781 ..  138586  138781 .. 0.96
   3 !   28.1   4.1   2.3e-09   4.6e-08       1      33 [.  140401  140433 ..  140401  140440 .. 0.93
   4 !  208.4  11.8   3.6e-64     7e-63     161     355 ..  140436  140631 ..  140433  140632 .. 0.95
   5 !   20.8   7.3   3.9e-07   7.7e-06       1      34 [.  140756  140789 ..  140756  140791 .. 0.96
   6 !  209.7  15.2   1.5e-64   2.9e-63     153     356 .]  140781  140982 ..  140779  140982 .. 0.94
   7 ?    4.6   0.6     0.033      0.64       1      50 [.  306593  306638 ..  306593  306667 .. 0.74

>> NZ_CP136528.1_frame=2  Staphylococcus aureus strain BAA-1556_Catania chromosome, complete genome
   #    score  bias  c-Evalue  i-Evalue hmmfrom  hmm to    alifrom  ali to    envfrom  env to     acc
 ---   ------ ----- --------- --------- ------- -------    ------- -------    ------- -------    ----
   1 !   30.1   5.1   5.7e-10   1.1e-08       1      34 [.  150844  150877 ..  150844  150881 .. 0.94
   2 !  220.1  20.9     1e-67     2e-66     160     355 ..  150875  151071 ..  150874  151072 .. 0.97
   3 !   29.9   4.3   6.5e-10   1.3e-08       2      35 ..  151217  151250 ..  151216  151254 .. 0.93
   4 !  213.3  18.2   1.2e-65   2.3e-64     157     356 .]  151247  151444 ..  151246  151444 .. 0.97
   5 !  149.5  12.3   2.9e-46   5.6e-45     244     355 ..  153747  153862 ..  153743  153862 .. 0.96
   6 ?    2.5   0.7      0.15       2.8       1      48 [.  329856  329901 ..  329856  329927 .. 0.75

>> NZ_CP113052.1_frame=3  Staphylococcus aureus strain Fizz chromosome, complete genome
   #    score  bias  c-Evalue  i-Evalue hmmfrom  hmm to    alifrom  ali to    envfrom  env to     acc
 ---   ------ ----- --------- --------- ------- -------    ------- -------    ------- -------    ----
   1 !   30.1   5.1   5.7e-10   1.1e-08       1      34 [.  462338  462371 ..  462338  462375 .. 0.94
   2 !  220.1  20.9     1e-67     2e-66     160     355 ..  462369  462565 ..  462368  462566 .. 0.97
   3 !   29.9   4.3   6.5e-10   1.3e-08       2      35 ..  462711  462744 ..  462710  462748 .. 0.93
   4 !  213.3  18.2   1.2e-65   2.3e-64     157     356 .]  462741  462938 ..  462740  462938 .. 0.97
   5 !  149.5  12.3   2.9e-46   5.6e-45     244     355 ..  465241  465356 ..  465237  465356 .. 0.96
   6 ?    2.5   0.7      0.15       2.8       1      48 [.  641368  641413 ..  641368  641439 .. 0.75

>> NZ_LS483357.1_frame=1  Streptococcus pyogenes strain NCTC8326 chromosome 1, complete sequence
   #    score  bias  c-Evalue  i-Evalue hmmfrom  hmm to    alifrom  ali to    envfrom  env to     acc
 ---   ------ ----- --------- --------- ------- -------    ------- -------    ------- -------    ----
   1 !   43.7   4.8   4.2e-14   8.2e-13     202     323 ..  219448  219580 ..  219386  219587 .. 0.67
   2 !   64.5  11.2     2e-20   3.9e-19     154     332 ..  430320  430499 ..  430315  430520 .. 0.74
   3 !   48.0   7.5   2.1e-15   4.1e-14     216     330 ..  567857  567975 ..  567805  568001 .. 0.73



Internal pipeline statistics summary:
-------------------------------------
Query model(s):                              1  (356 nodes)
Target sequences:                          564  (304447416 residues searched)
Passed MSV filter:                       334  (0.592199); expected 11.3 (0.02)
Passed bias filter:                      134  (0.237589); expected 11.3 (0.02)
Passed Vit filter:                       134  (0.237589); expected 0.6 (0.001)
Passed Fwd filter:                        32  (0.0567376); expected 0.0 (1e-05)
Initial search space (Z):                564  [actual number of targets]
Domain search space  (domZ):              29  [number of targets reported over threshold]
# CPU time: 96.50u 0.18s 00:01:36.68 Elapsed: 00:02:42.85
# Mc/sec: 665.54

@@ New targets included:   1
@@ New alignment includes: 229 subseqs (was 218), including original query
@@ Continuing to next round.

@@
@@ Round:                  4
@@ Included in MSA:        229 subsequences (query + 228 subseqs from 29 targets)
@@ Model size:             356 positions
@@

Scores for complete sequences (score includes all domains):
   --- full sequence ---   --- best 1 domain ---    -#dom-
    E-value  score  bias    E-value  score  bias    exp  N  Sequence               Description
    ------- ------ -----    ------- ------ -----   ---- --  --------               -----------
          0 1600.3 187.0   2.6e-177  584.8  30.0   16.4  9  NC_002745.2_frame=2     Staphylococcus aureus subsp. aureus N
          0 1560.1 310.8   2.9e-143  472.8  18.8   15.5 11  NC_007795.1_frame=1     Staphylococcus aureus subsp. aureus N
          0 1547.6 167.7   2.8e-177  584.6  29.6   20.1  8  NZ_CP132371.1_frame=3   Staphylococcus aureus strain UNC_SA38
          0 1417.5 196.9   6.3e-144  475.0  16.9   20.7 11  NZ_CP011877.1_frame=-2  Staphylococcus aureus strain 12S01032
          0 1404.3 169.7   6.8e-176  580.1  30.9   31.2  9  NZ_LR134090.1_frame=1   Staphylococcus aureus strain NCTC9555
          0 1403.0 300.8   6.6e-148  488.1  20.0   15.7 11  NZ_CP113052.1_frame=2   Staphylococcus aureus strain Fizz chr
          0 1393.8 192.6   4.5e-139  459.0  18.7   18.1 11  NC_002953.3_frame=3     Staphylococcus aureus subsp. aureus M
          0 1312.0 190.1   4.3e-140  462.3  21.5   39.8 13  NZ_LR134090.1_frame=2   Staphylococcus aureus strain NCTC9555
          0 1300.9 430.6   1.2e-143  474.0  18.5   20.1 11  NZ_CP029678.1_frame=1   Staphylococcus aureus strain AR_0216 
          0 1293.6 177.4   1.1e-143  474.1  18.5   20.5 12  NZ_CP136528.1_frame=1   Staphylococcus aureus strain BAA-1556
          0 1291.8 264.7   1.3e-132  437.7  15.6   13.8  9  NC_002952.2_frame=1     Staphylococcus aureus subsp. aureus M
          0 1216.6 147.8   2.8e-132  436.6  20.0   16.6  8  NC_017338.2_frame=2     Staphylococcus aureus subsp. aureus J
          0 1110.2 137.3   9.3e-155  510.6  23.1   19.5  9  NC_017763.1_frame=3     Staphylococcus aureus subsp. aureus H
          0 1060.2 304.0      5e-70  231.9  15.5   17.1 13  NC_002745.2_frame=3     Staphylococcus aureus subsp. aureus N
          0 1051.4 176.7    4.8e-70  231.9  15.5   19.8 12  NZ_CP132371.1_frame=1   Staphylococcus aureus strain UNC_SA38
          0 1014.1 108.3   1.6e-179  592.0  30.2   16.2  9  NC_007795.1_frame=3     Staphylococcus aureus subsp. aureus N
   8.1e-302  994.3 108.7   1.4e-173  572.5  30.6   16.8  7  NZ_CP113052.1_frame=1   Staphylococcus aureus strain Fizz chr
   8.2e-302  994.3 108.7   1.4e-173  572.5  30.6   19.2  6  NZ_CP136528.1_frame=3   Staphylococcus aureus strain BAA-1556
     1e-301  994.0 108.7   1.5e-173  572.4  30.6   12.2  7  NZ_CP029678.1_frame=3   Staphylococcus aureus strain AR_0216 
   1.1e-299  987.3 114.0   9.6e-177  582.9  31.2   18.3  9  NC_002953.3_frame=2     Staphylococcus aureus subsp. aureus M
   8.8e-262  862.6  91.4   2.9e-152  502.4  22.7   13.5  5  NC_002952.2_frame=3     Staphylococcus aureus subsp. aureus M
   1.3e-260  858.8 157.7    1.5e-64  213.9  14.9   23.3 11  NC_017338.2_frame=3     Staphylococcus aureus subsp. aureus J
   3.5e-224  739.0  66.5   6.6e-154  507.8  22.7   12.8  7  NZ_CP011877.1_frame=-1  Staphylococcus aureus strain 12S01032
   3.5e-199  656.7 114.4    2.7e-65  216.3  13.4   15.9  9  NC_002953.3_frame=1     Staphylococcus aureus subsp. aureus M
     3e-196  647.0  68.1   3.2e-121  400.3  14.6   11.1  7  NC_017338.2_frame=1     Staphylococcus aureus subsp. aureus J
   8.4e-164  540.3 157.7    2.9e-64  212.9  20.6    8.9  7  NZ_CP136528.1_frame=2   Staphylococcus aureus strain BAA-1556
   3.4e-160  528.5  90.8    2.9e-64  212.9  20.6   16.1  7  NZ_CP113052.1_frame=3   Staphylococcus aureus strain Fizz chr
    1.4e-68  227.1  44.6    3.4e-32  107.4  12.9    4.9  3  NZ_LS483357.1_frame=1   Streptococcus pyogenes strain NCTC832
+   7.4e-51  168.8  51.6    4.8e-24   80.6   8.4    7.9  4  NZ_LR134284.1_frame=2   Streptococcus pyogenes strain NCTC823
+   1.3e-49  164.7  48.1    4.1e-32  107.2  12.7    3.0  2  NZ_CP155738.1_frame=3   Streptococcus pyogenes strain 1510/08
+   8.4e-31  102.9  25.3    3.9e-19   64.5   7.0    7.5  2  NZ_CP118481.1_frame=2   Streptococcus pyogenes strain 2018532


Domain annotation for each sequence:
>> NC_002745.2_frame=2  Staphylococcus aureus subsp. aureus N315, complete sequence
   #    score  bias  c-Evalue  i-Evalue hmmfrom  hmm to    alifrom  ali to    envfrom  env to     acc
 ---   ------ ----- --------- --------- ------- -------    ------- -------    ------- -------    ----
   1 !  584.8  30.0  1.4e-178  2.6e-177       1     356 []  147685  148040 ..  147685  148040 .. 1.00
   2 !  420.6  27.7  1.1e-128  2.1e-127       1     356 []  148163  148454 ..  148163  148454 .. 0.97
   3 !   33.7   3.2     5e-11     9e-10       1      37 [.  148577  148613 ..  148577  148616 .. 0.94
   4 !  211.3  14.8   5.1e-65   9.2e-64     156     356 .]  148608  148810 ..  148607  148810 .. 0.95
   5 !   32.4   1.1   1.2e-10   2.2e-09       1      36 [.  149305  149340 ..  149305  149344 .. 0.93
   6 !  217.7  14.0   5.6e-67     1e-65     159     356 .]  149338  149536 ..  149336  149536 .. 0.97
   7 !   31.1   4.5   2.9e-10   5.3e-09       1      36 [.  150018  150053 ..  150018  150057 .. 0.94
   8 !  189.2  18.0   2.5e-58   4.5e-57     153     356 .]  150043  150244 ..  150043  150244 .. 0.95
   9 !   77.7  10.8     2e-24   3.7e-23     170     315 ..  685751  685891 ..  685743  685925 .. 0.91

>> NC_007795.1_frame=1  Staphylococcus aureus subsp. aureus NCTC 8325 chromosome, complete genome
   #    score  bias  c-Evalue  i-Evalue hmmfrom  hmm to    alifrom  ali to    envfrom  env to     acc
 ---   ------ ----- --------- --------- ------- -------    ------- -------    ------- -------    ----
   1 !   38.4   1.9   1.8e-12   3.3e-11       1      39 [.  129432  129470 ..  129432  129472 .. 0.96
   2 !  196.8  16.9   1.2e-60   2.2e-59     164     356 .]  129465  129657 ..  129463  129657 .. 0.96
   3 !   33.1   0.8   7.1e-11   1.3e-09       1      33 [.  129754  129786 ..  129754  129789 .. 0.97
   4 !  233.0  17.5   1.2e-71   2.2e-70     163     355 ..  129789  129981 ..  129785  129982 .. 0.98
   5 !  472.8  18.8  1.6e-144  2.9e-143       1     356 []  130561  130868 ..  130561  130868 .. 0.99
   6 !   34.1   4.7   3.6e-11   6.5e-10       1      37 [.  130991  131027 ..  130991  131029 .. 0.94
   7 !  212.0  15.6   3.1e-65   5.6e-64     156     356 .]  131022  131224 ..  131021  131224 .. 0.96
   8 !   31.6   4.3   2.2e-10   3.9e-09       1      34 [.  132452  132485 ..  132452  132491 .. 0.92
   9 !  211.3  15.6   4.8e-65   8.8e-64     160     355 ..  132486  132682 ..  132482  132683 .. 0.96
  10 !   35.4   3.7   1.4e-11   2.6e-10       1      34 [.  134170  134203 ..  134170  134208 .. 0.93
  11 !  214.6  15.6   4.8e-66   8.8e-65     165     355 ..  134206  134394 ..  134201  134394 .. 0.96

>> NZ_CP132371.1_frame=3  Staphylococcus aureus strain UNC_SA38 chromosome, complete genome
   #    score  bias  c-Evalue  i-Evalue hmmfrom  hmm to    alifrom  ali to    envfrom  env to     acc
 ---   ------ ----- --------- --------- ------- -------    ------- -------    ------- -------    ----
   1 !  584.6  29.6  1.6e-178  2.8e-177       1     356 []  889780  890135 ..  889780  890135 .. 1.00
   2 !  420.7  27.7  1.1e-128    2e-127       1     356 []  890258  890549 ..  890258  890549 .. 0.97
   3 !   33.7   3.2   4.7e-11   8.6e-10       1      37 [.  890672  890708 ..  890672  890711 .. 0.94
   4 !  211.3  14.8   4.8e-65   8.8e-64     156     356 .]  890703  890905 ..  890702  890905 .. 0.95
   5 !   32.5   1.1   1.1e-10     2e-09       1      36 [.  891400  891435 ..  891400  891439 .. 0.93
   6 !  217.8  14.0   5.3e-67   9.7e-66     159     356 .]  891433  891631 ..  891431  891631 .. 0.97
   7 !   31.2   4.5   2.8e-10     5e-09       1      36 [.  892113  892148 ..  892113  892152 .. 0.94
   8 !  189.3  18.0   2.4e-58   4.3e-57     153     356 .]  892138  892339 ..  892138  892339 .. 0.95

>> NZ_CP011877.1_frame=-2  Staphylococcus aureus strain 12S01032 chromosome, complete genome
   #    score  bias  c-Evalue  i-Evalue hmmfrom  hmm to    alifrom  ali to    envfrom  env to     acc
 ---   ------ ----- --------- --------- ------- -------    ------- -------    ------- -------    ----
   1 !   38.3   2.3     2e-12   3.6e-11       1      39 [.  757121  757159 ..  757121  757161 .. 0.96
   2 !  202.6  18.9   2.2e-62   4.1e-61     165     356 .]  757155  757346 ..  757153  757346 .. 0.96
   3 !  475.0  16.9  3.4e-145  6.3e-144       1     355 [.  758231  758544 ..  758231  758545 .. 0.99
   4 !   36.7   4.9   5.9e-12   1.1e-10       1      39 [.  758669  758707 ..  758669  758711 .. 0.92
   5 !  212.5  15.4   2.2e-65     4e-64     158     356 .]  758702  758902 ..  758700  758902 .. 0.96
   6 !   31.9   6.6   1.8e-10   3.2e-09       1      34 [.  759398  759431 ..  759398  759437 .. 0.92
   7 !  204.0  16.7   8.1e-63   1.5e-61     158     355 ..  759430  759628 ..  759428  759629 .. 0.97
   8 !   25.2   6.0   1.9e-08   3.5e-07       1      36 [.  759753  759788 ..  759753  759794 .. 0.90
   9 !  190.9  14.7   7.6e-59   1.4e-57     158     356 .]  759783  759979 ..  759782  759979 .. 0.94
  10 !   35.5   4.1   1.4e-11   2.5e-10       1      35 [.  761111  761145 ..  761111  761151 .. 0.91
  11 !  214.4  10.9   5.7e-66     1e-64     165     355 ..  761147  761336 ..  761144  761336 .. 0.96

>> NZ_LR134090.1_frame=1  Staphylococcus aureus strain NCTC9555 chromosome 1, complete sequence
   #    score  bias  c-Evalue  i-Evalue hmmfrom  hmm to    alifrom  ali to    envfrom  env to     acc
 ---   ------ ----- --------- --------- ------- -------    ------- -------    ------- -------    ----
   1 !  580.1  30.9  3.7e-177  6.8e-176       1     356 []  150420  150775 ..  150420  150775 .. 1.00
   2 !   30.0   5.1   6.3e-10   1.1e-08       1      35 [.  151712  151746 ..  151712  151749 .. 0.94
   3 !  212.1  19.5   2.8e-65   5.1e-64     160     355 ..  151743  151939 ..  151742  151940 .. 0.97
   4 !   30.0   1.1   6.4e-10   1.2e-08       1      36 [.  152430  152465 ..  152430  152469 .. 0.93
   5 !  216.1  13.5   1.7e-66   3.1e-65     159     356 .]  152463  152661 ..  152461  152661 .. 0.97
   6 !   35.7   3.9   1.2e-11   2.2e-10       1      35 [.  154501  154535 ..  154501  154539 .. 0.93
   7 !  193.8  22.2     1e-59   1.9e-58     164     355 ..  154536  154727 ..  154532  154727 .. 0.95
   8 !  151.4   4.0   8.2e-47   1.5e-45     142     355 ..  594913  595129 ..  594905  595130 .. 0.93
   9 !  153.7   6.7   1.6e-47   2.9e-46     148     355 ..  595191  595403 ..  595174  595404 .. 0.91

>> NZ_CP113052.1_frame=2  Staphylococcus aureus strain Fizz chromosome, complete genome
   #    score  bias  c-Evalue  i-Evalue hmmfrom  hmm to    alifrom  ali to    envfrom  env to     acc
 ---   ------ ----- --------- --------- ------- -------    ------- -------    ------- -------    ----
   1 !   38.4   1.9   1.8e-12   3.2e-11       1      39 [.  460383  460421 ..  460383  460423 .. 0.96
   2 !  196.9  16.9   1.2e-60   2.2e-59     164     356 .]  460416  460608 ..  460414  460608 .. 0.96
   3 !   33.2   0.8   6.9e-11   1.3e-09       1      33 [.  460705  460737 ..  460705  460740 .. 0.97
   4 !  233.1  17.5   1.2e-71   2.2e-70     163     355 ..  460740  460932 ..  460736  460933 .. 0.98
   5 !  488.1  20.0  3.6e-149  6.6e-148       1     356 []  461508  461832 ..  461508  461832 .. 0.97
   6 !   34.2   4.7   3.4e-11   6.3e-10       1      37 [.  461955  461991 ..  461955  461993 .. 0.94
   7 !  212.0  15.6     3e-65   5.4e-64     156     356 .]  461986  462188 ..  461985  462188 .. 0.96
   8 !   31.6   4.3   2.1e-10   3.8e-09       1      34 [.  463416  463449 ..  463416  463455 .. 0.92
   9 !  211.4  15.6   4.7e-65   8.5e-64     160     355 ..  463450  463646 ..  463446  463647 .. 0.96
  10 !   35.0   4.1     2e-11   3.6e-10       1      34 [.  465134  465167 ..  465134  465171 .. 0.94
  11 !   40.8   0.8   3.4e-13   6.1e-12     165     241 ..  465170  465240 ..  465166  465244 .. 0.92

>> NC_002953.3_frame=3  Staphylococcus aureus subsp. aureus MSSA476, complete sequence
   #    score  bias  c-Evalue  i-Evalue hmmfrom  hmm to    alifrom  ali to    envfrom  env to     acc
 ---   ------ ----- --------- --------- ------- -------    ------- -------    ------- -------    ----
   1 !  102.1  13.4   7.8e-32   1.4e-30     207     355 ..   20152   20311 ..   20101   20312 .. 0.89
   2 !   39.3   2.2   9.5e-13   1.7e-11       1      40 [.  142630  142669 ..  142630  142670 .. 0.96
   3 !  205.9  14.2   2.2e-63     4e-62     162     356 .]  142661  142855 ..  142660  142855 .. 0.96
   4 !   29.3   0.7   1.1e-09     2e-08       1      33 [.  142952  142984 ..  142952  142987 .. 0.97
   5 !  233.1  16.1   1.2e-71   2.1e-70     164     355 ..  142988  143179 ..  142984  143180 .. 0.98
   6 !  459.0  18.7  2.5e-140  4.5e-139       1     356 []  143759  144073 ..  143759  144073 .. 0.97
   7 !   33.7   3.2   4.9e-11   8.8e-10       1      37 [.  144196  144232 ..  144196  144235 .. 0.94
   8 !  210.5  15.1   8.8e-65   1.6e-63     156     356 .]  144227  144429 ..  144226  144429 .. 0.95
   9 !   36.3   3.6   8.1e-12   1.5e-10       1      38 [.  147395  147432 ..  147395  147437 .. 0.91
  10 !  206.8  16.0   1.2e-63   2.2e-62     159     355 ..  147427  147624 ..  147425  147624 .. 0.93
  11 !   85.3  11.7     1e-26   1.9e-25     163     314 ..  688737  688884 ..  688729  688892 .. 0.88

>> NZ_LR134090.1_frame=2  Staphylococcus aureus strain NCTC9555 chromosome 1, complete sequence
   #    score  bias  c-Evalue  i-Evalue hmmfrom  hmm to    alifrom  ali to    envfrom  env to     acc
 ---   ------ ----- --------- --------- ------- -------    ------- -------    ------- -------    ----
   1 !   70.3   3.2   3.5e-22   6.4e-21     275     355 ..  136391  136472 ..  136371  136473 .. 0.91
   2 !   33.2   0.7   6.8e-11   1.2e-09       1      33 [.  150091  150123 ..  150091  150126 .. 0.97
   3 !  231.9  15.5   2.7e-71     5e-70     164     355 ..  150127  150318 ..  150123  150319 .. 0.98
   4 !  462.3  21.5  2.4e-141  4.3e-140       1     356 []  150898  151210 ..  150898  151210 .. 0.98
   5 !   37.8   5.2   2.7e-12   4.9e-11       1      39 [.  151333  151371 ..  151333  151375 .. 0.91
   6 !  202.8  16.5   1.9e-62   3.4e-61     156     355 ..  151364  151565 ..  151363  151566 .. 0.94
   7 !   32.9   3.3   8.8e-11   1.6e-09       2      36 ..  152085  152119 ..  152084  152123 .. 0.93
   8 !  198.6  13.4   3.7e-61   6.7e-60     157     355 ..  152115  152311 ..  152114  152312 .. 0.98
   9 !   35.7   2.8   1.2e-11   2.1e-10       1      40 [.  153143  153182 ..  153143  153184 .. 0.97
  10 !  180.1  17.8   1.5e-55   2.7e-54     165     356 .]  153179  153367 ..  153176  153367 .. 0.94
  11 ?    3.0   1.0      0.11       1.9       1      47 [.  319371  319413 ..  319371  319439 .. 0.76
  12 ?   -3.1   0.6       7.5   1.4e+02     317     356 .]  319476  319512 ..  319468  319512 .. 0.90
  13 !   74.1  12.0   2.5e-23   4.5e-22     218     343 ..  434040  434169 ..  433980  434180 .. 0.83

>> NZ_CP029678.1_frame=1  Staphylococcus aureus strain AR_0216 chromosome, complete genome
   #    score  bias  c-Evalue  i-Evalue hmmfrom  hmm to    alifrom  ali to    envfrom  env to     acc
 ---   ------ ----- --------- --------- ------- -------    ------- -------    ------- -------    ----
   1 !   38.4   1.9   1.9e-12   3.4e-11       1      39 [.  148323  148361 ..  148323  148363 .. 0.96
   2 !  196.8  16.9   1.3e-60   2.3e-59     164     356 .]  148356  148548 ..  148354  148548 .. 0.96
   3 !   33.1   0.8   7.3e-11   1.3e-09       1      33 [.  148645  148677 ..  148645  148680 .. 0.97
   4 !  233.0  17.5   1.3e-71   2.3e-70     163     355 ..  148680  148872 ..  148676  148873 .. 0.98
   5 !  474.0  18.5  6.6e-145  1.2e-143       1     356 []  149448  149755 ..  149448  149755 .. 0.99
   6 !   34.1   4.7   3.7e-11   6.7e-10       1      37 [.  149878  149914 ..  149878  149916 .. 0.94
   7 !  211.9  15.6   3.2e-65   5.8e-64     156     356 .]  149909  150111 ..  149908  150111 .. 0.96
   8 !   31.5   4.3   2.2e-10     4e-09       1      34 [.  151339  151372 ..  151339  151378 .. 0.92
   9 !  211.3  15.6     5e-65     9e-64     160     355 ..  151373  151569 ..  151369  151570 .. 0.96
  10 !   34.9   4.1   2.1e-11   3.8e-10       1      34 [.  153057  153090 ..  153057  153094 .. 0.94
  11 !   40.7   0.8   3.6e-13   6.5e-12     165     241 ..  153093  153163 ..  153089  153167 .. 0.92

>> NZ_CP136528.1_frame=1  Staphylococcus aureus strain BAA-1556_Catania chromosome, complete genome
   #    score  bias  c-Evalue  i-Evalue hmmfrom  hmm to    alifrom  ali to    envfrom  env to     acc
 ---   ------ ----- --------- --------- ------- -------    ------- -------    ------- -------    ----
   1 !   38.4   1.9   1.8e-12   3.2e-11       1      39 [.  148906  148944 ..  148906  148946 .. 0.96
   2 !  196.9  16.9   1.2e-60   2.2e-59     164     356 .]  148939  149131 ..  148937  149131 .. 0.96
   3 !   33.2   0.8   6.9e-11   1.3e-09       1      33 [.  149228  149260 ..  149228  149263 .. 0.97
   4 !  233.1  17.5   1.2e-71   2.2e-70     163     355 ..  149263  149455 ..  149259  149456 .. 0.98
   5 !  474.1  18.5  6.2e-145  1.1e-143       1     356 []  150031  150338 ..  150031  150338 .. 0.99
   6 !   34.2   4.7   3.4e-11   6.3e-10       1      37 [.  150461  150497 ..  150461  150499 .. 0.94
   7 !  212.0  15.6     3e-65   5.4e-64     156     356 .]  150492  150694 ..  150491  150694 .. 0.96
   8 !   31.6   4.3   2.1e-10   3.8e-09       1      34 [.  151922  151955 ..  151922  151961 .. 0.92
   9 !  211.4  15.6   4.7e-65   8.5e-64     160     355 ..  151956  152152 ..  151952  152153 .. 0.96
  10 !   35.0   4.1     2e-11   3.6e-10       1      34 [.  153640  153673 ..  153640  153677 .. 0.94
  11 !   40.8   0.8   3.4e-13   6.1e-12     165     241 ..  153676  153746 ..  153672  153750 .. 0.92
  12 ?    0.3   0.7      0.69        13     284     355 ..  782837  782909 ..  782770  782910 .. 0.71

>> NC_002952.2_frame=1  Staphylococcus aureus subsp. aureus MRSA252, complete sequence
   #    score  bias  c-Evalue  i-Evalue hmmfrom  hmm to    alifrom  ali to    envfrom  env to     acc
 ---   ------ ----- --------- --------- ------- -------    ------- -------    ------- -------    ----
   1 !   38.3   2.3   1.9e-12   3.5e-11       1      40 [.  150854  150893 ..  150854  150894 .. 0.96
   2 !  200.6  14.0   8.8e-62   1.6e-60     163     356 .]  150886  151079 ..  150885  151079 .. 0.96
   3 !   35.7   0.2   1.2e-11   2.1e-10       1      35 [.  151175  151209 ..  151175  151212 .. 0.95
   4 !  232.1  12.8   2.3e-71   4.2e-70     160     356 .]  151207  151405 ..  151205  151405 .. 0.98
   5 !  437.7  15.6  7.3e-134  1.3e-132       1     356 []  151964  152267 ..  151964  152267 .. 0.96
   6 !   36.5   4.8   6.9e-12   1.3e-10       1      38 [.  152391  152428 ..  152391  152432 .. 0.92
   7 !  213.3  15.7   1.2e-65   2.2e-64     157     356 .]  152423  152624 ..  152421  152624 .. 0.96
   8 !   31.8   6.6   1.8e-10   3.3e-09       1      34 [.  153120  153153 ..  153120  153159 .. 0.92
   9 !  205.8  16.2   2.4e-63   4.3e-62     158     355 ..  153152  153350 ..  153150  153351 .. 0.97

>> NC_017338.2_frame=2  Staphylococcus aureus subsp. aureus JKD6159, complete sequence
   #    score  bias  c-Evalue  i-Evalue hmmfrom  hmm to    alifrom  ali to    envfrom  env to     acc
 ---   ------ ----- --------- --------- ------- -------    ------- -------    ------- -------    ----
   1 !   40.3   3.2   4.8e-13   8.7e-12       1      39 [.  141984  142022 ..  141984  142024 .. 0.96
   2 !  208.7  15.8     3e-64   5.5e-63     165     356 .]  142018  142209 ..  142016  142209 .. 0.96
   3 !   35.6   0.5   1.3e-11   2.3e-10       1      33 [.  142295  142327 ..  142295  142330 .. 0.97
   4 !  234.3  15.8   5.2e-72   9.4e-71     163     355 ..  142330  142522 ..  142326  142523 .. 0.98
   5 !  436.6  20.0  1.6e-133  2.8e-132       1     356 []  143024  143333 ..  143024  143333 .. 0.95
   6 !  203.4  15.6   1.3e-62   2.3e-61     168     355 ..  144946  145134 ..  144944  145135 .. 0.96
   7 !   30.6   6.1   4.2e-10   7.7e-09       1      36 [.  145256  145291 ..  145256  145297 .. 0.91
   8 !  199.6  16.5   1.7e-61   3.2e-60     153     356 .]  145281  145482 ..  145281  145482 .. 0.95

>> NC_017763.1_frame=3  Staphylococcus aureus subsp. aureus HO 5096 0412, complete sequence
   #    score  bias  c-Evalue  i-Evalue hmmfrom  hmm to    alifrom  ali to    envfrom  env to     acc
 ---   ------ ----- --------- --------- ------- -------    ------- -------    ------- -------    ----
   1 !   76.1   1.5   6.2e-24   1.1e-22     275     355 ..  129689  129770 ..  129668  129771 .. 0.90
   2 !  510.6  23.1  5.1e-156  9.3e-155       1     356 []  139207  139547 ..  139207  139547 .. 0.98
   3 !   32.9   3.0   8.6e-11   1.6e-09       1      38 [.  139671  139708 ..  139671  139712 .. 0.91
   4 !  208.6  14.3   3.3e-64     6e-63     158     356 .]  139704  139904 ..  139702  139904 .. 0.95
   5 !   32.8   4.3   9.1e-11   1.7e-09       1      35 [.  140055  140089 ..  140055  140091 .. 0.96
   6 !  197.9  12.0     6e-61   1.1e-59     157     355 ..  140086  140282 ..  140085  140283 .. 0.97
   7 !   35.5   3.9   1.4e-11   2.5e-10       1      35 [.  142143  142177 ..  142143  142182 .. 0.92
   8 !  189.8  20.2   1.7e-58   3.1e-57     165     355 ..  142179  142369 ..  142174  142370 .. 0.95
   9 ?    0.1   0.8      0.81        15     277     355 ..  767780  767858 ..  767719  767859 .. 0.68

>> NC_002745.2_frame=3  Staphylococcus aureus subsp. aureus N315, complete sequence
   #    score  bias  c-Evalue  i-Evalue hmmfrom  hmm to    alifrom  ali to    envfrom  env to     acc
 ---   ------ ----- --------- --------- ------- -------    ------- -------    ------- -------    ----
   1 !   39.2   2.2     1e-12   1.9e-11       1      39 [.  147034  147072 ..  147034  147074 .. 0.96
   2 !  205.9  15.7   2.2e-63   4.1e-62     165     356 .]  147068  147259 ..  147066  147259 .. 0.96
   3 !   33.2   0.7   6.9e-11   1.3e-09       1      33 [.  147356  147388 ..  147356  147391 .. 0.97
   4 !  231.9  15.5   2.8e-71     5e-70     164     355 ..  147392  147583 ..  147388  147584 .. 0.98
   5 !   36.5   3.6   6.8e-12   1.2e-10       1      36 [.  148960  148995 ..  148960  149000 .. 0.93
   6 !  200.0  18.0   1.3e-61   2.4e-60     157     355 ..  148991  149187 ..  148990  149188 .. 0.98
   7 !   28.6   4.3   1.7e-09     3e-08       1      34 [.  149663  149696 ..  149663  149702 .. 0.92
   8 !  211.2  16.2   5.2e-65   9.5e-64     160     355 ..  149697  149893 ..  149693  149894 .. 0.96
   9 !   35.1   3.9   1.8e-11   3.2e-10       1      34 [.  151381  151414 ..  151381  151418 .. 0.94
  10 !  201.0  16.0   6.9e-62   1.2e-60     165     355 ..  151417  151607 ..  151413  151607 .. 0.95
  11 ?    5.5   0.8     0.019      0.34       1      47 [.  317993  318035 ..  317993  318062 .. 0.76
  12 ?   -3.1   0.6       7.6   1.4e+02     317     356 .]  318098  318134 ..  318090  318134 .. 0.90
  13 ?   -0.1   1.1      0.92        17     275     354 ..  759478  759557 ..  759419  759559 .. 0.64

>> NZ_CP132371.1_frame=1  Staphylococcus aureus strain UNC_SA38 chromosome, complete genome
   #    score  bias  c-Evalue  i-Evalue hmmfrom  hmm to    alifrom  ali to    envfrom  env to     acc
 ---   ------ ----- --------- --------- ------- -------    ------- -------    ------- -------    ----
   1 ?   -0.0   1.1      0.87        16     275     354 ..  569037  569116 ..  568978  569118 .. 0.64
   2 !   75.5   2.8   9.6e-24   1.7e-22     275     355 ..  881101  881182 ..  881081  881183 .. 0.90
   3 !   39.3   2.2   9.9e-13   1.8e-11       1      39 [.  889130  889168 ..  889130  889170 .. 0.96
   4 !  205.9  15.7   2.1e-63   3.9e-62     165     356 .]  889164  889355 ..  889162  889355 .. 0.96
   5 !   33.3   0.7   6.5e-11   1.2e-09       1      33 [.  889452  889484 ..  889452  889487 .. 0.97
   6 !  231.9  15.5   2.6e-71   4.8e-70     164     355 ..  889488  889679 ..  889484  889680 .. 0.98
   7 !   36.6   3.6   6.5e-12   1.2e-10       1      36 [.  891056  891091 ..  891056  891096 .. 0.93
   8 !  200.1  18.0   1.2e-61   2.3e-60     157     355 ..  891087  891283 ..  891086  891284 .. 0.98
   9 !   28.7   4.3   1.6e-09   2.9e-08       1      34 [.  891759  891792 ..  891759  891798 .. 0.92
  10 !  211.3  16.2     5e-65     9e-64     160     355 ..  891793  891989 ..  891789  891990 .. 0.96
  11 !   35.2   3.9   1.7e-11   3.1e-10       1      34 [.  893477  893510 ..  893477  893514 .. 0.94
  12 !  201.0  16.0   6.5e-62   1.2e-60     165     355 ..  893513  893703 ..  893509  893703 .. 0.95

>> NC_007795.1_frame=3  Staphylococcus aureus subsp. aureus NCTC 8325 chromosome, complete genome
   #    score  bias  c-Evalue  i-Evalue hmmfrom  hmm to    alifrom  ali to    envfrom  env to     acc
 ---   ------ ----- --------- --------- ------- -------    ------- -------    ------- -------    ----
   1 !   75.9   2.1   7.1e-24   1.3e-22     276     355 ..  121410  121490 ..  121389  121491 .. 0.91
   2 !  592.0  30.2  8.9e-181  1.6e-179       1     356 []  130082  130437 ..  130082  130437 .. 1.00
   3 !   31.2   0.9   2.8e-10     5e-09       1      36 [.  132092  132127 ..  132092  132131 .. 0.93
   4 !  217.7  14.0   5.7e-67     1e-65     159     356 .]  132125  132323 ..  132123  132323 .. 0.97
   5 !   31.1   4.5     3e-10   5.4e-09       1      36 [.  132806  132841 ..  132806  132845 .. 0.94
   6 !  189.2  18.0   2.5e-58   4.6e-57     153     356 .]  132831  133032 ..  132831  133032 .. 0.95
   7 ?    2.0   0.8      0.22       3.9       1      47 [.  296658  296700 ..  296658  296726 .. 0.76
   8 ?   -3.1   0.6       7.7   1.4e+02     317     356 .]  296763  296799 ..  296755  296799 .. 0.90
   9 ?    0.2   0.7      0.72        13     284     355 ..  763245  763317 ..  763178  763318 .. 0.71

>> NZ_CP113052.1_frame=1  Staphylococcus aureus strain Fizz chromosome, complete genome
   #    score  bias  c-Evalue  i-Evalue hmmfrom  hmm to    alifrom  ali to    envfrom  env to     acc
 ---   ------ ----- --------- --------- ------- -------    ------- -------    ------- -------    ----
   1 ?    0.3   0.7      0.69        13     284     355 ..  135320  135392 ..  135253  135393 .. 0.71
   2 !   76.0   2.1   6.9e-24   1.3e-22     276     355 ..  452362  452442 ..  452341  452443 .. 0.91
   3 !  572.5  30.6  7.6e-175  1.4e-173       1     356 []  461034  461385 ..  461034  461385 .. 1.00
   4 !   31.3   0.9   2.7e-10   4.8e-09       1      36 [.  463057  463092 ..  463057  463096 .. 0.93
   5 !  217.7  14.0   5.5e-67     1e-65     159     356 .]  463090  463288 ..  463088  463288 .. 0.97
   6 !   31.2   4.5   2.8e-10   5.2e-09       1      36 [.  463771  463806 ..  463771  463810 .. 0.94
   7 !  189.3  18.0   2.4e-58   4.4e-57     153     356 .]  463796  463997 ..  463796  463997 .. 0.95

>> NZ_CP136528.1_frame=3  Staphylococcus aureus strain BAA-1556_Catania chromosome, complete genome
   #    score  bias  c-Evalue  i-Evalue hmmfrom  hmm to    alifrom  ali to    envfrom  env to     acc
 ---   ------ ----- --------- --------- ------- -------    ------- -------    ------- -------    ----
   1 !   76.0   2.1   6.9e-24   1.3e-22     276     355 ..  140884  140964 ..  140863  140965 .. 0.91
   2 !  572.5  30.6  7.6e-175  1.4e-173       1     356 []  149556  149907 ..  149556  149907 .. 1.00
   3 !   31.3   0.9   2.7e-10   4.8e-09       1      36 [.  151562  151597 ..  151562  151601 .. 0.93
   4 !  217.7  14.0   5.5e-67     1e-65     159     356 .]  151595  151793 ..  151593  151793 .. 0.97
   5 !   31.2   4.5   2.9e-10   5.2e-09       1      36 [.  152276  152311 ..  152276  152315 .. 0.94
   6 !  189.3  18.0   2.4e-58   4.4e-57     153     356 .]  152301  152502 ..  152301  152502 .. 0.95

>> NZ_CP029678.1_frame=3  Staphylococcus aureus strain AR_0216 chromosome, complete genome
   #    score  bias  c-Evalue  i-Evalue hmmfrom  hmm to    alifrom  ali to    envfrom  env to     acc
 ---   ------ ----- --------- --------- ------- -------    ------- -------    ------- -------    ----
   1 !   75.9   2.1   7.3e-24   1.3e-22     276     355 ..  140301  140381 ..  140280  140382 .. 0.91
   2 !  572.4  30.6    8e-175  1.5e-173       1     356 []  148973  149324 ..  148973  149324 .. 1.00
   3 !   31.2   0.9   2.8e-10   5.1e-09       1      36 [.  150979  151014 ..  150979  151018 .. 0.93
   4 !  217.6  14.0   5.8e-67   1.1e-65     159     356 .]  151012  151210 ..  151010  151210 .. 0.97
   5 !   31.1   4.5     3e-10   5.5e-09       1      36 [.  151693  151728 ..  151693  151732 .. 0.94
   6 !  189.2  18.0   2.6e-58   4.7e-57     153     356 .]  151718  151919 ..  151718  151919 .. 0.95
   7 ?    0.2   0.7      0.74        13     284     355 ..  796905  796977 ..  796838  796978 .. 0.71

>> NC_002953.3_frame=2  Staphylococcus aureus subsp. aureus MSSA476, complete sequence
   #    score  bias  c-Evalue  i-Evalue hmmfrom  hmm to    alifrom  ali to    envfrom  env to     acc
 ---   ------ ----- --------- --------- ------- -------    ------- -------    ------- -------    ----
   1 !   14.8   4.6   2.8e-05   0.00051     258     330 ..   20463   20534 ..   20460   20549 .. 0.80
   2 !   76.3   2.0   5.3e-24   9.7e-23     275     355 ..  131293  131374 ..  131271  131375 .. 0.90
   3 !  582.9  31.2  5.3e-178  9.6e-177       1     356 []  143281  143636 ..  143281  143636 .. 1.00
   4 !   31.4   3.7   2.4e-10   4.4e-09       2      36 ..  144954  144988 ..  144953  144992 .. 0.93
   5 !  200.7  14.3   8.1e-62   1.5e-60     157     355 ..  144984  145180 ..  144983  145181 .. 0.98
   6 !   30.8   5.3   3.6e-10   6.6e-09       1      36 [.  146009  146044 ..  146009  146048 .. 0.94
   7 !  189.3  18.0   2.4e-58   4.4e-57     153     356 .]  146034  146235 ..  146034  146235 .. 0.95
   8 ?    2.0   0.8      0.21       3.8       1      47 [.  312639  312681 ..  312639  312707 .. 0.76
   9 ?   -3.1   0.6       7.4   1.4e+02     317     356 .]  312744  312780 ..  312736  312780 .. 0.90

>> NC_002952.2_frame=3  Staphylococcus aureus subsp. aureus MRSA252, complete sequence
   #    score  bias  c-Evalue  i-Evalue hmmfrom  hmm to    alifrom  ali to    envfrom  env to     acc
 ---   ------ ----- --------- --------- ------- -------    ------- -------    ------- -------    ----
   1 !  502.4  22.7  1.6e-153  2.9e-152       1     356 []  151504  151844 ..  151504  151844 .. 0.99
   2 !   33.2   4.0     7e-11   1.3e-09       1      36 [.  152774  152809 ..  152774  152812 .. 0.94
   3 !  196.2  11.9   1.9e-60   3.5e-59     157     355 ..  152805  153001 ..  152803  153002 .. 0.97
   4 !   28.7   6.0   1.7e-09     3e-08       1      36 [.  153473  153508 ..  153473  153512 .. 0.94
   5 !  202.1  15.0   3.1e-62   5.6e-61     153     356 .]  153498  153699 ..  153497  153699 .. 0.94

>> NC_017338.2_frame=3  Staphylococcus aureus subsp. aureus JKD6159, complete sequence
   #    score  bias  c-Evalue  i-Evalue hmmfrom  hmm to    alifrom  ali to    envfrom  env to     acc
 ---   ------ ----- --------- --------- ------- -------    ------- -------    ------- -------    ----
   1 !   73.3   5.1   4.5e-23   8.2e-22     216     330 ..   25729   25861 ..   25660   25871 .. 0.81
   2 !   36.5   3.3   6.9e-12   1.3e-10       1      38 [.  143456  143493 ..  143456  143496 .. 0.94
   3 !  213.9  14.9   8.2e-66   1.5e-64     157     356 .]  143488  143689 ..  143486  143689 .. 0.95
   4 !   36.1   4.0   8.7e-12   1.6e-10       1      36 [.  144208  144243 ..  144208  144247 .. 0.94
   5 !  201.9  15.6   3.5e-62   6.4e-61     157     355 ..  144239  144435 ..  144238  144436 .. 0.97
   6 !   31.3   4.3   2.6e-10   4.6e-09       1      36 [.  144550  144585 ..  144550  144589 .. 0.93
   7 !  212.5  15.3   2.2e-65     4e-64     159     356 .]  144583  144781 ..  144581  144781 .. 0.97
   8 !   37.2   1.7   4.1e-12   7.5e-11       1      35 [.  144908  144942 ..  144908  144960 .. 0.89
   9 !   36.0   3.3   9.4e-12   1.7e-10       1      36 [.  146658  146693 ..  146658  146698 .. 0.92
  10 !  203.3  19.1   1.4e-62   2.5e-61     159     355 ..  146690  146887 ..  146688  146888 .. 0.94
  11 ?   -2.8   2.8       5.9   1.1e+02       1      86 [.  628600  628666 ..  628600  628695 .. 0.46

>> NZ_CP011877.1_frame=-1  Staphylococcus aureus strain 12S01032 chromosome, complete genome
   #    score  bias  c-Evalue  i-Evalue hmmfrom  hmm to    alifrom  ali to    envfrom  env to     acc
 ---   ------ ----- --------- --------- ------- -------    ------- -------    ------- -------    ----
   1 ?   -2.9   0.9       6.4   1.2e+02       1      48 [.  287559  287607 ..  287559  287645 .. 0.63
   2 !   75.4   2.2     1e-23   1.9e-22     278     355 ..  748642  748720 ..  748632  748721 .. 0.94
   3 !  507.8  22.7  3.7e-155  6.6e-154       1     356 []  757772  758112 ..  757772  758112 .. 0.99
   4 !   33.1   4.5   7.5e-11   1.4e-09       1      36 [.  759053  759088 ..  759053  759091 .. 0.94
   5 !  197.3  13.5   9.2e-61   1.7e-59     157     355 ..  759084  759280 ..  759082  759281 .. 0.97
   6 ?    2.5   0.8      0.14       2.6       1      47 [.  934164  934206 ..  934164  934232 .. 0.74
   7 ?   -3.1   0.6       7.4   1.3e+02     317     356 .]  934269  934305 ..  934261  934305 .. 0.90

>> NC_002953.3_frame=1  Staphylococcus aureus subsp. aureus MSSA476, complete sequence
   #    score  bias  c-Evalue  i-Evalue hmmfrom  hmm to    alifrom  ali to    envfrom  env to     acc
 ---   ------ ----- --------- --------- ------- -------    ------- -------    ------- -------    ----
   1 ?    2.5   0.2      0.15       2.7     224     262 ..   20423   20466 ..   20418   20470 .. 0.87
   2 !   29.5   4.7   8.9e-10   1.6e-08       1      34 [.  144580  144613 ..  144580  144616 .. 0.94
   3 !  205.0  18.7   4.2e-63   7.6e-62     160     355 ..  144611  144808 ..  144609  144809 .. 0.96
   4 !   32.5   1.1   1.2e-10   2.1e-09       1      36 [.  145298  145333 ..  145298  145337 .. 0.93
   5 !  216.3  13.4   1.5e-66   2.7e-65     159     356 .]  145331  145529 ..  145329  145529 .. 0.97
   6 !   31.4   3.6   2.4e-10   4.5e-09       1      34 [.  145657  145690 ..  145657  145696 .. 0.92
   7 !  211.0  14.2   6.2e-65   1.1e-63     160     355 ..  145691  145887 ..  145687  145888 .. 0.96
   8 !   79.6  11.9   5.3e-25   9.7e-24     169     315 ..  688494  688636 ..  688482  688667 .. 0.88
   9 ?   -0.1   1.1       0.9        16     275     354 ..  758775  758854 ..  758716  758856 .. 0.64

>> NC_017338.2_frame=1  Staphylococcus aureus subsp. aureus JKD6159, complete sequence
   #    score  bias  c-Evalue  i-Evalue hmmfrom  hmm to    alifrom  ali to    envfrom  env to     acc
 ---   ------ ----- --------- --------- ------- -------    ------- -------    ------- -------    ----
   1 !   75.5   3.0   9.5e-24   1.7e-22     276     355 ..  132372  132452 ..  132352  132453 .. 0.92
   2 !  400.3  14.6  1.7e-122  3.2e-121       1     356 []  142623  142903 ..  142623  142903 .. 0.95
   3 !   32.5   5.7   1.1e-10     2e-09       1      35 [.  143840  143874 ..  143840  143877 .. 0.94
   4 !  213.3  21.1   1.2e-65   2.2e-64     160     355 ..  143871  144067 ..  143870  144068 .. 0.97
   5 ?    2.9   1.0      0.11         2       1      47 [.  312095  312137 ..  312095  312163 .. 0.76
   6 ?   -3.1   0.6       7.6   1.4e+02     317     356 .]  312200  312236 ..  312192  312236 .. 0.90
   7 ?    0.2   1.3      0.74        14     275     355 ..  764502  764582 ..  764443  764583 .. 0.69

>> NZ_CP136528.1_frame=2  Staphylococcus aureus strain BAA-1556_Catania chromosome, complete genome
   #    score  bias  c-Evalue  i-Evalue hmmfrom  hmm to    alifrom  ali to    envfrom  env to     acc
 ---   ------ ----- --------- --------- ------- -------    ------- -------    ------- -------    ----
   1 !   30.1   5.1   6.2e-10   1.1e-08       1      35 [.  150844  150878 ..  150844  150881 .. 0.94
   2 !  212.9  20.6   1.6e-65   2.9e-64     160     355 ..  150875  151071 ..  150874  151072 .. 0.97
   3 !   31.4   3.8   2.5e-10   4.5e-09       2      36 ..  151217  151251 ..  151216  151255 .. 0.93
   4 !  209.5  17.6   1.8e-64   3.2e-63     157     356 .]  151247  151444 ..  151246  151444 .. 0.98
   5 !  144.6  11.9   9.5e-45   1.7e-43     244     355 ..  153747  153862 ..  153744  153862 .. 0.97
   6 ?    2.0   0.8      0.21       3.8       1      47 [.  329856  329898 ..  329856  329924 .. 0.76
   7 ?   -3.1   0.6       7.4   1.3e+02     317     356 .]  329961  329997 ..  329953  329997 .. 0.90

>> NZ_CP113052.1_frame=3  Staphylococcus aureus strain Fizz chromosome, complete genome
   #    score  bias  c-Evalue  i-Evalue hmmfrom  hmm to    alifrom  ali to    envfrom  env to     acc
 ---   ------ ----- --------- --------- ------- -------    ------- -------    ------- -------    ----
   1 !   30.1   5.1   6.2e-10   1.1e-08       1      35 [.  462338  462372 ..  462338  462375 .. 0.94
   2 !  212.9  20.6   1.6e-65   2.9e-64     160     355 ..  462369  462565 ..  462368  462566 .. 0.97
   3 !   31.4   3.8   2.5e-10   4.5e-09       2      36 ..  462711  462745 ..  462710  462749 .. 0.93
   4 !  209.5  17.6   1.8e-64   3.2e-63     157     356 .]  462741  462938 ..  462740  462938 .. 0.98
   5 !  144.6  11.9   9.5e-45   1.7e-43     244     355 ..  465241  465356 ..  465238  465356 .. 0.97
   6 ?    2.0   0.8      0.21       3.8       1      47 [.  641368  641410 ..  641368  641436 .. 0.76
   7 ?   -3.1   0.6       7.4   1.3e+02     317     356 .]  641473  641509 ..  641465  641509 .. 0.90

>> NZ_LS483357.1_frame=1  Streptococcus pyogenes strain NCTC8326 chromosome 1, complete sequence
   #    score  bias  c-Evalue  i-Evalue hmmfrom  hmm to    alifrom  ali to    envfrom  env to     acc
 ---   ------ ----- --------- --------- ------- -------    ------- -------    ------- -------    ----
   1 !   87.1   5.9   2.8e-27   5.1e-26     154     330 ..  219397  219587 ..  219385  219589 .. 0.84
   2 !  107.4  12.9   1.9e-33   3.4e-32     153     335 ..  430319  430502 ..  430315  430522 .. 0.90
   3 !   81.3   9.7   1.6e-25     3e-24     170     331 ..  567809  567976 ..  567803  568001 .. 0.90

>> NZ_LR134284.1_frame=2  Streptococcus pyogenes strain NCTC8232 chromosome 1, complete sequence
   #    score  bias  c-Evalue  i-Evalue hmmfrom  hmm to    alifrom  ali to    envfrom  env to     acc
 ---   ------ ----- --------- --------- ------- -------    ------- -------    ------- -------    ----
   1 !   65.2   6.8   1.3e-20   2.3e-19     166     331 ..  339748  339919 ..  339727  339948 .. 0.80
   2 !   66.3   4.7   5.9e-21   1.1e-19     204     331 ..  371247  371380 ..  371175  371401 .. 0.79
   3 !   29.8   7.8   7.3e-10   1.3e-08     272     352 ..  391651  391735 ..  391645  391737 .. 0.81
   4 !   80.6   8.4   2.6e-25   4.8e-24     170     331 ..  576687  576854 ..  576681  576879 .. 0.89

>> NZ_CP155738.1_frame=3  Streptococcus pyogenes strain 1510/08 chromosome, complete genome
   #    score  bias  c-Evalue  i-Evalue hmmfrom  hmm to    alifrom  ali to    envfrom  env to     acc
 ---   ------ ----- --------- --------- ------- -------    ------- -------    ------- -------    ----
   1 !  107.2  12.7   2.2e-33   4.1e-32     153     335 ..  340865  341048 ..  340861  341068 .. 0.90
   2 !   79.4   9.7   6.4e-25   1.2e-23     170     331 ..  605843  606010 ..  605837  606035 .. 0.89

>> NZ_CP118481.1_frame=2  Streptococcus pyogenes strain 20185322 chromosome, complete genome
   #    score  bias  c-Evalue  i-Evalue hmmfrom  hmm to    alifrom  ali to    envfrom  env to     acc
 ---   ------ ----- --------- --------- ------- -------    ------- -------    ------- -------    ----
   1 !   62.7  10.3   7.2e-20   1.3e-18     159     332 ..  258524  258698 ..  258519  258723 .. 0.83
   2 !   64.5   7.0   2.1e-20   3.9e-19     166     331 ..  338282  338453 ..  338261  338482 .. 0.80



Internal pipeline statistics summary:
-------------------------------------
Query model(s):                              1  (356 nodes)
Target sequences:                          564  (304447416 residues searched)
Passed MSV filter:                       333  (0.590426); expected 11.3 (0.02)
Passed bias filter:                      131  (0.23227); expected 11.3 (0.02)
Passed Vit filter:                       131  (0.23227); expected 0.6 (0.001)
Passed Fwd filter:                        35  (0.0620567); expected 0.0 (1e-05)
Initial search space (Z):                564  [actual number of targets]
Domain search space  (domZ):              31  [number of targets reported over threshold]
# CPU time: 95.60u 0.18s 00:01:35.78 Elapsed: 00:01:36.42
# Mc/sec: 1124.07

@@ New targets included:   3
@@ New alignment includes: 232 subseqs (was 229), including original query
@@ Continuing to next round.

@@
@@ Round:                  5
@@ Included in MSA:        232 subsequences (query + 231 subseqs from 31 targets)
@@ Model size:             356 positions
@@

Scores for complete sequences (score includes all domains):
   --- full sequence ---   --- best 1 domain ---    -#dom-
    E-value  score  bias    E-value  score  bias    exp  N  Sequence               Description
    ------- ------ -----    ------- ------ -----   ---- --  --------               -----------
          0 1572.3 187.5   1.4e-175  579.1  30.6   16.4  9  NC_002745.2_frame=2     Staphylococcus aureus subsp. aureus N
          0 1515.4 166.9   1.7e-175  578.8  30.2   20.6  8  NZ_CP132371.1_frame=3   Staphylococcus aureus strain UNC_SA38
          0 1493.6 339.3   2.9e-141  466.2  19.3   16.0 11  NC_007795.1_frame=1     Staphylococcus aureus subsp. aureus N
          0 1368.2 196.1   1.8e-142  470.2  17.2   21.1 11  NZ_CP011877.1_frame=-2  Staphylococcus aureus strain 12S01032
          0 1364.9 194.0   1.1e-136  451.2  19.2   18.7 11  NC_002953.3_frame=3     Staphylococcus aureus subsp. aureus M
          0 1364.6 173.3   3.8e-174  574.4  31.5   32.9 10  NZ_LR134090.1_frame=1   Staphylococcus aureus strain NCTC9555
          0 1347.2 323.8   1.3e-145  480.5  20.7   16.2 11  NZ_CP113052.1_frame=2   Staphylococcus aureus strain Fizz chr
          0 1283.3 191.9   1.3e-137  454.2  22.1   40.6 13  NZ_LR134090.1_frame=2   Staphylococcus aureus strain NCTC9555
          0 1260.4 177.3   1.1e-141  467.6  19.0   21.0 12  NZ_CP136528.1_frame=1   Staphylococcus aureus strain BAA-1556
          0 1259.9 177.3   1.2e-141  467.5  19.0   20.7 11  NZ_CP029678.1_frame=1   Staphylococcus aureus strain AR_0216 
          0 1236.5 282.2   4.4e-131  432.7  16.0   13.9  9  NC_002952.2_frame=1     Staphylococcus aureus subsp. aureus M
          0 1167.2 147.3   3.9e-130  429.6  20.2   17.2  8  NC_017338.2_frame=2     Staphylococcus aureus subsp. aureus J
          0 1086.8 137.7   1.9e-153  506.2  23.7   20.3  9  NC_017763.1_frame=3     Staphylococcus aureus subsp. aureus H
          0 1009.6 175.9    1.4e-67  223.8  15.5   20.0 12  NZ_CP132371.1_frame=1   Staphylococcus aureus strain UNC_SA38
          0 1008.5 317.7    1.4e-67  223.8  15.5   17.6 13  NC_002745.2_frame=3     Staphylococcus aureus subsp. aureus N
   8.8e-299  984.3 108.7     1e-177  586.1  30.8   16.3  9  NC_007795.1_frame=3     Staphylococcus aureus subsp. aureus N
   5.6e-293  965.2 109.1   5.4e-172  567.3  31.2   17.1  7  NZ_CP113052.1_frame=1   Staphylococcus aureus strain Fizz chr
   5.6e-293  965.2 109.1   5.4e-172  567.3  31.2   19.7  6  NZ_CP136528.1_frame=3   Staphylococcus aureus strain BAA-1556
   6.9e-293  964.9 109.1   5.7e-172  567.2  31.2   12.4  7  NZ_CP029678.1_frame=3   Staphylococcus aureus strain AR_0216 
   3.2e-292  962.7 130.0   5.7e-175  577.1  31.9   18.6  9  NC_002953.3_frame=2     Staphylococcus aureus subsp. aureus M
   1.2e-264  872.1 161.0    1.9e-62  206.9  14.8   23.9 11  NC_017338.2_frame=3     Staphylococcus aureus subsp. aureus J
   2.5e-253  834.8  90.3   1.6e-150  496.7  23.2   13.5  5  NC_002952.2_frame=3     Staphylococcus aureus subsp. aureus M
   3.9e-219  722.3  65.7     5e-152  501.6  23.1   13.2  7  NZ_CP011877.1_frame=-1  Staphylococcus aureus strain 12S01032
   1.6e-194  641.4 115.2    8.7e-63  208.0  13.1   16.5  9  NC_002953.3_frame=1     Staphylococcus aureus subsp. aureus M
   3.5e-153  505.4  91.1    3.4e-61  202.8  21.0    9.1  7  NZ_CP136528.1_frame=2   Staphylococcus aureus strain BAA-1556
    5.5e-93  307.4  57.1    1.6e-34  115.0   8.2    8.4  4  NZ_LR134284.1_frame=2   Streptococcus pyogenes strain NCTC823
    6.9e-93  307.1  45.0      3e-39  130.6   5.0    5.0  3  NZ_LS483357.1_frame=1   Streptococcus pyogenes strain NCTC832
    1.6e-61  203.9  49.8      2e-35  118.1  13.9    3.0  2  NZ_CP155738.1_frame=3   Streptococcus pyogenes strain 1510/08
    1.7e-57  190.7  27.6    3.7e-34  113.9   8.5    7.9  2  NZ_CP118481.1_frame=2   Streptococcus pyogenes strain 2018532
+   2.8e-45  150.4  22.2    1.5e-33  111.9   9.4    4.3  2  NZ_CP118481.1_frame=1   Streptococcus pyogenes strain 2018532
+   1.2e-44  148.4  35.2    6.9e-31  103.1   8.7    5.5  2  NZ_CP070994.1_frame=-3  Streptococcus pyogenes strain M11318 
+     3e-39  130.6   5.0      3e-39  130.6   5.0    4.3  1  NZ_CP051138.1_frame=3   Streptococcus pyogenes strain 4063-05
+   4.5e-38  126.8  25.5    6.4e-33  109.8   9.3    5.7  2  NZ_AP023389.1_frame=3   Streptococcus pyogenes strain KUN-001
+   9.3e-37  122.4  27.0    4.9e-32  106.9   9.9    4.4  2  NZ_CP051138.1_frame=1   Streptococcus pyogenes strain 4063-05
+     2e-33  111.5  34.2    1.5e-30  102.0  10.5    5.0  2  NZ_CP134538.1_frame=-3  Streptococcus equi subsp. equi strain


Domain annotation for each sequence:
>> NC_002745.2_frame=2  Staphylococcus aureus subsp. aureus N315, complete sequence
   #    score  bias  c-Evalue  i-Evalue hmmfrom  hmm to    alifrom  ali to    envfrom  env to     acc
 ---   ------ ----- --------- --------- ------- -------    ------- -------    ------- -------    ----
   1 !  579.1  30.6  8.5e-177  1.4e-175       1     356 []  147685  148040 ..  147685  148040 .. 1.00
   2 !  418.2  25.1  6.8e-128  1.1e-126       1     356 []  148163  148454 ..  148163  148454 .. 0.97
   3 !   36.5   3.8   7.9e-12   1.3e-10       1      40 [.  148577  148616 ..  148577  148619 .. 0.94
   4 !  207.0  14.5   1.1e-63   1.8e-62     156     356 .]  148608  148810 ..  148607  148810 .. 0.97
   5 !   34.8   1.2   2.5e-11   4.1e-10       1      37 [.  149305  149341 ..  149305  149347 .. 0.93
   6 !  210.0  13.8   1.3e-64   2.2e-63     158     356 .]  149337  149536 ..  149336  149536 .. 0.97
   7 !   32.2   5.1   1.6e-10   2.6e-09       1      37 [.  150018  150054 ..  150018  150059 .. 0.92
   8 !  171.1  18.2   9.1e-53   1.5e-51     158     356 .]  150048  150244 ..  150048  150244 .. 0.93
   9 !   81.8  12.1   1.3e-25   2.1e-24     170     331 ..  685751  685925 ..  685740  685929 .. 0.87

>> NZ_CP132371.1_frame=3  Staphylococcus aureus strain UNC_SA38 chromosome, complete genome
   #    score  bias  c-Evalue  i-Evalue hmmfrom  hmm to    alifrom  ali to    envfrom  env to     acc
 ---   ------ ----- --------- --------- ------- -------    ------- -------    ------- -------    ----
   1 !  578.8  30.2    1e-176  1.7e-175       1     356 []  889780  890135 ..  889780  890135 .. 1.00
   2 !  418.3  25.2  6.5e-128    1e-126       1     356 []  890258  890549 ..  890258  890549 .. 0.97
   3 !   36.5   3.8   7.5e-12   1.2e-10       1      40 [.  890672  890711 ..  890672  890714 .. 0.94
   4 !  207.1  14.5     1e-63   1.7e-62     156     356 .]  890703  890905 ..  890702  890905 .. 0.97
   5 !   34.9   1.2   2.4e-11   3.9e-10       1      37 [.  891400  891436 ..  891400  891442 .. 0.93
   6 !  210.1  13.8   1.3e-64     2e-63     158     356 .]  891432  891631 ..  891431  891631 .. 0.97
   7 !   32.2   5.1   1.5e-10   2.4e-09       1      37 [.  892113  892149 ..  892113  892154 .. 0.92
   8 !  171.2  18.2   8.6e-53   1.4e-51     158     356 .]  892143  892339 ..  892143  892339 .. 0.93

>> NC_007795.1_frame=1  Staphylococcus aureus subsp. aureus NCTC 8325 chromosome, complete genome
   #    score  bias  c-Evalue  i-Evalue hmmfrom  hmm to    alifrom  ali to    envfrom  env to     acc
 ---   ------ ----- --------- --------- ------- -------    ------- -------    ------- -------    ----
   1 !   39.9   1.8   7.3e-13   1.2e-11       1      39 [.  129432  129470 ..  129432  129472 .. 0.96
   2 !  187.7  16.1   8.5e-58   1.4e-56     166     356 .]  129467  129657 ..  129464  129657 .. 0.96
   3 !   34.3   0.8   3.6e-11   5.8e-10       1      33 [.  129754  129786 ..  129754  129789 .. 0.97
   4 !  224.7  17.0   4.7e-69   7.5e-68     160     355 ..  129786  129981 ..  129784  129982 .. 0.98
   5 !  466.2  19.3  1.8e-142  2.9e-141       1     356 []  130561  130868 ..  130561  130868 .. 0.99
   6 !   36.4   5.8   8.3e-12   1.3e-10       1      39 [.  130991  131029 ..  130991  131032 .. 0.94
   7 !  207.3  16.4     9e-64   1.4e-62     155     356 .]  131021  131224 ..  131020  131224 .. 0.97
   8 !   33.0   4.2   8.7e-11   1.4e-09       1      35 [.  132452  132486 ..  132452  132491 .. 0.92
   9 !  201.4  15.0   5.8e-62   9.3e-61     161     355 ..  132487  132682 ..  132484  132683 .. 0.96
  10 !   36.2   4.0   9.7e-12   1.6e-10       1      34 [.  134170  134203 ..  134170  134208 .. 0.93
  11 !  208.0  16.1   5.5e-64   8.9e-63     165     355 ..  134206  134394 ..  134201  134394 .. 0.97

>> NZ_CP011877.1_frame=-2  Staphylococcus aureus strain 12S01032 chromosome, complete genome
   #    score  bias  c-Evalue  i-Evalue hmmfrom  hmm to    alifrom  ali to    envfrom  env to     acc
 ---   ------ ----- --------- --------- ------- -------    ------- -------    ------- -------    ----
   1 !   39.7   2.2   8.4e-13   1.4e-11       1      39 [.  757121  757159 ..  757121  757161 .. 0.96
   2 !  191.8  18.4   4.7e-59   7.6e-58     168     356 .]  757159  757346 ..  757156  757346 .. 0.97
   3 !  470.2  17.2  1.1e-143  1.8e-142       1     355 [.  758231  758544 ..  758231  758545 .. 0.99
   4 !   39.6   4.5   8.7e-13   1.4e-11       1      39 [.  758669  758707 ..  758669  758710 .. 0.95
   5 !  205.9  15.0   2.4e-63   3.8e-62     156     356 .]  758700  758902 ..  758699  758902 .. 0.96
   6 !   33.0   7.1     9e-11   1.4e-09       1      36 [.  759398  759433 ..  759398  759438 .. 0.91
   7 !  193.9  16.2   1.1e-59   1.7e-58     159     355 ..  759431  759628 ..  759429  759629 .. 0.97
   8 !   26.2   6.0   1.1e-08   1.7e-07       1      36 [.  759753  759788 ..  759753  759794 .. 0.91
   9 !  178.0  13.9   7.3e-55   1.2e-53     159     356 .]  759784  759979 ..  759783  759979 .. 0.92
  10 !   36.2   3.9   9.3e-12   1.5e-10       1      34 [.  761111  761144 ..  761111  761149 .. 0.93
  11 !  203.1  12.0   1.8e-62   2.8e-61     165     355 ..  761147  761336 ..  761142  761336 .. 0.96

>> NC_002953.3_frame=3  Staphylococcus aureus subsp. aureus MSSA476, complete sequence
   #    score  bias  c-Evalue  i-Evalue hmmfrom  hmm to    alifrom  ali to    envfrom  env to     acc
 ---   ------ ----- --------- --------- ------- -------    ------- -------    ------- -------    ----
   1 !  109.4  14.7   5.1e-34   8.3e-33     184     355 ..   20129   20311 ..   20097   20312 .. 0.87
   2 !   40.8   2.2   3.7e-13     6e-12       1      40 [.  142630  142669 ..  142630  142670 .. 0.97
   3 !  190.7  12.2     1e-58   1.6e-57     168     356 .]  142668  142855 ..  142665  142855 .. 0.96
   4 !   30.2   0.7   6.1e-10   9.8e-09       1      33 [.  142952  142984 ..  142952  142986 .. 0.98
   5 !  224.9  16.1   3.9e-69   6.3e-68     160     355 ..  142984  143179 ..  142982  143180 .. 0.98
   6 !  451.2  19.2  6.6e-138  1.1e-136       1     356 []  143759  144073 ..  143759  144073 .. 0.97
   7 !   36.5   3.8   7.7e-12   1.2e-10       1      40 [.  144196  144235 ..  144196  144238 .. 0.94
   8 !  205.7  14.9   2.7e-63   4.4e-62     156     356 .]  144227  144429 ..  144226  144429 .. 0.97
   9 !   36.9   3.1   5.6e-12     9e-11       1      35 [.  147395  147429 ..  147395  147434 .. 0.93
  10 !  197.1  15.9   1.1e-60   1.8e-59     163     355 ..  147432  147624 ..  147425  147624 .. 0.94
  11 !   88.8  13.2     1e-27   1.6e-26     161     314 ..  688735  688884 ..  688729  688921 .. 0.82

>> NZ_LR134090.1_frame=1  Staphylococcus aureus strain NCTC9555 chromosome 1, complete sequence
   #    score  bias  c-Evalue  i-Evalue hmmfrom  hmm to    alifrom  ali to    envfrom  env to     acc
 ---   ------ ----- --------- --------- ------- -------    ------- -------    ------- -------    ----
   1 !  574.4  31.5  2.4e-175  3.8e-174       1     356 []  150420  150775 ..  150420  150775 .. 1.00
   2 !   31.0   5.3   3.5e-10   5.7e-09       1      35 [.  151712  151746 ..  151712  151749 .. 0.94
   3 !  202.9  19.9     2e-62   3.3e-61     160     355 ..  151743  151939 ..  151741  151940 .. 0.98
   4 !   32.3   1.2   1.4e-10   2.3e-09       1      37 [.  152430  152466 ..  152430  152472 .. 0.93
   5 !  208.5  13.3   3.8e-64   6.1e-63     158     356 .]  152462  152661 ..  152461  152661 .. 0.97
   6 !   36.7   4.2   6.8e-12   1.1e-10       1      36 [.  154501  154536 ..  154501  154540 .. 0.92
   7 !  184.6  22.6   7.1e-57   1.1e-55     164     355 ..  154536  154727 ..  154531  154727 .. 0.95
   8 !  146.5   4.1   2.8e-45   4.5e-44     141     355 ..  594912  595129 ..  594904  595130 .. 0.94
   9 !  146.5   8.1   2.8e-45   4.6e-44     145     355 ..  595188  595403 ..  595171  595404 .. 0.92
  10 ?   -3.0   0.6       7.9   1.3e+02     285     304 ..  749351  749370 ..  749351  749370 .. 0.91

>> NZ_CP113052.1_frame=2  Staphylococcus aureus strain Fizz chromosome, complete genome
   #    score  bias  c-Evalue  i-Evalue hmmfrom  hmm to    alifrom  ali to    envfrom  env to     acc
 ---   ------ ----- --------- --------- ------- -------    ------- -------    ------- -------    ----
   1 !   39.9   1.8     7e-13   1.1e-11       1      39 [.  460383  460421 ..  460383  460423 .. 0.96
   2 !  187.7  16.1   8.2e-58   1.3e-56     166     356 .]  460418  460608 ..  460415  460608 .. 0.96
   3 !   34.3   0.8   3.5e-11   5.6e-10       1      33 [.  460705  460737 ..  460705  460740 .. 0.97
   4 !  224.8  17.0   4.5e-69   7.3e-68     160     355 ..  460737  460932 ..  460735  460933 .. 0.98
   5 !  480.5  20.7  7.8e-147  1.3e-145       1     356 []  461508  461832 ..  461508  461832 .. 0.97
   6 !   36.4   5.8     8e-12   1.3e-10       1      39 [.  461955  461993 ..  461955  461996 .. 0.94
   7 !  207.4  16.4   8.7e-64   1.4e-62     155     356 .]  461985  462188 ..  461984  462188 .. 0.97
   8 !   33.1   4.2   8.4e-11   1.3e-09       1      35 [.  463416  463450 ..  463416  463455 .. 0.92
   9 !  201.4  15.0   5.6e-62     9e-61     161     355 ..  463451  463646 ..  463448  463647 .. 0.96
  10 !   36.2   4.0   9.5e-12   1.5e-10       1      34 [.  465134  465167 ..  465134  465172 .. 0.93
  11 !   38.4   0.6   2.1e-12   3.3e-11     165     241 ..  465170  465240 ..  465167  465246 .. 0.93

>> NZ_LR134090.1_frame=2  Staphylococcus aureus strain NCTC9555 chromosome 1, complete sequence
   #    score  bias  c-Evalue  i-Evalue hmmfrom  hmm to    alifrom  ali to    envfrom  env to     acc
 ---   ------ ----- --------- --------- ------- -------    ------- -------    ------- -------    ----
   1 !   69.1   2.4   9.5e-22   1.5e-20     271     355 ..  136387  136472 ..  136370  136473 .. 0.90
   2 !   34.3   0.8   3.7e-11   5.9e-10       1      33 [.  150091  150123 ..  150091  150125 .. 0.98
   3 !  223.8  15.5   8.9e-69   1.4e-67     160     355 ..  150123  150318 ..  150121  150319 .. 0.98
   4 !  454.2  22.1  7.9e-139  1.3e-137       1     356 []  150898  151210 ..  150898  151210 .. 0.99
   5 !   40.7   5.0   3.9e-13   6.3e-12       1      40 [.  151333  151372 ..  151333  151375 .. 0.94
   6 !  196.6  16.3   1.6e-60   2.6e-59     156     355 ..  151364  151565 ..  151363  151566 .. 0.95
   7 !   33.8   3.5     5e-11   8.1e-10       2      36 ..  152085  152119 ..  152084  152122 .. 0.94
   8 !  188.3  13.2   5.6e-58     9e-57     157     355 ..  152115  152311 ..  152114  152312 .. 0.98
   9 !   36.3   2.9   9.1e-12   1.5e-10       1      40 [.  153143  153182 ..  153143  153185 .. 0.96
  10 !  169.9  17.2   2.1e-52   3.3e-51     164     356 .]  153178  153367 ..  153174  153367 .. 0.93
  11 ?    2.9   0.8      0.13         2       1      48 [.  319371  319414 ..  319371  319438 .. 0.77
  12 ?   -2.8   0.8       6.9   1.1e+02     317     356 .]  319476  319512 ..  319467  319512 .. 0.90
  13 !   84.3  14.8   2.3e-26   3.8e-25     180     351 ..  434000  434178 ..  433977  434181 .. 0.87

>> NZ_CP136528.1_frame=1  Staphylococcus aureus strain BAA-1556_Catania chromosome, complete genome
   #    score  bias  c-Evalue  i-Evalue hmmfrom  hmm to    alifrom  ali to    envfrom  env to     acc
 ---   ------ ----- --------- --------- ------- -------    ------- -------    ------- -------    ----
   1 !   39.9   1.8   7.1e-13   1.1e-11       1      39 [.  148906  148944 ..  148906  148946 .. 0.96
   2 !  187.7  16.1   8.2e-58   1.3e-56     166     356 .]  148941  149131 ..  148938  149131 .. 0.96
   3 !   34.3   0.8   3.5e-11   5.6e-10       1      33 [.  149228  149260 ..  149228  149263 .. 0.97
   4 !  224.8  17.0   4.5e-69   7.3e-68     160     355 ..  149260  149455 ..  149258  149456 .. 0.98
   5 !  467.6  19.0  6.8e-143  1.1e-141       1     356 []  150031  150338 ..  150031  150338 .. 0.99
   6 !   36.4   5.8     8e-12   1.3e-10       1      39 [.  150461  150499 ..  150461  150502 .. 0.94
   7 !  207.4  16.4   8.7e-64   1.4e-62     155     356 .]  150491  150694 ..  150490  150694 .. 0.97
   8 !   33.1   4.2   8.4e-11   1.4e-09       1      35 [.  151922  151956 ..  151922  151961 .. 0.92
   9 !  201.4  15.0   5.6e-62     9e-61     161     355 ..  151957  152152 ..  151954  152153 .. 0.96
  10 !   36.2   4.0   9.5e-12   1.5e-10       1      34 [.  153640  153673 ..  153640  153678 .. 0.93
  11 !   38.4   0.6   2.1e-12   3.3e-11     165     241 ..  153676  153746 ..  153673  153752 .. 0.93
  12 ?    1.6   0.5      0.32       5.1     284     355 ..  782837  782909 ..  782770  782910 .. 0.78

>> NZ_CP029678.1_frame=1  Staphylococcus aureus strain AR_0216 chromosome, complete genome
   #    score  bias  c-Evalue  i-Evalue hmmfrom  hmm to    alifrom  ali to    envfrom  env to     acc
 ---   ------ ----- --------- --------- ------- -------    ------- -------    ------- -------    ----
   1 !   39.8   1.8   7.5e-13   1.2e-11       1      39 [.  148323  148361 ..  148323  148363 .. 0.96
   2 !  187.6  16.1   8.7e-58   1.4e-56     166     356 .]  148358  148548 ..  148355  148548 .. 0.96
   3 !   34.3   0.8   3.7e-11   5.9e-10       1      33 [.  148645  148677 ..  148645  148680 .. 0.97
   4 !  224.7  17.0   4.8e-69   7.7e-68     160     355 ..  148677  148872 ..  148675  148873 .. 0.98
   5 !  467.5  19.0  7.3e-143  1.2e-141       1     356 []  149448  149755 ..  149448  149755 .. 0.99
   6 !   36.3   5.8   8.5e-12   1.4e-10       1      39 [.  149878  149916 ..  149878  149919 .. 0.94
   7 !  207.3  16.4   9.2e-64   1.5e-62     155     356 .]  149908  150111 ..  149907  150111 .. 0.97
   8 !   33.0   4.2   8.9e-11   1.4e-09       1      35 [.  151339  151373 ..  151339  151378 .. 0.92
   9 !  201.3  15.0   5.9e-62   9.5e-61     161     355 ..  151374  151569 ..  151371  151570 .. 0.96
  10 !   36.1   4.0     1e-11   1.6e-10       1      34 [.  153057  153090 ..  153057  153095 .. 0.93
  11 !   38.3   0.6   2.2e-12   3.5e-11     165     241 ..  153093  153163 ..  153090  153169 .. 0.93

>> NC_002952.2_frame=1  Staphylococcus aureus subsp. aureus MRSA252, complete sequence
   #    score  bias  c-Evalue  i-Evalue hmmfrom  hmm to    alifrom  ali to    envfrom  env to     acc
 ---   ------ ----- --------- --------- ------- -------    ------- -------    ------- -------    ----
   1 !   39.8   2.3   7.9e-13   1.3e-11       1      40 [.  150854  150893 ..  150854  150894 .. 0.97
   2 !  186.5  13.7   1.9e-57   3.1e-56     163     356 .]  150886  151079 ..  150885  151079 .. 0.95
   3 !   36.5   0.3   7.5e-12   1.2e-10       1      34 [.  151175  151208 ..  151175  151211 .. 0.95
   4 !  224.2  12.8   6.7e-69   1.1e-67     159     356 .]  151206  151405 ..  151205  151405 .. 0.97
   5 !  432.7  16.0  2.8e-132  4.4e-131       1     356 []  151964  152267 ..  151964  152267 .. 0.97
   6 !   39.5   4.5   9.1e-13   1.5e-11       1      39 [.  152391  152429 ..  152391  152432 .. 0.95
   7 !  205.5  15.4   3.2e-63   5.2e-62     157     356 .]  152423  152624 ..  152422  152624 .. 0.96
   8 !   32.9   7.1   9.3e-11   1.5e-09       1      36 [.  153120  153155 ..  153120  153160 .. 0.91
   9 !  195.8  15.8   2.8e-60   4.5e-59     159     355 ..  153153  153350 ..  153151  153351 .. 0.97

>> NC_017338.2_frame=2  Staphylococcus aureus subsp. aureus JKD6159, complete sequence
   #    score  bias  c-Evalue  i-Evalue hmmfrom  hmm to    alifrom  ali to    envfrom  env to     acc
 ---   ------ ----- --------- --------- ------- -------    ------- -------    ------- -------    ----
   1 !   41.7   3.2     2e-13   3.2e-12       1      39 [.  141984  142022 ..  141984  142024 .. 0.96
   2 !  199.0  15.3     3e-61   4.9e-60     168     356 .]  142022  142209 ..  142019  142209 .. 0.97
   3 !   36.8   0.8     6e-12   9.7e-11       1      33 [.  142295  142327 ..  142295  142334 .. 0.96
   4 !  224.8  15.5   4.5e-69   7.3e-68     164     355 ..  142331  142522 ..  142327  142523 .. 0.99
   5 !  429.6  20.2  2.4e-131  3.9e-130       1     356 []  143024  143333 ..  143024  143333 .. 0.96
   6 !  194.5  15.7   6.9e-60   1.1e-58     168     355 ..  144946  145134 ..  144944  145135 .. 0.96
   7 !   32.5   5.5   1.3e-10   2.1e-09       1      37 [.  145256  145292 ..  145256  145298 .. 0.91
   8 !  181.4  16.3   6.9e-56   1.1e-54     158     356 .]  145286  145482 ..  145286  145482 .. 0.94

>> NC_017763.1_frame=3  Staphylococcus aureus subsp. aureus HO 5096 0412, complete sequence
   #    score  bias  c-Evalue  i-Evalue hmmfrom  hmm to    alifrom  ali to    envfrom  env to     acc
 ---   ------ ----- --------- --------- ------- -------    ------- -------    ------- -------    ----
   1 !   73.9   1.6   3.3e-23   5.2e-22     271     355 ..  129685  129770 ..  129668  129771 .. 0.89
   2 !  506.2  23.7  1.2e-154  1.9e-153       1     356 []  139207  139547 ..  139207  139547 .. 0.99
   3 !   35.8   2.9   1.3e-11     2e-10       1      40 [.  139671  139710 ..  139671  139713 .. 0.94
   4 !  205.5  13.9   3.3e-63   5.3e-62     156     356 .]  139702  139904 ..  139701  139904 .. 0.97
   5 !   35.0   4.2   2.3e-11   3.6e-10       1      36 [.  140055  140090 ..  140055  140094 .. 0.94
   6 !  187.7  11.8   8.4e-58   1.4e-56     157     355 ..  140086  140282 ..  140085  140283 .. 0.97
   7 !   36.2   3.9   9.1e-12   1.5e-10       1      34 [.  142143  142176 ..  142143  142181 .. 0.93
   8 !  180.5  20.5   1.3e-55   2.1e-54     165     355 ..  142179  142369 ..  142173  142370 .. 0.95
   9 ?    1.8   0.6      0.28       4.4     272     355 ..  767775  767858 ..  767719  767859 .. 0.79

>> NZ_CP132371.1_frame=1  Staphylococcus aureus strain UNC_SA38 chromosome, complete genome
   #    score  bias  c-Evalue  i-Evalue hmmfrom  hmm to    alifrom  ali to    envfrom  env to     acc
 ---   ------ ----- --------- --------- ------- -------    ------- -------    ------- -------    ----
   1 ?    1.9   0.7      0.26       4.2     266     355 ..  569029  569117 ..  568978  569118 .. 0.78
   2 !   74.2   2.0   2.7e-23   4.4e-22     271     355 ..  881097  881182 ..  881080  881183 .. 0.90
   3 !   40.6   2.2   4.2e-13   6.8e-12       1      39 [.  889130  889168 ..  889130  889170 .. 0.96
   4 !  195.5  15.5   3.5e-60   5.6e-59     166     356 .]  889165  889355 ..  889162  889355 .. 0.96
   5 !   34.3   0.8   3.5e-11   5.7e-10       1      33 [.  889452  889484 ..  889452  889486 .. 0.98
   6 !  223.8  15.5   8.5e-69   1.4e-67     160     355 ..  889484  889679 ..  889482  889680 .. 0.98
   7 !   38.3   3.2   2.2e-12   3.6e-11       1      36 [.  891056  891091 ..  891056  891095 .. 0.94
   8 !  190.1  17.9   1.6e-58   2.5e-57     157     355 ..  891087  891283 ..  891086  891284 .. 0.98
   9 !   30.0   4.2   7.3e-10   1.2e-08       1      35 [.  891759  891793 ..  891759  891798 .. 0.92
  10 !  201.0  15.8   7.3e-62   1.2e-60     161     355 ..  891794  891989 ..  891791  891990 .. 0.96
  11 !   35.8   4.1   1.3e-11     2e-10       1      33 [.  893477  893509 ..  893477  893513 .. 0.95
  12 !  193.3  17.1   1.7e-59   2.7e-58     165     355 ..  893513  893703 ..  893508  893703 .. 0.95

>> NC_002745.2_frame=3  Staphylococcus aureus subsp. aureus N315, complete sequence
   #    score  bias  c-Evalue  i-Evalue hmmfrom  hmm to    alifrom  ali to    envfrom  env to     acc
 ---   ------ ----- --------- --------- ------- -------    ------- -------    ------- -------    ----
   1 !   40.6   2.2   4.5e-13   7.2e-12       1      39 [.  147034  147072 ..  147034  147074 .. 0.96
   2 !  195.5  15.5   3.6e-60   5.9e-59     166     356 .]  147069  147259 ..  147066  147259 .. 0.96
   3 !   34.2   0.8   3.7e-11     6e-10       1      33 [.  147356  147388 ..  147356  147390 .. 0.98
   4 !  223.8  15.5     9e-69   1.4e-67     160     355 ..  147388  147583 ..  147386  147584 .. 0.98
   5 !   38.2   3.2   2.4e-12   3.8e-11       1      36 [.  148960  148995 ..  148960  148999 .. 0.94
   6 !  190.0  17.9   1.7e-58   2.7e-57     157     355 ..  148991  149187 ..  148990  149188 .. 0.98
   7 !   29.9   4.2   7.7e-10   1.2e-08       1      35 [.  149663  149697 ..  149663  149702 .. 0.92
   8 !  201.0  15.8   7.7e-62   1.2e-60     161     355 ..  149698  149893 ..  149695  149894 .. 0.96
   9 !   35.7   4.1   1.3e-11   2.2e-10       1      33 [.  151381  151413 ..  151381  151417 .. 0.95
  10 !  193.2  17.1   1.7e-59   2.8e-58     165     355 ..  151417  151607 ..  151412  151607 .. 0.95
  11 ?    5.2   1.0     0.025       0.4       1      48 [.  317993  318036 ..  317993  318060 .. 0.77
  12 ?   -2.9   0.8         7   1.1e+02     317     356 .]  318098  318134 ..  318089  318134 .. 0.90
  13 ?    1.8   0.7      0.28       4.4     266     355 ..  759470  759558 ..  759419  759559 .. 0.78

>> NC_007795.1_frame=3  Staphylococcus aureus subsp. aureus NCTC 8325 chromosome, complete genome
   #    score  bias  c-Evalue  i-Evalue hmmfrom  hmm to    alifrom  ali to    envfrom  env to     acc
 ---   ------ ----- --------- --------- ------- -------    ------- -------    ------- -------    ----
   1 !   74.3   1.4   2.5e-23     4e-22     271     355 ..  121405  121490 ..  121388  121491 .. 0.90
   2 !  586.1  30.8  6.4e-179    1e-177       1     356 []  130082  130437 ..  130082  130437 .. 1.00
   3 !   33.6   1.0     6e-11   9.7e-10       1      37 [.  132092  132128 ..  132092  132134 .. 0.93
   4 !  210.0  13.8   1.3e-64   2.2e-63     158     356 .]  132124  132323 ..  132123  132323 .. 0.97
   5 !   32.1   5.1   1.6e-10   2.6e-09       1      37 [.  132806  132842 ..  132806  132847 .. 0.92
   6 !  171.1  18.2   9.1e-53   1.5e-51     158     356 .]  132836  133032 ..  132836  133032 .. 0.93
   7 ?    1.5   1.1      0.34       5.4       1      48 [.  296658  296701 ..  296658  296724 .. 0.76
   8 ?   -2.9   0.8       7.1   1.1e+02     317     356 .]  296763  296799 ..  296754  296799 .. 0.90
   9 ?    1.5   0.5      0.33       5.3     284     355 ..  763245  763317 ..  763178  763318 .. 0.78

>> NZ_CP113052.1_frame=1  Staphylococcus aureus strain Fizz chromosome, complete genome
   #    score  bias  c-Evalue  i-Evalue hmmfrom  hmm to    alifrom  ali to    envfrom  env to     acc
 ---   ------ ----- --------- --------- ------- -------    ------- -------    ------- -------    ----
   1 ?    1.6   0.5      0.31       5.1     284     355 ..  135320  135392 ..  135253  135393 .. 0.78
   2 !   74.3   1.4   2.4e-23   3.9e-22     271     355 ..  452357  452442 ..  452340  452443 .. 0.90
   3 !  567.3  31.2  3.4e-173  5.4e-172       1     356 []  461034  461385 ..  461034  461385 .. 1.00
   4 !   33.6   1.0   5.8e-11   9.3e-10       1      37 [.  463057  463093 ..  463057  463099 .. 0.93
   5 !  210.1  13.8   1.3e-64   2.1e-63     158     356 .]  463089  463288 ..  463088  463288 .. 0.97
   6 !   32.2   5.1   1.6e-10   2.5e-09       1      37 [.  463771  463807 ..  463771  463812 .. 0.92
   7 !  171.2  18.2   8.8e-53   1.4e-51     158     356 .]  463801  463997 ..  463801  463997 .. 0.93

>> NZ_CP136528.1_frame=3  Staphylococcus aureus strain BAA-1556_Catania chromosome, complete genome
   #    score  bias  c-Evalue  i-Evalue hmmfrom  hmm to    alifrom  ali to    envfrom  env to     acc
 ---   ------ ----- --------- --------- ------- -------    ------- -------    ------- -------    ----
   1 !   74.3   1.4   2.4e-23   3.9e-22     271     355 ..  140879  140964 ..  140862  140965 .. 0.90
   2 !  567.3  31.2  3.4e-173  5.4e-172       1     356 []  149556  149907 ..  149556  149907 .. 1.00
   3 !   33.6   1.0   5.8e-11   9.4e-10       1      37 [.  151562  151598 ..  151562  151604 .. 0.93
   4 !  210.1  13.8   1.3e-64   2.1e-63     158     356 .]  151594  151793 ..  151593  151793 .. 0.97
   5 !   32.2   5.1   1.6e-10   2.5e-09       1      37 [.  152276  152312 ..  152276  152317 .. 0.92
   6 !  171.2  18.2   8.9e-53   1.4e-51     158     356 .]  152306  152502 ..  152306  152502 .. 0.93

>> NZ_CP029678.1_frame=3  Staphylococcus aureus strain AR_0216 chromosome, complete genome
   #    score  bias  c-Evalue  i-Evalue hmmfrom  hmm to    alifrom  ali to    envfrom  env to     acc
 ---   ------ ----- --------- --------- ------- -------    ------- -------    ------- -------    ----
   1 !   74.3   1.4   2.6e-23   4.1e-22     271     355 ..  140296  140381 ..  140279  140382 .. 0.90
   2 !  567.2  31.2  3.6e-173  5.7e-172       1     356 []  148973  149324 ..  148973  149324 .. 1.00
   3 !   33.5   1.0   6.2e-11   9.9e-10       1      37 [.  150979  151015 ..  150979  151021 .. 0.93
   4 !  210.0  13.8   1.4e-64   2.2e-63     158     356 .]  151011  151210 ..  151010  151210 .. 0.97
   5 !   32.1   5.1   1.7e-10   2.7e-09       1      37 [.  151693  151729 ..  151693  151734 .. 0.92
   6 !  171.1  18.2   9.4e-53   1.5e-51     158     356 .]  151723  151919 ..  151723  151919 .. 0.93
   7 ?    1.5   0.5      0.33       5.4     284     355 ..  796905  796977 ..  796838  796978 .. 0.78

>> NC_002953.3_frame=2  Staphylococcus aureus subsp. aureus MSSA476, complete sequence
   #    score  bias  c-Evalue  i-Evalue hmmfrom  hmm to    alifrom  ali to    envfrom  env to     acc
 ---   ------ ----- --------- --------- ------- -------    ------- -------    ------- -------    ----
   1 !   34.8   6.5   2.5e-11     4e-10     256     333 ..   20461   20538 ..   20460   20554 .. 0.86
   2 !   74.0   2.0     3e-23   4.9e-22     271     355 ..  131289  131374 ..  131271  131375 .. 0.90
   3 !  577.1  31.9  3.6e-176  5.7e-175       1     356 []  143281  143636 ..  143281  143636 .. 1.00
   4 !   32.3   3.9   1.4e-10   2.3e-09       2      36 ..  144954  144988 ..  144953  144991 .. 0.94
   5 !  190.7  14.2     1e-58   1.6e-57     157     355 ..  144984  145180 ..  144983  145181 .. 0.98
   6 !   31.8   5.9   2.1e-10   3.4e-09       1      37 [.  146009  146045 ..  146009  146050 .. 0.92
   7 !  171.2  18.2   8.9e-53   1.4e-51     158     356 .]  146039  146235 ..  146039  146235 .. 0.93
   8 ?    1.5   1.1      0.33       5.3       1      48 [.  312639  312682 ..  312639  312705 .. 0.76
   9 ?   -3.0   1.1       7.9   1.3e+02     317     356 .]  312744  312780 ..  312734  312780 .. 0.89

>> NC_017338.2_frame=3  Staphylococcus aureus subsp. aureus JKD6159, complete sequence
   #    score  bias  c-Evalue  i-Evalue hmmfrom  hmm to    alifrom  ali to    envfrom  env to     acc
 ---   ------ ----- --------- --------- ------- -------    ------- -------    ------- -------    ----
   1 !  110.4   8.5   2.6e-34   4.2e-33     157     331 ..   25671   25862 ..   25657   25883 .. 0.84
   2 !   39.5   2.7   9.6e-13   1.5e-11       1      39 [.  143456  143494 ..  143456  143495 .. 0.96
   3 !  206.9  14.8   1.2e-63   1.9e-62     158     356 .]  143489  143689 ..  143488  143689 .. 0.97
   4 !   37.6   3.9   3.6e-12   5.9e-11       1      36 [.  144208  144243 ..  144208  144247 .. 0.94
   5 !  192.6  15.2   2.7e-59   4.3e-58     157     355 ..  144239  144435 ..  144238  144436 .. 0.97
   6 !   33.6   4.7   5.9e-11   9.5e-10       1      37 [.  144550  144586 ..  144550  144592 .. 0.93
   7 !  205.2  15.2   3.8e-63   6.2e-62     158     356 .]  144582  144781 ..  144581  144781 .. 0.97
   8 !   38.6   1.9   1.7e-12   2.8e-11       1      37 [.  144908  144944 ..  144908  144959 .. 0.89
   9 !   36.5   3.6   7.8e-12   1.3e-10       1      35 [.  146658  146692 ..  146658  146698 .. 0.92
  10 !  194.5  19.4   6.9e-60   1.1e-58     163     355 ..  146695  146887 ..  146688  146888 .. 0.95
  11 ?   -3.0   3.5       7.6   1.2e+02       1      95 [.  628600  628675 ..  628600  628694 .. 0.50

>> NC_002952.2_frame=3  Staphylococcus aureus subsp. aureus MRSA252, complete sequence
   #    score  bias  c-Evalue  i-Evalue hmmfrom  hmm to    alifrom  ali to    envfrom  env to     acc
 ---   ------ ----- --------- --------- ------- -------    ------- -------    ------- -------    ----
   1 !  496.7  23.2  9.8e-152  1.6e-150       1     356 []  151504  151844 ..  151504  151844 .. 0.99
   2 !   35.0   3.7   2.2e-11   3.6e-10       1      36 [.  152774  152809 ..  152774  152813 .. 0.94
   3 !  186.7  11.2   1.6e-57   2.6e-56     157     355 ..  152805  153001 ..  152804  153002 .. 0.98
   4 !   29.9   6.3   7.6e-10   1.2e-08       1      37 [.  153473  153509 ..  153473  153514 .. 0.92
   5 !  186.4  14.2   2.1e-57   3.3e-56     154     356 .]  153499  153699 ..  153499  153699 .. 0.94

>> NZ_CP011877.1_frame=-1  Staphylococcus aureus strain 12S01032 chromosome, complete genome
   #    score  bias  c-Evalue  i-Evalue hmmfrom  hmm to    alifrom  ali to    envfrom  env to     acc
 ---   ------ ----- --------- --------- ------- -------    ------- -------    ------- -------    ----
   1 ?   -2.7   1.2       6.4     1e+02       1      48 [.  287559  287607 ..  287559  287646 .. 0.62
   2 !   73.1   2.2   5.8e-23   9.4e-22     272     355 ..  748636  748720 ..  748631  748721 .. 0.94
   3 !  501.6  23.1  3.1e-153    5e-152       1     356 []  757772  758112 ..  757772  758112 .. 0.99
   4 !   34.9   4.3   2.4e-11   3.8e-10       1      36 [.  759053  759088 ..  759053  759092 .. 0.94
   5 !  187.3  12.5   1.1e-57   1.7e-56     157     355 ..  759084  759280 ..  759083  759281 .. 0.97
   6 ?    2.1   1.1      0.23       3.7       1      48 [.  934164  934207 ..  934164  934230 .. 0.75
   7 ?   -2.8   0.8       6.9   1.1e+02     317     356 .]  934269  934305 ..  934260  934305 .. 0.90

>> NC_002953.3_frame=1  Staphylococcus aureus subsp. aureus MSSA476, complete sequence
   #    score  bias  c-Evalue  i-Evalue hmmfrom  hmm to    alifrom  ali to    envfrom  env to     acc
 ---   ------ ----- --------- --------- ------- -------    ------- -------    ------- -------    ----
   1 ?    6.2   0.4     0.012       0.2     223     262 ..   20422   20466 ..   20417   20470 .. 0.88
   2 !   30.4   4.6   5.4e-10   8.7e-09       1      34 [.  144580  144613 ..  144580  144615 .. 0.95
   3 !  198.0  17.9   6.1e-61   9.9e-60     160     355 ..  144611  144808 ..  144610  144809 .. 0.96
   4 !   34.8   1.0   2.6e-11   4.2e-10       1      36 [.  145298  145333 ..  145298  145338 .. 0.94
   5 !  208.0  13.1   5.4e-64   8.7e-63     158     356 .]  145330  145529 ..  145329  145529 .. 0.97
   6 !   32.8   3.5     1e-10   1.7e-09       1      35 [.  145657  145691 ..  145657  145696 .. 0.92
   7 !  200.5  13.7   1.1e-61   1.7e-60     161     355 ..  145692  145887 ..  145689  145888 .. 0.96
   8 !   85.4  14.4     1e-26   1.6e-25     169     332 ..  688494  688669 ..  688482  688691 .. 0.85
   9 ?    1.8   0.7      0.27       4.3     266     355 ..  758767  758855 ..  758716  758856 .. 0.78

>> NZ_CP136528.1_frame=2  Staphylococcus aureus strain BAA-1556_Catania chromosome, complete genome
   #    score  bias  c-Evalue  i-Evalue hmmfrom  hmm to    alifrom  ali to    envfrom  env to     acc
 ---   ------ ----- --------- --------- ------- -------    ------- -------    ------- -------    ----
   1 !   31.0   5.3   3.5e-10   5.7e-09       1      35 [.  150844  150878 ..  150844  150881 .. 0.94
   2 !  202.8  21.0   2.1e-62   3.4e-61     160     355 ..  150875  151071 ..  150873  151072 .. 0.97
   3 !   32.8   3.7     1e-10   1.7e-09       2      36 ..  151217  151251 ..  151216  151255 .. 0.93
   4 !  198.2  16.8   5.2e-61   8.4e-60     158     356 .]  151248  151444 ..  151247  151444 .. 0.98
   5 !  140.5  12.5   1.8e-43   2.9e-42     244     355 ..  153747  153862 ..  153743  153862 .. 0.97
   6 ?    1.5   1.1      0.33       5.3       1      48 [.  329856  329899 ..  329856  329922 .. 0.76
   7 ?   -2.8   0.8       6.9   1.1e+02     317     356 .]  329961  329997 ..  329952  329997 .. 0.90

>> NZ_LR134284.1_frame=2  Streptococcus pyogenes strain NCTC8232 chromosome 1, complete sequence
   #    score  bias  c-Evalue  i-Evalue hmmfrom  hmm to    alifrom  ali to    envfrom  env to     acc
 ---   ------ ----- --------- --------- ------- -------    ------- -------    ------- -------    ----
   1 !  115.0   8.2     1e-35   1.6e-34     160     342 ..  339742  339930 ..  339725  339950 .. 0.88
   2 !  111.6   7.5   1.1e-34   1.8e-33     143     340 ..  371187  371389 ..  371168  371409 .. 0.86
   3 !   46.2   9.0   8.9e-15   1.4e-13     271     353 ..  391650  391736 ..  391645  391737 .. 0.90
   4 !  107.8   8.5   1.6e-33   2.6e-32     169     333 ..  576686  576856 ..  576681  576880 .. 0.89

>> NZ_LS483357.1_frame=1  Streptococcus pyogenes strain NCTC8326 chromosome 1, complete sequence
   #    score  bias  c-Evalue  i-Evalue hmmfrom  hmm to    alifrom  ali to    envfrom  env to     acc
 ---   ------ ----- --------- --------- ------- -------    ------- -------    ------- -------    ----
   1 !  130.6   5.0   1.9e-40     3e-39     149     330 ..  219392  219587 ..  219382  219591 .. 0.92
   2 !  118.3  14.1   1.1e-36   1.7e-35     153     350 ..  430319  430518 ..  430314  430522 .. 0.90
   3 !  106.9   9.9   3.1e-33   4.9e-32     169     333 ..  567808  567978 ..  567803  568002 .. 0.89

>> NZ_CP155738.1_frame=3  Streptococcus pyogenes strain 1510/08 chromosome, complete genome
   #    score  bias  c-Evalue  i-Evalue hmmfrom  hmm to    alifrom  ali to    envfrom  env to     acc
 ---   ------ ----- --------- --------- ------- -------    ------- -------    ------- -------    ----
   1 !  118.1  13.9   1.2e-36     2e-35     153     350 ..  340865  341064 ..  340860  341068 .. 0.90
   2 !  107.8   9.9   1.6e-33   2.7e-32     169     333 ..  605842  606012 ..  605837  606036 .. 0.89

>> NZ_CP118481.1_frame=2  Streptococcus pyogenes strain 20185322 chromosome, complete genome
   #    score  bias  c-Evalue  i-Evalue hmmfrom  hmm to    alifrom  ali to    envfrom  env to     acc
 ---   ------ ----- --------- --------- ------- -------    ------- -------    ------- -------    ----
   1 !  101.2  11.1   1.7e-31   2.7e-30     158     332 ..  258523  258698 ..  258519  258723 .. 0.90
   2 !  113.9   8.5   2.3e-35   3.7e-34     160     342 ..  338276  338464 ..  338259  338484 .. 0.88

>> NZ_CP118481.1_frame=1  Streptococcus pyogenes strain 20185322 chromosome, complete genome
   #    score  bias  c-Evalue  i-Evalue hmmfrom  hmm to    alifrom  ali to    envfrom  env to     acc
 ---   ------ ----- --------- --------- ------- -------    ------- -------    ------- -------    ----
   1 !   62.9   4.9   7.2e-20   1.2e-18     195     341 ..  258295  258458 ..  258257  258468 .. 0.76
   2 !  111.9   9.4   9.4e-35   1.5e-33     169     333 ..  568751  568921 ..  568746  568945 .. 0.89

>> NZ_CP070994.1_frame=-3  Streptococcus pyogenes strain M11318 chromosome, complete genome
   #    score  bias  c-Evalue  i-Evalue hmmfrom  hmm to    alifrom  ali to    envfrom  env to     acc
 ---   ------ ----- --------- --------- ------- -------    ------- -------    ------- -------    ----
   1 !   69.6  18.5   6.5e-22     1e-20     157     353 ..  483353  483551 ..  483350  483552 .. 0.90
   2 !  103.1   8.7   4.3e-32   6.9e-31     169     333 ..  543316  543486 ..  543311  543510 .. 0.89

>> NZ_CP051138.1_frame=3  Streptococcus pyogenes strain 4063-05 chromosome, complete genome
   #    score  bias  c-Evalue  i-Evalue hmmfrom  hmm to    alifrom  ali to    envfrom  env to     acc
 ---   ------ ----- --------- --------- ------- -------    ------- -------    ------- -------    ----
   1 !  130.6   5.0   1.9e-40     3e-39     149     330 ..  219322  219517 ..  219312  219521 .. 0.92

>> NZ_AP023389.1_frame=3  Streptococcus pyogenes strain KUN-0012590 chromosome, complete genome
   #    score  bias  c-Evalue  i-Evalue hmmfrom  hmm to    alifrom  ali to    envfrom  env to     acc
 ---   ------ ----- --------- --------- ------- -------    ------- -------    ------- -------    ----
   1 !   41.3   8.2   2.6e-13   4.2e-12     271     353 ..  383724  383810 ..  383718  383811 .. 0.91
   2 !  109.8   9.3     4e-34   6.4e-33     169     333 ..  558545  558715 ..  558540  558739 .. 0.89

>> NZ_CP051138.1_frame=1  Streptococcus pyogenes strain 4063-05 chromosome, complete genome
   #    score  bias  c-Evalue  i-Evalue hmmfrom  hmm to    alifrom  ali to    envfrom  env to     acc
 ---   ------ ----- --------- --------- ------- -------    ------- -------    ------- -------    ----
   1 !   39.9   9.1   7.1e-13   1.1e-11     271     353 ..  381733  381819 ..  381728  381820 .. 0.90
   2 !  106.9   9.9   3.1e-33   4.9e-32     169     333 ..  567733  567903 ..  567728  567927 .. 0.89

>> NZ_CP134538.1_frame=-3  Streptococcus equi subsp. equi strain XJ5012 chromosome, complete genome
   #    score  bias  c-Evalue  i-Evalue hmmfrom  hmm to    alifrom  ali to    envfrom  env to     acc
 ---   ------ ----- --------- --------- ------- -------    ------- -------    ------- -------    ----
   1 !  102.0  10.5   9.3e-32   1.5e-30     158     332 ..   61810   61985 ..   61806   62010 .. 0.90
   2 !   34.1  15.7   4.2e-11   6.8e-10     169     355 ..  168572  168770 ..  168538  168771 .. 0.78



Internal pipeline statistics summary:
-------------------------------------
Query model(s):                              1  (356 nodes)
Target sequences:                          564  (304447416 residues searched)
Passed MSV filter:                       333  (0.590426); expected 11.3 (0.02)
Passed bias filter:                      134  (0.237589); expected 11.3 (0.02)
Passed Vit filter:                       134  (0.237589); expected 0.6 (0.001)
Passed Fwd filter:                        38  (0.0673759); expected 0.0 (1e-05)
Initial search space (Z):                564  [actual number of targets]
Domain search space  (domZ):              35  [number of targets reported over threshold]
# CPU time: 98.01u 0.21s 00:01:38.22 Elapsed: 00:01:38.97
# Mc/sec: 1095.11

@@ New targets included:   6
@@ New alignment includes: 234 subseqs (was 232), including original query
# Alignment of 234 hits satisfying inclusion thresholds saved to: jackhmmer_results/SSL3.jackhmmer.sto
//
[ok]
