# jackhmmer :: iteratively search a protein sequence against a protein database
# HMMER 3.1b2 (February 2015); http://hmmer.org/
# Copyright (C) 2015 Howard Hughes Medical Institute.
# Freely distributed under the GNU General Public License (GPLv3).
# - - - - - - - - - - - - - - - - - - - - - - - - - - - - - - - - - - - -
# query sequence file:             data/ssl/SSL3.fasta
# target sequence database:        data/ssl/genomes_6frame_proteins.fasta
# maximum iterations set to:       10
# output directed to file:         jackhmmer_results/SSL3.jackhmmer.out
# MSA of hits saved to file:       jackhmmer_results/SSL3.jackhmmer.sto
# per-seq hits tabular output:     jackhmmer_results/SSL3.jackhmmer.tblout
# per-dom hits tabular output:     jackhmmer_results/SSL3.jackhmmer.domtblout
# show alignments in output:       no
# number of worker threads:        4
# - - - - - - - - - - - - - - - - - - - - - - - - - - - - - - - - - - - -

Query:       Q2G0X7|SSL3  [L=356]

Scores for complete sequences (score includes all domains):
   --- full sequence ---   --- best 1 domain ---    -#dom-
    E-value  score  bias    E-value  score  bias    exp  N  Sequence               Description
    ------- ------ -----    ------- ------ -----   ---- --  --------               -----------
+         0 1282.2 122.1   8.2e-222  730.3  22.2    8.9  9  NC_002745.2_frame=2     Staphylococcus aureus subsp. aureus N
+         0 1204.9 198.9   4.1e-221  728.0  21.8   10.7  8  NZ_CP132371.1_frame=3   Staphylococcus aureus strain UNC_SA38
+  6.7e-286  940.8  80.9   2.9e-215  708.8  22.8   12.6  8  NZ_LR134090.1_frame=1   Staphylococcus aureus strain NCTC9555
+  1.4e-269  887.2  67.6   1.2e-226  746.1  22.1    5.4  5  NC_007795.1_frame=3     Staphylococcus aureus subsp. aureus N
+  1.2e-259  854.6 186.2   6.7e-119  392.2  12.4   13.0 12  NC_007795.1_frame=1     Staphylococcus aureus subsp. aureus N
+  1.7e-255  841.0 100.1   9.7e-221  726.8  22.7    6.1  5  NZ_CP029678.1_frame=3   Staphylococcus aureus strain AR_0216 
+  1.9e-248  817.8  57.3   9.1e-221  726.9  22.7    7.4  5  NZ_CP113052.1_frame=1   Staphylococcus aureus strain Fizz chr
+  1.9e-248  817.8  57.3   9.1e-221  726.9  22.7    9.5  5  NZ_CP136528.1_frame=3   Staphylococcus aureus strain BAA-1556
+  1.4e-247  815.0  55.8   1.6e-223  735.9  22.3    7.7  6  NC_002953.3_frame=2     Staphylococcus aureus subsp. aureus M
+  1.7e-234  772.0 223.4   3.2e-128  422.9  16.1   13.2 11  NZ_CP011877.1_frame=-2  Staphylococcus aureus strain 12S01032
+  3.5e-230  757.8 139.4   8.1e-117  385.4  14.9   10.3 10  NC_002952.2_frame=1     Staphylococcus aureus subsp. aureus M
+  3.1e-226  744.8 176.4   8.1e-122  401.8  25.3   12.9 11  NZ_CP113052.1_frame=2   Staphylococcus aureus strain Fizz chr
+  3.1e-225  741.6 174.7   6.5e-119  392.3  12.4   12.9 12  NZ_CP136528.1_frame=1   Staphylococcus aureus strain BAA-1556
+  1.1e-223  736.5 183.6   2.7e-106  350.8  21.7   12.9 11  NC_002953.3_frame=3     Staphylococcus aureus subsp. aureus M
+  4.9e-214  704.8 218.9   6.9e-119  392.2  12.4   14.0 12  NZ_CP029678.1_frame=1   Staphylococcus aureus strain AR_0216 
+    2e-207  683.0 143.2     1e-108  358.8  22.1   12.0 10  NZ_LR134090.1_frame=2   Staphylococcus aureus strain NCTC9555
+  3.6e-204  672.3 186.5   9.5e-105  345.8  11.2   10.6  9  NC_017338.2_frame=2     Staphylococcus aureus subsp. aureus J
+  7.2e-194  638.5 176.7   9.3e-137  450.9  16.4   10.8  8  NC_017763.1_frame=3     Staphylococcus aureus subsp. aureus H
+  2.7e-165  544.6  53.6   4.5e-120  396.1  11.0    5.2  5  NC_017338.2_frame=1     Staphylococcus aureus subsp. aureus J
+  5.2e-147  484.6  43.3   6.2e-118  389.1  13.5    5.7  5  NC_002952.2_frame=3     Staphylococcus aureus subsp. aureus M
+  1.6e-141  466.6 156.2    2.9e-45  150.3   7.9   12.7 11  NZ_CP132371.1_frame=1   Staphylococcus aureus strain UNC_SA38
+  4.6e-141  465.0 135.6    3.1e-45  150.3   7.9   10.9 10  NC_002745.2_frame=3     Staphylococcus aureus subsp. aureus N
+  3.9e-136  448.9  29.1   1.9e-118  390.8  14.9    5.7  4  NZ_CP011877.1_frame=-1  Staphylococcus aureus strain 12S01032
+     1e-87  289.8  56.7    1.2e-40  135.1  15.6    5.0  5  NZ_CP136528.1_frame=2   Staphylococcus aureus strain BAA-1556
+   1.5e-87  289.3  62.4    4.7e-35  116.8  10.7   13.6 10  NC_017338.2_frame=3     Staphylococcus aureus subsp. aureus J
+   4.4e-76  251.6  46.4    1.2e-40  135.1  15.6    7.2  5  NZ_CP113052.1_frame=3   Staphylococcus aureus strain Fizz chr
+   4.9e-76  251.4  46.4    1.3e-40  135.1  15.6    7.3  5  NZ_CP029678.1_frame=2   Staphylococcus aureus strain AR_0216 
+   4.8e-71  235.0  48.8    2.7e-39  130.7  12.9    8.0  5  NC_002953.3_frame=1     Staphylococcus aureus subsp. aureus M
+   2.3e-59  196.7  76.8    3.4e-28   94.3   6.8    6.2  6  NC_017763.1_frame=1     Staphylococcus aureus subsp. aureus H
+   2.4e-56  186.8  33.9    1.4e-40  135.0  15.7    6.7  4  NC_007795.1_frame=2     Staphylococcus aureus subsp. aureus N
+   4.2e-48  159.7   6.0    4.2e-48  159.7   6.0    4.4  2  NC_017763.1_frame=2     Staphylococcus aureus subsp. aureus H
+   5.8e-46  152.6   5.8    5.8e-46  152.6   5.8    3.7  2  NZ_CP011877.1_frame=-3  Staphylococcus aureus strain 12S01032
+   9.1e-37  122.4   9.2    9.1e-37  122.4   9.2    5.7  2  NC_002952.2_frame=2     Staphylococcus aureus subsp. aureus M


Domain annotation for each sequence:
>> NC_002745.2_frame=2  Staphylococcus aureus subsp. aureus N315, complete sequence
   #    score  bias  c-Evalue  i-Evalue hmmfrom  hmm to    alifrom  ali to    envfrom  env to     acc
 ---   ------ ----- --------- --------- ------- -------    ------- -------    ------- -------    ----
   1 !  730.3  22.2  4.8e-223  8.2e-222       1     356 []  147685  148040 ..  147685  148040 .. 1.00
   2 !   15.7   3.5   1.6e-05   0.00027       1      40 [.  148163  148202 ..  148163  148207 .. 0.94
   3 !  346.6  10.7    3e-106  5.1e-105     109     356 .]  148205  148454 ..  148202  148454 .. 0.96
   4 ?    3.6   0.4     0.079       1.3       1      34 [.  148577  148610 ..  148577  148619 .. 0.88
   5 !   85.9   8.3   6.9e-27   1.2e-25     163     356 .]  148615  148810 ..  148608  148810 .. 0.86
   6 !   81.9   8.8   1.2e-25     2e-24     170     356 .]  149349  149536 ..  149323  149536 .. 0.84
   7 ?   -0.1   0.2       1.1        19       1      35 [.  150018  150052 ..  150018  150064 .. 0.83
   8 !   59.3   9.5   8.9e-19   1.5e-17     171     356 .]  150062  150244 ..  150047  150244 .. 0.81
   9 ?    3.0   1.7      0.12       2.1     226     314 ..  685803  685890 ..  685780  685900 .. 0.74

>> NZ_CP132371.1_frame=3  Staphylococcus aureus strain UNC_SA38 chromosome, complete genome
   #    score  bias  c-Evalue  i-Evalue hmmfrom  hmm to    alifrom  ali to    envfrom  env to     acc
 ---   ------ ----- --------- --------- ------- -------    ------- -------    ------- -------    ----
   1 !  728.0  21.8  2.4e-222  4.1e-221       1     356 []  889780  890135 ..  889780  890135 .. 1.00
   2 !   15.8   3.5   1.5e-05   0.00026       1      40 [.  890258  890297 ..  890258  890302 .. 0.94
   3 !  346.7  10.7  2.8e-106  4.8e-105     109     356 .]  890300  890549 ..  890297  890549 .. 0.96
   4 ?    3.7   0.4     0.074       1.3       1      34 [.  890672  890705 ..  890672  890714 .. 0.88
   5 !   86.0   8.3   6.6e-27   1.1e-25     163     356 .]  890710  890905 ..  890703  890905 .. 0.86
   6 !   81.9   8.8   1.1e-25   1.9e-24     170     356 .]  891444  891631 ..  891418  891631 .. 0.84
   7 ?   -0.1   0.2       1.1        18       1      35 [.  892113  892147 ..  892113  892157 .. 0.84
   8 !   59.1  10.3     1e-18   1.8e-17     169     356 .]  892155  892339 ..  892131  892339 .. 0.81

>> NZ_LR134090.1_frame=1  Staphylococcus aureus strain NCTC9555 chromosome 1, complete sequence
   #    score  bias  c-Evalue  i-Evalue hmmfrom  hmm to    alifrom  ali to    envfrom  env to     acc
 ---   ------ ----- --------- --------- ------- -------    ------- -------    ------- -------    ----
   1 !  708.8  22.8  1.7e-216  2.9e-215       1     356 []  150420  150775 ..  150420  150775 .. 1.00
   2 ?    6.2   0.7     0.013      0.21       1      32 [.  151712  151743 ..  151712  151749 .. 0.90
   3 !  133.1  14.7   2.9e-41     5e-40     151     355 ..  151733  151939 ..  151728  151940 .. 0.91
   4 !   82.2   8.2   9.5e-26   1.6e-24     170     356 .]  152474  152661 ..  152446  152661 .. 0.84
   5 !   11.2   0.9   0.00039    0.0067       1      35 [.  154501  154535 ..  154501  154540 .. 0.93
   6 !   91.6  11.2   1.3e-28   2.1e-27     168     355 ..  154540  154727 ..  154535  154727 .. 0.87
   7 !   11.5   0.2   0.00032    0.0055     245     335 ..  595020  595109 ..  594914  595127 .. 0.80
   8 !   13.6   0.2   7.4e-05    0.0013     244     335 ..  595293  595383 ..  595269  595400 .. 0.82

>> NC_007795.1_frame=3  Staphylococcus aureus subsp. aureus NCTC 8325 chromosome, complete genome
   #    score  bias  c-Evalue  i-Evalue hmmfrom  hmm to    alifrom  ali to    envfrom  env to     acc
 ---   ------ ----- --------- --------- ------- -------    ------- -------    ------- -------    ----
   1 !   18.4   0.5   2.5e-06   4.4e-05     281     352 ..  121415  121487 ..  121389  121491 .. 0.85
   2 !  746.1  22.1  7.3e-228  1.2e-226       1     356 []  130082  130437 ..  130082  130437 .. 1.00
   3 !   81.7   9.0   1.3e-25   2.3e-24     170     356 .]  132136  132323 ..  132111  132323 .. 0.85
   4 ?   -0.2   0.2       1.1        19       1      35 [.  132806  132840 ..  132806  132852 .. 0.83
   5 !   59.3   9.5   8.9e-19   1.5e-17     171     356 .]  132850  133032 ..  132835  133032 .. 0.81

>> NC_007795.1_frame=1  Staphylococcus aureus subsp. aureus NCTC 8325 chromosome, complete genome
   #    score  bias  c-Evalue  i-Evalue hmmfrom  hmm to    alifrom  ali to    envfrom  env to     acc
 ---   ------ ----- --------- --------- ------- -------    ------- -------    ------- -------    ----
   1 ?    5.5   0.2     0.021      0.36       1      31 [.  129432  129462 ..  129432  129471 .. 0.88
   2 !   98.9   7.6   7.9e-31   1.3e-29     169     356 .]  129471  129657 ..  129462  129657 .. 0.91
   3 ?    2.3   0.1       0.2       3.4       1      32 [.  129754  129785 ..  129754  129793 .. 0.94
   4 !  149.6   7.9   2.8e-46   4.8e-45     169     355 ..  129795  129981 ..  129789  129982 .. 0.98
   5 !   17.8   4.3   3.7e-06   6.3e-05       1      40 [.  130561  130600 ..  130561  130610 .. 0.93
   6 !  392.2  12.4  3.9e-120  6.7e-119     103     356 .]  130614  130868 ..  130601  130868 .. 0.95
   7 ?    3.2   0.6       0.1       1.8       1      33 [.  130991  131023 ..  130991  131032 .. 0.88
   8 !   85.6   8.7   8.6e-27   1.5e-25     163     356 .]  131029  131224 ..  131023  131224 .. 0.86
   9 ?    2.1   0.7      0.23       3.9       1      30 [.  132452  132481 ..  132452  132491 .. 0.85
  10 !   73.8   9.6   3.3e-23   5.6e-22     170     355 ..  132496  132682 ..  132482  132683 .. 0.86
  11 !   10.7   0.8   0.00055    0.0094       1      34 [.  134170  134203 ..  134170  134209 .. 0.92
  12 !  119.5   7.4   4.2e-37   7.2e-36     168     355 ..  134209  134394 ..  134204  134394 .. 0.87

>> NZ_CP029678.1_frame=3  Staphylococcus aureus strain AR_0216 chromosome, complete genome
   #    score  bias  c-Evalue  i-Evalue hmmfrom  hmm to    alifrom  ali to    envfrom  env to     acc
 ---   ------ ----- --------- --------- ------- -------    ------- -------    ------- -------    ----
   1 !   18.3   0.5   2.6e-06   4.5e-05     281     352 ..  140306  140378 ..  140280  140382 .. 0.85
   2 !  726.8  22.7  5.7e-222  9.7e-221       1     356 []  148973  149324 ..  148973  149324 .. 1.00
   3 !   81.7   9.0   1.4e-25   2.3e-24     170     356 .]  151023  151210 ..  150998  151210 .. 0.85
   4 ?   -0.1   0.3       1.1        18       1      35 [.  151693  151727 ..  151693  151753 .. 0.84
   5 !   59.1   9.7     1e-18   1.7e-17     171     356 .]  151737  151919 ..  151722  151919 .. 0.81

>> NZ_CP113052.1_frame=1  Staphylococcus aureus strain Fizz chromosome, complete genome
   #    score  bias  c-Evalue  i-Evalue hmmfrom  hmm to    alifrom  ali to    envfrom  env to     acc
 ---   ------ ----- --------- --------- ------- -------    ------- -------    ------- -------    ----
   1 !   18.4   0.5   2.5e-06   4.2e-05     281     352 ..  452367  452439 ..  452341  452443 .. 0.85
   2 !  726.9  22.7  5.3e-222  9.1e-221       1     356 []  461034  461385 ..  461034  461385 .. 1.00
   3 !   81.8   9.0   1.3e-25   2.2e-24     170     356 .]  463101  463288 ..  463076  463288 .. 0.85
   4 ?   -0.0   0.3         1        17       1      35 [.  463771  463805 ..  463771  463831 .. 0.84
   5 !   59.2   9.6   9.3e-19   1.6e-17     171     356 .]  463815  463997 ..  463800  463997 .. 0.81

>> NZ_CP136528.1_frame=3  Staphylococcus aureus strain BAA-1556_Catania chromosome, complete genome
   #    score  bias  c-Evalue  i-Evalue hmmfrom  hmm to    alifrom  ali to    envfrom  env to     acc
 ---   ------ ----- --------- --------- ------- -------    ------- -------    ------- -------    ----
   1 !   18.4   0.5   2.5e-06   4.2e-05     281     352 ..  140889  140961 ..  140863  140965 .. 0.85
   2 !  726.9  22.7  5.3e-222  9.1e-221       1     356 []  149556  149907 ..  149556  149907 .. 1.00
   3 !   81.7   9.0   1.3e-25   2.2e-24     170     356 .]  151606  151793 ..  151581  151793 .. 0.85
   4 ?   -0.0   0.3         1        17       1      35 [.  152276  152310 ..  152276  152336 .. 0.84
   5 !   59.2   9.6   9.3e-19   1.6e-17     171     356 .]  152320  152502 ..  152305  152502 .. 0.81

>> NC_002953.3_frame=2  Staphylococcus aureus subsp. aureus MSSA476, complete sequence
   #    score  bias  c-Evalue  i-Evalue hmmfrom  hmm to    alifrom  ali to    envfrom  env to     acc
 ---   ------ ----- --------- --------- ------- -------    ------- -------    ------- -------    ----
   1 !   18.2   0.5   2.9e-06   4.9e-05     282     352 ..  131300  131371 ..  131274  131375 .. 0.86
   2 !  735.9  22.3  9.6e-225  1.6e-223       1     356 []  143281  143636 ..  143281  143636 .. 1.00
   3 ?    6.4   0.8     0.011      0.19       2      34 ..  144954  144986 ..  144953  144992 .. 0.89
   4 !   69.7   8.0   5.9e-22     1e-20     167     355 ..  144994  145180 ..  144984  145181 .. 0.86
   5 ?    1.4   0.6      0.38       6.4       1      35 [.  146009  146043 ..  146009  146069 .. 0.84
   6 !   59.2   9.5   9.1e-19   1.6e-17     173     356 .]  146055  146235 ..  146039  146235 .. 0.81

>> NZ_CP011877.1_frame=-2  Staphylococcus aureus strain 12S01032 chromosome, complete genome
   #    score  bias  c-Evalue  i-Evalue hmmfrom  hmm to    alifrom  ali to    envfrom  env to     acc
 ---   ------ ----- --------- --------- ------- -------    ------- -------    ------- -------    ----
   1 ?    4.9   0.3     0.033      0.56       1      31 [.  757121  757151 ..  757121  757159 .. 0.90
   2 !  107.2   9.3   2.2e-33   3.8e-32     159     356 .]  757149  757346 ..  757149  757346 .. 0.88
   3 !  422.9  16.1  1.9e-129  3.2e-128       1     355 [.  758231  758544 ..  758231  758545 .. 0.91
   4 ?    4.5   1.0     0.042      0.71       1      35 [.  758669  758703 ..  758669  758710 .. 0.89
   5 !   91.8   9.0   1.1e-28   1.9e-27     164     356 .]  758708  758902 ..  758702  758902 .. 0.88
   6 ?    3.2   1.2       0.1       1.7       1      31 [.  759398  759428 ..  759398  759438 .. 0.87
   7 !   67.5   9.8   2.8e-21   4.9e-20     169     355 ..  759441  759628 ..  759428  759629 .. 0.84
   8 ?    0.4   0.2      0.72        12       1      35 [.  759753  759787 ..  759753  759799 .. 0.87
   9 !   71.0   5.3   2.4e-22     4e-21     209     356 .]  759831  759979 ..  759795  759979 .. 0.89
  10 !   10.7   0.9   0.00053    0.0091       1      34 [.  761111  761144 ..  761111  761151 .. 0.92
  11 !  126.6   7.9   2.9e-39   4.9e-38     168     355 ..  761150  761336 ..  761145  761336 .. 0.92

>> NC_002952.2_frame=1  Staphylococcus aureus subsp. aureus MRSA252, complete sequence
   #    score  bias  c-Evalue  i-Evalue hmmfrom  hmm to    alifrom  ali to    envfrom  env to     acc
 ---   ------ ----- --------- --------- ------- -------    ------- -------    ------- -------    ----
   1 ?    4.8   0.3     0.033      0.57       1      31 [.  150854  150884 ..  150854  150892 .. 0.90
   2 !  101.7   7.7   1.1e-31   1.9e-30     159     355 ..  150882  151078 ..  150881  151079 .. 0.88
   3 ?    6.0   0.1     0.015      0.26       1      32 [.  151175  151206 ..  151175  151214 .. 0.92
   4 !  151.7   6.3   6.6e-47   1.1e-45     166     356 .]  151213  151405 ..  151206  151405 .. 0.96
   5 !   12.1   2.8   0.00021    0.0035       1      46 [.  151964  152009 ..  151964  152015 .. 0.88
   6 !  385.4  14.9  4.7e-118  8.1e-117     104     356 .]  152008  152267 ..  152000  152267 .. 0.87
   7 ?    4.7   0.9     0.038      0.64       1      35 [.  152391  152425 ..  152391  152434 .. 0.89
   8 !   94.3   9.2     2e-29   3.4e-28     164     356 .]  152430  152624 ..  152424  152624 .. 0.90
   9 ?    3.2   1.2      0.11       1.8       1      31 [.  153120  153150 ..  153120  153160 .. 0.87
  10 !   69.8   9.5   5.7e-22   9.7e-21     170     355 ..  153164  153350 ..  153151  153351 .. 0.84

>> NZ_CP113052.1_frame=2  Staphylococcus aureus strain Fizz chromosome, complete genome
   #    score  bias  c-Evalue  i-Evalue hmmfrom  hmm to    alifrom  ali to    envfrom  env to     acc
 ---   ------ ----- --------- --------- ------- -------    ------- -------    ------- -------    ----
   1 ?    5.6   0.2      0.02      0.34       1      31 [.  460383  460413 ..  460383  460422 .. 0.88
   2 !   98.9   7.6   7.6e-31   1.3e-29     169     356 .]  460422  460608 ..  460413  460608 .. 0.91
   3 ?    2.3   0.1      0.19       3.3       1      32 [.  460705  460736 ..  460705  460744 .. 0.94
   4 !  149.6   7.9   2.8e-46   4.7e-45     169     355 ..  460746  460932 ..  460740  460933 .. 0.98
   5 !  401.8  25.3  4.7e-123  8.1e-122       1     356 []  461508  461832 ..  461508  461832 .. 0.89
   6 ?    3.3   0.6     0.099       1.7       1      33 [.  461955  461987 ..  461955  461996 .. 0.88
   7 !   85.7   8.8   8.2e-27   1.4e-25     163     356 .]  461993  462188 ..  461984  462188 .. 0.86
   8 ?    2.2   0.7      0.22       3.7       1      30 [.  463416  463445 ..  463416  463456 .. 0.85
   9 !   74.0   9.3   2.9e-23   4.9e-22     171     355 ..  463461  463646 ..  463448  463647 .. 0.87
  10 !   10.7   0.8   0.00053    0.0091       1      34 [.  465134  465167 ..  465134  465173 .. 0.92
  11 ?    4.6   0.2     0.039      0.67     168     237 ..  465173  465236 ..  465168  465241 .. 0.84

>> NZ_CP136528.1_frame=1  Staphylococcus aureus strain BAA-1556_Catania chromosome, complete genome
   #    score  bias  c-Evalue  i-Evalue hmmfrom  hmm to    alifrom  ali to    envfrom  env to     acc
 ---   ------ ----- --------- --------- ------- -------    ------- -------    ------- -------    ----
   1 ?    5.6   0.2      0.02      0.34       1      31 [.  148906  148936 ..  148906  148945 .. 0.88
   2 !   98.9   7.6   7.6e-31   1.3e-29     169     356 .]  148945  149131 ..  148936  149131 .. 0.91
   3 ?    2.3   0.1      0.19       3.3       1      32 [.  149228  149259 ..  149228  149267 .. 0.94
   4 !  149.6   7.9   2.8e-46   4.7e-45     169     355 ..  149269  149455 ..  149263  149456 .. 0.98
   5 !   16.2   3.8   1.2e-05    0.0002       1      40 [.  150031  150070 ..  150031  150080 .. 0.92
   6 !  392.3  12.4  3.8e-120  6.5e-119     103     356 .]  150084  150338 ..  150071  150338 .. 0.95
   7 ?    3.3   0.6     0.099       1.7       1      33 [.  150461  150493 ..  150461  150502 .. 0.88
   8 !   85.7   8.8   8.3e-27   1.4e-25     163     356 .]  150499  150694 ..  150490  150694 .. 0.86
   9 ?    2.2   0.7      0.22       3.7       1      30 [.  151922  151951 ..  151922  151962 .. 0.85
  10 !   74.0   9.3   2.9e-23   4.9e-22     171     355 ..  151967  152152 ..  151954  152153 .. 0.87
  11 !   10.7   0.8   0.00053    0.0091       1      34 [.  153640  153673 ..  153640  153679 .. 0.92
  12 ?    4.6   0.2     0.039      0.67     168     237 ..  153679  153742 ..  153674  153747 .. 0.84

>> NC_002953.3_frame=3  Staphylococcus aureus subsp. aureus MSSA476, complete sequence
   #    score  bias  c-Evalue  i-Evalue hmmfrom  hmm to    alifrom  ali to    envfrom  env to     acc
 ---   ------ ----- --------- --------- ------- -------    ------- -------    ------- -------    ----
   1 ?    3.5   0.6     0.085       1.5     274     333 ..   20219   20281 ..   20167   20300 .. 0.79
   2 ?    5.4   0.3     0.022      0.38       1      31 [.  142630  142660 ..  142630  142669 .. 0.90
   3 !  103.2   7.0   3.9e-32   6.7e-31     159     355 ..  142658  142854 ..  142658  142855 .. 0.91
   4 ?    0.9   0.1      0.52       8.8       1      32 [.  142952  142983 ..  142952  142990 .. 0.94
   5 !  151.0   8.3     1e-46   1.8e-45     167     355 ..  142991  143179 ..  142972  143180 .. 0.96
   6 !  350.8  21.7  1.6e-107  2.7e-106      40     356 .]  143760  144073 ..  143759  144073 .. 0.83
   7 ?    3.6   0.3     0.078       1.3       1      34 [.  144196  144229 ..  144196  144237 .. 0.88
   8 !   83.0   8.0   5.4e-26   9.3e-25     164     356 .]  144235  144429 ..  144228  144429 .. 0.85
   9 !   10.0   0.9   0.00091     0.016       1      32 [.  147395  147426 ..  147395  147437 .. 0.87
  10 !  116.8   9.8   2.8e-36   4.9e-35     157     355 ..  147425  147624 ..  147424  147624 .. 0.86
  11 !   12.1   3.3    0.0002    0.0035     169     313 ..  688743  688881 ..  688733  688905 .. 0.77

>> NZ_CP029678.1_frame=1  Staphylococcus aureus strain AR_0216 chromosome, complete genome
   #    score  bias  c-Evalue  i-Evalue hmmfrom  hmm to    alifrom  ali to    envfrom  env to     acc
 ---   ------ ----- --------- --------- ------- -------    ------- -------    ------- -------    ----
   1 ?    5.5   0.2     0.021      0.36       1      31 [.  148323  148353 ..  148323  148362 .. 0.88
   2 !   98.8   7.6   8.1e-31   1.4e-29     169     356 .]  148362  148548 ..  148353  148548 .. 0.91
   3 ?    2.3   0.1       0.2       3.5       1      32 [.  148645  148676 ..  148645  148684 .. 0.94
   4 !  149.6   7.9   2.9e-46     5e-45     169     355 ..  148686  148872 ..  148680  148873 .. 0.98
   5 !   16.1   3.8   1.2e-05   0.00021       1      40 [.  149448  149487 ..  149448  149497 .. 0.92
   6 !  392.2  12.4  4.1e-120  6.9e-119     103     356 .]  149501  149755 ..  149488  149755 .. 0.95
   7 ?    3.2   0.6      0.11       1.8       1      33 [.  149878  149910 ..  149878  149919 .. 0.88
   8 !   85.6   8.8   8.8e-27   1.5e-25     163     356 .]  149916  150111 ..  149907  150111 .. 0.86
   9 ?    2.1   0.7      0.23         4       1      30 [.  151339  151368 ..  151339  151379 .. 0.85
  10 !   73.9   9.3   3.1e-23   5.2e-22     171     355 ..  151384  151569 ..  151371  151570 .. 0.87
  11 !   10.7   0.8   0.00057    0.0097       1      34 [.  153057  153090 ..  153057  153096 .. 0.92
  12 ?    4.5   0.2     0.041      0.71     168     237 ..  153096  153159 ..  153091  153164 .. 0.84

>> NZ_LR134090.1_frame=2  Staphylococcus aureus strain NCTC9555 chromosome 1, complete sequence
   #    score  bias  c-Evalue  i-Evalue hmmfrom  hmm to    alifrom  ali to    envfrom  env to     acc
 ---   ------ ----- --------- --------- ------- -------    ------- -------    ------- -------    ----
   1 !   19.2   0.8   1.4e-06   2.4e-05     276     342 ..  136395  136458 ..  136336  136472 .. 0.78
   2 ?    2.3   0.1      0.19       3.3       1      32 [.  150091  150122 ..  150091  150130 .. 0.94
   3 !  150.5   7.2   1.5e-46   2.6e-45     169     355 ..  150132  150318 ..  150126  150319 .. 0.98
   4 !  358.8  22.1  6.1e-110    1e-108      40     356 .]  150899  151210 ..  150899  151210 .. 0.90
   5 ?    6.0   0.7     0.015      0.25       1      34 [.  151333  151366 ..  151333  151374 .. 0.89
   6 !   80.5   9.4   3.1e-25   5.3e-24     164     355 ..  151372  151565 ..  151366  151566 .. 0.87
   7 ?    5.8   0.6     0.017      0.29       2      34 ..  152085  152117 ..  152084  152125 .. 0.89
   8 !   63.6   7.6   4.3e-20   7.4e-19     168     355 ..  152126  152311 ..  152116  152312 .. 0.86
   9 ?    0.6   0.4      0.64        11       1      41 [.  153143  153183 ..  153143  153208 .. 0.85
  10 !   60.0   9.3   5.4e-19   9.3e-18     173     356 .]  153187  153367 ..  153172  153367 .. 0.82

>> NC_017338.2_frame=2  Staphylococcus aureus subsp. aureus JKD6159, complete sequence
   #    score  bias  c-Evalue  i-Evalue hmmfrom  hmm to    alifrom  ali to    envfrom  env to     acc
 ---   ------ ----- --------- --------- ------- -------    ------- -------    ------- -------    ----
   1 ?    9.5   0.6    0.0013     0.022       1      31 [.  141984  142014 ..  141984  142022 .. 0.91
   2 !  109.3   7.2   5.1e-34   8.8e-33     159     356 .]  142012  142209 ..  142012  142209 .. 0.90
   3 ?    5.4   0.2     0.023      0.39       1      32 [.  142295  142326 ..  142295  142333 .. 0.95
   4 !  161.2   6.0   8.5e-50   1.5e-48     169     355 ..  142336  142522 ..  142328  142523 .. 0.98
   5 !   15.9   5.1   1.4e-05   0.00024       1      40 [.  143024  143063 ..  143024  143080 .. 0.89
   6 !  345.8  11.2  5.5e-106  9.5e-105      97     356 .]  143076  143333 ..  143065  143333 .. 0.89
   7 !   74.1   8.3   2.7e-23   4.7e-22     172     355 ..  144950  145134 ..  144945  145135 .. 0.86
   8 ?   -0.9   0.1       1.9        32       1      35 [.  145256  145290 ..  145256  145302 .. 0.82
   9 !   72.3   8.8     1e-22   1.7e-21     170     356 .]  145299  145482 ..  145278  145482 .. 0.82

>> NC_017763.1_frame=3  Staphylococcus aureus subsp. aureus HO 5096 0412, complete sequence
   #    score  bias  c-Evalue  i-Evalue hmmfrom  hmm to    alifrom  ali to    envfrom  env to     acc
 ---   ------ ----- --------- --------- ------- -------    ------- -------    ------- -------    ----
   1 !   18.7   0.6   2.1e-06   3.6e-05     282     352 ..  129696  129767 ..  129618  129771 .. 0.85
   2 !  450.9  16.4  5.4e-138  9.3e-137       1     356 []  139207  139547 ..  139207  139547 .. 0.92
   3 ?    5.4   0.8     0.022      0.38       1      34 [.  139671  139704 ..  139671  139712 .. 0.89
   4 !   86.2   8.3   5.8e-27   9.9e-26     164     356 .]  139710  139904 ..  139704  139904 .. 0.86
   5 ?    8.6   1.0    0.0025     0.042       1      34 [.  140055  140088 ..  140055  140094 .. 0.90
   6 !   81.3   6.0   1.7e-25     3e-24     167     355 ..  140096  140282 ..  140087  140283 .. 0.86
   7 !   10.7   0.9   0.00054    0.0092       1      34 [.  142143  142176 ..  142143  142182 .. 0.92
   8 !   87.5   9.5   2.3e-27     4e-26     168     354 ..  142182  142368 ..  142176  142370 .. 0.87

>> NC_017338.2_frame=1  Staphylococcus aureus subsp. aureus JKD6159, complete sequence
   #    score  bias  c-Evalue  i-Evalue hmmfrom  hmm to    alifrom  ali to    envfrom  env to     acc
 ---   ------ ----- --------- --------- ------- -------    ------- -------    ------- -------    ----
   1 !   17.8   0.4   3.7e-06   6.3e-05     282     351 ..  132378  132448 ..  132353  132453 .. 0.86
   2 !   10.8   1.8    0.0005    0.0086       1      49 [.  142623  142669 ..  142623  142673 .. 0.91
   3 !  396.1  11.0  2.7e-121  4.5e-120     112     356 .]  142660  142903 ..  142654  142903 .. 0.91
   4 ?    8.2   1.4    0.0031     0.054       1      32 [.  143840  143871 ..  143840  143877 .. 0.90
   5 !  138.5  13.5     7e-43   1.2e-41     154     355 ..  143864  144067 ..  143863  144068 .. 0.92

>> NC_002952.2_frame=3  Staphylococcus aureus subsp. aureus MRSA252, complete sequence
   #    score  bias  c-Evalue  i-Evalue hmmfrom  hmm to    alifrom  ali to    envfrom  env to     acc
 ---   ------ ----- --------- --------- ------- -------    ------- -------    ------- -------    ----
   1 !  389.1  13.5  3.6e-119  6.2e-118       1     356 []  151504  151844 ..  151504  151844 .. 0.93
   2 ?    7.0   0.8    0.0075      0.13       1      34 [.  152774  152807 ..  152774  152813 .. 0.89
   3 !   73.9   6.6   3.2e-23   5.5e-22     167     355 ..  152815  153001 ..  152805  153002 .. 0.88
   4 ?    0.5   0.3      0.68        12       1      35 [.  153473  153507 ..  153473  153518 .. 0.84
   5 !   71.6   7.2   1.5e-22   2.6e-21     170     356 .]  153516  153699 ..  153495  153699 .. 0.82

>> NZ_CP132371.1_frame=1  Staphylococcus aureus strain UNC_SA38 chromosome, complete genome
   #    score  bias  c-Evalue  i-Evalue hmmfrom  hmm to    alifrom  ali to    envfrom  env to     acc
 ---   ------ ----- --------- --------- ------- -------    ------- -------    ------- -------    ----
   1 !   18.6   0.6   2.1e-06   3.7e-05     282     352 ..  881108  881179 ..  881044  881183 .. 0.84
   2 ?    5.4   0.3     0.022      0.37       1      31 [.  889130  889160 ..  889130  889169 .. 0.90
   3 !  103.4   7.8   3.3e-32   5.7e-31     159     355 ..  889158  889354 ..  889156  889355 .. 0.90
   4 ?    2.4   0.1      0.19       3.2       1      32 [.  889452  889483 ..  889452  889491 .. 0.94
   5 !  150.3   7.9   1.7e-46   2.9e-45     167     355 ..  889491  889679 ..  889474  889680 .. 0.96
   6 ?    7.0   0.6    0.0075      0.13       1      34 [.  891056  891089 ..  891056  891095 .. 0.90
   7 !   77.1  10.0   3.4e-24   5.9e-23     167     355 ..  891097  891283 ..  891087  891284 .. 0.86
   8 ?    0.2   0.3      0.85        15       1      31 [.  891759  891789 ..  891759  891797 .. 0.88
   9 !   76.2   9.7   6.5e-24   1.1e-22     170     355 ..  891803  891989 ..  891789  891990 .. 0.86
  10 !   10.8   0.9   0.00053     0.009       1      34 [.  893477  893510 ..  893477  893516 .. 0.92
  11 !  105.7   7.5   6.6e-33   1.1e-31     175     355 ..  893515  893703 ..  893509  893703 .. 0.82

>> NC_002745.2_frame=3  Staphylococcus aureus subsp. aureus N315, complete sequence
   #    score  bias  c-Evalue  i-Evalue hmmfrom  hmm to    alifrom  ali to    envfrom  env to     acc
 ---   ------ ----- --------- --------- ------- -------    ------- -------    ------- -------    ----
   1 ?    5.4   0.3     0.023       0.4       1      31 [.  147034  147064 ..  147034  147073 .. 0.90
   2 !  103.3   7.8   3.5e-32     6e-31     159     355 ..  147062  147258 ..  147060  147259 .. 0.90
   3 ?    2.3   0.1       0.2       3.3       1      32 [.  147356  147387 ..  147356  147395 .. 0.94
   4 !  150.3   7.9   1.8e-46   3.1e-45     167     355 ..  147395  147583 ..  147378  147584 .. 0.96
   5 ?    6.9   0.6    0.0079      0.13       1      34 [.  148960  148993 ..  148960  148999 .. 0.90
   6 !   77.0  10.0   3.6e-24   6.2e-23     167     355 ..  149001  149187 ..  148991  149188 .. 0.86
   7 ?    0.1   0.3      0.92        16       1      31 [.  149663  149693 ..  149663  149701 .. 0.88
   8 !   76.0   9.7   7.1e-24   1.2e-22     170     355 ..  149707  149893 ..  149693  149894 .. 0.86
   9 !   10.7   0.9   0.00056    0.0095       1      34 [.  151381  151414 ..  151381  151420 .. 0.92
  10 !  105.6   7.5     7e-33   1.2e-31     175     355 ..  151419  151607 ..  151413  151607 .. 0.82

>> NZ_CP011877.1_frame=-1  Staphylococcus aureus strain 12S01032 chromosome, complete genome
   #    score  bias  c-Evalue  i-Evalue hmmfrom  hmm to    alifrom  ali to    envfrom  env to     acc
 ---   ------ ----- --------- --------- ------- -------    ------- -------    ------- -------    ----
   1 !   20.2   0.5   7.1e-07   1.2e-05     282     352 ..  748646  748717 ..  748638  748721 .. 0.86
   2 !  390.8  14.9  1.1e-119  1.9e-118       1     356 []  757772  758112 ..  757772  758112 .. 0.92
   3 ?    8.6   1.0    0.0024     0.041       1      34 [.  759053  759086 ..  759053  759094 .. 0.90
   4 !   83.1   6.3   5.2e-26   8.8e-25     168     355 ..  759095  759280 ..  759085  759281 .. 0.86

>> NZ_CP136528.1_frame=2  Staphylococcus aureus strain BAA-1556_Catania chromosome, complete genome
   #    score  bias  c-Evalue  i-Evalue hmmfrom  hmm to    alifrom  ali to    envfrom  env to     acc
 ---   ------ ----- --------- --------- ------- -------    ------- -------    ------- -------    ----
   1 ?    6.3   0.6     0.012      0.21       1      32 [.  150844  150875 ..  150844  150881 .. 0.90
   2 !  135.1  15.6   7.2e-42   1.2e-40     150     355 ..  150864  151071 ..  150858  151072 .. 0.91
   3 ?    6.4   1.0     0.011      0.19       2      34 ..  151217  151249 ..  151216  151259 .. 0.88
   4 !   76.7  10.3   4.4e-24   7.5e-23     167     356 .]  151257  151444 ..  151246  151444 .. 0.87
   5 !   89.7   4.6   4.9e-28   8.3e-27     245     355 ..  153748  153862 ..  153744  153862 .. 0.87

>> NC_017338.2_frame=3  Staphylococcus aureus subsp. aureus JKD6159, complete sequence
   #    score  bias  c-Evalue  i-Evalue hmmfrom  hmm to    alifrom  ali to    envfrom  env to     acc
 ---   ------ ----- --------- --------- ------- -------    ------- -------    ------- -------    ----
   1 ?    8.9   0.2    0.0019     0.032     244     313 ..   25773   25840 ..   25759   25861 .. 0.73
   2 ?    4.9   0.6     0.032      0.54       1      35 [.  143456  143490 ..  143456  143497 .. 0.89
   3 !   91.0   9.4   1.9e-28   3.3e-27     164     356 .]  143495  143689 ..  143489  143689 .. 0.89
   4 ?    7.1   0.7    0.0068      0.12       1      34 [.  144208  144241 ..  144208  144249 .. 0.89
   5 !   79.5   8.6   6.3e-25   1.1e-23     168     355 ..  144250  144435 ..  144240  144436 .. 0.86
   6 ?   -0.1   0.3       1.1        19       1      31 [.  144550  144580 ..  144550  144592 .. 0.88
   7 !   76.7   9.8   4.4e-24   7.6e-23     170     356 .]  144594  144781 ..  144570  144781 .. 0.83
   8 ?    5.2   0.4     0.027      0.45       1      31 [.  144908  144938 ..  144908  144954 .. 0.88
   9 ?    9.8   0.9     0.001     0.017       1      32 [.  146658  146689 ..  146658  146699 .. 0.88
  10 !  116.8  10.7   2.8e-36   4.7e-35     157     354 ..  146688  146886 ..  146687  146888 .. 0.88

>> NZ_CP113052.1_frame=3  Staphylococcus aureus strain Fizz chromosome, complete genome
   #    score  bias  c-Evalue  i-Evalue hmmfrom  hmm to    alifrom  ali to    envfrom  env to     acc
 ---   ------ ----- --------- --------- ------- -------    ------- -------    ------- -------    ----
   1 ?    6.3   0.6     0.012      0.21       1      32 [.  462338  462369 ..  462338  462375 .. 0.90
   2 !  135.1  15.6   7.2e-42   1.2e-40     150     355 ..  462358  462565 ..  462352  462566 .. 0.91
   3 ?    6.4   1.0     0.011      0.19       2      34 ..  462711  462743 ..  462710  462753 .. 0.88
   4 !   76.7  10.3   4.4e-24   7.4e-23     167     356 .]  462751  462938 ..  462740  462938 .. 0.87
   5 !   89.7   4.6   4.8e-28   8.3e-27     245     355 ..  465242  465356 ..  465238  465356 .. 0.87

>> NZ_CP029678.1_frame=2  Staphylococcus aureus strain AR_0216 chromosome, complete genome
   #    score  bias  c-Evalue  i-Evalue hmmfrom  hmm to    alifrom  ali to    envfrom  env to     acc
 ---   ------ ----- --------- --------- ------- -------    ------- -------    ------- -------    ----
   1 ?    6.2   0.6     0.013      0.22       1      32 [.  150261  150292 ..  150261  150298 .. 0.90
   2 !  135.1  15.6   7.7e-42   1.3e-40     150     355 ..  150281  150488 ..  150275  150489 .. 0.91
   3 ?    6.4   1.0     0.012       0.2       2      34 ..  150634  150666 ..  150633  150676 .. 0.88
   4 !   76.6  10.3   4.6e-24   7.9e-23     167     356 .]  150674  150861 ..  150663  150861 .. 0.87
   5 !   89.6   4.6   5.2e-28   8.8e-27     245     355 ..  153165  153279 ..  153161  153279 .. 0.87

>> NC_002953.3_frame=1  Staphylococcus aureus subsp. aureus MSSA476, complete sequence
   #    score  bias  c-Evalue  i-Evalue hmmfrom  hmm to    alifrom  ali to    envfrom  env to     acc
 ---   ------ ----- --------- --------- ------- -------    ------- -------    ------- -------    ----
   1 !  130.7  12.9   1.6e-40   2.7e-39     148     355 ..  144598  144808 ..  144580  144809 .. 0.91
   2 !   80.4   8.6   3.3e-25   5.6e-24     170     356 .]  145342  145529 ..  145316  145529 .. 0.85
   3 ?   -0.3   0.2       1.2        21       1      31 [.  145657  145687 ..  145657  145699 .. 0.85
   4 !   73.7  11.3   3.5e-23     6e-22     169     355 ..  145700  145887 ..  145672  145888 .. 0.85
   5 ?    7.7   2.1    0.0046     0.078     218     310 ..  688542  688629 ..  688494  688660 .. 0.71

>> NC_017763.1_frame=1  Staphylococcus aureus subsp. aureus HO 5096 0412, complete sequence
   #    score  bias  c-Evalue  i-Evalue hmmfrom  hmm to    alifrom  ali to    envfrom  env to     acc
 ---   ------ ----- --------- --------- ------- -------    ------- -------    ------- -------    ----
   1 ?    5.6   0.2      0.02      0.34       1      31 [.  138556  138586 ..  138556  138595 .. 0.88
   2 !   94.3   6.8     2e-29   3.4e-28     168     355 ..  138594  138780 ..  138584  138781 .. 0.90
   3 ?    0.4   0.3      0.77        13       1      31 [.  140401  140431 ..  140401  140447 .. 0.87
   4 !   72.6   8.3   8.1e-23   1.4e-21     171     355 ..  140446  140631 ..  140431  140632 .. 0.82
   5 ?    0.2   0.3      0.84        14       1      35 [.  140756  140790 ..  140756  140800 .. 0.82
   6 !   67.8   8.2   2.3e-21   3.9e-20     208     356 .]  140833  140982 ..  140785  140982 .. 0.84

>> NC_007795.1_frame=2  Staphylococcus aureus subsp. aureus NCTC 8325 chromosome, complete genome
   #    score  bias  c-Evalue  i-Evalue hmmfrom  hmm to    alifrom  ali to    envfrom  env to     acc
 ---   ------ ----- --------- --------- ------- -------    ------- -------    ------- -------    ----
   1 ?    6.1   0.7     0.013      0.23       1      32 [.  131374  131405 ..  131374  131411 .. 0.90
   2 !  135.0  15.7     8e-42   1.4e-40     150     355 ..  131394  131601 ..  131388  131602 .. 0.91
   3 ?    6.4   1.0     0.011      0.19       2      34 ..  131747  131779 ..  131746  131789 .. 0.88
   4 !   76.7  10.3   4.5e-24   7.7e-23     167     356 .]  131787  131974 ..  131776  131974 .. 0.87

>> NC_017763.1_frame=2  Staphylococcus aureus subsp. aureus HO 5096 0412, complete sequence
   #    score  bias  c-Evalue  i-Evalue hmmfrom  hmm to    alifrom  ali to    envfrom  env to     acc
 ---   ------ ----- --------- --------- ------- -------    ------- -------    ------- -------    ----
   1 ?    6.1   0.1     0.014      0.24       1      32 [.  138877  138908 ..  138877  138918 .. 0.91
   2 !  159.7   6.0   2.5e-49   4.2e-48     167     356 .]  138916  139107 ..  138909  139107 .. 0.96

>> NZ_CP011877.1_frame=-3  Staphylococcus aureus strain 12S01032 chromosome, complete genome
   #    score  bias  c-Evalue  i-Evalue hmmfrom  hmm to    alifrom  ali to    envfrom  env to     acc
 ---   ------ ----- --------- --------- ------- -------    ------- -------    ------- -------    ----
   1 ?    6.0   0.1     0.014      0.25       1      32 [.  757442  757473 ..  757442  757481 .. 0.92
   2 !  152.6   5.8   3.4e-47   5.8e-46     166     356 .]  757480  757672 ..  757473  757672 .. 0.96

>> NC_002952.2_frame=2  Staphylococcus aureus subsp. aureus MRSA252, complete sequence
   #    score  bias  c-Evalue  i-Evalue hmmfrom  hmm to    alifrom  ali to    envfrom  env to     acc
 ---   ------ ----- --------- --------- ------- -------    ------- -------    ------- -------    ----
   1 !   10.8   0.8   0.00052     0.009       1      33 [.  154843  154875 ..  154843  154886 .. 0.89
   2 !  122.4   9.2   5.3e-38   9.1e-37     168     355 ..  154885  155073 ..  154874  155074 .. 0.90



Internal pipeline statistics summary:
-------------------------------------
Query model(s):                              1  (356 nodes)
Target sequences:                          564  (304447416 residues searched)
Passed MSV filter:                       183  (0.324468); expected 11.3 (0.02)
Passed bias filter:                       38  (0.0673759); expected 11.3 (0.02)
Passed Vit filter:                        36  (0.0638298); expected 0.6 (0.001)
Passed Fwd filter:                        33  (0.0585106); expected 0.0 (1e-05)
Initial search space (Z):                564  [actual number of targets]
Domain search space  (domZ):              33  [number of targets reported over threshold]
# CPU time: 48.84u 0.25s 00:00:49.09 Elapsed: 00:02:29.38
# Mc/sec: 725.51

@@ New targets included:   33
@@ New alignment includes: 154 subseqs (was 1), including original query
@@ Continuing to next round.

@@
@@ Round:                  2
@@ Included in MSA:        154 subsequences (query + 153 subseqs from 33 targets)
@@ Model size:             356 positions
@@

Scores for complete sequences (score includes all domains):
   --- full sequence ---   --- best 1 domain ---    -#dom-
    E-value  score  bias    E-value  score  bias    exp  N  Sequence               Description
    ------- ------ -----    ------- ------ -----   ---- --  --------               -----------
          0 1583.2 157.0   1.8e-180  595.2  28.6   17.2 10  NC_002745.2_frame=2     Staphylococcus aureus subsp. aureus N
          0 1568.7 138.5   2.2e-180  594.9  28.1   21.8  9  NZ_CP132371.1_frame=3   Staphylococcus aureus strain UNC_SA38
          0 1560.8 335.9   4.6e-147  485.3  17.2   16.9 11  NC_007795.1_frame=1     Staphylococcus aureus subsp. aureus N
          0 1482.0 161.6   2.2e-146  483.1  16.2   21.8 11  NZ_CP011877.1_frame=-2  Staphylococcus aureus strain 12S01032
          0 1396.2 312.1   2.2e-151  499.5  18.3   16.6 11  NZ_CP113052.1_frame=2   Staphylococcus aureus strain Fizz chr
          0 1371.5 140.1   1.9e-143  473.4  17.3   19.0 11  NC_002953.3_frame=3     Staphylococcus aureus subsp. aureus M
          0 1341.5 146.4   8.8e-179  589.6  29.5   33.1  9  NZ_LR134090.1_frame=1   Staphylococcus aureus strain NCTC9555
          0 1316.6 136.1   4.4e-147  485.4  16.9   20.4 11  NZ_CP136528.1_frame=1   Staphylococcus aureus strain BAA-1556
          0 1316.2 136.1   4.6e-147  485.3  16.9   21.0 11  NZ_CP029678.1_frame=1   Staphylococcus aureus strain AR_0216 
          0 1283.6 151.4   1.8e-144  476.8  20.1   42.4 12  NZ_LR134090.1_frame=2   Staphylococcus aureus strain NCTC9555
          0 1276.1 299.0   2.3e-137  453.4  13.1   15.1  9  NC_002952.2_frame=1     Staphylococcus aureus subsp. aureus M
          0 1246.2 116.9   3.6e-137  452.8  18.6   18.1  8  NC_017338.2_frame=2     Staphylococcus aureus subsp. aureus J
          0 1162.5 123.4   4.2e-157  518.3  22.0   19.9  8  NC_017763.1_frame=3     Staphylococcus aureus subsp. aureus H
          0 1084.3 136.5    2.8e-74  245.9  15.0   19.3 11  NZ_CP132371.1_frame=1   Staphylococcus aureus strain UNC_SA38
          0 1034.3 126.8      3e-74  245.8  15.0   17.5 12  NC_002745.2_frame=3     Staphylococcus aureus subsp. aureus N
          0 1019.4  87.6   1.3e-182  602.2  28.8   14.8  7  NC_007795.1_frame=3     Staphylococcus aureus subsp. aureus N
   5.3e-303  998.3  88.0   3.2e-176  581.2  29.1   16.8  6  NZ_CP113052.1_frame=1   Staphylococcus aureus strain Fizz chr
   5.3e-303  998.2  88.0   3.2e-176  581.2  29.1   20.1  6  NZ_CP136528.1_frame=3   Staphylococcus aureus strain BAA-1556
   6.1e-303  998.0  88.0   3.4e-176  581.1  29.1   12.4  6  NZ_CP029678.1_frame=3   Staphylococcus aureus strain AR_0216 
   1.1e-301  993.9  90.6   4.7e-180  593.8  29.8   17.5  7  NC_002953.3_frame=2     Staphylococcus aureus subsp. aureus M
   1.9e-264  871.5  65.9   6.6e-153  504.5  21.8   14.1  5  NC_002952.2_frame=3     Staphylococcus aureus subsp. aureus M
   3.5e-254  837.7 123.9      8e-71  234.5  20.1   24.3 10  NC_017338.2_frame=3     Staphylococcus aureus subsp. aureus J
     1e-224  740.7  51.8   2.4e-154  509.3  21.5   12.5  5  NZ_CP011877.1_frame=-1  Staphylococcus aureus strain 12S01032
   1.4e-201  664.6  71.2   1.1e-115  382.1  14.7   11.5  6  NC_017338.2_frame=1     Staphylococcus aureus subsp. aureus J
   2.2e-193  637.7  82.2    1.7e-70  233.4  19.6   15.4  7  NC_002953.3_frame=1     Staphylococcus aureus subsp. aureus M
   2.9e-176  581.3  57.4    1.6e-64  213.8  13.6   15.1  6  NC_017763.1_frame=1     Staphylococcus aureus subsp. aureus H
   2.4e-173  571.8  69.2      5e-73  241.8  23.2   16.4  6  NZ_CP113052.1_frame=3   Staphylococcus aureus strain Fizz chr
   2.4e-173  571.8  69.2      5e-73  241.8  23.2    9.4  6  NZ_CP136528.1_frame=2   Staphylococcus aureus strain BAA-1556
   2.7e-173  571.6  69.2    5.3e-73  241.7  23.2   17.1  6  NZ_CP029678.1_frame=2   Staphylococcus aureus strain AR_0216 
+   4.5e-20   67.6  21.1    3.2e-16   54.9   8.9    5.4  3  NZ_LS483357.1_frame=1   Streptococcus pyogenes strain NCTC832
+   7.1e-12   40.6   3.5    7.1e-12   40.6   3.5    5.9  3  NZ_AP023389.1_frame=3   Streptococcus pyogenes strain KUN-001
+   1.2e-11   39.9  22.2    1.5e-10   36.3   3.1    8.3  5  NZ_LR134284.1_frame=2   Streptococcus pyogenes strain NCTC823
+   9.2e-11   37.0   4.3    9.2e-11   37.0   4.3    4.5  2  NZ_CP051138.1_frame=1   Streptococcus pyogenes strain 4063-05


Domain annotation for each sequence:
>> NC_002745.2_frame=2  Staphylococcus aureus subsp. aureus N315, complete sequence
   #    score  bias  c-Evalue  i-Evalue hmmfrom  hmm to    alifrom  ali to    envfrom  env to     acc
 ---   ------ ----- --------- --------- ------- -------    ------- -------    ------- -------    ----
   1 !  595.2  28.6    1e-181  1.8e-180       1     356 []  147685  148040 ..  147685  148040 .. 1.00
   2 !   45.0   7.6   1.9e-14   3.2e-13       1      42 [.  148163  148204 ..  148163  148206 .. 0.96
   3 !  408.3  13.5  6.9e-125  1.2e-123     108     356 .]  148204  148454 ..  148201  148454 .. 0.98
   4 !   20.9   2.9   4.1e-07   7.1e-06       1      35 [.  148577  148611 ..  148577  148615 .. 0.94
   5 !  228.6  15.0   2.9e-70   4.9e-69     162     356 .]  148614  148810 ..  148609  148810 .. 0.95
   6 !   10.3   0.9   0.00068     0.012       1      32 [.  149305  149336 ..  149305  149345 .. 0.92
   7 !  221.5  14.9   4.2e-68   7.1e-67     167     356 .]  149346  149536 ..  149335  149536 .. 0.94
   8 ?    4.9   5.0      0.03      0.51       1      31 [.  150018  150048 ..  150018  150050 .. 0.89
   9 !  194.8  19.5   5.8e-60   9.8e-59     153     356 .]  150043  150244 ..  150040  150244 .. 0.93
  10 !   39.2  10.1   1.1e-12   1.9e-11     170     315 ..  685751  685891 ..  685743  685893 .. 0.74

>> NZ_CP132371.1_frame=3  Staphylococcus aureus strain UNC_SA38 chromosome, complete genome
   #    score  bias  c-Evalue  i-Evalue hmmfrom  hmm to    alifrom  ali to    envfrom  env to     acc
 ---   ------ ----- --------- --------- ------- -------    ------- -------    ------- -------    ----
   1 !  594.9  28.1  1.3e-181  2.2e-180       1     356 []  889780  890135 ..  889780  890135 .. 1.00
   2 !   45.1   7.6   1.8e-14   3.1e-13       1      42 [.  890258  890299 ..  890258  890301 .. 0.96
   3 !  408.4  13.5  6.6e-125  1.1e-123     108     356 .]  890299  890549 ..  890296  890549 .. 0.98
   4 !   21.0   2.9   3.9e-07   6.7e-06       1      35 [.  890672  890706 ..  890672  890710 .. 0.94
   5 !  228.7  15.0   2.7e-70   4.7e-69     162     356 .]  890709  890905 ..  890704  890905 .. 0.95
   6 !   10.4   0.9   0.00064     0.011       1      32 [.  891400  891431 ..  891400  891440 .. 0.92
   7 !  221.6  14.9     4e-68   6.8e-67     167     356 .]  891441  891631 ..  891430  891631 .. 0.94
   8 ?    5.0   5.0     0.028      0.48       1      31 [.  892113  892143 ..  892113  892145 .. 0.89
   9 !  194.8  19.5   5.5e-60   9.3e-59     153     356 .]  892138  892339 ..  892135  892339 .. 0.93

>> NC_007795.1_frame=1  Staphylococcus aureus subsp. aureus NCTC 8325 chromosome, complete genome
   #    score  bias  c-Evalue  i-Evalue hmmfrom  hmm to    alifrom  ali to    envfrom  env to     acc
 ---   ------ ----- --------- --------- ------- -------    ------- -------    ------- -------    ----
   1 !   20.1   2.3     7e-07   1.2e-05       1      33 [.  129432  129464 ..  129432  129471 .. 0.89
   2 !  212.4  17.9   2.4e-65   4.2e-64     159     356 .]  129460  129657 ..  129459  129657 .. 0.93
   3 !   19.2   0.6   1.4e-06   2.4e-05       1      33 [.  129754  129786 ..  129754  129793 .. 0.94
   4 !  246.5  17.0     1e-75   1.8e-74     164     355 ..  129790  129981 ..  129785  129982 .. 0.98
   5 !  485.3  17.2  2.7e-148  4.6e-147       1     356 []  130561  130868 ..  130561  130868 .. 0.97
   6 !   21.4   4.4   2.9e-07     5e-06       1      35 [.  130991  131025 ..  130991  131031 .. 0.90
   7 !  229.0  15.2   2.3e-70   3.9e-69     159     356 .]  131025  131224 ..  131022  131224 .. 0.95
   8 !   15.9   4.0   1.4e-05   0.00023       1      32 [.  132452  132483 ..  132452  132492 .. 0.91
   9 !  215.6  16.1   2.7e-66   4.5e-65     163     355 ..  132489  132682 ..  132482  132683 .. 0.92
  10 !   39.5   3.7   9.2e-13   1.6e-11       1      34 [.  134170  134203 ..  134170  134208 .. 0.95
  11 !  231.6  14.5   3.7e-71   6.3e-70     166     355 ..  134207  134394 ..  134203  134394 .. 0.94

>> NZ_CP011877.1_frame=-2  Staphylococcus aureus strain 12S01032 chromosome, complete genome
   #    score  bias  c-Evalue  i-Evalue hmmfrom  hmm to    alifrom  ali to    envfrom  env to     acc
 ---   ------ ----- --------- --------- ------- -------    ------- -------    ------- -------    ----
   1 !   20.0   2.9   7.9e-07   1.4e-05       1      33 [.  757121  757153 ..  757121  757159 .. 0.91
   2 !  218.7  20.5     3e-67   5.1e-66     159     356 .]  757149  757346 ..  757149  757346 .. 0.95
   3 !  483.1  16.2  1.3e-147  2.2e-146       1     355 [.  758231  758544 ..  758231  758545 .. 0.96
   4 !   29.0   4.9   1.4e-09   2.4e-08       1      36 [.  758669  758704 ..  758669  758710 .. 0.91
   5 !  229.4  15.8   1.6e-70   2.8e-69     162     356 .]  758706  758902 ..  758702  758902 .. 0.95
   6 !   18.5   5.8   2.2e-06   3.8e-05       1      33 [.  759398  759430 ..  759398  759437 .. 0.92
   7 !  206.0  16.9   2.1e-63   3.7e-62     161     355 ..  759433  759628 ..  759428  759629 .. 0.94
   8 ?    3.6   6.1     0.076       1.3       1      33 [.  759753  759785 ..  759753  759790 .. 0.92
   9 !  205.0  16.1   4.3e-63   7.3e-62     151     356 .]  759776  759979 ..  759774  759979 .. 0.93
  10 !   39.5   3.7   8.8e-13   1.5e-11       1      34 [.  761111  761144 ..  761111  761149 .. 0.95
  11 !  245.8  11.8   1.7e-75   2.9e-74     166     355 ..  761148  761336 ..  761144  761336 .. 0.94

>> NZ_CP113052.1_frame=2  Staphylococcus aureus strain Fizz chromosome, complete genome
   #    score  bias  c-Evalue  i-Evalue hmmfrom  hmm to    alifrom  ali to    envfrom  env to     acc
 ---   ------ ----- --------- --------- ------- -------    ------- -------    ------- -------    ----
   1 !   20.2   2.3   6.8e-07   1.2e-05       1      33 [.  460383  460415 ..  460383  460422 .. 0.89
   2 !  212.5  17.9   2.3e-65     4e-64     159     356 .]  460411  460608 ..  460410  460608 .. 0.93
   3 !   19.2   0.6   1.3e-06   2.3e-05       1      33 [.  460705  460737 ..  460705  460744 .. 0.94
   4 !  246.6  17.0     1e-75   1.7e-74     164     355 ..  460741  460932 ..  460736  460933 .. 0.98
   5 !  499.5  18.3  1.3e-152  2.2e-151       1     356 []  461508  461832 ..  461508  461832 .. 0.94
   6 !   21.4   4.4   2.8e-07   4.8e-06       1      35 [.  461955  461989 ..  461955  461995 .. 0.90
   7 !  229.0  15.2   2.2e-70   3.7e-69     159     356 .]  461989  462188 ..  461986  462188 .. 0.95
   8 !   16.0   4.0   1.3e-05   0.00022       1      32 [.  463416  463447 ..  463416  463456 .. 0.91
   9 !  215.6  16.1   2.6e-66   4.4e-65     163     355 ..  463453  463646 ..  463446  463647 .. 0.92
  10 !   39.1   4.0   1.2e-12   2.1e-11       1      34 [.  465134  465167 ..  465134  465171 .. 0.95
  11 !   37.8   1.6   2.9e-12     5e-11     166     242 ..  465171  465241 ..  465165  465243 .. 0.88

>> NC_002953.3_frame=3  Staphylococcus aureus subsp. aureus MSSA476, complete sequence
   #    score  bias  c-Evalue  i-Evalue hmmfrom  hmm to    alifrom  ali to    envfrom  env to     acc
 ---   ------ ----- --------- --------- ------- -------    ------- -------    ------- -------    ----
   1 !   22.7  12.0   1.2e-07     2e-06     218     355 ..   20164   20311 ..   20121   20312 .. 0.73
   2 !   21.2   2.3   3.2e-07   5.5e-06       1      34 [.  142630  142663 ..  142630  142669 .. 0.90
   3 !  224.9  14.3   4.1e-69   6.9e-68     159     356 .]  142658  142855 ..  142657  142855 .. 0.96
   4 !   14.3   0.4   4.1e-05   0.00071       1      32 [.  142952  142983 ..  142952  142987 .. 0.96
   5 !  247.1  15.5     7e-76   1.2e-74     163     355 ..  142987  143179 ..  142982  143180 .. 0.98
   6 !  473.4  17.3  1.1e-144  1.9e-143       1     356 []  143759  144073 ..  143759  144073 .. 0.93
   7 !   20.9   3.0   4.2e-07   7.2e-06       1      35 [.  144196  144230 ..  144196  144234 .. 0.94
   8 !  227.4  15.2   6.8e-70   1.2e-68     162     356 .]  144233  144429 ..  144228  144429 .. 0.95
   9 !   37.8   3.3     3e-12   5.2e-11       1      36 [.  147395  147430 ..  147395  147434 .. 0.92
  10 !  236.8  16.7   9.4e-73   1.6e-71     157     355 ..  147425  147624 ..  147424  147624 .. 0.93
  11 !   73.7   9.9   3.7e-23   6.2e-22     164     313 ..  688738  688881 ..  688730  688885 .. 0.87

>> NZ_LR134090.1_frame=1  Staphylococcus aureus strain NCTC9555 chromosome 1, complete sequence
   #    score  bias  c-Evalue  i-Evalue hmmfrom  hmm to    alifrom  ali to    envfrom  env to     acc
 ---   ------ ----- --------- --------- ------- -------    ------- -------    ------- -------    ----
   1 !  589.6  29.5  5.1e-180  8.8e-179       1     356 []  150420  150775 ..  150420  150775 .. 1.00
   2 !   15.5   4.7   1.8e-05   0.00031       1      33 [.  151712  151744 ..  151712  151748 .. 0.93
   3 !  241.0  21.2   4.9e-74   8.3e-73     153     355 ..  151735  151939 ..  151735  151940 .. 0.97
   4 ?    9.3   0.8    0.0014     0.024       1      32 [.  152430  152461 ..  152430  152469 .. 0.92
   5 !  219.6  14.3   1.6e-67   2.7e-66     167     356 .]  152471  152661 ..  152462  152661 .. 0.95
   6 !   40.2   4.0   5.4e-13   9.2e-12       1      36 [.  154501  154536 ..  154501  154540 .. 0.94
   7 !  219.2  21.8   2.2e-67   3.8e-66     166     355 ..  154538  154727 ..  154535  154727 .. 0.91
   8 !   89.1   3.6   7.6e-28   1.3e-26     154     340 ..  594925  595114 ..  594909  595129 .. 0.77
   9 !   92.3   4.3   8.3e-29   1.4e-27     150     353 ..  595193  595401 ..  595177  595404 .. 0.79

>> NZ_CP136528.1_frame=1  Staphylococcus aureus strain BAA-1556_Catania chromosome, complete genome
   #    score  bias  c-Evalue  i-Evalue hmmfrom  hmm to    alifrom  ali to    envfrom  env to     acc
 ---   ------ ----- --------- --------- ------- -------    ------- -------    ------- -------    ----
   1 !   20.2   2.3   6.8e-07   1.2e-05       1      33 [.  148906  148938 ..  148906  148945 .. 0.89
   2 !  212.5  17.9   2.4e-65     4e-64     159     356 .]  148934  149131 ..  148933  149131 .. 0.93
   3 !   19.2   0.6   1.3e-06   2.3e-05       1      33 [.  149228  149260 ..  149228  149267 .. 0.94
   4 !  246.6  17.0     1e-75   1.7e-74     164     355 ..  149264  149455 ..  149259  149456 .. 0.98
   5 !  485.4  16.9  2.6e-148  4.4e-147       1     356 []  150031  150338 ..  150031  150338 .. 0.97
   6 !   21.4   4.4   2.8e-07   4.8e-06       1      35 [.  150461  150495 ..  150461  150501 .. 0.90
   7 !  229.0  15.2   2.2e-70   3.7e-69     159     356 .]  150495  150694 ..  150492  150694 .. 0.95
   8 !   16.0   4.0   1.3e-05   0.00022       1      32 [.  151922  151953 ..  151922  151962 .. 0.91
   9 !  215.6  16.1   2.6e-66   4.4e-65     163     355 ..  151959  152152 ..  151952  152153 .. 0.92
  10 !   39.1   4.0   1.2e-12   2.1e-11       1      34 [.  153640  153673 ..  153640  153677 .. 0.95
  11 !   37.8   1.6   2.9e-12     5e-11     166     242 ..  153677  153747 ..  153671  153749 .. 0.88

>> NZ_CP029678.1_frame=1  Staphylococcus aureus strain AR_0216 chromosome, complete genome
   #    score  bias  c-Evalue  i-Evalue hmmfrom  hmm to    alifrom  ali to    envfrom  env to     acc
 ---   ------ ----- --------- --------- ------- -------    ------- -------    ------- -------    ----
   1 !   20.1   2.3   7.2e-07   1.2e-05       1      33 [.  148323  148355 ..  148323  148362 .. 0.89
   2 !  212.4  17.9   2.5e-65   4.3e-64     159     356 .]  148351  148548 ..  148350  148548 .. 0.93
   3 !   19.1   0.6   1.4e-06   2.4e-05       1      33 [.  148645  148677 ..  148645  148684 .. 0.94
   4 !  246.5  17.0   1.1e-75   1.8e-74     164     355 ..  148681  148872 ..  148676  148873 .. 0.98
   5 !  485.3  16.9  2.7e-148  4.6e-147       1     356 []  149448  149755 ..  149448  149755 .. 0.97
   6 !   21.4   4.4     3e-07   5.1e-06       1      35 [.  149878  149912 ..  149878  149918 .. 0.90
   7 !  228.9  15.2   2.3e-70     4e-69     159     356 .]  149912  150111 ..  149909  150111 .. 0.95
   8 !   15.9   4.0   1.4e-05   0.00024       1      32 [.  151339  151370 ..  151339  151379 .. 0.91
   9 !  215.6  16.1   2.7e-66   4.7e-65     163     355 ..  151376  151569 ..  151369  151570 .. 0.92
  10 !   39.0   4.0   1.3e-12   2.2e-11       1      34 [.  153057  153090 ..  153057  153094 .. 0.95
  11 !   37.7   1.6   3.1e-12   5.3e-11     166     242 ..  153094  153164 ..  153088  153166 .. 0.88

>> NZ_LR134090.1_frame=2  Staphylococcus aureus strain NCTC9555 chromosome 1, complete sequence
   #    score  bias  c-Evalue  i-Evalue hmmfrom  hmm to    alifrom  ali to    envfrom  env to     acc
 ---   ------ ----- --------- --------- ------- -------    ------- -------    ------- -------    ----
   1 !   68.0   2.0   1.9e-21   3.3e-20     280     355 ..  136396  136472 ..  136375  136473 .. 0.92
   2 !   19.1   0.4   1.5e-06   2.5e-05       1      32 [.  150091  150122 ..  150091  150126 .. 0.96
   3 !  245.8  15.0   1.7e-75   2.9e-74     163     355 ..  150126  150318 ..  150121  150319 .. 0.98
   4 !  476.8  20.1    1e-145  1.8e-144       1     356 []  150898  151210 ..  150898  151210 .. 0.96
   5 !   26.7   3.9   6.8e-09   1.2e-07       1      35 [.  151333  151367 ..  151333  151371 .. 0.94
   6 !  219.5  17.0   1.7e-67   2.9e-66     162     355 ..  151370  151565 ..  151366  151566 .. 0.92
   7 !   17.8   2.5   3.6e-06   6.1e-05       2      34 ..  152085  152117 ..  152084  152124 .. 0.90
   8 !  203.2  13.4   1.5e-62   2.6e-61     158     355 ..  152116  152311 ..  152114  152312 .. 0.95
   9 !   12.5   3.2   0.00015    0.0025       1      40 [.  153143  153182 ..  153143  153184 .. 0.94
  10 !  192.6  18.3   2.6e-59   4.5e-58     162     356 .]  153175  153367 ..  153171  153367 .. 0.91
  11 ?   -2.7   0.3       6.2   1.1e+02     315     356 .]  319474  319512 ..  319468  319512 .. 0.88
  12 !   25.2   6.1   2.1e-08   3.6e-07     238     327 ..  434062  434154 ..  434031  434161 .. 0.78

>> NC_002952.2_frame=1  Staphylococcus aureus subsp. aureus MRSA252, complete sequence
   #    score  bias  c-Evalue  i-Evalue hmmfrom  hmm to    alifrom  ali to    envfrom  env to     acc
 ---   ------ ----- --------- --------- ------- -------    ------- -------    ------- -------    ----
   1 !   19.9   2.9   8.4e-07   1.4e-05       1      33 [.  150854  150886 ..  150854  150892 .. 0.91
   2 !  220.9  14.7   6.3e-68   1.1e-66     159     356 .]  150882  151079 ..  150881  151079 .. 0.96
   3 !   22.0   0.2     2e-07   3.4e-06       1      33 [.  151175  151207 ..  151175  151209 .. 0.96
   4 !  243.5  12.6     9e-75   1.5e-73     161     356 .]  151208  151405 ..  151205  151405 .. 0.97
   5 !  453.4  13.1  1.3e-138  2.3e-137       1     356 []  151964  152267 ..  151964  152267 .. 0.93
   6 !   29.0   4.9   1.4e-09   2.5e-08       1      36 [.  152391  152426 ..  152391  152432 .. 0.91
   7 !  229.1  16.2   2.1e-70   3.6e-69     162     356 .]  152428  152624 ..  152424  152624 .. 0.95
   8 !   18.4   5.9   2.3e-06     4e-05       1      33 [.  153120  153152 ..  153120  153159 .. 0.92
   9 !  208.4  16.5     4e-64   6.8e-63     161     355 ..  153155  153350 ..  153150  153351 .. 0.93

>> NC_017338.2_frame=2  Staphylococcus aureus subsp. aureus JKD6159, complete sequence
   #    score  bias  c-Evalue  i-Evalue hmmfrom  hmm to    alifrom  ali to    envfrom  env to     acc
 ---   ------ ----- --------- --------- ------- -------    ------- -------    ------- -------    ----
   1 !   24.0   3.8   4.7e-08     8e-07       1      33 [.  141984  142016 ..  141984  142021 .. 0.93
   2 !  229.0  17.6   2.2e-70   3.8e-69     159     356 .]  142012  142209 ..  142011  142209 .. 0.96
   3 !   22.9   0.5     1e-07   1.8e-06       1      33 [.  142295  142327 ..  142295  142334 .. 0.94
   4 !  248.0  14.4   3.8e-76   6.5e-75     163     355 ..  142330  142522 ..  142325  142523 .. 0.98
   5 !  452.8  18.6  2.1e-138  3.6e-137       1     356 []  143024  143333 ..  143024  143333 .. 0.93
   6 !  209.9  16.3   1.4e-64   2.4e-63     168     355 ..  144946  145134 ..  144944  145135 .. 0.94
   7 ?    8.0   6.1    0.0034     0.058       1      32 [.  145256  145287 ..  145256  145289 .. 0.90
   8 !  206.2  18.1   1.9e-63   3.3e-62     153     356 .]  145281  145482 ..  145277  145482 .. 0.93

>> NC_017763.1_frame=3  Staphylococcus aureus subsp. aureus HO 5096 0412, complete sequence
   #    score  bias  c-Evalue  i-Evalue hmmfrom  hmm to    alifrom  ali to    envfrom  env to     acc
 ---   ------ ----- --------- --------- ------- -------    ------- -------    ------- -------    ----
   1 !   74.3   1.9   2.4e-23   4.1e-22     279     354 ..  129693  129769 ..  129670  129770 .. 0.90
   2 !  518.3  22.0  2.4e-158  4.2e-157       1     356 []  139207  139547 ..  139207  139547 .. 0.95
   3 !   27.7   2.7   3.6e-09   6.1e-08       1      35 [.  139671  139705 ..  139671  139711 .. 0.92
   4 !  227.7  13.9   5.5e-70   9.4e-69     162     356 .]  139708  139904 ..  139701  139904 .. 0.94
   5 !   21.1   3.7   3.6e-07   6.1e-06       1      34 [.  140055  140088 ..  140055  140094 .. 0.91
   6 !  207.9  12.7   5.7e-64   9.7e-63     158     355 ..  140087  140282 ..  140085  140283 .. 0.95
   7 !   39.4   3.8   9.4e-13   1.6e-11       1      34 [.  142143  142176 ..  142143  142181 .. 0.95
   8 !  216.2  19.3   1.7e-66   2.9e-65     166     355 ..  142180  142369 ..  142176  142370 .. 0.92

>> NZ_CP132371.1_frame=1  Staphylococcus aureus strain UNC_SA38 chromosome, complete genome
   #    score  bias  c-Evalue  i-Evalue hmmfrom  hmm to    alifrom  ali to    envfrom  env to     acc
 ---   ------ ----- --------- --------- ------- -------    ------- -------    ------- -------    ----
   1 !   74.3   2.1   2.3e-23     4e-22     279     355 ..  881105  881182 ..  881082  881183 .. 0.90
   2 !   20.3   2.5   6.1e-07     1e-05       1      33 [.  889130  889162 ..  889130  889166 .. 0.94
   3 !  225.3  17.4     3e-69   5.2e-68     159     356 .]  889158  889355 ..  889157  889355 .. 0.96
   4 !   19.1   0.4   1.4e-06   2.4e-05       1      32 [.  889452  889483 ..  889452  889487 .. 0.96
   5 !  245.9  15.0   1.7e-75   2.8e-74     163     355 ..  889487  889679 ..  889482  889680 .. 0.98
   6 !   21.1   2.3   3.7e-07   6.3e-06       1      34 [.  891056  891089 ..  891056  891095 .. 0.92
   7 !  207.4  18.3     8e-64   1.4e-62     158     355 ..  891088  891283 ..  891086  891284 .. 0.95
   8 !   11.4   3.2   0.00031    0.0054       1      32 [.  891759  891790 ..  891759  891799 .. 0.91
   9 !  215.3  16.8   3.3e-66   5.6e-65     163     355 ..  891796  891989 ..  891789  891990 .. 0.92
  10 !   39.6   3.8   8.3e-13   1.4e-11       1      35 [.  893477  893511 ..  893477  893516 .. 0.94
  11 !  225.8  15.6   2.2e-69   3.7e-68     166     355 ..  893514  893703 ..  893510  893703 .. 0.92

>> NC_002745.2_frame=3  Staphylococcus aureus subsp. aureus N315, complete sequence
   #    score  bias  c-Evalue  i-Evalue hmmfrom  hmm to    alifrom  ali to    envfrom  env to     acc
 ---   ------ ----- --------- --------- ------- -------    ------- -------    ------- -------    ----
   1 !   20.3   2.5   6.4e-07   1.1e-05       1      33 [.  147034  147066 ..  147034  147070 .. 0.94
   2 !  225.2  17.4   3.2e-69   5.5e-68     159     356 .]  147062  147259 ..  147061  147259 .. 0.96
   3 !   19.1   0.4   1.5e-06   2.6e-05       1      32 [.  147356  147387 ..  147356  147391 .. 0.96
   4 !  245.8  15.0   1.7e-75     3e-74     163     355 ..  147391  147583 ..  147386  147584 .. 0.98
   5 !   21.0   2.3   3.9e-07   6.6e-06       1      34 [.  148960  148993 ..  148960  148999 .. 0.92
   6 !  207.4  18.3   8.4e-64   1.4e-62     158     355 ..  148992  149187 ..  148990  149188 .. 0.95
   7 !   11.3   3.2   0.00033    0.0057       1      32 [.  149663  149694 ..  149663  149703 .. 0.91
   8 !  215.2  16.8   3.5e-66   5.9e-65     163     355 ..  149700  149893 ..  149693  149894 .. 0.92
   9 !   39.6   3.8   8.7e-13   1.5e-11       1      35 [.  151381  151415 ..  151381  151420 .. 0.94
  10 !  225.7  15.6   2.3e-69   3.9e-68     166     355 ..  151418  151607 ..  151414  151607 .. 0.92
  11 ?   -1.5   0.9       2.7        46       1      47 [.  317993  318037 ..  317993  318060 .. 0.69
  12 ?   -2.7   0.3       6.3   1.1e+02     315     356 .]  318096  318134 ..  318090  318134 .. 0.88

>> NC_007795.1_frame=3  Staphylococcus aureus subsp. aureus NCTC 8325 chromosome, complete genome
   #    score  bias  c-Evalue  i-Evalue hmmfrom  hmm to    alifrom  ali to    envfrom  env to     acc
 ---   ------ ----- --------- --------- ------- -------    ------- -------    ------- -------    ----
   1 !   75.0   1.3   1.5e-23   2.6e-22     279     355 ..  121413  121490 ..  121393  121491 .. 0.92
   2 !  602.2  28.8  7.9e-184  1.3e-182       1     356 []  130082  130437 ..  130082  130437 .. 1.00
   3 ?    9.5   0.8    0.0012     0.021       1      32 [.  132092  132123 ..  132092  132132 .. 0.92
   4 !  221.5  14.9   4.3e-68   7.4e-67     167     356 .]  132133  132323 ..  132122  132323 .. 0.94
   5 ?    4.9   5.0      0.03      0.51       1      31 [.  132806  132836 ..  132806  132838 .. 0.89
   6 !  194.7  19.5   5.8e-60   9.9e-59     153     356 .]  132831  133032 ..  132828  133032 .. 0.93
   7 ?   -3.0   0.4       7.6   1.3e+02     316     356 .]  296762  296799 ..  296756  296799 .. 0.89

>> NZ_CP113052.1_frame=1  Staphylococcus aureus strain Fizz chromosome, complete genome
   #    score  bias  c-Evalue  i-Evalue hmmfrom  hmm to    alifrom  ali to    envfrom  env to     acc
 ---   ------ ----- --------- --------- ------- -------    ------- -------    ------- -------    ----
   1 !   75.0   1.3   1.4e-23   2.5e-22     279     355 ..  452365  452442 ..  452345  452443 .. 0.92
   2 !  581.2  29.1  1.9e-177  3.2e-176       1     356 []  461034  461385 ..  461034  461385 .. 1.00
   3 ?    9.5   0.8    0.0012      0.02       1      32 [.  463057  463088 ..  463057  463097 .. 0.92
   4 !  221.5  14.9   4.2e-68   7.1e-67     167     356 .]  463098  463288 ..  463087  463288 .. 0.94
   5 ?    5.0   5.0     0.029      0.49       1      31 [.  463771  463801 ..  463771  463803 .. 0.89
   6 !  194.8  19.5   5.6e-60   9.6e-59     153     356 .]  463796  463997 ..  463793  463997 .. 0.93

>> NZ_CP136528.1_frame=3  Staphylococcus aureus strain BAA-1556_Catania chromosome, complete genome
   #    score  bias  c-Evalue  i-Evalue hmmfrom  hmm to    alifrom  ali to    envfrom  env to     acc
 ---   ------ ----- --------- --------- ------- -------    ------- -------    ------- -------    ----
   1 !   75.0   1.3   1.4e-23   2.5e-22     279     355 ..  140887  140964 ..  140867  140965 .. 0.92
   2 !  581.2  29.1  1.9e-177  3.2e-176       1     356 []  149556  149907 ..  149556  149907 .. 1.00
   3 ?    9.5   0.8    0.0012      0.02       1      32 [.  151562  151593 ..  151562  151602 .. 0.92
   4 !  221.5  14.9   4.2e-68   7.1e-67     167     356 .]  151603  151793 ..  151592  151793 .. 0.94
   5 ?    4.9   5.0     0.029       0.5       1      31 [.  152276  152306 ..  152276  152308 .. 0.89
   6 !  194.8  19.5   5.6e-60   9.6e-59     153     356 .]  152301  152502 ..  152298  152502 .. 0.93

>> NZ_CP029678.1_frame=3  Staphylococcus aureus strain AR_0216 chromosome, complete genome
   #    score  bias  c-Evalue  i-Evalue hmmfrom  hmm to    alifrom  ali to    envfrom  env to     acc
 ---   ------ ----- --------- --------- ------- -------    ------- -------    ------- -------    ----
   1 !   74.9   1.3   1.5e-23   2.6e-22     279     355 ..  140304  140381 ..  140284  140382 .. 0.92
   2 !  581.1  29.1    2e-177  3.4e-176       1     356 []  148973  149324 ..  148973  149324 .. 1.00
   3 ?    9.4   0.8    0.0013     0.022       1      32 [.  150979  151010 ..  150979  151019 .. 0.92
   4 !  221.4  14.9   4.4e-68   7.6e-67     167     356 .]  151020  151210 ..  151009  151210 .. 0.94
   5 ?    4.9   5.0     0.031      0.53       1      31 [.  151693  151723 ..  151693  151725 .. 0.89
   6 !  194.7  19.5     6e-60     1e-58     153     356 .]  151718  151919 ..  151715  151919 .. 0.93

>> NC_002953.3_frame=2  Staphylococcus aureus subsp. aureus MSSA476, complete sequence
   #    score  bias  c-Evalue  i-Evalue hmmfrom  hmm to    alifrom  ali to    envfrom  env to     acc
 ---   ------ ----- --------- --------- ------- -------    ------- -------    ------- -------    ----
   1 !   74.1   2.3   2.7e-23   4.6e-22     279     355 ..  131297  131374 ..  131274  131375 .. 0.90
   2 !  593.8  29.8  2.8e-181  4.7e-180       1     356 []  143281  143636 ..  143281  143636 .. 1.00
   3 !   17.5   3.2   4.5e-06   7.7e-05       2      34 ..  144954  144986 ..  144953  144993 .. 0.90
   4 !  206.2  14.3   1.9e-63   3.2e-62     158     355 ..  144985  145180 ..  144983  145181 .. 0.95
   5 ?    8.7   5.9     0.002     0.035       1      31 [.  146009  146039 ..  146009  146041 .. 0.89
   6 !  194.2  20.5   8.4e-60   1.4e-58     152     356 .]  146033  146235 ..  146030  146235 .. 0.93
   7 ?   -3.0   0.4       7.3   1.3e+02     316     356 .]  312743  312780 ..  312737  312780 .. 0.89

>> NC_002952.2_frame=3  Staphylococcus aureus subsp. aureus MRSA252, complete sequence
   #    score  bias  c-Evalue  i-Evalue hmmfrom  hmm to    alifrom  ali to    envfrom  env to     acc
 ---   ------ ----- --------- --------- ------- -------    ------- -------    ------- -------    ----
   1 !  504.5  21.8  3.9e-154  6.6e-153       1     356 []  151504  151844 ..  151504  151844 .. 0.98
   2 !   19.7   3.6   9.7e-07   1.7e-05       1      34 [.  152774  152807 ..  152774  152813 .. 0.91
   3 !  207.7  12.0   6.6e-64   1.1e-62     158     355 ..  152806  153001 ..  152804  153002 .. 0.95
   4 ?    5.1   6.0     0.025      0.43       1      32 [.  153473  153504 ..  153473  153506 .. 0.93
   5 !  209.2  16.1   2.3e-64   3.9e-63     152     356 .]  153497  153699 ..  153495  153699 .. 0.93

>> NC_017338.2_frame=3  Staphylococcus aureus subsp. aureus JKD6159, complete sequence
   #    score  bias  c-Evalue  i-Evalue hmmfrom  hmm to    alifrom  ali to    envfrom  env to     acc
 ---   ------ ----- --------- --------- ------- -------    ------- -------    ------- -------    ----
   1 !   29.7   2.5     9e-10   1.5e-08     241     325 ..   25770   25856 ..   25756   25862 .. 0.77
   2 !   24.9   2.9   2.4e-08   4.2e-07       1      36 [.  143456  143491 ..  143456  143494 .. 0.95
   3 !  233.3  15.5   1.1e-71   1.8e-70     162     356 .]  143493  143689 ..  143489  143689 .. 0.95
   4 !   21.9   3.5     2e-07   3.5e-06       1      34 [.  144208  144241 ..  144208  144249 .. 0.91
   5 !  208.4  15.9     4e-64   6.9e-63     158     355 ..  144240  144435 ..  144238  144436 .. 0.95
   6 !   11.3   3.8   0.00035    0.0059       1      32 [.  144550  144581 ..  144550  144589 .. 0.92
   7 !  218.3  15.8   4.1e-67   6.9e-66     167     356 .]  144591  144781 ..  144581  144781 .. 0.94
   8 !   21.3   2.1   3.2e-07   5.4e-06       1      33 [.  144908  144940 ..  144908  144968 .. 0.85
   9 !   37.4   3.8   3.9e-12   6.6e-11       1      36 [.  146658  146693 ..  146658  146698 .. 0.92
  10 !  234.5  20.1   4.7e-72     8e-71     157     355 ..  146688  146887 ..  146687  146888 .. 0.94

>> NZ_CP011877.1_frame=-1  Staphylococcus aureus strain 12S01032 chromosome, complete genome
   #    score  bias  c-Evalue  i-Evalue hmmfrom  hmm to    alifrom  ali to    envfrom  env to     acc
 ---   ------ ----- --------- --------- ------- -------    ------- -------    ------- -------    ----
   1 !   74.5   1.6   2.2e-23   3.7e-22     280     355 ..  748644  748720 ..  748633  748721 .. 0.92
   2 !  509.3  21.5  1.4e-155  2.4e-154       1     356 []  757772  758112 ..  757772  758112 .. 0.97
   3 !   21.1   3.8   3.5e-07   5.9e-06       1      34 [.  759053  759086 ..  759053  759094 .. 0.90
   4 !  206.4  13.3   1.7e-63   2.8e-62     158     355 ..  759085  759280 ..  759083  759281 .. 0.95
   5 ?   -2.7   0.3       6.2   1.1e+02     315     356 .]  934267  934305 ..  934261  934305 .. 0.88

>> NC_017338.2_frame=1  Staphylococcus aureus subsp. aureus JKD6159, complete sequence
   #    score  bias  c-Evalue  i-Evalue hmmfrom  hmm to    alifrom  ali to    envfrom  env to     acc
 ---   ------ ----- --------- --------- ------- -------    ------- -------    ------- -------    ----
   1 !   74.1   2.3   2.7e-23   4.7e-22     279     355 ..  132375  132452 ..  132353  132453 .. 0.91
   2 !   40.1   6.9   6.2e-13   1.1e-11       1      51 [.  142623  142671 ..  142623  142675 .. 0.95
   3 !  382.1  14.7  6.4e-117  1.1e-115     122     356 .]  142670  142903 ..  142665  142903 .. 0.96
   4 !   21.4   5.4   2.8e-07   4.8e-06       1      33 [.  143840  143872 ..  143840  143876 .. 0.93
   5 !  242.8  23.7   1.5e-74   2.5e-73     153     355 ..  143863  144067 ..  143862  144068 .. 0.96
   6 ?   -2.8   0.3       6.4   1.1e+02     315     356 .]  312198  312236 ..  312192  312236 .. 0.88

>> NC_002953.3_frame=1  Staphylococcus aureus subsp. aureus MSSA476, complete sequence
   #    score  bias  c-Evalue  i-Evalue hmmfrom  hmm to    alifrom  ali to    envfrom  env to     acc
 ---   ------ ----- --------- --------- ------- -------    ------- -------    ------- -------    ----
   1 !   13.9   4.3   5.6e-05   0.00095       1      32 [.  144580  144611 ..  144580  144614 .. 0.95
   2 !  233.4  19.6     1e-71   1.7e-70     153     355 ..  144603  144808 ..  144603  144809 .. 0.95
   3 !   10.3   0.9   0.00066     0.011       1      32 [.  145298  145329 ..  145298  145338 .. 0.92
   4 !  221.3  14.3   4.7e-68   8.1e-67     167     356 .]  145339  145529 ..  145328  145529 .. 0.94
   5 !   12.7   2.6   0.00012    0.0021       1      32 [.  145657  145688 ..  145657  145697 .. 0.91
   6 !  214.6  14.7   5.3e-66   9.1e-65     163     355 ..  145694  145887 ..  145687  145888 .. 0.92
   7 !   43.1   9.6   7.3e-14   1.2e-12     170     314 ..  688495  688635 ..  688488  688643 .. 0.85

>> NC_017763.1_frame=1  Staphylococcus aureus subsp. aureus HO 5096 0412, complete sequence
   #    score  bias  c-Evalue  i-Evalue hmmfrom  hmm to    alifrom  ali to    envfrom  env to     acc
 ---   ------ ----- --------- --------- ------- -------    ------- -------    ------- -------    ----
   1 !   20.5   2.0   5.5e-07   9.4e-06       1      33 [.  138556  138588 ..  138556  138595 .. 0.88
   2 !  213.8  13.6   9.6e-66   1.6e-64     159     356 .]  138584  138781 ..  138584  138781 .. 0.96
   3 !   11.6   3.0   0.00028    0.0048       1      32 [.  140401  140432 ..  140401  140441 .. 0.91
   4 !  211.1  12.1     6e-65     1e-63     166     355 ..  140441  140631 ..  140432  140632 .. 0.93
   5 ?    6.1   7.3     0.013      0.22       1      33 [.  140756  140788 ..  140756  140790 .. 0.92
   6 !  206.4  15.7   1.6e-63   2.8e-62     154     356 .]  140782  140982 ..  140779  140982 .. 0.92

>> NZ_CP113052.1_frame=3  Staphylococcus aureus strain Fizz chromosome, complete genome
   #    score  bias  c-Evalue  i-Evalue hmmfrom  hmm to    alifrom  ali to    envfrom  env to     acc
 ---   ------ ----- --------- --------- ------- -------    ------- -------    ------- -------    ----
   1 !   15.5   4.7   1.8e-05    0.0003       1      33 [.  462338  462370 ..  462338  462374 .. 0.93
   2 !  241.8  23.2   2.9e-74     5e-73     153     355 ..  462361  462565 ..  462360  462566 .. 0.96
   3 !   17.4   3.3   4.6e-06   7.9e-05       2      34 ..  462711  462743 ..  462710  462750 .. 0.90
   4 !  217.6  17.8   6.7e-67   1.1e-65     158     356 .]  462742  462938 ..  462740  462938 .. 0.95
   5 !  162.5  12.1   3.7e-50   6.3e-49     244     355 ..  465241  465356 ..  465237  465356 .. 0.95
   6 ?   -3.0   0.4       7.3   1.2e+02     316     356 .]  641472  641509 ..  641466  641509 .. 0.89

>> NZ_CP136528.1_frame=2  Staphylococcus aureus strain BAA-1556_Catania chromosome, complete genome
   #    score  bias  c-Evalue  i-Evalue hmmfrom  hmm to    alifrom  ali to    envfrom  env to     acc
 ---   ------ ----- --------- --------- ------- -------    ------- -------    ------- -------    ----
   1 !   15.5   4.7   1.8e-05   0.00031       1      33 [.  150844  150876 ..  150844  150880 .. 0.93
   2 !  241.8  23.2   2.9e-74     5e-73     153     355 ..  150867  151071 ..  150866  151072 .. 0.96
   3 !   17.4   3.3   4.6e-06   7.9e-05       2      34 ..  151217  151249 ..  151216  151256 .. 0.90
   4 !  217.6  17.8   6.7e-67   1.1e-65     158     356 .]  151248  151444 ..  151246  151444 .. 0.95
   5 !  162.5  12.1   3.7e-50   6.3e-49     244     355 ..  153747  153862 ..  153743  153862 .. 0.95
   6 ?   -3.0   0.4       7.3   1.3e+02     316     356 .]  329960  329997 ..  329954  329997 .. 0.89

>> NZ_CP029678.1_frame=2  Staphylococcus aureus strain AR_0216 chromosome, complete genome
   #    score  bias  c-Evalue  i-Evalue hmmfrom  hmm to    alifrom  ali to    envfrom  env to     acc
 ---   ------ ----- --------- --------- ------- -------    ------- -------    ------- -------    ----
   1 !   15.4   4.7   1.9e-05   0.00032       1      33 [.  150261  150293 ..  150261  150297 .. 0.93
   2 !  241.7  23.2   3.1e-74   5.3e-73     153     355 ..  150284  150488 ..  150283  150489 .. 0.96
   3 !   17.3   3.3   4.9e-06   8.4e-05       2      34 ..  150634  150666 ..  150633  150673 .. 0.90
   4 !  217.5  17.8   7.1e-67   1.2e-65     158     356 .]  150665  150861 ..  150663  150861 .. 0.95
   5 !  162.4  12.1   3.9e-50   6.7e-49     244     355 ..  153164  153279 ..  153160  153279 .. 0.95
   6 ?   -3.0   0.4       7.8   1.3e+02     316     356 .]  344002  344039 ..  343996  344039 .. 0.89

>> NZ_LS483357.1_frame=1  Streptococcus pyogenes strain NCTC8326 chromosome 1, complete sequence
   #    score  bias  c-Evalue  i-Evalue hmmfrom  hmm to    alifrom  ali to    envfrom  env to     acc
 ---   ------ ----- --------- --------- ------- -------    ------- -------    ------- -------    ----
   1 !   22.9   2.3   9.9e-08   1.7e-06     235     312 ..  219487  219567 ..  219390  219583 .. 0.74
   2 !   54.9   8.9   1.9e-17   3.2e-16     154     330 ..  430320  430497 ..  430313  430508 .. 0.80
   3 !   37.0   4.3   5.4e-12   9.2e-11     171     330 ..  567810  567975 ..  567803  567977 .. 0.70

>> NZ_AP023389.1_frame=3  Streptococcus pyogenes strain KUN-0012590 chromosome, complete genome
   #    score  bias  c-Evalue  i-Evalue hmmfrom  hmm to    alifrom  ali to    envfrom  env to     acc
 ---   ------ ----- --------- --------- ------- -------    ------- -------    ------- -------    ----
   1 ?   -2.6  14.3       5.6        96      13     165 ..  138398  138543 ..  138390  138559 .. 0.54
   2 !   10.6   4.6   0.00056    0.0095     277     332 ..  383730  383788 ..  383719  383808 .. 0.84
   3 !   40.6   3.5   4.2e-13   7.1e-12     171     330 ..  558547  558712 ..  558540  558714 .. 0.69

>> NZ_LR134284.1_frame=2  Streptococcus pyogenes strain NCTC8232 chromosome 1, complete sequence
   #    score  bias  c-Evalue  i-Evalue hmmfrom  hmm to    alifrom  ali to    envfrom  env to     acc
 ---   ------ ----- --------- --------- ------- -------    ------- -------    ------- -------    ----
   1 ?   -2.5  14.1       5.2        89      13     170 ..  123267  123416 ..  123258  123429 .. 0.51
   2 !   25.2   1.9     2e-08   3.5e-07     225     329 ..  339805  339917 ..  339729  339920 .. 0.71
   3 !   26.3   2.2   9.4e-09   1.6e-07     224     329 ..  371265  371378 ..  371188  371382 .. 0.78
   4 !   17.7   2.6   3.9e-06   6.7e-05     277     331 ..  391656  391713 ..  391646  391726 .. 0.86
   5 !   36.3   3.1   8.7e-12   1.5e-10     171     330 ..  576688  576853 ..  576681  576855 .. 0.70

>> NZ_CP051138.1_frame=1  Streptococcus pyogenes strain 4063-05 chromosome, complete genome
   #    score  bias  c-Evalue  i-Evalue hmmfrom  hmm to    alifrom  ali to    envfrom  env to     acc
 ---   ------ ----- --------- --------- ------- -------    ------- -------    ------- -------    ----
   1 !   10.1   4.6   0.00078     0.013     277     331 ..  381739  381796 ..  381729  381817 .. 0.84
   2 !   37.0   4.3   5.4e-12   9.2e-11     171     330 ..  567735  567900 ..  567728  567902 .. 0.70



Internal pipeline statistics summary:
-------------------------------------
Query model(s):                              1  (356 nodes)
Target sequences:                          564  (304447416 residues searched)
Passed MSV filter:                       331  (0.586879); expected 11.3 (0.02)
Passed bias filter:                      117  (0.207447); expected 11.3 (0.02)
Passed Vit filter:                       117  (0.207447); expected 0.6 (0.001)
Passed Fwd filter:                        33  (0.0585106); expected 0.0 (1e-05)
Initial search space (Z):                564  [actual number of targets]
Domain search space  (domZ):              33  [number of targets reported over threshold]
# CPU time: 90.97u 0.16s 00:01:31.13 Elapsed: 00:04:33.95
# Mc/sec: 395.63

@@ New targets included:   4
@@ New alignment includes: 229 subseqs (was 154), including original query
@@ Continuing to next round.

@@
@@ Round:                  3
@@ Included in MSA:        229 subsequences (query + 228 subseqs from 33 targets)
@@ Model size:             356 positions
@@

Scores for complete sequences (score includes all domains):
   --- full sequence ---   --- best 1 domain ---    -#dom-
    E-value  score  bias    E-value  score  bias    exp  N  Sequence               Description
    ------- ------ -----    ------- ------ -----   ---- --  --------               -----------
          0 1573.9 174.9   1.1e-174  576.1  29.9   16.8  9  NC_002745.2_frame=2     Staphylococcus aureus subsp. aureus N
          0 1530.6 323.8   5.3e-142  468.7  18.6   16.2 11  NC_007795.1_frame=1     Staphylococcus aureus subsp. aureus N
          0 1522.2 155.7   1.2e-174  576.0  29.5   20.9  8  NZ_CP132371.1_frame=3   Staphylococcus aureus strain UNC_SA38
          0 1413.0 184.1     1e-141  467.8  17.0   21.2 11  NZ_CP011877.1_frame=-2  Staphylococcus aureus strain 12S01032
          0 1386.7 194.0   1.1e-137  454.4  18.6   18.6 11  NC_002953.3_frame=3     Staphylococcus aureus subsp. aureus M
          0 1381.6 169.2   3.5e-173  571.2  30.8   32.3  9  NZ_LR134090.1_frame=1   Staphylococcus aureus strain NCTC9555
          0 1368.8 316.2   1.5e-146  483.6  19.9   16.1 11  NZ_CP113052.1_frame=2   Staphylococcus aureus strain Fizz chr
          0 1290.2 187.9   7.8e-139  458.3  21.4   40.9 12  NZ_LR134090.1_frame=2   Staphylococcus aureus strain NCTC9555
          0 1277.1 433.4   2.4e-142  469.8  18.3   20.3 11  NZ_CP029678.1_frame=1   Staphylococcus aureus strain AR_0216 
          0 1269.3 178.9   2.3e-142  469.9  18.3   20.9 12  NZ_CP136528.1_frame=1   Staphylococcus aureus strain BAA-1556
          0 1249.8 293.8     2e-131  433.9  15.4   14.8  9  NC_002952.2_frame=1     Staphylococcus aureus subsp. aureus M
          0 1201.8 134.0   2.5e-131  433.6  19.8   17.3  8  NC_017338.2_frame=2     Staphylococcus aureus subsp. aureus J
          0 1099.0 137.8   1.8e-152  503.1  23.3   20.1 10  NC_017763.1_frame=3     Staphylococcus aureus subsp. aureus H
          0 1051.0 305.1    1.8e-68  226.8  15.4   17.9 12  NC_002745.2_frame=3     Staphylococcus aureus subsp. aureus N
          0 1039.1 179.5    1.7e-68  226.9  15.4   20.1 12  NZ_CP132371.1_frame=1   Staphylococcus aureus strain UNC_SA38
   8.7e-302  994.3  95.0   8.2e-177  583.2  30.1   16.3  8  NC_007795.1_frame=3     Staphylococcus aureus subsp. aureus N
   4.3e-296  975.5  95.3   3.5e-171  564.7  30.4   17.4  7  NZ_CP113052.1_frame=1   Staphylococcus aureus strain Fizz chr
   4.3e-296  975.5  95.3   3.5e-171  564.7  30.4   19.7  6  NZ_CP136528.1_frame=3   Staphylococcus aureus strain BAA-1556
   5.2e-296  975.3  95.3   3.7e-171  564.6  30.4   12.7  7  NZ_CP029678.1_frame=3   Staphylococcus aureus strain AR_0216 
   1.3e-294  970.7 100.7   3.4e-174  574.6  31.1   19.1  9  NC_002953.3_frame=2     Staphylococcus aureus subsp. aureus M
     4e-258  850.6  76.9   2.2e-149  493.0  22.9   13.8  5  NC_002952.2_frame=3     Staphylococcus aureus subsp. aureus M
     4e-255  840.8 158.9    3.5e-63  209.4  15.0   24.2 11  NC_017338.2_frame=3     Staphylococcus aureus subsp. aureus J
   2.6e-220  726.3  65.8     4e-151  498.7  22.9   13.4  6  NZ_CP011877.1_frame=-1  Staphylococcus aureus strain 12S01032
   1.3e-195  645.1 112.7    4.1e-64  212.5  13.3   16.2  9  NC_002953.3_frame=1     Staphylococcus aureus subsp. aureus M
   1.1e-187  619.0  83.4   1.2e-107  355.7  14.9   12.3  7  NC_017338.2_frame=1     Staphylococcus aureus subsp. aureus J
     1e-171  566.4  77.9    1.4e-61  204.1  12.0   16.2  7  NC_017763.1_frame=1     Staphylococcus aureus subsp. aureus H
   5.2e-163  537.8 159.8    5.3e-64  212.1  20.4    9.1  6  NZ_CP136528.1_frame=2   Staphylococcus aureus strain BAA-1556
     1e-158  523.6  91.8    5.3e-64  212.1  20.4   16.2  6  NZ_CP113052.1_frame=3   Staphylococcus aureus strain Fizz chr
    4.8e-78  258.3  48.4    4.3e-34  113.7   8.1    8.1  4  NZ_LR134284.1_frame=2   Streptococcus pyogenes strain NCTC823
    7.2e-75  247.8  42.4    3.3e-34  114.1   9.5    4.9  3  NZ_LS483357.1_frame=1   Streptococcus pyogenes strain NCTC832
+     1e-60  201.3  46.1    7.1e-34  113.0   9.4    3.0  2  NZ_CP155738.1_frame=3   Streptococcus pyogenes strain 1510/08
+   3.5e-44  146.9  18.3    5.6e-35  116.6   9.0    4.1  2  NZ_CP118481.1_frame=1   Streptococcus pyogenes strain 2018532
+   1.6e-41  138.1  33.2    2.5e-32  107.9   8.2    5.3  2  NZ_CP070994.1_frame=-3  Streptococcus pyogenes strain M11318 
    2.2e-39  131.1  24.7    1.1e-34  115.6   8.9    5.8  3  NZ_AP023389.1_frame=3   Streptococcus pyogenes strain KUN-001
    1.1e-38  128.9  25.5    3.3e-34  114.1   9.5    4.4  2  NZ_CP051138.1_frame=1   Streptococcus pyogenes strain 4063-05
+   4.3e-38  126.9  23.5      1e-25   86.1   5.1    7.9  2  NZ_CP118481.1_frame=2   Streptococcus pyogenes strain 2018532
+   1.5e-21   72.5   5.0    1.5e-21   72.5   5.0    4.0  1  NZ_CP051138.1_frame=3   Streptococcus pyogenes strain 4063-05
+   7.2e-13   43.9   6.0    7.2e-13   43.9   6.0    5.8  1  NZ_CP167001.1_frame=-3  Streptococcus pyogenes strain Isolate


Domain annotation for each sequence:
>> NC_002745.2_frame=2  Staphylococcus aureus subsp. aureus N315, complete sequence
   #    score  bias  c-Evalue  i-Evalue hmmfrom  hmm to    alifrom  ali to    envfrom  env to     acc
 ---   ------ ----- --------- --------- ------- -------    ------- -------    ------- -------    ----
   1 !  576.1  29.9  7.6e-176  1.1e-174       1     356 []  147685  148040 ..  147685  148040 .. 1.00
   2 !  417.4  27.8  1.4e-127    2e-126       1     356 []  148163  148454 ..  148163  148454 .. 0.97
   3 !   34.3   4.2   4.1e-11   6.1e-10       1      37 [.  148577  148613 ..  148577  148618 .. 0.90
   4 !  206.7  14.7   1.6e-63   2.3e-62     159     356 .]  148611  148810 ..  148609  148810 .. 0.95
   5 !   30.0   1.0   8.3e-10   1.2e-08       1      33 [.  149305  149337 ..  149305  149344 .. 0.92
   6 !  213.3  14.0   1.6e-65   2.3e-64     161     356 .]  149340  149536 ..  149336  149536 .. 0.96
   7 !   23.4   6.7   8.2e-08   1.2e-06       1      35 [.  150018  150052 ..  150018  150056 .. 0.94
   8 !  192.8  17.6   2.7e-59     4e-58     153     356 .]  150043  150244 ..  150041  150244 .. 0.95
   9 !   76.7  10.7   5.2e-24   7.7e-23     170     315 ..  685751  685891 ..  685743  685925 .. 0.86

>> NC_007795.1_frame=1  Staphylococcus aureus subsp. aureus NCTC 8325 chromosome, complete genome
   #    score  bias  c-Evalue  i-Evalue hmmfrom  hmm to    alifrom  ali to    envfrom  env to     acc
 ---   ------ ----- --------- --------- ------- -------    ------- -------    ------- -------    ----
   1 !   35.5   2.4   1.7e-11   2.6e-10       1      37 [.  129432  129468 ..  129432  129471 .. 0.91
   2 !  190.8  17.4   1.1e-58   1.6e-57     163     356 .]  129464  129657 ..  129462  129657 .. 0.95
   3 !   34.3   1.0     4e-11   5.9e-10       1      33 [.  129754  129786 ..  129754  129793 .. 0.94
   4 !  228.2  16.9   4.6e-70   6.9e-69     164     355 ..  129790  129981 ..  129786  129982 .. 0.99
   5 !  468.7  18.6  3.6e-143  5.3e-142       1     356 []  130561  130868 ..  130561  130868 .. 0.99
   6 !   35.1   5.5   2.3e-11   3.4e-10       1      36 [.  130991  131026 ..  130991  131032 .. 0.90
   7 !  208.3  15.1   4.9e-64   7.3e-63     157     356 .]  131023  131224 ..  131021  131224 .. 0.95
   8 !   31.7   4.0   2.5e-10   3.7e-09       1      33 [.  132452  132484 ..  132452  132491 .. 0.93
   9 !  208.5  15.1   4.5e-64   6.7e-63     161     355 ..  132487  132682 ..  132483  132683 .. 0.95
  10 !   36.6   4.3   8.2e-12   1.2e-10       1      36 [.  134170  134205 ..  134170  134210 .. 0.92
  11 !  213.4  16.1   1.4e-65   2.1e-64     165     355 ..  134206  134394 ..  134201  134394 .. 0.95

>> NZ_CP132371.1_frame=3  Staphylococcus aureus strain UNC_SA38 chromosome, complete genome
   #    score  bias  c-Evalue  i-Evalue hmmfrom  hmm to    alifrom  ali to    envfrom  env to     acc
 ---   ------ ----- --------- --------- ------- -------    ------- -------    ------- -------    ----
   1 !  576.0  29.5  8.3e-176  1.2e-174       1     356 []  889780  890135 ..  889780  890135 .. 1.00
   2 !  417.5  27.8  1.3e-127  1.9e-126       1     356 []  890258  890549 ..  890258  890549 .. 0.97
   3 !   34.4   4.2   3.9e-11   5.8e-10       1      37 [.  890672  890708 ..  890672  890713 .. 0.90
   4 !  206.8  14.7   1.5e-63   2.2e-62     159     356 .]  890706  890905 ..  890704  890905 .. 0.95
   5 !   30.1   1.0   7.9e-10   1.2e-08       1      33 [.  891400  891432 ..  891400  891439 .. 0.92
   6 !  213.3  14.0   1.5e-65   2.2e-64     161     356 .]  891435  891631 ..  891431  891631 .. 0.96
   7 !   23.5   6.7   7.8e-08   1.2e-06       1      35 [.  892113  892147 ..  892113  892151 .. 0.94
   8 !  192.8  17.6   2.5e-59   3.8e-58     153     356 .]  892138  892339 ..  892136  892339 .. 0.95

>> NZ_CP011877.1_frame=-2  Staphylococcus aureus strain 12S01032 chromosome, complete genome
   #    score  bias  c-Evalue  i-Evalue hmmfrom  hmm to    alifrom  ali to    envfrom  env to     acc
 ---   ------ ----- --------- --------- ------- -------    ------- -------    ------- -------    ----
   1 !   35.7   2.9   1.6e-11   2.3e-10       1      39 [.  757121  757159 ..  757121  757161 .. 0.92
   2 !  199.6  20.8   2.3e-61   3.3e-60     159     356 .]  757149  757346 ..  757149  757346 .. 0.97
   3 !  467.8  17.0  6.8e-143    1e-141       1     355 [.  758231  758544 ..  758231  758545 .. 0.98
   4 !   38.0   4.9     3e-12   4.4e-11       1      38 [.  758669  758706 ..  758669  758711 .. 0.91
   5 !  209.8  15.1   1.7e-64   2.6e-63     160     356 .]  758704  758902 ..  758701  758902 .. 0.96
   6 !   32.2   6.0   1.8e-10   2.7e-09       1      33 [.  759398  759430 ..  759398  759434 .. 0.96
   7 !  200.4  16.6   1.3e-61     2e-60     158     355 ..  759430  759628 ..  759428  759629 .. 0.96
   8 !   19.0   6.5   1.8e-06   2.7e-05       1      34 [.  759753  759786 ..  759753  759793 .. 0.90
   9 !  200.9  14.1   8.8e-62   1.3e-60     153     356 .]  759778  759979 ..  759777  759979 .. 0.94
  10 !   36.4   4.0   9.4e-12   1.4e-10       1      34 [.  761111  761144 ..  761111  761148 .. 0.94
  11 !  216.7  11.1   1.4e-66   2.1e-65     165     355 ..  761147  761336 ..  761143  761336 .. 0.94

>> NC_002953.3_frame=3  Staphylococcus aureus subsp. aureus MSSA476, complete sequence
   #    score  bias  c-Evalue  i-Evalue hmmfrom  hmm to    alifrom  ali to    envfrom  env to     acc
 ---   ------ ----- --------- --------- ------- -------    ------- -------    ------- -------    ----
   1 !  105.6  13.6   8.3e-33   1.2e-31     203     355 ..   20148   20311 ..   20099   20312 .. 0.86
   2 !   36.4   2.5   9.2e-12   1.4e-10       1      38 [.  142630  142667 ..  142630  142669 .. 0.92
   3 !  204.1  14.3   9.4e-63   1.4e-61     159     356 .]  142658  142855 ..  142658  142855 .. 0.96
   4 !   30.5   0.9   5.8e-10   8.7e-09       1      33 [.  142952  142984 ..  142952  142991 .. 0.94
   5 !  228.4  15.9   3.9e-70   5.7e-69     164     355 ..  142988  143179 ..  142984  143180 .. 0.98
   6 !  454.4  18.6  7.7e-139  1.1e-137       1     356 []  143759  144073 ..  143759  144073 .. 0.95
   7 !   34.3   4.2     4e-11     6e-10       1      37 [.  144196  144232 ..  144196  144237 .. 0.90
   8 !  206.3  15.1   2.1e-63   3.2e-62     159     356 .]  144230  144429 ..  144228  144429 .. 0.95
   9 !   37.0   3.1   6.3e-12   9.3e-11       1      35 [.  147395  147429 ..  147395  147433 .. 0.94
  10 !  210.6  15.9     1e-64   1.5e-63     158     355 ..  147426  147624 ..  147425  147624 .. 0.92
  11 !   86.8  11.7   4.4e-27   6.5e-26     164     314 ..  688738  688884 ..  688730  688899 .. 0.86

>> NZ_LR134090.1_frame=1  Staphylococcus aureus strain NCTC9555 chromosome 1, complete sequence
   #    score  bias  c-Evalue  i-Evalue hmmfrom  hmm to    alifrom  ali to    envfrom  env to     acc
 ---   ------ ----- --------- --------- ------- -------    ------- -------    ------- -------    ----
   1 !  571.2  30.8  2.4e-174  3.5e-173       1     356 []  150420  150775 ..  150420  150775 .. 1.00
   2 !   30.4   5.2   6.3e-10   9.3e-09       1      33 [.  151712  151744 ..  151712  151748 .. 0.95
   3 !  211.7  19.3   4.6e-65   6.9e-64     161     355 ..  151744  151939 ..  151742  151940 .. 0.97
   4 !   26.8   1.0   7.8e-09   1.2e-07       1      33 [.  152430  152462 ..  152430  152469 .. 0.92
   5 !  211.7  13.5   4.7e-65     7e-64     161     356 .]  152465  152661 ..  152461  152661 .. 0.96
   6 !   36.9   4.0   6.6e-12   9.8e-11       1      35 [.  154501  154535 ..  154501  154539 .. 0.94
   7 !  195.6  21.7   3.8e-60   5.6e-59     165     355 ..  154537  154727 ..  154533  154727 .. 0.93
   8 !  144.4   4.3   1.3e-44     2e-43     147     355 ..  594918  595129 ..  594908  595130 .. 0.90
   9 !  151.5   6.6   9.3e-47   1.4e-45     149     355 ..  595192  595403 ..  595174  595404 .. 0.91

>> NZ_CP113052.1_frame=2  Staphylococcus aureus strain Fizz chromosome, complete genome
   #    score  bias  c-Evalue  i-Evalue hmmfrom  hmm to    alifrom  ali to    envfrom  env to     acc
 ---   ------ ----- --------- --------- ------- -------    ------- -------    ------- -------    ----
   1 !   35.5   2.4   1.7e-11   2.5e-10       1      37 [.  460383  460419 ..  460383  460422 .. 0.91
   2 !  190.8  17.4     1e-58   1.5e-57     163     356 .]  460415  460608 ..  460413  460608 .. 0.95
   3 !   34.4   1.0   3.9e-11   5.7e-10       1      33 [.  460705  460737 ..  460705  460744 .. 0.94
   4 !  228.2  16.9   4.5e-70   6.6e-69     164     355 ..  460741  460932 ..  460737  460933 .. 0.99
   5 !  483.6  19.9    1e-147  1.5e-146       1     356 []  461508  461832 ..  461508  461832 .. 0.97
   6 !   35.1   5.5   2.2e-11   3.3e-10       1      36 [.  461955  461990 ..  461955  461996 .. 0.90
   7 !  208.4  15.1   4.8e-64   7.1e-63     157     356 .]  461987  462188 ..  461985  462188 .. 0.95
   8 !   31.7   4.0   2.4e-10   3.6e-09       1      33 [.  463416  463448 ..  463416  463455 .. 0.93
   9 !  208.5  15.1   4.4e-64   6.5e-63     161     355 ..  463451  463646 ..  463447  463647 .. 0.95
  10 !   36.2   4.2   1.1e-11   1.6e-10       1      34 [.  465134  465167 ..  465134  465171 .. 0.94
  11 !   38.5   1.3   2.1e-12   3.1e-11     165     241 ..  465170  465240 ..  465165  465243 .. 0.90

>> NZ_LR134090.1_frame=2  Staphylococcus aureus strain NCTC9555 chromosome 1, complete sequence
   #    score  bias  c-Evalue  i-Evalue hmmfrom  hmm to    alifrom  ali to    envfrom  env to     acc
 ---   ------ ----- --------- --------- ------- -------    ------- -------    ------- -------    ----
   1 !   70.0   3.1   5.7e-22   8.5e-21     278     355 ..  136394  136472 ..  136371  136473 .. 0.91
   2 !   34.4   1.0   3.7e-11   5.6e-10       1      33 [.  150091  150123 ..  150091  150130 .. 0.94
   3 !  226.8  15.4   1.2e-69   1.8e-68     164     355 ..  150127  150318 ..  150123  150319 .. 0.98
   4 !  458.3  21.4  5.2e-140  7.8e-139       1     356 []  150898  151210 ..  150898  151210 .. 0.97
   5 !   38.7   5.2   1.9e-12   2.8e-11       1      37 [.  151333  151369 ..  151333  151374 .. 0.90
   6 !  199.7  16.0   2.2e-61   3.2e-60     159     355 ..  151367  151565 ..  151364  151566 .. 0.93
   7 !   31.7   3.7   2.5e-10   3.7e-09       2      35 ..  152085  152118 ..  152084  152121 .. 0.94
   8 !  195.6  13.3   3.7e-60   5.4e-59     158     355 ..  152116  152311 ..  152114  152312 .. 0.97
   9 !   33.9   2.4   5.3e-11   7.9e-10       1      41 [.  153143  153183 ..  153143  153185 .. 0.97
  10 !  182.7  17.4   3.1e-56   4.6e-55     165     356 .]  153179  153367 ..  153176  153367 .. 0.94
  11 ?    3.4   0.9     0.096       1.4       1      48 [.  319371  319416 ..  319371  319442 .. 0.75
  12 !   66.6  10.8     6e-21     9e-20     214     331 ..  434033  434158 ..  433987  434179 .. 0.80

>> NZ_CP029678.1_frame=1  Staphylococcus aureus strain AR_0216 chromosome, complete genome
   #    score  bias  c-Evalue  i-Evalue hmmfrom  hmm to    alifrom  ali to    envfrom  env to     acc
 ---   ------ ----- --------- --------- ------- -------    ------- -------    ------- -------    ----
   1 !   35.5   2.4   1.8e-11   2.7e-10       1      37 [.  148323  148359 ..  148323  148362 .. 0.91
   2 !  190.7  17.4   1.1e-58   1.6e-57     163     356 .]  148355  148548 ..  148353  148548 .. 0.95
   3 !   34.3   1.0   4.1e-11   6.1e-10       1      33 [.  148645  148677 ..  148645  148684 .. 0.94
   4 !  228.1  16.9   4.7e-70     7e-69     164     355 ..  148681  148872 ..  148677  148873 .. 0.99
   5 !  469.8  18.3  1.6e-143  2.4e-142       1     356 []  149448  149755 ..  149448  149755 .. 0.99
   6 !   35.1   5.5   2.4e-11   3.5e-10       1      36 [.  149878  149913 ..  149878  149919 .. 0.90
   7 !  208.3  15.1   5.1e-64   7.5e-63     157     356 .]  149910  150111 ..  149908  150111 .. 0.95
   8 !   31.6   4.0   2.6e-10   3.8e-09       1      33 [.  151339  151371 ..  151339  151378 .. 0.93
   9 !  208.4  15.1   4.6e-64   6.9e-63     161     355 ..  151374  151569 ..  151370  151570 .. 0.95
  10 !   36.1   4.2   1.2e-11   1.7e-10       1      34 [.  153057  153090 ..  153057  153094 .. 0.94
  11 !   38.4   1.3   2.2e-12   3.3e-11     165     241 ..  153093  153163 ..  153088  153166 .. 0.90

>> NZ_CP136528.1_frame=1  Staphylococcus aureus strain BAA-1556_Catania chromosome, complete genome
   #    score  bias  c-Evalue  i-Evalue hmmfrom  hmm to    alifrom  ali to    envfrom  env to     acc
 ---   ------ ----- --------- --------- ------- -------    ------- -------    ------- -------    ----
   1 !   35.5   2.4   1.7e-11   2.5e-10       1      37 [.  148906  148942 ..  148906  148945 .. 0.91
   2 !  190.8  17.4     1e-58   1.6e-57     163     356 .]  148938  149131 ..  148936  149131 .. 0.95
   3 !   34.4   1.0   3.9e-11   5.7e-10       1      33 [.  149228  149260 ..  149228  149267 .. 0.94
   4 !  228.2  16.9   4.5e-70   6.6e-69     164     355 ..  149264  149455 ..  149260  149456 .. 0.99
   5 !  469.9  18.3  1.5e-143  2.3e-142       1     356 []  150031  150338 ..  150031  150338 .. 0.99
   6 !   35.1   5.5   2.2e-11   3.3e-10       1      36 [.  150461  150496 ..  150461  150502 .. 0.90
   7 !  208.4  15.1   4.8e-64   7.1e-63     157     356 .]  150493  150694 ..  150491  150694 .. 0.95
   8 !   31.7   4.0   2.4e-10   3.6e-09       1      33 [.  151922  151954 ..  151922  151961 .. 0.93
   9 !  208.5  15.1   4.4e-64   6.5e-63     161     355 ..  151957  152152 ..  151953  152153 .. 0.95
  10 !   36.1   4.2   1.1e-11   1.6e-10       1      34 [.  153640  153673 ..  153640  153677 .. 0.94
  11 !   38.5   1.3   2.1e-12   3.1e-11     165     241 ..  153676  153746 ..  153671  153749 .. 0.90
  12 ?   -0.6   0.9       1.7        25     284     353 ..  782837  782907 ..  782770  782910 .. 0.60

>> NC_002952.2_frame=1  Staphylococcus aureus subsp. aureus MRSA252, complete sequence
   #    score  bias  c-Evalue  i-Evalue hmmfrom  hmm to    alifrom  ali to    envfrom  env to     acc
 ---   ------ ----- --------- --------- ------- -------    ------- -------    ------- -------    ----
   1 !   35.6   2.7   1.6e-11   2.3e-10       1      38 [.  150854  150891 ..  150854  150893 .. 0.92
   2 !  198.8  14.5   3.8e-61   5.7e-60     159     356 .]  150882  151079 ..  150882  151079 .. 0.96
   3 !   36.0   0.2   1.2e-11   1.8e-10       1      34 [.  151175  151208 ..  151175  151211 .. 0.95
   4 !  226.9  12.7   1.1e-69   1.7e-68     160     356 .]  151207  151405 ..  151205  151405 .. 0.98
   5 !  433.9  15.4  1.4e-132    2e-131       1     356 []  151964  152267 ..  151964  152267 .. 0.95
   6 !   38.0   4.9   3.1e-12   4.6e-11       1      38 [.  152391  152428 ..  152391  152433 .. 0.91
   7 !  210.0  15.4   1.6e-64   2.3e-63     160     356 .]  152426  152624 ..  152423  152624 .. 0.96
   8 !   32.1   6.0   1.9e-10   2.8e-09       1      33 [.  153120  153152 ..  153120  153156 .. 0.96
   9 !  202.6  16.1   2.8e-62   4.1e-61     158     355 ..  153152  153350 ..  153150  153351 .. 0.96

>> NC_017338.2_frame=2  Staphylococcus aureus subsp. aureus JKD6159, complete sequence
   #    score  bias  c-Evalue  i-Evalue hmmfrom  hmm to    alifrom  ali to    envfrom  env to     acc
 ---   ------ ----- --------- --------- ------- -------    ------- -------    ------- -------    ----
   1 !   38.0   3.7   3.1e-12   4.6e-11       1      38 [.  141984  142021 ..  141984  142023 .. 0.92
   2 !  204.6  17.3   6.8e-63     1e-61     162     356 .]  142015  142209 ..  142014  142209 .. 0.96
   3 !   36.8   0.6   7.1e-12     1e-10       1      33 [.  142295  142327 ..  142295  142333 .. 0.96
   4 !  231.1  15.1     6e-71   8.9e-70     164     355 ..  142331  142522 ..  142327  142523 .. 0.99
   5 !  433.6  19.8  1.7e-132  2.5e-131       1     356 []  143024  143333 ..  143024  143333 .. 0.95
   6 !  201.5  15.6   5.9e-62   8.7e-61     168     355 ..  144946  145134 ..  144944  145135 .. 0.95
   7 !   24.4   6.2   4.1e-08   6.2e-07       1      35 [.  145256  145290 ..  145256  145292 .. 0.95
   8 !  204.1  15.7   9.9e-63   1.5e-61     153     356 .]  145281  145482 ..  145279  145482 .. 0.95

>> NC_017763.1_frame=3  Staphylococcus aureus subsp. aureus HO 5096 0412, complete sequence
   #    score  bias  c-Evalue  i-Evalue hmmfrom  hmm to    alifrom  ali to    envfrom  env to     acc
 ---   ------ ----- --------- --------- ------- -------    ------- -------    ------- -------    ----
   1 !   75.8   1.5   9.6e-24   1.4e-22     276     355 ..  129690  129770 ..  129668  129771 .. 0.89
   2 !  503.1  23.3  1.2e-153  1.8e-152       1     356 []  139207  139547 ..  139207  139547 .. 0.97
   3 !   34.4   3.2   3.8e-11   5.6e-10       1      37 [.  139671  139707 ..  139671  139712 .. 0.90
   4 !  205.1  14.2     5e-63   7.4e-62     159     356 .]  139705  139904 ..  139703  139904 .. 0.95
   5 !   32.7   4.7   1.2e-10   1.9e-09       1      35 [.  140055  140089 ..  140055  140092 .. 0.95
   6 !  194.6  12.0   7.2e-60   1.1e-58     158     355 ..  140087  140282 ..  140085  140283 .. 0.96
   7 !   36.6   3.9   7.9e-12   1.2e-10       1      35 [.  142143  142177 ..  142143  142181 .. 0.94
   8 !  190.6  19.7   1.2e-58   1.8e-57     165     355 ..  142179  142369 ..  142175  142370 .. 0.94
   9 ?   -1.2   1.8       2.5        38       1      62 [.  629678  629742 ..  629678  629782 .. 0.46
  10 ?   -0.8   1.1       1.9        28     271     353 ..  767774  767856 ..  767719  767859 .. 0.58

>> NC_002745.2_frame=3  Staphylococcus aureus subsp. aureus N315, complete sequence
   #    score  bias  c-Evalue  i-Evalue hmmfrom  hmm to    alifrom  ali to    envfrom  env to     acc
 ---   ------ ----- --------- --------- ------- -------    ------- -------    ------- -------    ----
   1 !   36.3   2.8     1e-11   1.5e-10       1      39 [.  147034  147072 ..  147034  147074 .. 0.92
   2 !  203.9  17.7   1.1e-62   1.6e-61     159     356 .]  147062  147259 ..  147062  147259 .. 0.97
   3 !   34.4   1.0   3.8e-11   5.6e-10       1      33 [.  147356  147388 ..  147356  147395 .. 0.94
   4 !  226.8  15.4   1.2e-69   1.8e-68     164     355 ..  147392  147583 ..  147388  147584 .. 0.98
   5 !   35.7   3.5   1.5e-11   2.3e-10       1      35 [.  148960  148994 ..  148960  148997 .. 0.95
   6 !  196.0  17.9   2.8e-60   4.2e-59     158     355 ..  148992  149187 ..  148990  149188 .. 0.97
   7 !   28.5   4.3   2.4e-09   3.5e-08       1      33 [.  149663  149695 ..  149663  149702 .. 0.93
   8 !  207.4  16.2   9.3e-64   1.4e-62     161     355 ..  149698  149893 ..  149693  149894 .. 0.95
   9 !   36.7   3.8   7.6e-12   1.1e-10       1      35 [.  151381  151415 ..  151381  151419 .. 0.94
  10 !  205.6  16.2   3.3e-63     5e-62     165     355 ..  151417  151607 ..  151414  151607 .. 0.93
  11 ?    5.8   1.0     0.019      0.28       1      48 [.  317993  318038 ..  317993  318064 .. 0.76
  12 ?   -1.1   1.6       2.3        33     270     353 ..  759473  759556 ..  759419  759559 .. 0.54

>> NZ_CP132371.1_frame=1  Staphylococcus aureus strain UNC_SA38 chromosome, complete genome
   #    score  bias  c-Evalue  i-Evalue hmmfrom  hmm to    alifrom  ali to    envfrom  env to     acc
 ---   ------ ----- --------- --------- ------- -------    ------- -------    ------- -------    ----
   1 ?   -1.0   1.6       2.1        32     270     353 ..  569032  569115 ..  568978  569118 .. 0.54
   2 !   74.9   2.8   1.8e-23   2.6e-22     276     355 ..  881102  881182 ..  881081  881183 .. 0.90
   3 !   36.4   2.8   9.6e-12   1.4e-10       1      39 [.  889130  889168 ..  889130  889170 .. 0.92
   4 !  204.0  17.7     1e-62   1.5e-61     159     356 .]  889158  889355 ..  889158  889355 .. 0.97
   5 !   34.5   1.0   3.6e-11   5.3e-10       1      33 [.  889452  889484 ..  889452  889491 .. 0.94
   6 !  226.9  15.4   1.2e-69   1.7e-68     164     355 ..  889488  889679 ..  889484  889680 .. 0.98
   7 !   35.8   3.5   1.4e-11   2.1e-10       1      35 [.  891056  891090 ..  891056  891093 .. 0.95
   8 !  196.1  17.9   2.7e-60     4e-59     158     355 ..  891088  891283 ..  891086  891284 .. 0.97
   9 !   28.5   4.3   2.3e-09   3.4e-08       1      33 [.  891759  891791 ..  891759  891798 .. 0.93
  10 !  207.5  16.2   8.8e-64   1.3e-62     161     355 ..  891794  891989 ..  891789  891990 .. 0.95
  11 !   36.7   3.8   7.3e-12   1.1e-10       1      35 [.  893477  893511 ..  893477  893515 .. 0.94
  12 !  205.7  16.2   3.2e-63   4.7e-62     165     355 ..  893513  893703 ..  893510  893703 .. 0.93

>> NC_007795.1_frame=3  Staphylococcus aureus subsp. aureus NCTC 8325 chromosome, complete genome
   #    score  bias  c-Evalue  i-Evalue hmmfrom  hmm to    alifrom  ali to    envfrom  env to     acc
 ---   ------ ----- --------- --------- ------- -------    ------- -------    ------- -------    ----
   1 !   75.4   2.1   1.3e-23   1.9e-22     277     355 ..  121411  121490 ..  121389  121491 .. 0.91
   2 !  583.2  30.1  5.5e-178  8.2e-177       1     356 []  130082  130437 ..  130082  130437 .. 1.00
   3 !   27.7   0.8     4e-09     6e-08       1      33 [.  132092  132124 ..  132092  132131 .. 0.92
   4 !  213.3  14.0   1.6e-65   2.4e-64     161     356 .]  132127  132323 ..  132123  132323 .. 0.96
   5 !   23.4   6.7   8.3e-08   1.2e-06       1      35 [.  132806  132840 ..  132806  132844 .. 0.94
   6 !  192.8  17.6   2.7e-59     4e-58     153     356 .]  132831  133032 ..  132829  133032 .. 0.95
   7 ?    2.4   0.7      0.19       2.9       1      48 [.  296658  296703 ..  296658  296729 .. 0.75
   8 ?   -0.7   0.9       1.8        26     284     353 ..  763245  763315 ..  763178  763318 .. 0.60

>> NZ_CP113052.1_frame=1  Staphylococcus aureus strain Fizz chromosome, complete genome
   #    score  bias  c-Evalue  i-Evalue hmmfrom  hmm to    alifrom  ali to    envfrom  env to     acc
 ---   ------ ----- --------- --------- ------- -------    ------- -------    ------- -------    ----
   1 ?   -0.6   0.9       1.7        25     284     353 ..  135320  135390 ..  135253  135393 .. 0.60
   2 !   75.4   2.1   1.2e-23   1.8e-22     277     355 ..  452363  452442 ..  452341  452443 .. 0.91
   3 !  564.7  30.4  2.3e-172  3.5e-171       1     356 []  461034  461385 ..  461034  461385 .. 1.00
   4 !   27.8   0.8   3.9e-09   5.8e-08       1      33 [.  463057  463089 ..  463057  463096 .. 0.92
   5 !  213.3  14.0   1.5e-65   2.3e-64     161     356 .]  463092  463288 ..  463088  463288 .. 0.96
   6 !   23.4   6.7     8e-08   1.2e-06       1      35 [.  463771  463805 ..  463771  463809 .. 0.94
   7 !  192.8  17.6   2.6e-59   3.9e-58     153     356 .]  463796  463997 ..  463794  463997 .. 0.95

>> NZ_CP136528.1_frame=3  Staphylococcus aureus strain BAA-1556_Catania chromosome, complete genome
   #    score  bias  c-Evalue  i-Evalue hmmfrom  hmm to    alifrom  ali to    envfrom  env to     acc
 ---   ------ ----- --------- --------- ------- -------    ------- -------    ------- -------    ----
   1 !   75.4   2.1   1.2e-23   1.9e-22     277     355 ..  140885  140964 ..  140863  140965 .. 0.91
   2 !  564.7  30.4  2.4e-172  3.5e-171       1     356 []  149556  149907 ..  149556  149907 .. 1.00
   3 !   27.8   0.8   3.9e-09   5.8e-08       1      33 [.  151562  151594 ..  151562  151601 .. 0.92
   4 !  213.3  14.0   1.5e-65   2.3e-64     161     356 .]  151597  151793 ..  151593  151793 .. 0.96
   5 !   23.4   6.7     8e-08   1.2e-06       1      35 [.  152276  152310 ..  152276  152314 .. 0.94
   6 !  192.8  17.6   2.6e-59   3.9e-58     153     356 .]  152301  152502 ..  152299  152502 .. 0.95

>> NZ_CP029678.1_frame=3  Staphylococcus aureus strain AR_0216 chromosome, complete genome
   #    score  bias  c-Evalue  i-Evalue hmmfrom  hmm to    alifrom  ali to    envfrom  env to     acc
 ---   ------ ----- --------- --------- ------- -------    ------- -------    ------- -------    ----
   1 !   75.4   2.1   1.3e-23     2e-22     277     355 ..  140302  140381 ..  140280  140382 .. 0.91
   2 !  564.6  30.4  2.5e-172  3.7e-171       1     356 []  148973  149324 ..  148973  149324 .. 1.00
   3 !   27.7   0.8   4.1e-09   6.1e-08       1      33 [.  150979  151011 ..  150979  151018 .. 0.92
   4 !  213.2  14.0   1.6e-65   2.4e-64     161     356 .]  151014  151210 ..  151010  151210 .. 0.96
   5 !   23.4   6.7   8.5e-08   1.3e-06       1      35 [.  151693  151727 ..  151693  151731 .. 0.94
   6 !  192.7  17.6   2.8e-59   4.1e-58     153     356 .]  151718  151919 ..  151716  151919 .. 0.95
   7 ?   -0.7   0.9       1.8        27     284     353 ..  796905  796975 ..  796838  796978 .. 0.60

>> NC_002953.3_frame=2  Staphylococcus aureus subsp. aureus MSSA476, complete sequence
   #    score  bias  c-Evalue  i-Evalue hmmfrom  hmm to    alifrom  ali to    envfrom  env to     acc
 ---   ------ ----- --------- --------- ------- -------    ------- -------    ------- -------    ----
   1 !   14.7   5.7   3.6e-05   0.00053     257     326 ..   20462   20531 ..   20457   20545 .. 0.83
   2 !   75.9   2.0   9.3e-24   1.4e-22     276     355 ..  131294  131374 ..  131271  131375 .. 0.89
   3 !  574.6  31.1  2.3e-175  3.4e-174       1     356 []  143281  143636 ..  143281  143636 .. 1.00
   4 !   30.4   4.2   6.3e-10   9.4e-09       2      35 ..  144954  144987 ..  144953  144990 .. 0.94
   5 !  196.4  14.2   2.1e-60   3.2e-59     158     355 ..  144985  145180 ..  144983  145181 .. 0.97
   6 !   23.4   7.5   8.2e-08   1.2e-06       1      35 [.  146009  146043 ..  146009  146047 .. 0.94
   7 !  192.8  17.6   2.6e-59   3.9e-58     153     356 .]  146034  146235 ..  146032  146235 .. 0.95
   8 ?    2.5   0.7      0.19       2.8       1      48 [.  312639  312684 ..  312639  312710 .. 0.75
   9 ?   -2.7   1.6       7.4   1.1e+02       1      76 [.  623009  623065 ..  623009  623110 .. 0.43

>> NC_002952.2_frame=3  Staphylococcus aureus subsp. aureus MRSA252, complete sequence
   #    score  bias  c-Evalue  i-Evalue hmmfrom  hmm to    alifrom  ali to    envfrom  env to     acc
 ---   ------ ----- --------- --------- ------- -------    ------- -------    ------- -------    ----
   1 !  493.0  22.9  1.5e-150  2.2e-149       1     356 []  151504  151844 ..  151504  151844 .. 0.99
   2 !   33.0   4.3     1e-10   1.5e-09       1      35 [.  152774  152808 ..  152774  152812 .. 0.94
   3 !  193.7  11.4   1.4e-59     2e-58     158     355 ..  152806  153001 ..  152804  153002 .. 0.97
   4 !   22.2   6.9   1.9e-07   2.9e-06       1      35 [.  153473  153507 ..  153473  153510 .. 0.95
   5 !  205.9  14.4   2.7e-63   4.1e-62     152     356 .]  153497  153699 ..  153496  153699 .. 0.94

>> NC_017338.2_frame=3  Staphylococcus aureus subsp. aureus JKD6159, complete sequence
   #    score  bias  c-Evalue  i-Evalue hmmfrom  hmm to    alifrom  ali to    envfrom  env to     acc
 ---   ------ ----- --------- --------- ------- -------    ------- -------    ------- -------    ----
   1 !   66.7   5.2   5.6e-21   8.3e-20     206     330 ..   25719   25861 ..   25658   25869 .. 0.73
   2 !   37.3   3.8   5.1e-12   7.5e-11       1      37 [.  143456  143492 ..  143456  143497 .. 0.92
   3 !  209.4  15.0   2.4e-64   3.5e-63     161     356 .]  143492  143689 ..  143489  143689 .. 0.95
   4 !   35.2   4.3   2.1e-11   3.1e-10       1      35 [.  144208  144242 ..  144208  144247 .. 0.93
   5 !  197.9  15.6   7.6e-61   1.1e-59     158     355 ..  144240  144435 ..  144238  144436 .. 0.97
   6 !   30.6   4.2   5.2e-10   7.7e-09       1      33 [.  144550  144582 ..  144550  144589 .. 0.92
   7 !  208.4  15.2   4.9e-64   7.3e-63     161     356 .]  144585  144781 ..  144581  144781 .. 0.96
   8 !   37.2   1.7   5.4e-12     8e-11       1      33 [.  144908  144940 ..  144908  144958 .. 0.90
   9 !   37.1   3.7   5.9e-12   8.7e-11       1      38 [.  146658  146695 ..  146658  146700 .. 0.91
  10 !  204.4  19.1   7.6e-63   1.1e-61     158     355 ..  146689  146887 ..  146688  146888 .. 0.93
  11 ?    0.3   0.9      0.89        13       1      71 [.  628600  628673 ..  628600  628739 .. 0.61

>> NZ_CP011877.1_frame=-1  Staphylococcus aureus strain 12S01032 chromosome, complete genome
   #    score  bias  c-Evalue  i-Evalue hmmfrom  hmm to    alifrom  ali to    envfrom  env to     acc
 ---   ------ ----- --------- --------- ------- -------    ------- -------    ------- -------    ----
   1 ?   -1.6   0.5       3.3        50       1      46 [.  287559  287605 ..  287559  287650 .. 0.56
   2 !   75.1   2.0   1.6e-23   2.4e-22     278     355 ..  748642  748720 ..  748633  748721 .. 0.94
   3 !  498.7  22.9  2.7e-152    4e-151       1     356 []  757772  758112 ..  757772  758112 .. 0.99
   4 !   33.3   4.5   8.4e-11   1.2e-09       1      35 [.  759053  759087 ..  759053  759092 .. 0.93
   5 !  193.7  12.9   1.4e-59   2.1e-58     158     355 ..  759085  759280 ..  759083  759281 .. 0.97
   6 ?    3.1   0.7      0.13       1.9       1      48 [.  934164  934209 ..  934164  934235 .. 0.74

>> NC_002953.3_frame=1  Staphylococcus aureus subsp. aureus MSSA476, complete sequence
   #    score  bias  c-Evalue  i-Evalue hmmfrom  hmm to    alifrom  ali to    envfrom  env to     acc
 ---   ------ ----- --------- --------- ------- -------    ------- -------    ------- -------    ----
   1 ?    5.7   0.2      0.02       0.3     223     262 ..   20422   20466 ..   20417   20470 .. 0.84
   2 !   29.9   4.9   8.8e-10   1.3e-08       1      33 [.  144580  144612 ..  144580  144616 .. 0.95
   3 !  203.4  17.9   1.6e-62   2.3e-61     161     355 ..  144612  144808 ..  144610  144809 .. 0.95
   4 !   30.0   1.0   8.1e-10   1.2e-08       1      33 [.  145298  145330 ..  145298  145337 .. 0.92
   5 !  212.5  13.3   2.7e-65   4.1e-64     161     356 .]  145333  145529 ..  145329  145529 .. 0.96
   6 !   31.1   3.3   3.9e-10   5.8e-09       1      33 [.  145657  145689 ..  145657  145696 .. 0.93
   7 !  207.9  13.6   6.9e-64     1e-62     161     355 ..  145692  145887 ..  145688  145888 .. 0.95
   8 !   78.8  11.9   1.2e-24   1.8e-23     169     315 ..  688494  688636 ..  688482  688669 .. 0.84
   9 ?   -1.0   1.6       2.2        33     270     353 ..  758770  758853 ..  758716  758856 .. 0.54

>> NC_017338.2_frame=1  Staphylococcus aureus subsp. aureus JKD6159, complete sequence
   #    score  bias  c-Evalue  i-Evalue hmmfrom  hmm to    alifrom  ali to    envfrom  env to     acc
 ---   ------ ----- --------- --------- ------- -------    ------- -------    ------- -------    ----
   1 !   75.2   2.9   1.5e-23   2.2e-22     277     355 ..  132373  132452 ..  132352  132453 .. 0.91
   2 !   41.7   7.2   2.3e-13   3.5e-12       1      51 [.  142623  142671 ..  142623  142676 .. 0.95
   3 !  355.7  14.9  7.8e-109  1.2e-107     127     356 .]  142674  142903 ..  142669  142903 .. 0.98
   4 !   33.5   5.8   7.2e-11   1.1e-09       1      34 [.  143840  143873 ..  143840  143877 .. 0.94
   5 !  212.4  20.9   2.9e-65   4.3e-64     161     355 ..  143872  144067 ..  143870  144068 .. 0.97
   6 ?    3.4   0.9     0.098       1.5       1      48 [.  312095  312140 ..  312095  312166 .. 0.75
   7 ?   -0.7   1.7       1.8        26     271     353 ..  764498  764580 ..  764443  764583 .. 0.60

>> NC_017763.1_frame=1  Staphylococcus aureus subsp. aureus HO 5096 0412, complete sequence
   #    score  bias  c-Evalue  i-Evalue hmmfrom  hmm to    alifrom  ali to    envfrom  env to     acc
 ---   ------ ----- --------- --------- ------- -------    ------- -------    ------- -------    ----
   1 !   35.7   2.3   1.6e-11   2.3e-10       1      38 [.  138556  138593 ..  138556  138595 .. 0.91
   2 !  193.3  13.6   1.9e-59   2.8e-58     159     356 .]  138584  138781 ..  138584  138781 .. 0.96
   3 !   29.0   3.6   1.7e-09   2.4e-08       1      33 [.  140401  140433 ..  140401  140439 .. 0.94
   4 !  204.1  12.0   9.4e-63   1.4e-61     161     355 ..  140436  140631 ..  140431  140632 .. 0.95
   5 !   20.6   7.6   5.9e-07   8.8e-06       1      34 [.  140756  140789 ..  140756  140790 .. 0.97
   6 !  203.9  14.8   1.1e-62   1.7e-61     153     356 .]  140781  140982 ..  140779  140982 .. 0.94
   7 ?    4.3   0.9     0.053      0.79       1      50 [.  306593  306638 ..  306593  306666 .. 0.74

>> NZ_CP136528.1_frame=2  Staphylococcus aureus strain BAA-1556_Catania chromosome, complete genome
   #    score  bias  c-Evalue  i-Evalue hmmfrom  hmm to    alifrom  ali to    envfrom  env to     acc
 ---   ------ ----- --------- --------- ------- -------    ------- -------    ------- -------    ----
   1 !   30.4   5.2   6.2e-10   9.2e-09       1      33 [.  150844  150876 ..  150844  150880 .. 0.95
   2 !  212.1  20.4   3.6e-65   5.3e-64     161     355 ..  150876  151071 ..  150874  151072 .. 0.97
   3 !   30.3   4.3   6.8e-10     1e-08       2      35 ..  151217  151250 ..  151216  151253 .. 0.94
   4 !  205.4  17.5   3.8e-63   5.6e-62     158     356 .]  151248  151444 ..  151246  151444 .. 0.97
   5 !  145.4  12.4   6.8e-45     1e-43     244     355 ..  153747  153862 ..  153744  153862 .. 0.96
   6 ?    2.5   0.7      0.19       2.8       1      48 [.  329856  329901 ..  329856  329927 .. 0.75

>> NZ_CP113052.1_frame=3  Staphylococcus aureus strain Fizz chromosome, complete genome
   #    score  bias  c-Evalue  i-Evalue hmmfrom  hmm to    alifrom  ali to    envfrom  env to     acc
 ---   ------ ----- --------- --------- ------- -------    ------- -------    ------- -------    ----
   1 !   30.4   5.2   6.2e-10   9.1e-09       1      33 [.  462338  462370 ..  462338  462374 .. 0.95
   2 !  212.1  20.4   3.6e-65   5.3e-64     161     355 ..  462370  462565 ..  462368  462566 .. 0.97
   3 !   30.3   4.3   6.8e-10     1e-08       2      35 ..  462711  462744 ..  462710  462747 .. 0.94
   4 !  205.4  17.5   3.8e-63   5.6e-62     158     356 .]  462742  462938 ..  462740  462938 .. 0.97
   5 !  145.4  12.4   6.8e-45     1e-43     244     355 ..  465241  465356 ..  465238  465356 .. 0.96
   6 ?    2.5   0.7      0.19       2.8       1      48 [.  641368  641413 ..  641368  641439 .. 0.75

>> NZ_LR134284.1_frame=2  Streptococcus pyogenes strain NCTC8232 chromosome 1, complete sequence
   #    score  bias  c-Evalue  i-Evalue hmmfrom  hmm to    alifrom  ali to    envfrom  env to     acc
 ---   ------ ----- --------- --------- ------- -------    ------- -------    ------- -------    ----
   1 !   87.0   4.9   3.9e-27   5.8e-26     203     330 ..  339785  339918 ..  339727  339935 .. 0.75
   2 !   87.5   3.9   2.8e-27   4.1e-26     223     330 ..  371264  371379 ..  371186  371392 .. 0.83
   3 !   43.2   7.7   7.9e-14   1.2e-12     272     352 ..  391651  391735 ..  391644  391737 .. 0.82
   4 !  113.7   8.1   2.9e-35   4.3e-34     170     330 ..  576687  576853 ..  576681  576880 .. 0.91

>> NZ_LS483357.1_frame=1  Streptococcus pyogenes strain NCTC8326 chromosome 1, complete sequence
   #    score  bias  c-Evalue  i-Evalue hmmfrom  hmm to    alifrom  ali to    envfrom  env to     acc
 ---   ------ ----- --------- --------- ------- -------    ------- -------    ------- -------    ----
   1 !   72.5   5.0     1e-22   1.5e-21     162     330 ..  219405  219587 ..  219385  219589 .. 0.69
   2 !  110.0  12.0   3.9e-34   5.8e-33     153     332 ..  430319  430499 ..  430314  430521 .. 0.87
   3 !  114.1   9.5   2.3e-35   3.3e-34     170     330 ..  567809  567975 ..  567803  568002 .. 0.91

>> NZ_CP155738.1_frame=3  Streptococcus pyogenes strain 1510/08 chromosome, complete genome
   #    score  bias  c-Evalue  i-Evalue hmmfrom  hmm to    alifrom  ali to    envfrom  env to     acc
 ---   ------ ----- --------- --------- ------- -------    ------- -------    ------- -------    ----
   1 !  109.4  11.8   5.8e-34   8.6e-33     153     332 ..  340865  341045 ..  340860  341067 .. 0.87
   2 !  113.0   9.4   4.8e-35   7.1e-34     170     330 ..  605843  606009 ..  605837  606036 .. 0.91

>> NZ_CP118481.1_frame=1  Streptococcus pyogenes strain 20185322 chromosome, complete genome
   #    score  bias  c-Evalue  i-Evalue hmmfrom  hmm to    alifrom  ali to    envfrom  env to     acc
 ---   ------ ----- --------- --------- ------- -------    ------- -------    ------- -------    ----
   1 !   54.2   1.8   3.7e-17   5.5e-16     206     310 ..  258306  258414 ..  258259  258459 .. 0.75
   2 !  116.6   9.0   3.8e-36   5.6e-35     170     330 ..  568752  568918 ..  568746  568945 .. 0.91

>> NZ_CP070994.1_frame=-3  Streptococcus pyogenes strain M11318 chromosome, complete genome
   #    score  bias  c-Evalue  i-Evalue hmmfrom  hmm to    alifrom  ali to    envfrom  env to     acc
 ---   ------ ----- --------- --------- ------- -------    ------- -------    ------- -------    ----
   1 !   54.6  17.1   2.7e-17     4e-16     157     345 ..  483353  483542 ..  483350  483552 .. 0.77
   2 !  107.9   8.2   1.7e-33   2.5e-32     170     330 ..  543317  543483 ..  543311  543510 .. 0.91

>> NZ_AP023389.1_frame=3  Streptococcus pyogenes strain KUN-0012590 chromosome, complete genome
   #    score  bias  c-Evalue  i-Evalue hmmfrom  hmm to    alifrom  ali to    envfrom  env to     acc
 ---   ------ ----- --------- --------- ------- -------    ------- -------    ------- -------    ----
   1 ?   -2.3  15.1       5.2        78      10     169 ..  138395  138546 ..  138389  138563 .. 0.59
   2 !   39.8   7.8   8.4e-13   1.3e-11     272     352 ..  383725  383809 ..  383718  383811 .. 0.83
   3 !  115.6   8.9   7.5e-36   1.1e-34     170     330 ..  558546  558712 ..  558540  558739 .. 0.91

>> NZ_CP051138.1_frame=1  Streptococcus pyogenes strain 4063-05 chromosome, complete genome
   #    score  bias  c-Evalue  i-Evalue hmmfrom  hmm to    alifrom  ali to    envfrom  env to     acc
 ---   ------ ----- --------- --------- ------- -------    ------- -------    ------- -------    ----
   1 !   39.2   8.1   1.3e-12     2e-11     272     352 ..  381734  381818 ..  381727  381820 .. 0.83
   2 !  114.1   9.5   2.3e-35   3.3e-34     170     330 ..  567734  567900 ..  567728  567927 .. 0.91

>> NZ_CP118481.1_frame=2  Streptococcus pyogenes strain 20185322 chromosome, complete genome
   #    score  bias  c-Evalue  i-Evalue hmmfrom  hmm to    alifrom  ali to    envfrom  env to     acc
 ---   ------ ----- --------- --------- ------- -------    ------- -------    ------- -------    ----
   1 !   65.1  10.4   1.8e-20   2.6e-19     157     332 ..  258522  258698 ..  258519  258723 .. 0.83
   2 !   86.1   5.1     7e-27     1e-25     203     330 ..  338319  338452 ..  338261  338469 .. 0.75

>> NZ_CP051138.1_frame=3  Streptococcus pyogenes strain 4063-05 chromosome, complete genome
   #    score  bias  c-Evalue  i-Evalue hmmfrom  hmm to    alifrom  ali to    envfrom  env to     acc
 ---   ------ ----- --------- --------- ------- -------    ------- -------    ------- -------    ----
   1 !   72.5   5.0     1e-22   1.5e-21     162     330 ..  219335  219517 ..  219315  219519 .. 0.69

>> NZ_CP167001.1_frame=-3  Streptococcus pyogenes strain Isolate 31 chromosome, complete genome
   #    score  bias  c-Evalue  i-Evalue hmmfrom  hmm to    alifrom  ali to    envfrom  env to     acc
 ---   ------ ----- --------- --------- ------- -------    ------- -------    ------- -------    ----
   1 !   43.9   6.0   4.8e-14   7.2e-13     275     352 ..  380360  380441 ..  380356  380443 .. 0.82



Internal pipeline statistics summary:
-------------------------------------
Query model(s):                              1  (356 nodes)
Target sequences:                          564  (304447416 residues searched)
Passed MSV filter:                       328  (0.58156); expected 11.3 (0.02)
Passed bias filter:                      143  (0.253546); expected 11.3 (0.02)
Passed Vit filter:                       142  (0.251773); expected 0.6 (0.001)
Passed Fwd filter:                        38  (0.0673759); expected 0.0 (1e-05)
Initial search space (Z):                564  [actual number of targets]
Domain search space  (domZ):              38  [number of targets reported over threshold]
# CPU time: 102.12u 0.18s 00:01:42.30 Elapsed: 00:05:07.33
# Mc/sec: 352.65

@@ New targets included:   6
@@ New alignment includes: 249 subseqs (was 229), including original query
@@ Continuing to next round.

@@
@@ Round:                  4
@@ Included in MSA:        249 subsequences (query + 248 subseqs from 38 targets)
@@ Model size:             356 positions
@@

Scores for complete sequences (score includes all domains):
   --- full sequence ---   --- best 1 domain ---    -#dom-
    E-value  score  bias    E-value  score  bias    exp  N  Sequence               Description
    ------- ------ -----    ------- ------ -----   ---- --  --------               -----------
          0 1550.7 189.2   4.1e-173  571.0  31.0   16.0  9  NC_002745.2_frame=2     Staphylococcus aureus subsp. aureus N
          0 1491.9 169.1   4.5e-173  570.9  30.5   20.6  8  NZ_CP132371.1_frame=3   Staphylococcus aureus strain UNC_SA38
          0 1487.8 317.6   3.3e-140  462.8  19.9   15.9 11  NC_007795.1_frame=1     Staphylococcus aureus subsp. aureus N
          0 1350.0 173.5   1.5e-171  565.9  31.9   32.8 10  NZ_LR134090.1_frame=1   Staphylococcus aureus strain NCTC9555
          0 1347.0 198.9   9.7e-136  448.1  19.8   19.1 11  NC_002953.3_frame=3     Staphylococcus aureus subsp. aureus M
          0 1343.3 198.0   2.8e-140  463.0  17.6   20.9 11  NZ_CP011877.1_frame=-2  Staphylococcus aureus strain 12S01032
          0 1339.2 305.0   2.1e-144  476.6  21.4   15.7 11  NZ_CP113052.1_frame=2   Staphylococcus aureus strain Fizz chr
          0 1264.1 192.5   8.5e-137  451.5  22.6   41.4 13  NZ_LR134090.1_frame=2   Staphylococcus aureus strain NCTC9555
          0 1244.2 432.1   1.4e-140  464.0  19.7   20.1 11  NZ_CP029678.1_frame=1   Staphylococcus aureus strain AR_0216 
          0 1233.0 178.7   1.3e-140  464.1  19.7   20.8 12  NZ_CP136528.1_frame=1   Staphylococcus aureus strain BAA-1556
          0 1229.3 272.4   3.4e-129  426.5  16.5   13.8  9  NC_002952.2_frame=1     Staphylococcus aureus subsp. aureus M
          0 1156.0 148.4   2.8e-129  426.8  20.9   17.1  8  NC_017338.2_frame=2     Staphylococcus aureus subsp. aureus J
          0 1058.9 139.2   1.4e-150  496.9  24.2   20.2 10  NC_017763.1_frame=3     Staphylococcus aureus subsp. aureus H
   1.4e-303 1000.2 307.7      1e-65  217.7  15.5   18.0 13  NC_002745.2_frame=3     Staphylococcus aureus subsp. aureus N
   4.6e-299  985.3 177.2    9.9e-66  217.8  15.5   20.0 12  NZ_CP132371.1_frame=1   Staphylococcus aureus strain UNC_SA38
   2.2e-294  969.9 109.2   3.3e-175  577.9  31.2   16.4  9  NC_007795.1_frame=3     Staphylococcus aureus subsp. aureus N
   1.4e-288  950.8 109.6   1.7e-169  559.1  31.6   17.5  7  NZ_CP113052.1_frame=1   Staphylococcus aureus strain Fizz chr
   1.4e-288  950.8 109.6   1.7e-169  559.1  31.6   19.7  6  NZ_CP136528.1_frame=3   Staphylococcus aureus strain BAA-1556
   1.8e-288  950.5 109.6   1.9e-169  559.0  31.6   12.7  7  NZ_CP029678.1_frame=3   Staphylococcus aureus strain AR_0216 
   1.3e-287  947.6 130.8   1.5e-172  569.1  32.2   18.8  9  NC_002953.3_frame=2     Staphylococcus aureus subsp. aureus M
   9.4e-258  849.4 162.1    6.4e-61  202.0  14.1   23.9 11  NC_017338.2_frame=3     Staphylococcus aureus subsp. aureus J
   4.6e-249  820.8  91.6   2.4e-148  489.6  23.7   13.7  5  NC_002952.2_frame=3     Staphylococcus aureus subsp. aureus M
   2.2e-215  710.1  66.2   7.9e-150  494.4  23.7   13.5  7  NZ_CP011877.1_frame=-1  Staphylococcus aureus strain 12S01032
   1.1e-190  628.9 115.8    2.4e-61  203.4  13.1   16.0  9  NC_002953.3_frame=1     Staphylococcus aureus subsp. aureus M
   8.9e-185  609.4  82.4     9e-115  379.1  28.9   12.1  7  NC_017338.2_frame=1     Staphylococcus aureus subsp. aureus J
   2.1e-163  539.0  91.9    1.3e-58  194.4  12.0   16.0  7  NC_017763.1_frame=1     Staphylococcus aureus subsp. aureus H
     3e-152  502.4 162.0    4.7e-60  199.1  20.3    8.9  7  NZ_CP136528.1_frame=2   Staphylococcus aureus strain BAA-1556
   9.3e-150  494.2  91.3    4.7e-60  199.1  20.3   16.2  7  NZ_CP113052.1_frame=3   Staphylococcus aureus strain Fizz chr
   4.2e-100  330.8  80.5    3.3e-38  127.3   5.7    4.7  3  NZ_LS483357.1_frame=1   Streptococcus pyogenes strain NCTC832
    4.4e-96  317.6  55.1    1.6e-34  115.2   8.6    8.7  4  NZ_LR134284.1_frame=2   Streptococcus pyogenes strain NCTC823
    3.7e-66  219.2  49.7    1.9e-37  124.8  14.0    3.1  2  NZ_CP155738.1_frame=3   Streptococcus pyogenes strain 1510/08
    7.8e-57  188.5  26.9    4.6e-32  107.0   8.0    7.6  2  NZ_CP118481.1_frame=2   Streptococcus pyogenes strain 2018532
    3.2e-55  183.2  35.6      3e-33  111.0   8.8    5.5  2  NZ_CP070994.1_frame=-3  Streptococcus pyogenes strain M11318 
    3.3e-52  173.3  22.4    8.2e-36  119.4   9.7    4.0  2  NZ_CP118481.1_frame=1   Streptococcus pyogenes strain 2018532
    7.4e-45  149.1  25.8    2.9e-35  117.6   9.4    6.2  2  NZ_AP023389.1_frame=3   Streptococcus pyogenes strain KUN-001
    8.5e-44  145.6  26.7    1.9e-34  114.9  10.1    4.4  2  NZ_CP051138.1_frame=1   Streptococcus pyogenes strain 4063-05
    3.3e-38  127.3   5.7    3.3e-38  127.3   5.7    3.9  1  NZ_CP051138.1_frame=3   Streptococcus pyogenes strain 4063-05
+   6.3e-35  116.5  34.0    7.1e-32  106.4  10.4    5.3  2  NZ_CP134538.1_frame=-3  Streptococcus equi subsp. equi strain
+   1.2e-27   92.5  20.8    2.5e-23   78.3   5.6    4.1  2  NZ_CP134538.1_frame=-2  Streptococcus equi subsp. equi strain
+   1.1e-21   73.0   9.5    1.1e-21   73.0   9.5    3.6  1  NZ_CP035450.1_frame=2   Streptococcus pyogenes strain emm93.4
    2.3e-17   58.7   6.8    2.3e-17   58.7   6.8    6.5  1  NZ_CP167001.1_frame=-3  Streptococcus pyogenes strain Isolate


Domain annotation for each sequence:
>> NC_002745.2_frame=2  Staphylococcus aureus subsp. aureus N315, complete sequence
   #    score  bias  c-Evalue  i-Evalue hmmfrom  hmm to    alifrom  ali to    envfrom  env to     acc
 ---   ------ ----- --------- --------- ------- -------    ------- -------    ------- -------    ----
   1 !  571.0  31.0    3e-174  4.1e-173       1     356 []  147685  148040 ..  147685  148040 .. 1.00
   2 !  414.6  26.5  1.1e-126  1.5e-125       1     356 []  148163  148454 ..  148163  148454 .. 0.97
   3 !   35.4   3.8     2e-11   2.8e-10       1      38 [.  148577  148614 ..  148577  148617 .. 0.94
   4 !  200.9  14.5     1e-61   1.4e-60     157     356 .]  148609  148810 ..  148607  148810 .. 0.97
   5 !   33.8   1.2   6.1e-11   8.4e-10       1      36 [.  149305  149340 ..  149305  149345 .. 0.93
   6 !  204.8  13.8   6.5e-63     9e-62     160     356 .]  149339  149536 ..  149336  149536 .. 0.97
   7 !   32.6   5.6   1.5e-10     2e-09       1      37 [.  150018  150054 ..  150018  150060 .. 0.90
   8 !  172.3  17.9   4.7e-53   6.5e-52     154     356 .]  150044  150244 ..  150044  150244 .. 0.95
   9 !   83.8  11.7   3.9e-26   5.3e-25     170     330 ..  685751  685924 ..  685739  685928 .. 0.86

>> NZ_CP132371.1_frame=3  Staphylococcus aureus strain UNC_SA38 chromosome, complete genome
   #    score  bias  c-Evalue  i-Evalue hmmfrom  hmm to    alifrom  ali to    envfrom  env to     acc
 ---   ------ ----- --------- --------- ------- -------    ------- -------    ------- -------    ----
   1 !  570.9  30.5  3.3e-174  4.5e-173       1     356 []  889780  890135 ..  889780  890135 .. 1.00
   2 !  414.6  26.6  1.1e-126  1.5e-125       1     356 []  890258  890549 ..  890258  890549 .. 0.97
   3 !   35.5   3.8   1.9e-11   2.6e-10       1      38 [.  890672  890709 ..  890672  890712 .. 0.94
   4 !  200.9  14.5   9.5e-62   1.3e-60     157     356 .]  890704  890905 ..  890702  890905 .. 0.97
   5 !   33.9   1.2   5.8e-11   7.9e-10       1      36 [.  891400  891435 ..  891400  891440 .. 0.93
   6 !  204.8  13.8   6.2e-63   8.5e-62     160     356 .]  891434  891631 ..  891431  891631 .. 0.97
   7 !   32.6   5.6   1.4e-10   1.9e-09       1      37 [.  892113  892149 ..  892113  892155 .. 0.90
   8 !  172.4  17.9   4.5e-53   6.1e-52     154     356 .]  892139  892339 ..  892139  892339 .. 0.95

>> NC_007795.1_frame=1  Staphylococcus aureus subsp. aureus NCTC 8325 chromosome, complete genome
   #    score  bias  c-Evalue  i-Evalue hmmfrom  hmm to    alifrom  ali to    envfrom  env to     acc
 ---   ------ ----- --------- --------- ------- -------    ------- -------    ------- -------    ----
   1 !   39.9   2.0   8.4e-13   1.2e-11       1      40 [.  129432  129471 ..  129432  129472 .. 0.96
   2 !  181.4  16.0   8.4e-56   1.2e-54     165     356 .]  129466  129657 ..  129464  129657 .. 0.96
   3 !   34.8   0.9   3.1e-11   4.3e-10       1      33 [.  129754  129786 ..  129754  129789 .. 0.97
   4 !  218.9  17.1   3.2e-67   4.5e-66     164     355 ..  129790  129981 ..  129786  129982 .. 0.99
   5 !  462.8  19.9  2.4e-141  3.3e-140       1     356 []  130561  130868 ..  130561  130868 .. 0.99
   6 !   36.1   5.9   1.2e-11   1.7e-10       1      39 [.  130991  131029 ..  130991  131032 .. 0.92
   7 !  201.6  15.2   5.9e-62   8.1e-61     156     356 .]  131022  131224 ..  131021  131224 .. 0.97
   8 !   33.2   4.6   9.2e-11   1.3e-09       1      34 [.  132452  132485 ..  132452  132491 .. 0.92
   9 !  199.0  15.0   3.7e-61   5.1e-60     160     355 ..  132486  132682 ..  132483  132683 .. 0.96
  10 !   36.6   4.2   8.6e-12   1.2e-10       1      34 [.  134170  134203 ..  134170  134208 .. 0.93
  11 !  200.0  16.4   1.9e-61   2.6e-60     165     355 ..  134206  134394 ..  134201  134394 .. 0.95

>> NZ_LR134090.1_frame=1  Staphylococcus aureus strain NCTC9555 chromosome 1, complete sequence
   #    score  bias  c-Evalue  i-Evalue hmmfrom  hmm to    alifrom  ali to    envfrom  env to     acc
 ---   ------ ----- --------- --------- ------- -------    ------- -------    ------- -------    ----
   1 !  565.9  31.9  1.1e-172  1.5e-171       1     356 []  150420  150775 ..  150420  150775 .. 1.00
   2 !   31.1   5.6     4e-10   5.5e-09       1      35 [.  151712  151746 ..  151712  151749 .. 0.94
   3 !  199.1  19.2   3.4e-61   4.7e-60     160     355 ..  151743  151939 ..  151742  151940 .. 0.97
   4 !   31.2   1.2   3.8e-10   5.3e-09       1      36 [.  152430  152465 ..  152430  152470 .. 0.93
   5 !  203.3  13.3   1.8e-62   2.5e-61     160     356 .]  152464  152661 ..  152461  152661 .. 0.97
   6 !   37.0   4.3   6.7e-12   9.2e-11       1      35 [.  154501  154535 ..  154501  154539 .. 0.93
   7 !  179.3  22.9   3.5e-55   4.8e-54     164     355 ..  154536  154727 ..  154532  154727 .. 0.93
   8 !  150.5   4.2     2e-46   2.7e-45     142     355 ..  594913  595129 ..  594905  595130 .. 0.93
   9 !  151.4   8.0   1.1e-46   1.5e-45     147     355 ..  595190  595403 ..  595173  595404 .. 0.91
  10 ?   -2.5   0.6       6.9        95     285     304 ..  749351  749370 ..  749351  749370 .. 0.91

>> NC_002953.3_frame=3  Staphylococcus aureus subsp. aureus MSSA476, complete sequence
   #    score  bias  c-Evalue  i-Evalue hmmfrom  hmm to    alifrom  ali to    envfrom  env to     acc
 ---   ------ ----- --------- --------- ------- -------    ------- -------    ------- -------    ----
   1 !  115.5  14.9   8.9e-36   1.2e-34     176     355 ..   20122   20311 ..   20097   20312 .. 0.88
   2 !   40.7   2.3   4.9e-13   6.7e-12       1      40 [.  142630  142669 ..  142630  142670 .. 0.96
   3 !  190.8  13.8   1.2e-58   1.6e-57     162     356 .]  142661  142855 ..  142660  142855 .. 0.96
   4 !   30.7   0.7   5.4e-10   7.4e-09       1      33 [.  142952  142984 ..  142952  142987 .. 0.97
   5 !  219.3  16.1   2.5e-67   3.4e-66     164     355 ..  142988  143179 ..  142984  143180 .. 0.99
   6 !  448.1  19.8    7e-137  9.7e-136       1     356 []  143759  144073 ..  143759  144073 .. 0.97
   7 !   35.0   4.6   2.7e-11   3.8e-10       1      39 [.  144196  144234 ..  144196  144237 .. 0.93
   8 !  199.6  14.9   2.4e-61   3.3e-60     157     356 .]  144228  144429 ..  144226  144429 .. 0.97
   9 !   37.3   3.9   5.4e-12   7.4e-11       1      37 [.  147395  147431 ..  147395  147436 .. 0.92
  10 !  189.0  15.9   3.9e-58   5.4e-57     159     355 ..  147427  147624 ..  147425  147624 .. 0.92
  11 !   88.6  13.8   1.4e-27   1.9e-26     164     330 ..  688738  688916 ..  688729  688922 .. 0.78

>> NZ_CP011877.1_frame=-2  Staphylococcus aureus strain 12S01032 chromosome, complete genome
   #    score  bias  c-Evalue  i-Evalue hmmfrom  hmm to    alifrom  ali to    envfrom  env to     acc
 ---   ------ ----- --------- --------- ------- -------    ------- -------    ------- -------    ----
   1 !   39.7   2.4   9.8e-13   1.3e-11       1      40 [.  757121  757160 ..  757121  757161 .. 0.96
   2 !  187.2  19.6   1.4e-57     2e-56     163     356 .]  757153  757346 ..  757152  757346 .. 0.96
   3 !  463.0  17.6    2e-141  2.8e-140       1     355 [.  758231  758544 ..  758231  758545 .. 0.99
   4 !   38.9   5.3   1.8e-12   2.4e-11       1      39 [.  758669  758707 ..  758669  758711 .. 0.93
   5 !  201.0  14.8     9e-62   1.2e-60     158     356 .]  758702  758902 ..  758700  758902 .. 0.97
   6 !   33.4   6.6   7.9e-11   1.1e-09       1      33 [.  759398  759430 ..  759398  759435 .. 0.94
   7 !  191.4  16.5   7.5e-59     1e-57     157     355 ..  759429  759628 ..  759428  759629 .. 0.97
   8 !   26.3   5.8   1.1e-08   1.6e-07       1      36 [.  759753  759788 ..  759753  759792 .. 0.93
   9 !  179.1  13.7     4e-55   5.5e-54     158     356 .]  759783  759979 ..  759783  759979 .. 0.92
  10 !   36.7   4.1   7.9e-12   1.1e-10       1      34 [.  761111  761144 ..  761111  761149 .. 0.93
  11 !  195.7  12.0   3.8e-60   5.2e-59     165     355 ..  761147  761336 ..  761142  761336 .. 0.96

>> NZ_CP113052.1_frame=2  Staphylococcus aureus strain Fizz chromosome, complete genome
   #    score  bias  c-Evalue  i-Evalue hmmfrom  hmm to    alifrom  ali to    envfrom  env to     acc
 ---   ------ ----- --------- --------- ------- -------    ------- -------    ------- -------    ----
   1 !   40.0   2.0   8.1e-13   1.1e-11       1      40 [.  460383  460422 ..  460383  460423 .. 0.96
   2 !  181.4  16.0   8.1e-56   1.1e-54     165     356 .]  460417  460608 ..  460415  460608 .. 0.96
   3 !   34.8   0.9     3e-11   4.2e-10       1      33 [.  460705  460737 ..  460705  460740 .. 0.97
   4 !  219.0  17.1   3.1e-67   4.3e-66     164     355 ..  460741  460932 ..  460737  460933 .. 0.99
   5 !  476.6  21.4  1.5e-145  2.1e-144       1     356 []  461508  461832 ..  461508  461832 .. 0.97
   6 !   36.2   5.9   1.2e-11   1.6e-10       1      39 [.  461955  461993 ..  461955  461996 .. 0.92
   7 !  201.7  15.2   5.7e-62   7.8e-61     156     356 .]  461986  462188 ..  461985  462188 .. 0.97
   8 !   33.3   4.6   8.9e-11   1.2e-09       1      34 [.  463416  463449 ..  463416  463455 .. 0.92
   9 !  199.0  15.0   3.6e-61   4.9e-60     160     355 ..  463450  463646 ..  463447  463647 .. 0.96
  10 !   36.5   4.7   9.4e-12   1.3e-10       1      35 [.  465134  465168 ..  465134  465174 .. 0.91
  11 !   34.2   0.7   4.7e-11   6.5e-10     165     241 ..  465170  465240 ..  465166  465244 .. 0.91

>> NZ_LR134090.1_frame=2  Staphylococcus aureus strain NCTC9555 chromosome 1, complete sequence
   #    score  bias  c-Evalue  i-Evalue hmmfrom  hmm to    alifrom  ali to    envfrom  env to     acc
 ---   ------ ----- --------- --------- ------- -------    ------- -------    ------- -------    ----
   1 !   67.5   2.3   3.5e-21   4.8e-20     272     355 ..  136388  136472 ..  136370  136473 .. 0.89
   2 !   34.8   0.8     3e-11   4.1e-10       1      33 [.  150091  150123 ..  150091  150126 .. 0.97
   3 !  217.7  15.5   7.5e-67     1e-65     164     355 ..  150127  150318 ..  150123  150319 .. 0.99
   4 !  451.5  22.6  6.2e-138  8.5e-137       1     356 []  150898  151210 ..  150898  151210 .. 0.98
   5 !   40.0   5.5   7.9e-13   1.1e-11       1      39 [.  151333  151371 ..  151333  151375 .. 0.92
   6 !  190.2  16.5   1.7e-58   2.3e-57     159     355 ..  151367  151565 ..  151365  151566 .. 0.95
   7 !   34.0   3.5   5.4e-11   7.4e-10       2      36 ..  152085  152119 ..  152084  152123 .. 0.93
   8 !  186.2  13.0   2.9e-57     4e-56     157     355 ..  152115  152311 ..  152114  152312 .. 0.97
   9 !   37.6   3.1   4.4e-12     6e-11       1      41 [.  153143  153183 ..  153143  153184 .. 0.97
  10 !  165.9  16.8   4.4e-51     6e-50     164     356 .]  153178  153367 ..  153175  153367 .. 0.93
  11 ?    2.3   1.1      0.23       3.2       1      45 [.  319371  319413 ..  319371  319439 .. 0.76
  12 ?   -2.9   1.2       9.2   1.3e+02     317     356 .]  319476  319512 ..  319466  319512 .. 0.90
  13 !   86.4  14.6   6.1e-27   8.4e-26     180     351 ..  434000  434178 ..  433978  434181 .. 0.84

>> NZ_CP029678.1_frame=1  Staphylococcus aureus strain AR_0216 chromosome, complete genome
   #    score  bias  c-Evalue  i-Evalue hmmfrom  hmm to    alifrom  ali to    envfrom  env to     acc
 ---   ------ ----- --------- --------- ------- -------    ------- -------    ------- -------    ----
   1 !   39.9   2.0   8.6e-13   1.2e-11       1      40 [.  148323  148362 ..  148323  148363 .. 0.96
   2 !  181.3  16.0   8.7e-56   1.2e-54     165     356 .]  148357  148548 ..  148355  148548 .. 0.96
   3 !   34.7   0.9   3.2e-11   4.4e-10       1      33 [.  148645  148677 ..  148645  148680 .. 0.97
   4 !  218.9  17.1   3.3e-67   4.6e-66     164     355 ..  148681  148872 ..  148677  148873 .. 0.99
   5 !  464.0  19.7    1e-141  1.4e-140       1     356 []  149448  149755 ..  149448  149755 .. 0.99
   6 !   36.1   5.9   1.3e-11   1.7e-10       1      39 [.  149878  149916 ..  149878  149919 .. 0.92
   7 !  201.6  15.2   6.1e-62   8.3e-61     156     356 .]  149909  150111 ..  149908  150111 .. 0.97
   8 !   33.2   4.6   9.4e-11   1.3e-09       1      34 [.  151339  151372 ..  151339  151378 .. 0.92
   9 !  199.0  15.0   3.8e-61   5.2e-60     160     355 ..  151373  151569 ..  151370  151570 .. 0.96
  10 !   36.4   4.7   9.9e-12   1.4e-10       1      35 [.  153057  153091 ..  153057  153097 .. 0.91
  11 !   34.1   0.7     5e-11   6.9e-10     165     241 ..  153093  153163 ..  153089  153167 .. 0.91

>> NZ_CP136528.1_frame=1  Staphylococcus aureus strain BAA-1556_Catania chromosome, complete genome
   #    score  bias  c-Evalue  i-Evalue hmmfrom  hmm to    alifrom  ali to    envfrom  env to     acc
 ---   ------ ----- --------- --------- ------- -------    ------- -------    ------- -------    ----
   1 !   40.0   2.0   8.1e-13   1.1e-11       1      40 [.  148906  148945 ..  148906  148946 .. 0.96
   2 !  181.4  16.0   8.2e-56   1.1e-54     165     356 .]  148940  149131 ..  148938  149131 .. 0.96
   3 !   34.8   0.9     3e-11   4.2e-10       1      33 [.  149228  149260 ..  149228  149263 .. 0.97
   4 !  219.0  17.1   3.1e-67   4.3e-66     164     355 ..  149264  149455 ..  149260  149456 .. 0.99
   5 !  464.1  19.7  9.5e-142  1.3e-140       1     356 []  150031  150338 ..  150031  150338 .. 0.99
   6 !   36.2   5.9   1.2e-11   1.6e-10       1      39 [.  150461  150499 ..  150461  150502 .. 0.92
   7 !  201.7  15.2   5.7e-62   7.9e-61     156     356 .]  150492  150694 ..  150491  150694 .. 0.97
   8 !   33.3   4.6   8.9e-11   1.2e-09       1      34 [.  151922  151955 ..  151922  151961 .. 0.92
   9 !  199.0  15.0   3.6e-61   4.9e-60     160     355 ..  151956  152152 ..  151953  152153 .. 0.96
  10 !   36.5   4.7   9.4e-12   1.3e-10       1      35 [.  153640  153674 ..  153640  153680 .. 0.91
  11 !   34.2   0.7   4.7e-11   6.5e-10     165     241 ..  153676  153746 ..  153672  153750 .. 0.91
  12 ?    2.0   0.5      0.28       3.9     284     355 ..  782837  782909 ..  782770  782910 .. 0.80

>> NC_002952.2_frame=1  Staphylococcus aureus subsp. aureus MRSA252, complete sequence
   #    score  bias  c-Evalue  i-Evalue hmmfrom  hmm to    alifrom  ali to    envfrom  env to     acc
 ---   ------ ----- --------- --------- ------- -------    ------- -------    ------- -------    ----
   1 !   39.6   2.5   1.1e-12   1.5e-11       1      40 [.  150854  150893 ..  150854  150894 .. 0.96
   2 !  186.0  14.1   3.3e-57   4.5e-56     162     356 .]  150885  151079 ..  150884  151079 .. 0.96
   3 !   36.6   0.2   8.4e-12   1.2e-10       1      34 [.  151175  151208 ..  151175  151210 .. 0.96
   4 !  218.9  12.6   3.3e-67   4.6e-66     160     356 .]  151207  151405 ..  151205  151405 .. 0.98
   5 !  426.5  16.5  2.5e-130  3.4e-129       1     356 []  151964  152267 ..  151964  152267 .. 0.96
   6 !   38.8   5.3   1.8e-12   2.5e-11       1      39 [.  152391  152429 ..  152391  152433 .. 0.93
   7 !  201.3  15.2   7.4e-62     1e-60     158     356 .]  152424  152624 ..  152422  152624 .. 0.97
   8 !   33.4   6.6   8.2e-11   1.1e-09       1      33 [.  153120  153152 ..  153120  153157 .. 0.94
   9 !  194.0  16.1   1.2e-59   1.7e-58     157     355 ..  153151  153350 ..  153150  153351 .. 0.96

>> NC_017338.2_frame=2  Staphylococcus aureus subsp. aureus JKD6159, complete sequence
   #    score  bias  c-Evalue  i-Evalue hmmfrom  hmm to    alifrom  ali to    envfrom  env to     acc
 ---   ------ ----- --------- --------- ------- -------    ------- -------    ------- -------    ----
   1 !   41.9   3.5   2.2e-13     3e-12       1      40 [.  141984  142023 ..  141984  142024 .. 0.96
   2 !  191.9  16.6   5.2e-59   7.2e-58     163     356 .]  142016  142209 ..  142015  142209 .. 0.96
   3 !   37.5   0.6   4.7e-12   6.5e-11       1      33 [.  142295  142327 ..  142295  142333 .. 0.96
   4 !  220.2  15.5   1.3e-67   1.8e-66     164     355 ..  142331  142522 ..  142327  142523 .. 0.99
   5 !  426.8  20.9    2e-130  2.8e-129       1     356 []  143024  143333 ..  143024  143333 .. 0.95
   6 !  191.4  15.7   7.7e-59   1.1e-57     168     355 ..  144946  145134 ..  144944  145135 .. 0.96
   7 !   33.0   5.2   1.1e-10   1.5e-09       1      36 [.  145256  145291 ..  145256  145296 .. 0.93
   8 !  186.1  16.0   3.2e-57   4.4e-56     154     356 .]  145282  145482 ..  145282  145482 .. 0.94

>> NC_017763.1_frame=3  Staphylococcus aureus subsp. aureus HO 5096 0412, complete sequence
   #    score  bias  c-Evalue  i-Evalue hmmfrom  hmm to    alifrom  ali to    envfrom  env to     acc
 ---   ------ ----- --------- --------- ------- -------    ------- -------    ------- -------    ----
   1 !   72.3   1.5   1.2e-22   1.7e-21     271     355 ..  129685  129770 ..  129667  129771 .. 0.89
   2 !  496.9  24.2    1e-151  1.4e-150       1     356 []  139207  139547 ..  139207  139547 .. 0.98
   3 !   34.6   3.4   3.6e-11   4.9e-10       1      39 [.  139671  139709 ..  139671  139712 .. 0.93
   4 !  199.4  13.8   2.8e-61   3.8e-60     157     356 .]  139703  139904 ..  139701  139904 .. 0.97
   5 !   34.9   4.5   2.9e-11     4e-10       1      36 [.  140055  140090 ..  140055  140095 .. 0.93
   6 !  184.4  11.6     1e-56   1.4e-55     158     355 ..  140087  140282 ..  140085  140283 .. 0.96
   7 !   36.6   4.3   8.8e-12   1.2e-10       1      34 [.  142143  142176 ..  142143  142181 .. 0.93
   8 !  173.9  20.9   1.5e-53   2.1e-52     165     355 ..  142179  142369 ..  142174  142370 .. 0.93
   9 ?   -2.5   3.2       6.9        94       1      79 [.  629678  629737 ..  629678  629772 .. 0.43
  10 ?    2.1   0.5      0.26       3.6     274     355 ..  767777  767858 ..  767719  767859 .. 0.80

>> NC_002745.2_frame=3  Staphylococcus aureus subsp. aureus N315, complete sequence
   #    score  bias  c-Evalue  i-Evalue hmmfrom  hmm to    alifrom  ali to    envfrom  env to     acc
 ---   ------ ----- --------- --------- ------- -------    ------- -------    ------- -------    ----
   1 !   40.7   2.2   4.9e-13   6.7e-12       1      40 [.  147034  147073 ..  147034  147074 .. 0.96
   2 !  190.5  16.4   1.5e-58     2e-57     163     356 .]  147066  147259 ..  147065  147259 .. 0.96
   3 !   34.8   0.8   3.1e-11   4.2e-10       1      33 [.  147356  147388 ..  147356  147391 .. 0.97
   4 !  217.7  15.5   7.6e-67     1e-65     164     355 ..  147392  147583 ..  147388  147584 .. 0.99
   5 !   38.2   3.3   2.8e-12   3.9e-11       1      36 [.  148960  148995 ..  148960  148999 .. 0.94
   6 !  185.8  17.0   3.9e-57   5.3e-56     158     355 ..  148992  149187 ..  148991  149188 .. 0.97
   7 !   29.8   4.6     1e-09   1.4e-08       1      34 [.  149663  149696 ..  149663  149702 .. 0.92
   8 !  198.6  15.6   4.8e-61   6.6e-60     160     355 ..  149697  149893 ..  149694  149894 .. 0.96
   9 !   36.6   4.6   8.8e-12   1.2e-10       1      35 [.  151381  151415 ..  151381  151421 .. 0.91
  10 !  186.8  17.4   1.9e-57   2.6e-56     165     355 ..  151417  151607 ..  151412  151607 .. 0.94
  11 ?    4.7   1.2     0.043      0.59       1      45 [.  317993  318035 ..  317993  318061 .. 0.76
  12 ?   -3.0   1.2       9.3   1.3e+02     317     356 .]  318098  318134 ..  318088  318134 .. 0.90
  13 ?    2.1   0.7      0.26       3.6     270     355 ..  759473  759558 ..  759419  759559 .. 0.79

>> NZ_CP132371.1_frame=1  Staphylococcus aureus strain UNC_SA38 chromosome, complete genome
   #    score  bias  c-Evalue  i-Evalue hmmfrom  hmm to    alifrom  ali to    envfrom  env to     acc
 ---   ------ ----- --------- --------- ------- -------    ------- -------    ------- -------    ----
   1 ?    2.2   0.7      0.25       3.4     270     355 ..  569032  569117 ..  568978  569118 .. 0.79
   2 !   72.5   1.9   1.1e-22   1.5e-21     271     355 ..  881097  881182 ..  881080  881183 .. 0.89
   3 !   40.8   2.2   4.6e-13   6.4e-12       1      40 [.  889130  889169 ..  889130  889170 .. 0.96
   4 !  190.5  16.4   1.4e-58   1.9e-57     163     356 .]  889162  889355 ..  889161  889355 .. 0.96
   5 !   34.9   0.8   2.9e-11     4e-10       1      33 [.  889452  889484 ..  889452  889487 .. 0.97
   6 !  217.8  15.5   7.2e-67   9.9e-66     164     355 ..  889488  889679 ..  889484  889680 .. 0.99
   7 !   38.3   3.3   2.7e-12   3.7e-11       1      36 [.  891056  891091 ..  891056  891095 .. 0.94
   8 !  185.9  17.0   3.7e-57     5e-56     158     355 ..  891088  891283 ..  891087  891284 .. 0.97
   9 !   29.9   4.6   9.8e-10   1.3e-08       1      34 [.  891759  891792 ..  891759  891798 .. 0.92
  10 !  198.7  15.6   4.5e-61   6.3e-60     160     355 ..  891793  891989 ..  891790  891990 .. 0.96
  11 !   36.7   4.6   8.4e-12   1.2e-10       1      35 [.  893477  893511 ..  893477  893517 .. 0.91
  12 !  186.9  17.4   1.8e-57   2.5e-56     165     355 ..  893513  893703 ..  893508  893703 .. 0.94

>> NC_007795.1_frame=3  Staphylococcus aureus subsp. aureus NCTC 8325 chromosome, complete genome
   #    score  bias  c-Evalue  i-Evalue hmmfrom  hmm to    alifrom  ali to    envfrom  env to     acc
 ---   ------ ----- --------- --------- ------- -------    ------- -------    ------- -------    ----
   1 !   72.6   1.3   9.8e-23   1.3e-21     272     355 ..  121406  121490 ..  121388  121491 .. 0.89
   2 !  577.9  31.2  2.4e-176  3.3e-175       1     356 []  130082  130437 ..  130082  130437 .. 1.00
   3 !   32.6   1.0   1.4e-10     2e-09       1      36 [.  132092  132127 ..  132092  132132 .. 0.93
   4 !  204.8  13.8   6.6e-63   9.1e-62     160     356 .]  132126  132323 ..  132123  132323 .. 0.97
   5 !   32.5   5.6   1.5e-10     2e-09       1      37 [.  132806  132842 ..  132806  132848 .. 0.90
   6 !  172.3  17.9   4.8e-53   6.5e-52     154     356 .]  132832  133032 ..  132832  133032 .. 0.95
   7 ?    1.5   0.8      0.41       5.7       1      45 [.  296658  296700 ..  296658  296725 .. 0.76
   8 ?   -3.0   1.2       9.4   1.3e+02     317     356 .]  296763  296799 ..  296753  296799 .. 0.90
   9 ?    2.0   0.5      0.29         4     284     355 ..  763245  763317 ..  763178  763318 .. 0.80

>> NZ_CP113052.1_frame=1  Staphylococcus aureus strain Fizz chromosome, complete genome
   #    score  bias  c-Evalue  i-Evalue hmmfrom  hmm to    alifrom  ali to    envfrom  env to     acc
 ---   ------ ----- --------- --------- ------- -------    ------- -------    ------- -------    ----
   1 ?    2.0   0.5      0.28       3.8     284     355 ..  135320  135392 ..  135253  135393 .. 0.80
   2 !   72.7   1.3   9.4e-23   1.3e-21     272     355 ..  452358  452442 ..  452340  452443 .. 0.89
   3 !  559.1  31.6  1.3e-170  1.7e-169       1     356 []  461034  461385 ..  461034  461385 .. 1.00
   4 !   32.7   1.0   1.4e-10   1.9e-09       1      36 [.  463057  463092 ..  463057  463097 .. 0.93
   5 !  204.8  13.8   6.4e-63   8.8e-62     160     356 .]  463091  463288 ..  463088  463288 .. 0.97
   6 !   32.6   5.6   1.4e-10     2e-09       1      37 [.  463771  463807 ..  463771  463813 .. 0.90
   7 !  172.4  17.9   4.6e-53   6.3e-52     154     356 .]  463797  463997 ..  463797  463997 .. 0.95

>> NZ_CP136528.1_frame=3  Staphylococcus aureus strain BAA-1556_Catania chromosome, complete genome
   #    score  bias  c-Evalue  i-Evalue hmmfrom  hmm to    alifrom  ali to    envfrom  env to     acc
 ---   ------ ----- --------- --------- ------- -------    ------- -------    ------- -------    ----
   1 !   72.7   1.3   9.5e-23   1.3e-21     272     355 ..  140880  140964 ..  140862  140965 .. 0.89
   2 !  559.1  31.6  1.3e-170  1.7e-169       1     356 []  149556  149907 ..  149556  149907 .. 1.00
   3 !   32.7   1.0   1.4e-10   1.9e-09       1      36 [.  151562  151597 ..  151562  151602 .. 0.93
   4 !  204.8  13.8   6.4e-63   8.8e-62     160     356 .]  151596  151793 ..  151593  151793 .. 0.97
   5 !   32.6   5.6   1.4e-10     2e-09       1      37 [.  152276  152312 ..  152276  152318 .. 0.90
   6 !  172.4  17.9   4.6e-53   6.3e-52     154     356 .]  152302  152502 ..  152302  152502 .. 0.95

>> NZ_CP029678.1_frame=3  Staphylococcus aureus strain AR_0216 chromosome, complete genome
   #    score  bias  c-Evalue  i-Evalue hmmfrom  hmm to    alifrom  ali to    envfrom  env to     acc
 ---   ------ ----- --------- --------- ------- -------    ------- -------    ------- -------    ----
   1 !   72.6   1.3     1e-22   1.4e-21     272     355 ..  140297  140381 ..  140279  140382 .. 0.89
   2 !  559.0  31.6  1.3e-170  1.9e-169       1     356 []  148973  149324 ..  148973  149324 .. 1.00
   3 !   32.6   1.0   1.5e-10     2e-09       1      36 [.  150979  151014 ..  150979  151019 .. 0.93
   4 !  204.7  13.8   6.8e-63   9.3e-62     160     356 .]  151013  151210 ..  151010  151210 .. 0.97
   5 !   32.5   5.6   1.5e-10   2.1e-09       1      37 [.  151693  151729 ..  151693  151735 .. 0.90
   6 !  172.3  17.9   4.9e-53   6.7e-52     154     356 .]  151719  151919 ..  151719  151919 .. 0.95
   7 ?    1.9   0.5       0.3       4.1     284     355 ..  796905  796977 ..  796838  796978 .. 0.80

>> NC_002953.3_frame=2  Staphylococcus aureus subsp. aureus MSSA476, complete sequence
   #    score  bias  c-Evalue  i-Evalue hmmfrom  hmm to    alifrom  ali to    envfrom  env to     acc
 ---   ------ ----- --------- --------- ------- -------    ------- -------    ------- -------    ----
   1 !   31.7   6.7   2.7e-10   3.7e-09     256     332 ..   20461   20536 ..   20460   20555 .. 0.83
   2 !   72.2   2.1   1.3e-22   1.8e-21     271     355 ..  131289  131374 ..  131270  131375 .. 0.89
   3 !  569.1  32.2  1.1e-173  1.5e-172       1     356 []  143281  143636 ..  143281  143636 .. 1.00
   4 !   32.4   4.0   1.6e-10   2.2e-09       2      36 ..  144954  144988 ..  144953  144992 .. 0.93
   5 !  186.8  13.9   1.8e-57   2.5e-56     157     355 ..  144984  145180 ..  144983  145181 .. 0.97
   6 !   32.1   6.4     2e-10   2.7e-09       1      37 [.  146009  146045 ..  146009  146051 .. 0.90
   7 !  172.4  17.9   4.6e-53   6.3e-52     154     356 .]  146035  146235 ..  146035  146235 .. 0.95
   8 ?    1.5   0.8       0.4       5.5       1      45 [.  312639  312681 ..  312639  312706 .. 0.76
   9 ?   -2.9   1.2       9.1   1.3e+02     317     356 .]  312744  312780 ..  312734  312780 .. 0.90

>> NC_017338.2_frame=3  Staphylococcus aureus subsp. aureus JKD6159, complete sequence
   #    score  bias  c-Evalue  i-Evalue hmmfrom  hmm to    alifrom  ali to    envfrom  env to     acc
 ---   ------ ----- --------- --------- ------- -------    ------- -------    ------- -------    ----
   1 !  109.7   8.4   5.1e-34     7e-33     152     331 ..   25664   25862 ..   25657   25881 .. 0.85
   2 !   38.7   4.1   2.1e-12   2.8e-11       1      39 [.  143456  143494 ..  143456  143498 .. 0.93
   3 !  202.0  14.1   4.6e-62   6.4e-61     158     356 .]  143489  143689 ..  143487  143689 .. 0.97
   4 !   37.8   4.0   3.9e-12   5.3e-11       1      36 [.  144208  144243 ..  144208  144247 .. 0.94
   5 !  189.0  14.9     4e-58   5.5e-57     158     355 ..  144240  144435 ..  144238  144436 .. 0.97
   6 !   32.6   4.7   1.5e-10     2e-09       1      36 [.  144550  144585 ..  144550  144590 .. 0.93
   7 !  200.4  15.1   1.4e-61   1.9e-60     160     356 .]  144584  144781 ..  144581  144781 .. 0.96
   8 !   38.8   2.0   1.9e-12   2.6e-11       1      35 [.  144908  144942 ..  144908  144956 .. 0.90
   9 !   37.4   4.1   5.1e-12     7e-11       1      38 [.  146658  146695 ..  146658  146700 .. 0.91
  10 !  186.7  19.4     2e-57   2.7e-56     159     355 ..  146690  146887 ..  146688  146888 .. 0.94
  11 ?   -1.1   2.6       2.5        34       1      91 [.  628600  628671 ..  628600  628699 .. 0.47

>> NC_002952.2_frame=3  Staphylococcus aureus subsp. aureus MRSA252, complete sequence
   #    score  bias  c-Evalue  i-Evalue hmmfrom  hmm to    alifrom  ali to    envfrom  env to     acc
 ---   ------ ----- --------- --------- ------- -------    ------- -------    ------- -------    ----
   1 !  489.6  23.7  1.7e-149  2.4e-148       1     356 []  151504  151844 ..  151504  151844 .. 0.99
   2 !   35.0   3.9   2.7e-11   3.7e-10       1      36 [.  152774  152809 ..  152774  152814 .. 0.93
   3 !  182.9  11.0   2.9e-56     4e-55     158     355 ..  152806  153001 ..  152804  153002 .. 0.97
   4 !   30.0   7.0   8.7e-10   1.2e-08       1      37 [.  153473  153509 ..  153473  153515 .. 0.90
   5 !  183.3  14.2   2.2e-56     3e-55     158     356 .]  153503  153699 ..  153503  153699 .. 0.93

>> NZ_CP011877.1_frame=-1  Staphylococcus aureus strain 12S01032 chromosome, complete genome
   #    score  bias  c-Evalue  i-Evalue hmmfrom  hmm to    alifrom  ali to    envfrom  env to     acc
 ---   ------ ----- --------- --------- ------- -------    ------- -------    ------- -------    ----
   1 ?   -1.9   1.2       4.4        61       1      48 [.  287559  287607 ..  287559  287647 .. 0.58
   2 !   71.4   2.1   2.3e-22   3.1e-21     274     355 ..  748638  748720 ..  748632  748721 .. 0.94
   3 !  494.4  23.7  5.7e-151  7.9e-150       1     356 []  757772  758112 ..  757772  758112 .. 0.99
   4 !   34.7   4.5   3.4e-11   4.7e-10       1      36 [.  759053  759088 ..  759053  759092 .. 0.94
   5 !  184.1  12.3   1.3e-56   1.8e-55     158     355 ..  759085  759280 ..  759083  759281 .. 0.97
   6 ?    1.9   0.9       0.3       4.1       1      45 [.  934164  934206 ..  934164  934232 .. 0.74
   7 ?   -2.9   1.2       9.1   1.2e+02     317     356 .]  934269  934305 ..  934259  934305 .. 0.90

>> NC_002953.3_frame=1  Staphylococcus aureus subsp. aureus MSSA476, complete sequence
   #    score  bias  c-Evalue  i-Evalue hmmfrom  hmm to    alifrom  ali to    envfrom  env to     acc
 ---   ------ ----- --------- --------- ------- -------    ------- -------    ------- -------    ----
   1 ?    8.9   0.3    0.0023     0.032     222     262 ..   20421   20466 ..   20417   20470 .. 0.88
   2 !   30.8   5.2   5.2e-10   7.1e-09       1      35 [.  144580  144614 ..  144580  144617 .. 0.94
   3 !  193.6  17.8   1.6e-59   2.2e-58     160     355 ..  144611  144808 ..  144610  144809 .. 0.95
   4 !   33.9   1.2   5.9e-11   8.2e-10       1      36 [.  145298  145333 ..  145298  145338 .. 0.93
   5 !  203.4  13.1   1.8e-62   2.4e-61     160     356 .]  145332  145529 ..  145329  145529 .. 0.97
   6 !   32.8   3.4   1.3e-10   1.8e-09       1      33 [.  145657  145689 ..  145657  145694 .. 0.94
   7 !  198.3  13.6   5.9e-61   8.2e-60     160     355 ..  145691  145887 ..  145688  145888 .. 0.96
   8 !   84.8  14.3   1.9e-26   2.6e-25     169     332 ..  688494  688669 ..  688482  688691 .. 0.85
   9 ?    2.2   0.7      0.26       3.5     270     355 ..  758770  758855 ..  758716  758856 .. 0.79

>> NC_017338.2_frame=1  Staphylococcus aureus subsp. aureus JKD6159, complete sequence
   #    score  bias  c-Evalue  i-Evalue hmmfrom  hmm to    alifrom  ali to    envfrom  env to     acc
 ---   ------ ----- --------- --------- ------- -------    ------- -------    ------- -------    ----
   1 !   71.6   2.7     2e-22   2.8e-21     272     355 ..  132368  132452 ..  132351  132453 .. 0.91
   2 !  379.1  28.9  6.5e-116    9e-115       1     356 []  142623  142903 ..  142623  142903 .. 0.94
   3 !   33.8   6.2   6.3e-11   8.6e-10       1      35 [.  143840  143874 ..  143840  143877 .. 0.94
   4 !  199.4  20.8   2.8e-61   3.8e-60     160     355 ..  143871  144067 ..  143870  144068 .. 0.97
   5 ?    2.3   1.1      0.23       3.2       1      45 [.  312095  312137 ..  312095  312163 .. 0.76
   6 ?   -3.0   1.2       9.3   1.3e+02     317     356 .]  312200  312236 ..  312190  312236 .. 0.90
   7 ?    2.2   1.0      0.25       3.5     275     355 ..  764502  764582 ..  764443  764583 .. 0.79

>> NC_017763.1_frame=1  Staphylococcus aureus subsp. aureus HO 5096 0412, complete sequence
   #    score  bias  c-Evalue  i-Evalue hmmfrom  hmm to    alifrom  ali to    envfrom  env to     acc
 ---   ------ ----- --------- --------- ------- -------    ------- -------    ------- -------    ----
   1 !   40.0   2.0     8e-13   1.1e-11       1      40 [.  138556  138595 ..  138556  138596 .. 0.96
   2 !  181.0  12.3   1.1e-55   1.5e-54     164     356 .]  138589  138781 ..  138587  138781 .. 0.96
   3 !   29.7   4.7   1.1e-09   1.5e-08       1      34 [.  140401  140434 ..  140401  140440 .. 0.92
   4 !  194.4  12.0   9.3e-60   1.3e-58     160     355 ..  140435  140631 ..  140431  140632 .. 0.96
   5 !   29.5   7.0   1.2e-09   1.7e-08       1      37 [.  140756  140792 ..  140756  140798 .. 0.90
   6 !  188.9  14.3   4.5e-58   6.2e-57     153     356 .]  140781  140982 ..  140780  140982 .. 0.93
   7 ?    4.1   0.9     0.067      0.92       1      43 [.  306593  306635 ..  306593  306663 .. 0.77

>> NZ_CP136528.1_frame=2  Staphylococcus aureus strain BAA-1556_Catania chromosome, complete genome
   #    score  bias  c-Evalue  i-Evalue hmmfrom  hmm to    alifrom  ali to    envfrom  env to     acc
 ---   ------ ----- --------- --------- ------- -------    ------- -------    ------- -------    ----
   1 !   31.2   5.6   3.9e-10   5.3e-09       1      35 [.  150844  150878 ..  150844  150881 .. 0.94
   2 !  199.1  20.3   3.4e-61   4.7e-60     160     355 ..  150875  151071 ..  150874  151072 .. 0.97
   3 !   32.4   4.0   1.6e-10   2.2e-09       2      36 ..  151217  151251 ..  151216  151255 .. 0.93
   4 !  194.5  17.1   8.8e-60   1.2e-58     157     356 .]  151247  151444 ..  151246  151444 .. 0.97
   5 !  137.0  12.4   2.7e-42   3.7e-41     244     355 ..  153747  153862 ..  153744  153862 .. 0.96
   6 ?    1.5   0.8       0.4       5.5       1      45 [.  329856  329898 ..  329856  329923 .. 0.76
   7 ?   -2.9   1.2       9.1   1.2e+02     317     356 .]  329961  329997 ..  329951  329997 .. 0.90

>> NZ_CP113052.1_frame=3  Staphylococcus aureus strain Fizz chromosome, complete genome
   #    score  bias  c-Evalue  i-Evalue hmmfrom  hmm to    alifrom  ali to    envfrom  env to     acc
 ---   ------ ----- --------- --------- ------- -------    ------- -------    ------- -------    ----
   1 !   31.2   5.6   3.9e-10   5.3e-09       1      35 [.  462338  462372 ..  462338  462375 .. 0.94
   2 !  199.1  20.3   3.4e-61   4.7e-60     160     355 ..  462369  462565 ..  462368  462566 .. 0.97
   3 !   32.4   4.0   1.6e-10   2.2e-09       2      36 ..  462711  462745 ..  462710  462749 .. 0.93
   4 !  194.5  17.1   8.8e-60   1.2e-58     157     356 .]  462741  462938 ..  462740  462938 .. 0.97
   5 !  137.0  12.4   2.7e-42   3.7e-41     244     355 ..  465241  465356 ..  465238  465356 .. 0.96
   6 ?    1.5   0.8       0.4       5.5       1      45 [.  641368  641410 ..  641368  641435 .. 0.76
   7 ?   -2.9   1.2       9.1   1.2e+02     317     356 .]  641473  641509 ..  641463  641509 .. 0.90

>> NZ_LS483357.1_frame=1  Streptococcus pyogenes strain NCTC8326 chromosome 1, complete sequence
   #    score  bias  c-Evalue  i-Evalue hmmfrom  hmm to    alifrom  ali to    envfrom  env to     acc
 ---   ------ ----- --------- --------- ------- -------    ------- -------    ------- -------    ----
   1 !  127.3   5.7   2.4e-39   3.3e-38     154     330 ..  219397  219587 ..  219384  219590 .. 0.91
   2 !  125.1  14.3   1.1e-38   1.5e-37     152     352 ..  430318  430520 ..  430315  430522 .. 0.89
   3 !  114.9  10.1   1.4e-35   1.9e-34     169     332 ..  567808  567977 ..  567803  568002 .. 0.91

>> NZ_LR134284.1_frame=2  Streptococcus pyogenes strain NCTC8232 chromosome 1, complete sequence
   #    score  bias  c-Evalue  i-Evalue hmmfrom  hmm to    alifrom  ali to    envfrom  env to     acc
 ---   ------ ----- --------- --------- ------- -------    ------- -------    ------- -------    ----
   1 !  108.4   7.7   1.3e-33   1.8e-32     161     337 ..  339743  339925 ..  339726  339950 .. 0.77
   2 !  107.6   6.3   2.3e-33   3.2e-32     152     337 ..  371194  371386 ..  371170  371405 .. 0.81
   3 !   59.7   8.5   8.1e-19   1.1e-17     270     353 ..  391649  391736 ..  391641  391737 .. 0.92
   4 !  115.2   8.6   1.1e-35   1.6e-34     169     332 ..  576686  576855 ..  576681  576880 .. 0.91

>> NZ_CP155738.1_frame=3  Streptococcus pyogenes strain 1510/08 chromosome, complete genome
   #    score  bias  c-Evalue  i-Evalue hmmfrom  hmm to    alifrom  ali to    envfrom  env to     acc
 ---   ------ ----- --------- --------- ------- -------    ------- -------    ------- -------    ----
   1 !  124.8  14.0   1.4e-38   1.9e-37     152     352 ..  340864  341066 ..  340861  341068 .. 0.89
   2 !  115.9  10.1   6.6e-36   9.1e-35     169     332 ..  605842  606011 ..  605837  606036 .. 0.91

>> NZ_CP118481.1_frame=2  Streptococcus pyogenes strain 20185322 chromosome, complete genome
   #    score  bias  c-Evalue  i-Evalue hmmfrom  hmm to    alifrom  ali to    envfrom  env to     acc
 ---   ------ ----- --------- --------- ------- -------    ------- -------    ------- -------    ----
   1 !  105.9  10.9   7.7e-33   1.1e-31     156     332 ..  258521  258698 ..  258518  258723 .. 0.88
   2 !  107.0   8.0   3.4e-33   4.6e-32     161     337 ..  338277  338459 ..  338260  338484 .. 0.77

>> NZ_CP070994.1_frame=-3  Streptococcus pyogenes strain M11318 chromosome, complete genome
   #    score  bias  c-Evalue  i-Evalue hmmfrom  hmm to    alifrom  ali to    envfrom  env to     acc
 ---   ------ ----- --------- --------- ------- -------    ------- -------    ------- -------    ----
   1 !   96.6  18.7     5e-30   6.9e-29     156     353 ..  483352  483551 ..  483350  483552 .. 0.94
   2 !  111.0   8.8   2.1e-34     3e-33     169     332 ..  543316  543485 ..  543311  543510 .. 0.91

>> NZ_CP118481.1_frame=1  Streptococcus pyogenes strain 20185322 chromosome, complete genome
   #    score  bias  c-Evalue  i-Evalue hmmfrom  hmm to    alifrom  ali to    envfrom  env to     acc
 ---   ------ ----- --------- --------- ------- -------    ------- -------    ------- -------    ----
   1 !   78.2   4.8   1.9e-24   2.6e-23     170     345 ..  258267  258462 ..  258255  258468 .. 0.80
   2 !  119.4   9.7   5.9e-37   8.2e-36     169     332 ..  568751  568920 ..  568746  568945 .. 0.90

>> NZ_AP023389.1_frame=3  Streptococcus pyogenes strain KUN-0012590 chromosome, complete genome
   #    score  bias  c-Evalue  i-Evalue hmmfrom  hmm to    alifrom  ali to    envfrom  env to     acc
 ---   ------ ----- --------- --------- ------- -------    ------- -------    ------- -------    ----
   1 !   55.9   8.4   1.2e-17   1.6e-16     270     353 ..  383723  383810 ..  383715  383811 .. 0.92
   2 !  117.6   9.4   2.1e-36   2.9e-35     169     332 ..  558545  558714 ..  558540  558739 .. 0.91

>> NZ_CP051138.1_frame=1  Streptococcus pyogenes strain 4063-05 chromosome, complete genome
   #    score  bias  c-Evalue  i-Evalue hmmfrom  hmm to    alifrom  ali to    envfrom  env to     acc
 ---   ------ ----- --------- --------- ------- -------    ------- -------    ------- -------    ----
   1 !   55.1   8.7   2.1e-17   2.8e-16     270     353 ..  381732  381819 ..  381724  381820 .. 0.92
   2 !  114.9  10.1   1.4e-35   1.9e-34     169     332 ..  567733  567902 ..  567728  567927 .. 0.91

>> NZ_CP051138.1_frame=3  Streptococcus pyogenes strain 4063-05 chromosome, complete genome
   #    score  bias  c-Evalue  i-Evalue hmmfrom  hmm to    alifrom  ali to    envfrom  env to     acc
 ---   ------ ----- --------- --------- ------- -------    ------- -------    ------- -------    ----
   1 !  127.3   5.7   2.4e-39   3.3e-38     154     330 ..  219327  219517 ..  219314  219520 .. 0.91

>> NZ_CP134538.1_frame=-3  Streptococcus equi subsp. equi strain XJ5012 chromosome, complete genome
   #    score  bias  c-Evalue  i-Evalue hmmfrom  hmm to    alifrom  ali to    envfrom  env to     acc
 ---   ------ ----- --------- --------- ------- -------    ------- -------    ------- -------    ----
   1 !  106.4  10.4   5.1e-33   7.1e-32     156     332 ..   61808   61985 ..   61805   62010 .. 0.88
   2 !   34.6  15.6   3.5e-11   4.8e-10     169     354 ..  168572  168769 ..  168540  168771 .. 0.79

>> NZ_CP134538.1_frame=-2  Streptococcus equi subsp. equi strain XJ5012 chromosome, complete genome
   #    score  bias  c-Evalue  i-Evalue hmmfrom  hmm to    alifrom  ali to    envfrom  env to     acc
 ---   ------ ----- --------- --------- ------- -------    ------- -------    ------- -------    ----
   1 !   78.3   5.6   1.8e-24   2.5e-23     170     345 ..   61554   61749 ..   61542   61755 .. 0.79
   2 !   38.7   7.2     2e-12   2.7e-11     170     355 ..  168926  169123 ..  168916  169123 .. 0.84

>> NZ_CP035450.1_frame=2  Streptococcus pyogenes strain emm93.4 chromosome, complete genome
   #    score  bias  c-Evalue  i-Evalue hmmfrom  hmm to    alifrom  ali to    envfrom  env to     acc
 ---   ------ ----- --------- --------- ------- -------    ------- -------    ------- -------    ----
   1 !   73.0   9.5   7.7e-23   1.1e-21     161     337 ..   60772   60950 ..   60763   60979 .. 0.80

>> NZ_CP167001.1_frame=-3  Streptococcus pyogenes strain Isolate 31 chromosome, complete genome
   #    score  bias  c-Evalue  i-Evalue hmmfrom  hmm to    alifrom  ali to    envfrom  env to     acc
 ---   ------ ----- --------- --------- ------- -------    ------- -------    ------- -------    ----
   1 !   58.7   6.8   1.6e-18   2.3e-17     274     353 ..  380359  380442 ..  380355  380443 .. 0.92



Internal pipeline statistics summary:
-------------------------------------
Query model(s):                              1  (356 nodes)
Target sequences:                          564  (304447416 residues searched)
Passed MSV filter:                       334  (0.592199); expected 11.3 (0.02)
Passed bias filter:                      139  (0.246454); expected 11.3 (0.02)
Passed Vit filter:                       138  (0.244681); expected 0.6 (0.001)
Passed Fwd filter:                        41  (0.072695); expected 0.0 (1e-05)
Initial search space (Z):                564  [actual number of targets]
Domain search space  (domZ):              41  [number of targets reported over threshold]
# CPU time: 101.87u 0.15s 00:01:42.02 Elapsed: 00:02:52.51
# Mc/sec: 628.27

@@ New targets included:   3
@@ New alignment includes: 253 subseqs (was 249), including original query
@@ Continuing to next round.

@@
@@ Round:                  5
@@ Included in MSA:        253 subsequences (query + 252 subseqs from 41 targets)
@@ Model size:             356 positions
@@

Scores for complete sequences (score includes all domains):
   --- full sequence ---   --- best 1 domain ---    -#dom-
    E-value  score  bias    E-value  score  bias    exp  N  Sequence               Description
    ------- ------ -----    ------- ------ -----   ---- --  --------               -----------
          0 1560.3 183.0   6.2e-173  570.3  31.3   15.8  9  NC_002745.2_frame=2     Staphylococcus aureus subsp. aureus N
          0 1474.2 160.7   7.3e-173  570.1  30.8   21.5  8  NZ_CP132371.1_frame=3   Staphylococcus aureus strain UNC_SA38
          0 1439.1 332.2   2.3e-139  459.9  20.4   16.6 11  NC_007795.1_frame=1     Staphylococcus aureus subsp. aureus N
          0 1336.7 203.3   2.6e-134  443.3  20.2   19.1 11  NC_002953.3_frame=3     Staphylococcus aureus subsp. aureus M
          0 1315.5 175.2   2.3e-171  565.2  32.0   33.6 10  NZ_LR134090.1_frame=1   Staphylococcus aureus strain NCTC9555
          0 1306.8 199.5   7.2e-141  464.9  17.7   21.2 11  NZ_CP011877.1_frame=-2  Staphylococcus aureus strain 12S01032
          0 1298.1 315.2   6.2e-143  471.7  21.9   16.3 11  NZ_CP113052.1_frame=2   Staphylococcus aureus strain Fizz chr
          0 1233.5 195.2   2.1e-135  446.9  23.0   42.3 13  NZ_LR134090.1_frame=2   Staphylococcus aureus strain NCTC9555
          0 1197.3 180.6   8.9e-140  461.3  20.1   21.0 12  NZ_CP136528.1_frame=1   Staphylococcus aureus strain BAA-1556
          0 1196.8 180.6   9.5e-140  461.2  20.1   20.7 11  NZ_CP029678.1_frame=1   Staphylococcus aureus strain AR_0216 
          0 1195.0 281.8   1.8e-129  427.4  16.9   14.3  9  NC_002952.2_frame=1     Staphylococcus aureus subsp. aureus M
          0 1120.3 150.6   2.4e-128  423.7  20.9   17.8  8  NC_017338.2_frame=2     Staphylococcus aureus subsp. aureus J
          0 1035.8 140.1   3.5e-151  498.8  24.6   21.2  9  NC_017763.1_frame=3     Staphylococcus aureus subsp. aureus H
   9.8e-288  948.0 108.4   4.4e-175  577.4  31.5   17.2  9  NC_007795.1_frame=3     Staphylococcus aureus subsp. aureus N
   1.3e-286  944.3 330.5    1.9e-63  210.2  16.0   18.6 13  NC_002745.2_frame=3     Staphylococcus aureus subsp. aureus N
     3e-285  939.8 178.1    1.8e-63  210.3  16.0   20.0 12  NZ_CP132371.1_frame=1   Staphylococcus aureus strain UNC_SA38
   3.8e-282  929.6 108.8   1.4e-169  559.3  31.8   17.4  7  NZ_CP113052.1_frame=1   Staphylococcus aureus strain Fizz chr
   3.8e-282  929.6 108.8   1.4e-169  559.3  31.8   20.6  6  NZ_CP136528.1_frame=3   Staphylococcus aureus strain BAA-1556
   4.7e-282  929.3 108.8   1.5e-169  559.2  31.8   12.5  7  NZ_CP029678.1_frame=3   Staphylococcus aureus strain AR_0216 
   7.3e-281  925.4 131.9   2.8e-172  568.2  32.6   19.8  9  NC_002953.3_frame=2     Staphylococcus aureus subsp. aureus M
   1.4e-256  845.5 165.7    1.8e-57  190.6  15.5   24.4 11  NC_017338.2_frame=3     Staphylococcus aureus subsp. aureus J
   5.5e-245  807.3  92.1   1.5e-148  490.1  23.9   13.7  5  NC_002952.2_frame=3     Staphylococcus aureus subsp. aureus M
   5.7e-212  698.8  66.5   3.9e-150  495.3  23.9   14.4  7  NZ_CP011877.1_frame=-1  Staphylococcus aureus strain 12S01032
   8.6e-194  639.0 117.9    1.3e-58  194.3  13.3   17.2  9  NC_002953.3_frame=1     Staphylococcus aureus subsp. aureus M
     1e-185  612.4  69.7   3.1e-119  393.7  15.8   12.7  7  NC_017338.2_frame=1     Staphylococcus aureus subsp. aureus J
   1.2e-143  474.1  92.3    6.1e-58  192.1  20.5   10.0  7  NZ_CP136528.1_frame=2   Staphylococcus aureus strain BAA-1556
   1.3e-109  362.0  57.4    1.6e-38  128.2   7.2    8.8  4  NZ_LR134284.1_frame=2   Streptococcus pyogenes strain NCTC823
     5e-104  343.7  82.7      6e-41  136.2  15.5    4.7  3  NZ_LS483357.1_frame=1   Streptococcus pyogenes strain NCTC832
    8.6e-70  231.1  34.2      1e-40  135.4  15.3    3.4  2  NZ_CP155738.1_frame=3   Streptococcus pyogenes strain 1510/08
    2.2e-68  226.4  25.2      4e-38  126.9   6.6    4.0  2  NZ_CP118481.1_frame=1   Streptococcus pyogenes strain 2018532
    3.1e-65  216.1  23.4    4.8e-38  126.6   7.5    4.0  2  NZ_CP134538.1_frame=-2  Streptococcus equi subsp. equi strain
      3e-64  212.8  28.5    1.5e-37  125.0   8.6    7.8  2  NZ_CP118481.1_frame=2   Streptococcus pyogenes strain 2018532
    3.7e-60  199.4  36.8    6.5e-34  113.0  11.4    5.1  2  NZ_CP134538.1_frame=-3  Streptococcus equi subsp. equi strain
    1.5e-57  190.8  37.4      2e-34  114.7   9.7    5.3  2  NZ_CP070994.1_frame=-3  Streptococcus pyogenes strain M11318 
    2.2e-46  154.1  26.7    9.4e-37  122.4  10.3    6.2  2  NZ_AP023389.1_frame=3   Streptococcus pyogenes strain KUN-001
    3.6e-45  150.1  27.5      8e-36  119.3  10.9    4.3  2  NZ_CP051138.1_frame=1   Streptococcus pyogenes strain 4063-05
+   4.1e-39  130.1  26.3    1.8e-29   98.4   9.9    4.9  2  NZ_AP023388.1_frame=1   Streptococcus pyogenes strain NIH35 c
    5.8e-38  126.4   4.5    5.8e-38  126.4   4.5    4.3  1  NZ_CP051138.1_frame=3   Streptococcus pyogenes strain 4063-05
+   1.7e-29   98.5   9.5    1.7e-29   98.5   9.5    3.6  1  NZ_AP023389.1_frame=2   Streptococcus pyogenes strain KUN-001
    2.1e-29   98.2  10.3    2.1e-29   98.2  10.3    3.9  1  NZ_CP035450.1_frame=2   Streptococcus pyogenes strain emm93.4
    1.4e-17   59.3   6.4    1.4e-17   59.3   6.4    6.7  1  NZ_CP167001.1_frame=-3  Streptococcus pyogenes strain Isolate


Domain annotation for each sequence:
>> NC_002745.2_frame=2  Staphylococcus aureus subsp. aureus N315, complete sequence
   #    score  bias  c-Evalue  i-Evalue hmmfrom  hmm to    alifrom  ali to    envfrom  env to     acc
 ---   ------ ----- --------- --------- ------- -------    ------- -------    ------- -------    ----
   1 !  570.3  31.3  4.5e-174  6.2e-173       1     356 []  147685  148040 ..  147685  148040 .. 1.00
   2 !  422.2  18.2  4.8e-129  6.5e-128       1     356 []  148163  148454 ..  148163  148454 .. 0.97
   3 !   37.6   4.1   4.2e-12   5.8e-11       1      41 [.  148577  148617 ..  148577  148619 .. 0.95
   4 !  190.5  15.1   1.4e-58   1.9e-57     156     355 ..  148608  148809 ..  148607  148810 .. 0.96
   5 !   36.3   0.9     1e-11   1.4e-10       1      37 [.  149305  149341 ..  149305  149346 .. 0.94
   6 !  195.5  14.1   4.2e-60   5.8e-59     161     356 .]  149340  149536 ..  149337  149536 .. 0.96
   7 !   35.7   4.7   1.5e-11   2.1e-10       1      39 [.  150018  150056 ..  150018  150060 .. 0.92
   8 !  159.3  18.2   4.1e-49   5.6e-48     158     356 .]  150048  150244 ..  150048  150244 .. 0.94
   9 !  111.0  13.8     2e-34   2.7e-33     170     333 ..  685751  685927 ..  685741  685946 .. 0.91

>> NZ_CP132371.1_frame=3  Staphylococcus aureus strain UNC_SA38 chromosome, complete genome
   #    score  bias  c-Evalue  i-Evalue hmmfrom  hmm to    alifrom  ali to    envfrom  env to     acc
 ---   ------ ----- --------- --------- ------- -------    ------- -------    ------- -------    ----
   1 !  570.1  30.8  5.3e-174  7.3e-173       1     356 []  889780  890135 ..  889780  890135 .. 1.00
   2 !  422.3  18.2  4.5e-129  6.2e-128       1     356 []  890258  890549 ..  890258  890549 .. 0.97
   3 !   37.6   4.1     4e-12   5.5e-11       1      41 [.  890672  890712 ..  890672  890714 .. 0.95
   4 !  190.5  15.1   1.3e-58   1.8e-57     156     355 ..  890703  890904 ..  890702  890905 .. 0.96
   5 !   36.3   0.9   9.8e-12   1.3e-10       1      37 [.  891400  891436 ..  891400  891441 .. 0.94
   6 !  195.5  14.1     4e-60   5.5e-59     161     356 .]  891435  891631 ..  891432  891631 .. 0.96
   7 !   35.8   4.7   1.5e-11     2e-10       1      39 [.  892113  892151 ..  892113  892155 .. 0.92
   8 !  159.4  18.2   3.8e-49   5.3e-48     158     356 .]  892143  892339 ..  892143  892339 .. 0.94

>> NC_007795.1_frame=1  Staphylococcus aureus subsp. aureus NCTC 8325 chromosome, complete genome
   #    score  bias  c-Evalue  i-Evalue hmmfrom  hmm to    alifrom  ali to    envfrom  env to     acc
 ---   ------ ----- --------- --------- ------- -------    ------- -------    ------- -------    ----
   1 !   41.8   1.8   2.2e-13     3e-12       1      40 [.  129432  129471 ..  129432  129472 .. 0.97
   2 !  174.4  16.7   1.1e-53   1.4e-52     167     356 .]  129469  129657 ..  129465  129657 .. 0.97
   3 !   35.0   0.9   2.5e-11   3.4e-10       1      33 [.  129754  129786 ..  129754  129788 .. 0.98
   4 !  212.4  17.5   2.9e-65   3.9e-64     164     355 ..  129790  129981 ..  129786  129982 .. 0.98
   5 !  459.9  20.4  1.7e-140  2.3e-139       1     356 []  130561  130868 ..  130561  130868 .. 0.99
   6 !   37.4   5.1   4.7e-12   6.4e-11       1      38 [.  130991  131028 ..  130991  131029 .. 0.96
   7 !  190.6  16.1   1.2e-58   1.7e-57     156     355 ..  131022  131223 ..  131021  131224 .. 0.97
   8 !   34.4   4.4   3.9e-11   5.3e-10       1      35 [.  132452  132486 ..  132452  132491 .. 0.92
   9 !  187.3  15.5   1.3e-57   1.8e-56     160     355 ..  132486  132682 ..  132483  132683 .. 0.96
  10 !   36.7   4.4   7.8e-12   1.1e-10       1      34 [.  134170  134203 ..  134170  134207 .. 0.94
  11 !  192.4  17.2   3.5e-59   4.8e-58     165     355 ..  134206  134394 ..  134201  134394 .. 0.96

>> NC_002953.3_frame=3  Staphylococcus aureus subsp. aureus MSSA476, complete sequence
   #    score  bias  c-Evalue  i-Evalue hmmfrom  hmm to    alifrom  ali to    envfrom  env to     acc
 ---   ------ ----- --------- --------- ------- -------    ------- -------    ------- -------    ----
   1 !  116.1  15.7   5.7e-36   7.8e-35     175     355 ..   20121   20311 ..   20099   20312 .. 0.93
   2 !   42.3   2.3   1.5e-13     2e-12       1      40 [.  142630  142669 ..  142630  142670 .. 0.97
   3 !  183.0  12.7   2.5e-56   3.4e-55     169     356 .]  142669  142855 ..  142665  142855 .. 0.96
   4 !   31.0   0.8   4.2e-10   5.7e-09       1      33 [.  142952  142984 ..  142952  142987 .. 0.98
   5 !  211.5  16.6   5.5e-65   7.5e-64     164     355 ..  142988  143179 ..  142984  143180 .. 0.98
   6 !  443.3  20.2  1.9e-135  2.6e-134       1     356 []  143759  144073 ..  143759  144073 .. 0.97
   7 !   37.6   4.1   4.1e-12   5.6e-11       1      41 [.  144196  144236 ..  144196  144238 .. 0.95
   8 !  189.3  15.4     3e-58   4.1e-57     156     355 ..  144227  144428 ..  144226  144429 .. 0.96
   9 !   37.6   3.9   4.1e-12   5.6e-11       1      37 [.  147395  147431 ..  147395  147436 .. 0.91
  10 !  178.2  16.9   7.2e-55   9.9e-54     164     355 ..  147433  147624 ..  147425  147624 .. 0.91
  11 !  114.3  16.6   1.9e-35   2.7e-34     161     336 ..  688735  688922 ..  688729  688940 .. 0.87

>> NZ_LR134090.1_frame=1  Staphylococcus aureus strain NCTC9555 chromosome 1, complete sequence
   #    score  bias  c-Evalue  i-Evalue hmmfrom  hmm to    alifrom  ali to    envfrom  env to     acc
 ---   ------ ----- --------- --------- ------- -------    ------- -------    ------- -------    ----
   1 !  565.2  32.0  1.7e-172  2.3e-171       1     356 []  150420  150775 ..  150420  150775 .. 1.00
   2 !   31.7   5.6   2.5e-10   3.4e-09       1      35 [.  151712  151746 ..  151712  151749 .. 0.94
   3 !  191.3  19.4   7.7e-59   1.1e-57     160     355 ..  151743  151939 ..  151742  151940 .. 0.97
   4 !   33.7   0.9   6.2e-11   8.6e-10       1      37 [.  152430  152466 ..  152430  152471 .. 0.94
   5 !  194.1  13.5   1.1e-59   1.5e-58     161     356 .]  152465  152661 ..  152462  152661 .. 0.96
   6 !   37.5   4.4   4.4e-12     6e-11       1      36 [.  154501  154536 ..  154501  154540 .. 0.93
   7 !  173.2  22.9   2.5e-53   3.4e-52     165     355 ..  154537  154727 ..  154533  154727 .. 0.94
   8 !  142.8   4.9   4.1e-44   5.7e-43     141     355 ..  594912  595129 ..  594904  595130 .. 0.93
   9 !  144.6   8.8   1.2e-44   1.7e-43     144     355 ..  595187  595403 ..  595172  595404 .. 0.92
  10 ?   -2.5   0.1       6.3        87     285     304 ..  749351  749370 ..  749351  749384 .. 0.85

>> NZ_CP011877.1_frame=-2  Staphylococcus aureus strain 12S01032 chromosome, complete genome
   #    score  bias  c-Evalue  i-Evalue hmmfrom  hmm to    alifrom  ali to    envfrom  env to     acc
 ---   ------ ----- --------- --------- ------- -------    ------- -------    ------- -------    ----
   1 !   41.5   2.3   2.7e-13   3.7e-12       1      40 [.  757121  757160 ..  757121  757161 .. 0.97
   2 !  179.7  19.1   2.6e-55   3.6e-54     167     356 .]  757158  757346 ..  757153  757346 .. 0.96
   3 !  464.9  17.7  5.3e-142  7.2e-141       1     355 [.  758231  758544 ..  758231  758545 .. 0.99
   4 !   41.2   4.6   3.3e-13   4.6e-12       1      41 [.  758669  758709 ..  758669  758711 .. 0.95
   5 !  191.2  15.5   8.4e-59   1.2e-57     159     355 ..  758703  758901 ..  758701  758902 .. 0.96
   6 !   34.2   7.0   4.3e-11   5.9e-10       1      35 [.  759398  759432 ..  759398  759437 .. 0.92
   7 !  180.4  17.2   1.5e-55   2.1e-54     158     355 ..  759430  759628 ..  759428  759629 .. 0.96
   8 !   28.5   6.4   2.4e-09   3.2e-08       1      39 [.  759753  759791 ..  759753  759795 .. 0.91
   9 !  169.8  14.3   2.6e-52   3.5e-51     161     356 .]  759786  759979 ..  759783  759979 .. 0.92
  10 !   37.2   4.1   5.3e-12   7.3e-11       1      34 [.  761111  761144 ..  761111  761149 .. 0.93
  11 !  187.5  12.0   1.1e-57   1.5e-56     165     355 ..  761147  761336 ..  761144  761336 .. 0.96

>> NZ_CP113052.1_frame=2  Staphylococcus aureus strain Fizz chromosome, complete genome
   #    score  bias  c-Evalue  i-Evalue hmmfrom  hmm to    alifrom  ali to    envfrom  env to     acc
 ---   ------ ----- --------- --------- ------- -------    ------- -------    ------- -------    ----
   1 !   41.8   1.8   2.1e-13   2.9e-12       1      40 [.  460383  460422 ..  460383  460423 .. 0.97
   2 !  174.5  16.7     1e-53   1.4e-52     167     356 .]  460420  460608 ..  460416  460608 .. 0.97
   3 !   35.1   0.9   2.4e-11   3.3e-10       1      33 [.  460705  460737 ..  460705  460739 .. 0.98
   4 !  212.5  17.5   2.8e-65   3.8e-64     164     355 ..  460741  460932 ..  460737  460933 .. 0.98
   5 !  471.7  21.9  4.5e-144  6.2e-143       1     356 []  461508  461832 ..  461508  461832 .. 0.97
   6 !   37.5   5.1   4.5e-12   6.2e-11       1      38 [.  461955  461992 ..  461955  461993 .. 0.96
   7 !  190.7  16.1   1.2e-58   1.7e-57     156     355 ..  461986  462187 ..  461985  462188 .. 0.97
   8 !   34.4   4.4   3.8e-11   5.2e-10       1      35 [.  463416  463450 ..  463416  463455 .. 0.92
   9 !  187.3  15.5   1.2e-57   1.7e-56     160     355 ..  463450  463646 ..  463447  463647 .. 0.96
  10 !   37.1   4.3   5.6e-12   7.7e-11       1      35 [.  465134  465168 ..  465134  465173 .. 0.92
  11 !   32.5   0.9   1.4e-10     2e-09     165     240 ..  465170  465239 ..  465167  465245 .. 0.91

>> NZ_LR134090.1_frame=2  Staphylococcus aureus strain NCTC9555 chromosome 1, complete sequence
   #    score  bias  c-Evalue  i-Evalue hmmfrom  hmm to    alifrom  ali to    envfrom  env to     acc
 ---   ------ ----- --------- --------- ------- -------    ------- -------    ------- -------    ----
   1 !   62.8   2.3   8.9e-20   1.2e-18     271     355 ..  136387  136472 ..  136370  136473 .. 0.90
   2 !   35.1   0.9   2.3e-11   3.2e-10       1      33 [.  150091  150123 ..  150091  150126 .. 0.98
   3 !  210.2  16.0   1.4e-64   1.9e-63     164     355 ..  150127  150318 ..  150123  150319 .. 0.98
   4 !  446.9  23.0  1.5e-136  2.1e-135       1     356 []  150898  151210 ..  150898  151210 .. 0.99
   5 !   42.0   5.3   1.9e-13   2.6e-12       1      41 [.  151333  151373 ..  151333  151375 .. 0.95
   6 !  182.7  16.6   3.1e-56   4.3e-55     156     355 ..  151364  151565 ..  151363  151566 .. 0.95
   7 !   36.0   3.1   1.2e-11   1.7e-10       2      37 ..  152085  152120 ..  152084  152123 .. 0.94
   8 !  175.2  13.2   6.2e-54   8.5e-53     158     355 ..  152116  152311 ..  152115  152312 .. 0.98
   9 !   38.8   3.0   1.8e-12   2.5e-11       1      41 [.  153143  153183 ..  153143  153185 .. 0.96
  10 !  157.9  17.6   1.1e-48   1.5e-47     165     356 .]  153179  153367 ..  153176  153367 .. 0.93
  11 ?    2.0   1.3      0.27       3.8       1      46 [.  319371  319412 ..  319371  319434 .. 0.78
  12 ?    2.0   0.4      0.28       3.8     308     356 .]  319457  319512 ..  319452  319512 .. 0.82
  13 !   93.9  16.0   3.2e-29   4.4e-28     179     352 ..  433999  434179 ..  433977  434181 .. 0.85

>> NZ_CP136528.1_frame=1  Staphylococcus aureus strain BAA-1556_Catania chromosome, complete genome
   #    score  bias  c-Evalue  i-Evalue hmmfrom  hmm to    alifrom  ali to    envfrom  env to     acc
 ---   ------ ----- --------- --------- ------- -------    ------- -------    ------- -------    ----
   1 !   41.8   1.8   2.1e-13   2.9e-12       1      40 [.  148906  148945 ..  148906  148946 .. 0.97
   2 !  174.4  16.7     1e-53   1.4e-52     167     356 .]  148943  149131 ..  148939  149131 .. 0.97
   3 !   35.1   0.9   2.4e-11   3.3e-10       1      33 [.  149228  149260 ..  149228  149262 .. 0.98
   4 !  212.5  17.5   2.8e-65   3.8e-64     164     355 ..  149264  149455 ..  149260  149456 .. 0.98
   5 !  461.3  20.1  6.5e-141  8.9e-140       1     356 []  150031  150338 ..  150031  150338 .. 0.99
   6 !   37.5   5.1   4.5e-12   6.2e-11       1      38 [.  150461  150498 ..  150461  150499 .. 0.96
   7 !  190.6  16.1   1.2e-58   1.7e-57     156     355 ..  150492  150693 ..  150491  150694 .. 0.97
   8 !   34.4   4.4   3.8e-11   5.2e-10       1      35 [.  151922  151956 ..  151922  151961 .. 0.92
   9 !  187.3  15.5   1.2e-57   1.7e-56     160     355 ..  151956  152152 ..  151953  152153 .. 0.96
  10 !   37.1   4.3   5.6e-12   7.7e-11       1      35 [.  153640  153674 ..  153640  153679 .. 0.92
  11 !   32.5   0.9   1.4e-10     2e-09     165     240 ..  153676  153745 ..  153673  153751 .. 0.91
  12 ?    6.2   0.5     0.014      0.19     273     355 ..  782826  782909 ..  782770  782910 .. 0.85

>> NZ_CP029678.1_frame=1  Staphylococcus aureus strain AR_0216 chromosome, complete genome
   #    score  bias  c-Evalue  i-Evalue hmmfrom  hmm to    alifrom  ali to    envfrom  env to     acc
 ---   ------ ----- --------- --------- ------- -------    ------- -------    ------- -------    ----
   1 !   41.7   1.8   2.3e-13   3.1e-12       1      40 [.  148323  148362 ..  148323  148363 .. 0.97
   2 !  174.4  16.7   1.1e-53   1.5e-52     167     356 .]  148360  148548 ..  148356  148548 .. 0.97
   3 !   35.0   0.9   2.5e-11   3.5e-10       1      33 [.  148645  148677 ..  148645  148679 .. 0.98
   4 !  212.4  17.5   2.9e-65     4e-64     164     355 ..  148681  148872 ..  148677  148873 .. 0.98
   5 !  461.2  20.1  6.9e-141  9.5e-140       1     356 []  149448  149755 ..  149448  149755 .. 0.99
   6 !   37.4   5.1   4.8e-12   6.6e-11       1      38 [.  149878  149915 ..  149878  149916 .. 0.96
   7 !  190.6  16.1   1.3e-58   1.8e-57     156     355 ..  149909  150110 ..  149908  150111 .. 0.97
   8 !   34.3   4.4     4e-11   5.5e-10       1      35 [.  151339  151373 ..  151339  151378 .. 0.92
   9 !  187.2  15.5   1.3e-57   1.8e-56     160     355 ..  151373  151569 ..  151370  151570 .. 0.96
  10 !   37.1   4.3   5.9e-12   8.2e-11       1      35 [.  153057  153091 ..  153057  153096 .. 0.92
  11 !   32.4   0.9   1.5e-10   2.1e-09     165     240 ..  153093  153162 ..  153090  153168 .. 0.91

>> NC_002952.2_frame=1  Staphylococcus aureus subsp. aureus MRSA252, complete sequence
   #    score  bias  c-Evalue  i-Evalue hmmfrom  hmm to    alifrom  ali to    envfrom  env to     acc
 ---   ------ ----- --------- --------- ------- -------    ------- -------    ------- -------    ----
   1 !   41.2   2.4   3.3e-13   4.6e-12       1      40 [.  150854  150893 ..  150854  150894 .. 0.97
   2 !  176.5  13.6   2.4e-54   3.3e-53     168     356 .]  150892  151079 ..  150887  151079 .. 0.95
   3 !   37.8   0.3   3.5e-12   4.7e-11       1      36 [.  151175  151210 ..  151175  151212 .. 0.95
   4 !  212.8  12.8   2.3e-65   3.1e-64     159     356 .]  151206  151405 ..  151205  151405 .. 0.97
   5 !  427.4  16.9  1.3e-130  1.8e-129       1     356 []  151964  152267 ..  151964  152267 .. 0.97
   6 !   41.1   4.6   3.4e-13   4.7e-12       1      41 [.  152391  152431 ..  152391  152433 .. 0.95
   7 !  191.6  15.8   6.1e-59   8.4e-58     159     355 ..  152425  152623 ..  152423  152624 .. 0.96
   8 !   34.2   7.0   4.4e-11   6.1e-10       1      35 [.  153120  153154 ..  153120  153159 .. 0.92
   9 !  183.2  16.8   2.2e-56   3.1e-55     158     355 ..  153152  153350 ..  153150  153351 .. 0.96

>> NC_017338.2_frame=2  Staphylococcus aureus subsp. aureus JKD6159, complete sequence
   #    score  bias  c-Evalue  i-Evalue hmmfrom  hmm to    alifrom  ali to    envfrom  env to     acc
 ---   ------ ----- --------- --------- ------- -------    ------- -------    ------- -------    ----
   1 !   43.9   3.1   5.1e-14     7e-13       1      40 [.  141984  142023 ..  141984  142025 .. 0.97
   2 !  184.1  16.2   1.2e-56   1.6e-55     168     356 .]  142022  142209 ..  142018  142209 .. 0.97
   3 !   37.8   0.7   3.6e-12   4.9e-11       1      33 [.  142295  142327 ..  142295  142333 .. 0.96
   4 !  214.4  15.9   7.3e-66     1e-64     164     355 ..  142331  142522 ..  142327  142523 .. 0.99
   5 !  423.7  20.9  1.7e-129  2.4e-128       1     356 []  143024  143333 ..  143024  143333 .. 0.96
   6 !  181.9  16.4   5.5e-56   7.5e-55     168     355 ..  144946  145134 ..  144944  145135 .. 0.96
   7 !   35.1   5.6   2.3e-11   3.2e-10       1      39 [.  145256  145294 ..  145256  145298 .. 0.92
   8 !  172.3  17.5   4.5e-53   6.2e-52     158     356 .]  145286  145482 ..  145285  145482 .. 0.93

>> NC_017763.1_frame=3  Staphylococcus aureus subsp. aureus HO 5096 0412, complete sequence
   #    score  bias  c-Evalue  i-Evalue hmmfrom  hmm to    alifrom  ali to    envfrom  env to     acc
 ---   ------ ----- --------- --------- ------- -------    ------- -------    ------- -------    ----
   1 !   66.9   1.6     5e-21   6.9e-20     271     355 ..  129685  129770 ..  129668  129770 .. 0.89
   2 !  498.8  24.6  2.6e-152  3.5e-151       1     356 []  139207  139547 ..  139207  139547 .. 0.99
   3 !   36.7   3.0   7.5e-12     1e-10       1      41 [.  139671  139711 ..  139671  139713 .. 0.95
   4 !  190.3  14.3   1.5e-58   2.1e-57     156     355 ..  139702  139903 ..  139701  139904 .. 0.96
   5 !   36.7   4.0   7.6e-12     1e-10       1      37 [.  140055  140091 ..  140055  140094 .. 0.95
   6 !  175.3  12.1   5.5e-54   7.5e-53     157     355 ..  140086  140282 ..  140085  140283 .. 0.97
   7 !   36.6   4.5     8e-12   1.1e-10       1      34 [.  142143  142176 ..  142143  142180 .. 0.94
   8 !  168.4  20.7   6.8e-52   9.3e-51     165     355 ..  142179  142369 ..  142176  142370 .. 0.94
   9 ?    2.7   3.3      0.17       2.3     279     355 ..  767781  767858 ..  767754  767859 .. 0.82

>> NC_007795.1_frame=3  Staphylococcus aureus subsp. aureus NCTC 8325 chromosome, complete genome
   #    score  bias  c-Evalue  i-Evalue hmmfrom  hmm to    alifrom  ali to    envfrom  env to     acc
 ---   ------ ----- --------- --------- ------- -------    ------- -------    ------- -------    ----
   1 !   67.7   1.4     3e-21   4.1e-20     271     355 ..  121405  121490 ..  121388  121491 .. 0.90
   2 !  577.4  31.5  3.2e-176  4.4e-175       1     356 []  130082  130437 ..  130082  130437 .. 1.00
   3 !   34.9   0.7   2.7e-11   3.7e-10       1      37 [.  132092  132128 ..  132092  132133 .. 0.94
   4 !  195.4  14.1   4.2e-60   5.8e-59     161     356 .]  132127  132323 ..  132124  132323 .. 0.96
   5 !   35.7   4.7   1.5e-11   2.1e-10       1      39 [.  132806  132844 ..  132806  132848 .. 0.92
   6 !  159.3  18.2   4.1e-49   5.6e-48     158     356 .]  132836  133032 ..  132836  133032 .. 0.94
   7 ?    1.0   1.2      0.55       7.6       1      46 [.  296658  296699 ..  296658  296721 .. 0.78
   8 ?    1.9   0.4      0.28       3.9     308     356 .]  296744  296799 ..  296739  296799 .. 0.82
   9 ?    6.2   0.5     0.015       0.2     273     355 ..  763234  763317 ..  763178  763318 .. 0.85

>> NC_002745.2_frame=3  Staphylococcus aureus subsp. aureus N315, complete sequence
   #    score  bias  c-Evalue  i-Evalue hmmfrom  hmm to    alifrom  ali to    envfrom  env to     acc
 ---   ------ ----- --------- --------- ------- -------    ------- -------    ------- -------    ----
   1 !   42.7   2.5   1.1e-13   1.5e-12       1      41 [.  147034  147074 ..  147034  147076 .. 0.96
   2 !  181.7  15.5   6.4e-56   8.8e-55     168     356 .]  147072  147259 ..  147069  147259 .. 0.96
   3 !   35.1   0.9   2.3e-11   3.2e-10       1      33 [.  147356  147388 ..  147356  147391 .. 0.98
   4 !  210.2  16.0   1.4e-64   1.9e-63     164     355 ..  147392  147583 ..  147388  147584 .. 0.98
   5 !   40.1   3.0   7.1e-13   9.8e-12       1      37 [.  148960  148996 ..  148960  148999 .. 0.95
   6 !  175.8  18.3   3.9e-54   5.4e-53     157     355 ..  148991  149187 ..  148990  149188 .. 0.97
   7 !   31.0   4.8     4e-10   5.5e-09       1      36 [.  149663  149698 ..  149663  149703 .. 0.91
   8 !  188.1  16.1   7.2e-58   9.9e-57     160     355 ..  149697  149893 ..  149694  149894 .. 0.96
   9 !   37.1   4.4   5.9e-12   8.1e-11       1      35 [.  151381  151415 ..  151381  151420 .. 0.92
  10 !  177.3  16.7   1.4e-54   1.9e-53     165     355 ..  151417  151607 ..  151414  151607 .. 0.94
  11 ?    4.3   1.5     0.055      0.75       1      46 [.  317993  318034 ..  317993  318056 .. 0.78
  12 ?    2.0   0.4      0.28       3.8     308     356 .]  318079  318134 ..  318074  318134 .. 0.82
  13 ?    2.6   3.4      0.17       2.4     278     355 ..  759480  759558 ..  759455  759559 .. 0.81

>> NZ_CP132371.1_frame=1  Staphylococcus aureus strain UNC_SA38 chromosome, complete genome
   #    score  bias  c-Evalue  i-Evalue hmmfrom  hmm to    alifrom  ali to    envfrom  env to     acc
 ---   ------ ----- --------- --------- ------- -------    ------- -------    ------- -------    ----
   1 ?    2.7   3.4      0.16       2.2     278     355 ..  569039  569117 ..  569014  569118 .. 0.81
   2 !   67.4   1.9   3.5e-21   4.8e-20     271     355 ..  881097  881182 ..  881080  881183 .. 0.90
   3 !   42.8   2.5   1.1e-13   1.5e-12       1      41 [.  889130  889170 ..  889130  889172 .. 0.96
   4 !  181.8  15.5   6.1e-56   8.4e-55     168     356 .]  889168  889355 ..  889165  889355 .. 0.96
   5 !   35.2   0.9   2.2e-11   3.1e-10       1      33 [.  889452  889484 ..  889452  889487 .. 0.98
   6 !  210.3  16.0   1.3e-64   1.8e-63     164     355 ..  889488  889679 ..  889484  889680 .. 0.98
   7 !   40.2   3.0   6.8e-13   9.3e-12       1      37 [.  891056  891092 ..  891056  891095 .. 0.95
   8 !  175.9  18.3   3.7e-54   5.1e-53     157     355 ..  891087  891283 ..  891086  891284 .. 0.97
   9 !   31.1   4.8   3.8e-10   5.3e-09       1      36 [.  891759  891794 ..  891759  891799 .. 0.91
  10 !  188.2  16.1   6.9e-58   9.4e-57     160     355 ..  891793  891989 ..  891790  891990 .. 0.96
  11 !   37.1   4.4   5.6e-12   7.7e-11       1      35 [.  893477  893511 ..  893477  893516 .. 0.92
  12 !  177.4  16.7   1.3e-54   1.8e-53     165     355 ..  893513  893703 ..  893510  893703 .. 0.94

>> NZ_CP113052.1_frame=1  Staphylococcus aureus strain Fizz chromosome, complete genome
   #    score  bias  c-Evalue  i-Evalue hmmfrom  hmm to    alifrom  ali to    envfrom  env to     acc
 ---   ------ ----- --------- --------- ------- -------    ------- -------    ------- -------    ----
   1 ?    6.2   0.5     0.014      0.19     273     355 ..  135309  135392 ..  135253  135393 .. 0.85
   2 !   67.7   1.4   2.9e-21   3.9e-20     271     355 ..  452357  452442 ..  452340  452443 .. 0.90
   3 !  559.3  31.8    1e-170  1.4e-169       1     356 []  461034  461385 ..  461034  461385 .. 1.00
   4 !   35.0   0.7   2.6e-11   3.5e-10       1      37 [.  463057  463093 ..  463057  463098 .. 0.94
   5 !  195.5  14.1   4.1e-60   5.6e-59     161     356 .]  463092  463288 ..  463089  463288 .. 0.96
   6 !   35.7   4.7   1.5e-11   2.1e-10       1      39 [.  463771  463809 ..  463771  463813 .. 0.92
   7 !  159.4  18.2   3.9e-49   5.4e-48     158     356 .]  463801  463997 ..  463801  463997 .. 0.94

>> NZ_CP136528.1_frame=3  Staphylococcus aureus strain BAA-1556_Catania chromosome, complete genome
   #    score  bias  c-Evalue  i-Evalue hmmfrom  hmm to    alifrom  ali to    envfrom  env to     acc
 ---   ------ ----- --------- --------- ------- -------    ------- -------    ------- -------    ----
   1 !   67.7   1.4   2.9e-21   3.9e-20     271     355 ..  140879  140964 ..  140862  140965 .. 0.90
   2 !  559.3  31.8    1e-170  1.4e-169       1     356 []  149556  149907 ..  149556  149907 .. 1.00
   3 !   35.0   0.7   2.6e-11   3.5e-10       1      37 [.  151562  151598 ..  151562  151603 .. 0.94
   4 !  195.5  14.1   4.1e-60   5.6e-59     161     356 .]  151597  151793 ..  151594  151793 .. 0.96
   5 !   35.7   4.7   1.5e-11   2.1e-10       1      39 [.  152276  152314 ..  152276  152318 .. 0.92
   6 !  159.3  18.2     4e-49   5.4e-48     158     356 .]  152306  152502 ..  152306  152502 .. 0.94

>> NZ_CP029678.1_frame=3  Staphylococcus aureus strain AR_0216 chromosome, complete genome
   #    score  bias  c-Evalue  i-Evalue hmmfrom  hmm to    alifrom  ali to    envfrom  env to     acc
 ---   ------ ----- --------- --------- ------- -------    ------- -------    ------- -------    ----
   1 !   67.6   1.4     3e-21   4.2e-20     271     355 ..  140296  140381 ..  140279  140382 .. 0.90
   2 !  559.2  31.8  1.1e-170  1.5e-169       1     356 []  148973  149324 ..  148973  149324 .. 1.00
   3 !   34.9   0.7   2.7e-11   3.8e-10       1      37 [.  150979  151015 ..  150979  151020 .. 0.94
   4 !  195.4  14.1   4.3e-60     6e-59     161     356 .]  151014  151210 ..  151011  151210 .. 0.96
   5 !   35.7   4.7   1.6e-11   2.2e-10       1      39 [.  151693  151731 ..  151693  151735 .. 0.92
   6 !  159.3  18.2   4.2e-49   5.8e-48     158     356 .]  151723  151919 ..  151723  151919 .. 0.94
   7 ?    6.1   0.5     0.015      0.21     273     355 ..  796894  796977 ..  796838  796978 .. 0.85

>> NC_002953.3_frame=2  Staphylococcus aureus subsp. aureus MSSA476, complete sequence
   #    score  bias  c-Evalue  i-Evalue hmmfrom  hmm to    alifrom  ali to    envfrom  env to     acc
 ---   ------ ----- --------- --------- ------- -------    ------- -------    ------- -------    ----
   1 !   33.2   7.7     9e-11   1.2e-09     256     337 ..   20461   20540 ..   20460   20558 .. 0.84
   2 !   67.3   2.1   3.7e-21   5.1e-20     271     355 ..  131289  131374 ..  131269  131375 .. 0.89
   3 !  568.2  32.6    2e-173  2.8e-172       1     356 []  143281  143636 ..  143281  143636 .. 1.00
   4 !   34.4   3.6   3.9e-11   5.3e-10       2      37 ..  144954  144989 ..  144953  144992 .. 0.94
   5 !  176.9  14.8   1.8e-54   2.5e-53     157     355 ..  144984  145180 ..  144983  145181 .. 0.97
   6 !   35.1   5.4   2.4e-11   3.3e-10       1      39 [.  146009  146047 ..  146009  146051 .. 0.92
   7 !  159.3  18.2     4e-49   5.5e-48     158     356 .]  146039  146235 ..  146039  146235 .. 0.94
   8 ?    1.0   1.2      0.54       7.4       1      46 [.  312639  312680 ..  312639  312702 .. 0.78
   9 ?    2.0   0.4      0.27       3.8     308     356 .]  312725  312780 ..  312720  312780 .. 0.82

>> NC_017338.2_frame=3  Staphylococcus aureus subsp. aureus JKD6159, complete sequence
   #    score  bias  c-Evalue  i-Evalue hmmfrom  hmm to    alifrom  ali to    envfrom  env to     acc
 ---   ------ ----- --------- --------- ------- -------    ------- -------    ------- -------    ----
   1 !  137.7   9.8   1.5e-42     2e-41     147     338 ..   25659   25869 ..   25656   25892 .. 0.91
   2 !   40.7   3.9   4.5e-13   6.2e-12       1      41 [.  143456  143496 ..  143456  143498 .. 0.95
   3 !  190.6  15.5   1.3e-58   1.8e-57     160     355 ..  143491  143688 ..  143489  143689 .. 0.96
   4 !   39.4   3.8   1.1e-12   1.5e-11       1      37 [.  144208  144244 ..  144208  144247 .. 0.95
   5 !  178.1  15.6   7.7e-55   1.1e-53     158     355 ..  144240  144435 ..  144238  144436 .. 0.97
   6 !   35.3   4.2   2.1e-11   2.9e-10       1      37 [.  144550  144586 ..  144550  144590 .. 0.95
   7 !  190.6  15.5   1.3e-58   1.8e-57     161     356 .]  144585  144781 ..  144582  144781 .. 0.96
   8 !   39.6   2.2   9.9e-13   1.4e-11       1      37 [.  144908  144944 ..  144908  144958 .. 0.90
   9 !   37.9   4.0   3.3e-12   4.5e-11       1      39 [.  146658  146696 ..  146658  146700 .. 0.90
  10 !  179.1  20.0   3.9e-55   5.4e-54     164     355 ..  146696  146887 ..  146689  146888 .. 0.95
  11 ?   -1.8   3.5       3.8        53       1      94 [.  628600  628674 ..  628600  628695 .. 0.50

>> NC_002952.2_frame=3  Staphylococcus aureus subsp. aureus MRSA252, complete sequence
   #    score  bias  c-Evalue  i-Evalue hmmfrom  hmm to    alifrom  ali to    envfrom  env to     acc
 ---   ------ ----- --------- --------- ------- -------    ------- -------    ------- -------    ----
   1 !  490.1  23.9  1.1e-149  1.5e-148       1     356 []  151504  151844 ..  151504  151844 .. 0.99
   2 !   36.7   3.6   7.5e-12     1e-10       1      37 [.  152774  152810 ..  152774  152814 .. 0.94
   3 !  173.8  11.9   1.6e-53   2.2e-52     157     355 ..  152805  153001 ..  152804  153002 .. 0.97
   4 !   32.7   6.1   1.2e-10   1.7e-09       1      38 [.  153473  153510 ..  153473  153514 .. 0.92
   5 !  173.9  14.7   1.5e-53   2.1e-52     158     356 .]  153503  153699 ..  153503  153699 .. 0.93

>> NZ_CP011877.1_frame=-1  Staphylococcus aureus strain 12S01032 chromosome, complete genome
   #    score  bias  c-Evalue  i-Evalue hmmfrom  hmm to    alifrom  ali to    envfrom  env to     acc
 ---   ------ ----- --------- --------- ------- -------    ------- -------    ------- -------    ----
   1 ?   -2.2   1.7       5.2        71       1      89 [.  287559  287612 ..  287559  287647 .. 0.56
   2 !   66.5   2.1   6.7e-21   9.1e-20     272     355 ..  748636  748720 ..  748632  748721 .. 0.94
   3 !  495.3  23.9  2.8e-151  3.9e-150       1     356 []  757772  758112 ..  757772  758112 .. 0.99
   4 !   36.5   4.1   8.5e-12   1.2e-10       1      37 [.  759053  759089 ..  759053  759092 .. 0.95
   5 !  174.9  12.8   7.6e-54   1.1e-52     157     355 ..  759084  759280 ..  759083  759281 .. 0.97
   6 ?    1.6   1.1      0.37         5       1      46 [.  934164  934205 ..  934164  934227 .. 0.76
   7 ?    2.0   0.4      0.27       3.8     308     356 .]  934250  934305 ..  934245  934305 .. 0.82

>> NC_002953.3_frame=1  Staphylococcus aureus subsp. aureus MSSA476, complete sequence
   #    score  bias  c-Evalue  i-Evalue hmmfrom  hmm to    alifrom  ali to    envfrom  env to     acc
 ---   ------ ----- --------- --------- ------- -------    ------- -------    ------- -------    ----
   1 !   10.0   0.4   0.00097     0.013     221     262 ..   20420   20466 ..   20417   20470 .. 0.90
   2 !   31.6   5.2   2.7e-10   3.8e-09       1      35 [.  144580  144614 ..  144580  144617 .. 0.94
   3 !  186.5  18.0   2.1e-57   2.9e-56     160     355 ..  144611  144808 ..  144610  144809 .. 0.96
   4 !   36.3   0.9     1e-11   1.4e-10       1      37 [.  145298  145334 ..  145298  145339 .. 0.94
   5 !  194.3  13.3   9.2e-60   1.3e-58     161     356 .]  145333  145529 ..  145330  145529 .. 0.96
   6 !   34.1   4.1   4.8e-11   6.7e-10       1      36 [.  145657  145692 ..  145657  145697 .. 0.91
   7 !  187.5  14.1   1.1e-57   1.5e-56     160     355 ..  145691  145887 ..  145688  145888 .. 0.96
   8 !  117.0  15.7     3e-36   4.1e-35     168     352 ..  688493  688689 ..  688482  688691 .. 0.92
   9 ?    2.7   3.4      0.17       2.3     278     355 ..  758777  758855 ..  758752  758856 .. 0.81

>> NC_017338.2_frame=1  Staphylococcus aureus subsp. aureus JKD6159, complete sequence
   #    score  bias  c-Evalue  i-Evalue hmmfrom  hmm to    alifrom  ali to    envfrom  env to     acc
 ---   ------ ----- --------- --------- ------- -------    ------- -------    ------- -------    ----
   1 !   66.6   2.8     6e-21   8.3e-20     272     355 ..  132368  132452 ..  132351  132453 .. 0.92
   2 !  393.7  15.8  2.2e-120  3.1e-119       1     356 []  142623  142903 ..  142623  142903 .. 0.96
   3 !   34.2   6.2   4.3e-11   5.9e-10       1      35 [.  143840  143874 ..  143840  143877 .. 0.94
   4 !  192.3  21.1   3.8e-59   5.3e-58     160     355 ..  143871  144067 ..  143870  144068 .. 0.97
   5 ?    1.9   1.3      0.28       3.9       1      46 [.  312095  312136 ..  312095  312158 .. 0.78
   6 ?    1.9   0.4      0.28       3.9     308     356 .]  312181  312236 ..  312176  312236 .. 0.82
   7 ?    6.4   1.0     0.012      0.17     273     355 ..  764499  764582 ..  764443  764583 .. 0.86

>> NZ_CP136528.1_frame=2  Staphylococcus aureus strain BAA-1556_Catania chromosome, complete genome
   #    score  bias  c-Evalue  i-Evalue hmmfrom  hmm to    alifrom  ali to    envfrom  env to     acc
 ---   ------ ----- --------- --------- ------- -------    ------- -------    ------- -------    ----
   1 !   31.7   5.6   2.5e-10   3.4e-09       1      35 [.  150844  150878 ..  150844  150881 .. 0.94
   2 !  192.1  20.5   4.4e-59   6.1e-58     160     355 ..  150875  151071 ..  150874  151072 .. 0.97
   3 !   34.2   3.9   4.5e-11   6.2e-10       2      37 ..  151217  151252 ..  151216  151256 .. 0.94
   4 !  183.9  18.1   1.4e-56   1.9e-55     157     356 .]  151247  151444 ..  151246  151444 .. 0.98
   5 !  132.2  12.3   7.3e-41     1e-39     244     355 ..  153747  153862 ..  153744  153862 .. 0.96
   6 ?    1.0   1.2      0.54       7.4       1      46 [.  329856  329897 ..  329856  329919 .. 0.78
   7 ?    2.0   0.4      0.27       3.8     308     356 .]  329942  329997 ..  329937  329997 .. 0.82

>> NZ_LR134284.1_frame=2  Streptococcus pyogenes strain NCTC8232 chromosome 1, complete sequence
   #    score  bias  c-Evalue  i-Evalue hmmfrom  hmm to    alifrom  ali to    envfrom  env to     acc
 ---   ------ ----- --------- --------- ------- -------    ------- -------    ------- -------    ----
   1 !  127.0   8.1   2.7e-39   3.8e-38     146     351 ..  339727  339939 ..  339724  339950 .. 0.86
   2 !  128.2   7.2   1.1e-39   1.6e-38     144     350 ..  371186  371399 ..  371169  371411 .. 0.87
   3 !   60.4   8.6   4.8e-19   6.6e-18     270     353 ..  391649  391736 ..  391639  391737 .. 0.91
   4 !  119.6   9.4   4.7e-37   6.4e-36     169     352 ..  576686  576875 ..  576682  576880 .. 0.90

>> NZ_LS483357.1_frame=1  Streptococcus pyogenes strain NCTC8326 chromosome 1, complete sequence
   #    score  bias  c-Evalue  i-Evalue hmmfrom  hmm to    alifrom  ali to    envfrom  env to     acc
 ---   ------ ----- --------- --------- ------- -------    ------- -------    ------- -------    ----
   1 !  126.4   4.5   4.2e-39   5.8e-38     150     331 ..  219393  219588 ..  219383  219594 .. 0.90
   2 !  136.2  15.5   4.3e-42     6e-41     153     353 ..  430319  430521 ..  430315  430523 .. 0.93
   3 !  119.3  10.9   5.8e-37     8e-36     169     352 ..  567808  567997 ..  567804  568002 .. 0.90

>> NZ_CP155738.1_frame=3  Streptococcus pyogenes strain 1510/08 chromosome, complete genome
   #    score  bias  c-Evalue  i-Evalue hmmfrom  hmm to    alifrom  ali to    envfrom  env to     acc
 ---   ------ ----- --------- --------- ------- -------    ------- -------    ------- -------    ----
   1 !  135.4  15.3   7.6e-42     1e-40     153     353 ..  340865  341067 ..  340861  341069 .. 0.93
   2 !  120.2  10.9   3.2e-37   4.4e-36     169     352 ..  605842  606031 ..  605838  606036 .. 0.90

>> NZ_CP118481.1_frame=1  Streptococcus pyogenes strain 20185322 chromosome, complete genome
   #    score  bias  c-Evalue  i-Evalue hmmfrom  hmm to    alifrom  ali to    envfrom  env to     acc
 ---   ------ ----- --------- --------- ------- -------    ------- -------    ------- -------    ----
   1 !  126.9   6.6   2.9e-39     4e-38     168     349 ..  258265  258466 ..  258255  258469 .. 0.95
   2 !  123.9  10.5   2.4e-38   3.3e-37     169     352 ..  568751  568940 ..  568747  568945 .. 0.90

>> NZ_CP134538.1_frame=-2  Streptococcus equi subsp. equi strain XJ5012 chromosome, complete genome
   #    score  bias  c-Evalue  i-Evalue hmmfrom  hmm to    alifrom  ali to    envfrom  env to     acc
 ---   ------ ----- --------- --------- ------- -------    ------- -------    ------- -------    ----
   1 !  126.6   7.5   3.5e-39   4.8e-38     168     349 ..   61552   61753 ..   61542   61756 .. 0.95
   2 !  114.0   7.9   2.4e-35   3.4e-34     169     355 ..  168925  169123 ..  168915  169123 .. 0.95

>> NZ_CP118481.1_frame=2  Streptococcus pyogenes strain 20185322 chromosome, complete genome
   #    score  bias  c-Evalue  i-Evalue hmmfrom  hmm to    alifrom  ali to    envfrom  env to     acc
 ---   ------ ----- --------- --------- ------- -------    ------- -------    ------- -------    ----
   1 !  112.2  11.9   8.7e-35   1.2e-33     155     352 ..  258520  258718 ..  258518  258720 .. 0.89
   2 !  125.0   8.6   1.1e-38   1.5e-37     146     351 ..  338261  338473 ..  338258  338484 .. 0.86

>> NZ_CP134538.1_frame=-3  Streptococcus equi subsp. equi strain XJ5012 chromosome, complete genome
   #    score  bias  c-Evalue  i-Evalue hmmfrom  hmm to    alifrom  ali to    envfrom  env to     acc
 ---   ------ ----- --------- --------- ------- -------    ------- -------    ------- -------    ----
   1 !  113.0  11.4   4.7e-35   6.5e-34     155     352 ..   61807   62005 ..   61805   62007 .. 0.89
   2 !  110.9  17.4   2.1e-34   2.9e-33     169     355 ..  168572  168770 ..  168538  168771 .. 0.92

>> NZ_CP070994.1_frame=-3  Streptococcus pyogenes strain M11318 chromosome, complete genome
   #    score  bias  c-Evalue  i-Evalue hmmfrom  hmm to    alifrom  ali to    envfrom  env to     acc
 ---   ------ ----- --------- --------- ------- -------    ------- -------    ------- -------    ----
   1 !  100.5  19.7   3.1e-31   4.2e-30     157     353 ..  483353  483551 ..  483350  483552 .. 0.93
   2 !  114.7   9.7   1.5e-35     2e-34     169     352 ..  543316  543505 ..  543312  543510 .. 0.90

>> NZ_AP023389.1_frame=3  Streptococcus pyogenes strain KUN-0012590 chromosome, complete genome
   #    score  bias  c-Evalue  i-Evalue hmmfrom  hmm to    alifrom  ali to    envfrom  env to     acc
 ---   ------ ----- --------- --------- ------- -------    ------- -------    ------- -------    ----
   1 !   56.1   8.4     1e-17   1.4e-16     270     353 ..  383723  383810 ..  383713  383811 .. 0.91
   2 !  122.4  10.3   6.8e-38   9.4e-37     169     352 ..  558545  558734 ..  558541  558739 .. 0.90

>> NZ_CP051138.1_frame=1  Streptococcus pyogenes strain 4063-05 chromosome, complete genome
   #    score  bias  c-Evalue  i-Evalue hmmfrom  hmm to    alifrom  ali to    envfrom  env to     acc
 ---   ------ ----- --------- --------- ------- -------    ------- -------    ------- -------    ----
   1 !   55.1   8.6   1.9e-17   2.7e-16     270     353 ..  381732  381819 ..  381722  381820 .. 0.91
   2 !  119.3  10.9   5.8e-37     8e-36     169     352 ..  567733  567922 ..  567729  567927 .. 0.90

>> NZ_AP023388.1_frame=1  Streptococcus pyogenes strain NIH35 chromosome, complete genome
   #    score  bias  c-Evalue  i-Evalue hmmfrom  hmm to    alifrom  ali to    envfrom  env to     acc
 ---   ------ ----- --------- --------- ------- -------    ------- -------    ------- -------    ----
   1 !   98.4   9.9   1.3e-30   1.8e-29     160     355 ..   65259   65466 ..   65251   65467 .. 0.85
   2 !   56.1   8.4     1e-17   1.4e-16     270     353 ..  388194  388281 ..  388184  388282 .. 0.91

>> NZ_CP051138.1_frame=3  Streptococcus pyogenes strain 4063-05 chromosome, complete genome
   #    score  bias  c-Evalue  i-Evalue hmmfrom  hmm to    alifrom  ali to    envfrom  env to     acc
 ---   ------ ----- --------- --------- ------- -------    ------- -------    ------- -------    ----
   1 !  126.4   4.5   4.2e-39   5.8e-38     150     331 ..  219323  219518 ..  219313  219524 .. 0.90

>> NZ_AP023389.1_frame=2  Streptococcus pyogenes strain KUN-0012590 chromosome, complete genome
   #    score  bias  c-Evalue  i-Evalue hmmfrom  hmm to    alifrom  ali to    envfrom  env to     acc
 ---   ------ ----- --------- --------- ------- -------    ------- -------    ------- -------    ----
   1 !   98.5   9.5   1.3e-30   1.7e-29     160     355 ..   65338   65545 ..   65330   65546 .. 0.85

>> NZ_CP035450.1_frame=2  Streptococcus pyogenes strain emm93.4 chromosome, complete genome
   #    score  bias  c-Evalue  i-Evalue hmmfrom  hmm to    alifrom  ali to    envfrom  env to     acc
 ---   ------ ----- --------- --------- ------- -------    ------- -------    ------- -------    ----
   1 !   98.2  10.3   1.5e-30   2.1e-29     160     355 ..   60771   60978 ..   60763   60979 .. 0.85

>> NZ_CP167001.1_frame=-3  Streptococcus pyogenes strain Isolate 31 chromosome, complete genome
   #    score  bias  c-Evalue  i-Evalue hmmfrom  hmm to    alifrom  ali to    envfrom  env to     acc
 ---   ------ ----- --------- --------- ------- -------    ------- -------    ------- -------    ----
   1 !   59.3   6.4     1e-18   1.4e-17     274     353 ..  380359  380442 ..  380355  380443 .. 0.92



Internal pipeline statistics summary:
-------------------------------------
Query model(s):                              1  (356 nodes)
Target sequences:                          564  (304447416 residues searched)
Passed MSV filter:                       335  (0.593972); expected 11.3 (0.02)
Passed bias filter:                      140  (0.248227); expected 11.3 (0.02)
Passed Vit filter:                       139  (0.246454); expected 0.6 (0.001)
Passed Fwd filter:                        41  (0.072695); expected 0.0 (1e-05)
Initial search space (Z):                564  [actual number of targets]
Domain search space  (domZ):              41  [number of targets reported over threshold]
# CPU time: 101.25u 0.12s 00:01:41.37 Elapsed: 00:01:41.91
# Mc/sec: 1063.52

@@ New targets included:   2
@@ New alignment includes: 246 subseqs (was 253), including original query
@@ Continuing to next round.

@@
@@ Round:                  6
@@ Included in MSA:        246 subsequences (query + 245 subseqs from 41 targets)
@@ Model size:             356 positions
@@

Scores for complete sequences (score includes all domains):
   --- full sequence ---   --- best 1 domain ---    -#dom-
    E-value  score  bias    E-value  score  bias    exp  N  Sequence               Description
    ------- ------ -----    ------- ------ -----   ---- --  --------               -----------
          0 1561.5 184.1   1.8e-172  568.7  31.6   15.5  9  NC_002745.2_frame=2     Staphylococcus aureus subsp. aureus N
          0 1470.3 161.2   2.2e-172  568.5  31.1   21.4  8  NZ_CP132371.1_frame=3   Staphylococcus aureus strain UNC_SA38
          0 1401.3 359.8   1.5e-138  457.2  20.6   16.6 11  NC_007795.1_frame=1     Staphylococcus aureus subsp. aureus N
          0 1327.2 205.7   6.6e-134  441.9  20.5   18.6 11  NC_002953.3_frame=3     Staphylococcus aureus subsp. aureus M
          0 1302.2 197.8     1e-140  464.3  17.8   21.2 11  NZ_CP011877.1_frame=-2  Staphylococcus aureus strain 12S01032
          0 1291.1 176.9   7.3e-171  563.5  32.3   33.1 10  NZ_LR134090.1_frame=1   Staphylococcus aureus strain NCTC9555
          0 1281.9 324.0   4.3e-142  468.8  22.2   16.2 11  NZ_CP113052.1_frame=2   Staphylococcus aureus strain Fizz chr
          0 1223.5 196.5   6.3e-135  445.3  23.2   41.5 13  NZ_LR134090.1_frame=2   Staphylococcus aureus strain NCTC9555
          0 1190.0 182.5     6e-139  458.5  20.4   20.7 12  NZ_CP136528.1_frame=1   Staphylococcus aureus strain BAA-1556
          0 1189.5 182.5   6.3e-139  458.4  20.4   20.5 11  NZ_CP029678.1_frame=1   Staphylococcus aureus strain AR_0216 
          0 1187.0 281.5   6.1e-130  428.9  17.3   13.9  9  NC_002952.2_frame=1     Staphylococcus aureus subsp. aureus M
          0 1114.4 149.1   1.1e-127  421.5  21.1   17.4  8  NC_017338.2_frame=2     Staphylococcus aureus subsp. aureus J
          0 1032.0 139.7   1.3e-151  500.2  24.9   21.1 10  NC_017763.1_frame=3     Staphylococcus aureus subsp. aureus H
   8.7e-287  944.8 108.5   1.7e-174  575.4  31.8   16.7  9  NC_007795.1_frame=3     Staphylococcus aureus subsp. aureus N
   9.1e-284  934.9 331.7    2.7e-63  209.7  16.4   18.2 13  NC_002745.2_frame=3     Staphylococcus aureus subsp. aureus N
   6.3e-283  932.1 178.2    2.5e-63  209.7  16.4   19.7 12  NZ_CP132371.1_frame=1   Staphylococcus aureus strain UNC_SA38
   2.1e-281  927.1 108.8   3.5e-169  558.0  32.1   17.2  7  NZ_CP113052.1_frame=1   Staphylococcus aureus strain Fizz chr
   2.2e-281  927.1 108.8   3.5e-169  558.0  32.1   20.4  6  NZ_CP136528.1_frame=3   Staphylococcus aureus strain BAA-1556
   2.7e-281  926.8 108.8   3.7e-169  557.9  32.1   12.4  7  NZ_CP029678.1_frame=3   Staphylococcus aureus strain AR_0216 
   7.1e-280  922.1 132.5   1.1e-171  566.2  32.8   19.7  9  NC_002953.3_frame=2     Staphylococcus aureus subsp. aureus M
   2.7e-259  854.4 164.2    5.6e-57  188.9  14.7   24.6 11  NC_017338.2_frame=3     Staphylococcus aureus subsp. aureus J
   5.3e-245  807.4  90.5   1.1e-148  490.6  24.0   13.4  5  NC_002952.2_frame=3     Staphylococcus aureus subsp. aureus M
     3e-211  696.3  66.6   1.5e-150  496.7  24.1   13.8  7  NZ_CP011877.1_frame=-1  Staphylococcus aureus strain 12S01032
   4.7e-194  639.8 118.5    1.9e-57  190.4  14.3   17.2  9  NC_002953.3_frame=1     Staphylococcus aureus subsp. aureus M
   1.5e-184  608.5  70.1   1.1e-119  395.1  16.0   12.5  7  NC_017338.2_frame=1     Staphylococcus aureus subsp. aureus J
   1.6e-141  467.0  92.0      6e-57  188.8  21.0    9.8  7  NZ_CP136528.1_frame=2   Staphylococcus aureus strain BAA-1556
   2.5e-121  400.5  55.8      1e-42  142.0   7.1    8.8  4  NZ_LR134284.1_frame=2   Streptococcus pyogenes strain NCTC823
     6e-108  356.5  85.1    5.7e-42  139.5  15.6    4.7  3  NZ_LS483357.1_frame=1   Streptococcus pyogenes strain NCTC832
    2.1e-74  246.2  53.6    1.1e-41  138.6  15.4    3.4  2  NZ_CP155738.1_frame=3   Streptococcus pyogenes strain 1510/08
    5.9e-72  238.2  25.1    5.4e-40  133.0  10.4    4.2  2  NZ_CP118481.1_frame=1   Streptococcus pyogenes strain 2018532
    3.1e-69  229.2  27.7    4.2e-42  139.9   7.6    8.0  2  NZ_CP118481.1_frame=2   Streptococcus pyogenes strain 2018532
    3.5e-65  215.9  24.5    6.9e-39  129.4   7.6    4.0  2  NZ_CP134538.1_frame=-2  Streptococcus equi subsp. equi strain
      1e-61  204.4  37.3    3.8e-37  123.6   9.6    4.9  2  NZ_CP070994.1_frame=-3  Streptococcus pyogenes strain M11318 
    1.1e-60  201.1  36.9    2.3e-34  114.5  11.6    5.1  2  NZ_CP134538.1_frame=-3  Streptococcus equi subsp. equi strain
    6.8e-50  165.6  26.6      6e-40  132.9  10.3    4.8  2  NZ_AP023388.1_frame=1   Streptococcus pyogenes strain NIH35 c
    1.6e-49  164.4  26.4    1.4e-39  131.7  10.1    5.9  2  NZ_AP023389.1_frame=3   Streptococcus pyogenes strain KUN-001
    3.9e-48  159.8  27.3    1.4e-38  128.3  10.8    4.3  2  NZ_CP051138.1_frame=1   Streptococcus pyogenes strain 4063-05
    5.8e-40  132.9   9.8    5.8e-40  132.9   9.8    3.4  1  NZ_AP023389.1_frame=2   Streptococcus pyogenes strain KUN-001
    8.7e-40  132.3  10.6    8.7e-40  132.3  10.6    3.7  1  NZ_CP035450.1_frame=2   Streptococcus pyogenes strain emm93.4
    3.5e-38  127.0   6.8    3.5e-38  127.0   6.8    4.3  1  NZ_CP051138.1_frame=3   Streptococcus pyogenes strain 4063-05
    5.1e-18   60.7   6.5    5.1e-18   60.7   6.5    6.5  1  NZ_CP167001.1_frame=-3  Streptococcus pyogenes strain Isolate


Domain annotation for each sequence:
>> NC_002745.2_frame=2  Staphylococcus aureus subsp. aureus N315, complete sequence
   #    score  bias  c-Evalue  i-Evalue hmmfrom  hmm to    alifrom  ali to    envfrom  env to     acc
 ---   ------ ----- --------- --------- ------- -------    ------- -------    ------- -------    ----
   1 !  568.7  31.6  1.3e-173  1.8e-172       1     356 []  147685  148040 ..  147685  148040 .. 1.00
   2 !  420.4  18.4  1.7e-128  2.3e-127       1     356 []  148163  148454 ..  148163  148454 .. 0.97
   3 !   39.2   4.2   1.3e-12   1.8e-11       1      42 [.  148577  148618 ..  148577  148620 .. 0.96
   4 !  187.4  15.0   1.1e-57   1.6e-56     156     355 ..  148608  148809 ..  148607  148810 .. 0.96
   5 !   38.7   0.8   1.8e-12   2.5e-11       1      39 [.  149305  149343 ..  149305  149347 .. 0.95
   6 !  191.9  15.0     5e-59   6.9e-58     165     356 .]  149344  149536 ..  149340  149536 .. 0.96
   7 !   38.1   3.7   2.8e-12   3.8e-11       1      41 [.  150018  150058 ..  150018  150061 .. 0.94
   8 !  158.9  18.3   5.3e-49   7.3e-48     158     356 .]  150048  150244 ..  150048  150244 .. 0.93
   9 !  116.1  14.5   5.6e-36   7.6e-35     170     352 ..  685751  685946 ..  685743  685948 .. 0.92

>> NZ_CP132371.1_frame=3  Staphylococcus aureus strain UNC_SA38 chromosome, complete genome
   #    score  bias  c-Evalue  i-Evalue hmmfrom  hmm to    alifrom  ali to    envfrom  env to     acc
 ---   ------ ----- --------- --------- ------- -------    ------- -------    ------- -------    ----
   1 !  568.5  31.1  1.6e-173  2.2e-172       1     356 []  889780  890135 ..  889780  890135 .. 1.00
   2 !  420.5  18.4  1.6e-128  2.2e-127       1     356 []  890258  890549 ..  890258  890549 .. 0.97
   3 !   39.2   4.2   1.3e-12   1.7e-11       1      42 [.  890672  890713 ..  890672  890715 .. 0.96
   4 !  187.5  15.0   1.1e-57   1.5e-56     156     355 ..  890703  890904 ..  890702  890905 .. 0.96
   5 !   38.8   0.8   1.7e-12   2.3e-11       1      39 [.  891400  891438 ..  891400  891442 .. 0.95
   6 !  191.9  15.0   4.7e-59   6.5e-58     165     356 .]  891439  891631 ..  891435  891631 .. 0.96
   7 !   38.2   3.7   2.6e-12   3.6e-11       1      41 [.  892113  892153 ..  892113  892156 .. 0.94
   8 !  159.0  18.3   5.1e-49     7e-48     158     356 .]  892143  892339 ..  892143  892339 .. 0.93

>> NC_007795.1_frame=1  Staphylococcus aureus subsp. aureus NCTC 8325 chromosome, complete genome
   #    score  bias  c-Evalue  i-Evalue hmmfrom  hmm to    alifrom  ali to    envfrom  env to     acc
 ---   ------ ----- --------- --------- ------- -------    ------- -------    ------- -------    ----
   1 !   41.4   2.0   2.9e-13   3.9e-12       1      40 [.  129432  129471 ..  129432  129472 .. 0.96
   2 !  171.9  16.6     6e-53   8.2e-52     166     356 .]  129468  129657 ..  129466  129657 .. 0.97
   3 !   35.6   0.9   1.6e-11   2.2e-10       1      33 [.  129754  129786 ..  129754  129788 .. 0.98
   4 !  212.1  18.0   3.5e-65   4.8e-64     163     354 ..  129789  129980 ..  129785  129981 .. 0.98
   5 !  457.2  20.6  1.1e-139  1.5e-138       1     356 []  130561  130868 ..  130561  130868 .. 0.99
   6 !   39.4   5.9   1.2e-12   1.6e-11       1      42 [.  130991  131032 ..  130991  131033 .. 0.96
   7 !  187.6  16.1   9.8e-58   1.3e-56     156     355 ..  131022  131223 ..  131021  131224 .. 0.96
   8 !   35.0   4.7   2.5e-11   3.5e-10       1      38 [.  132452  132489 ..  132452  132492 .. 0.92
   9 !  184.8  15.4     7e-57   9.6e-56     161     355 ..  132487  132682 ..  132484  132683 .. 0.96
  10 !   37.8   4.2   3.5e-12   4.8e-11       1      35 [.  134170  134204 ..  134170  134209 .. 0.92
  11 !  191.9  16.0   4.9e-59   6.8e-58     165     355 ..  134206  134394 ..  134203  134394 .. 0.96

>> NC_002953.3_frame=3  Staphylococcus aureus subsp. aureus MSSA476, complete sequence
   #    score  bias  c-Evalue  i-Evalue hmmfrom  hmm to    alifrom  ali to    envfrom  env to     acc
 ---   ------ ----- --------- --------- ------- -------    ------- -------    ------- -------    ----
   1 !  108.4  14.9   1.2e-33   1.6e-32     175     355 ..   20121   20311 ..   20100   20312 .. 0.93
   2 !   42.7   2.5   1.1e-13   1.6e-12       1      41 [.  142630  142670 ..  142630  142673 .. 0.95
   3 !  178.9  13.2   4.5e-55   6.2e-54     167     356 .]  142667  142855 ..  142664  142855 .. 0.96
   4 !   31.5   0.8   2.8e-10   3.8e-09       1      33 [.  142952  142984 ..  142952  142987 .. 0.98
   5 !  211.0  17.0   7.6e-65     1e-63     163     355 ..  142987  143179 ..  142983  143180 .. 0.98
   6 !  441.9  20.5  4.8e-135  6.6e-134       1     356 []  143759  144073 ..  143759  144073 .. 0.97
   7 !   39.2   4.2   1.3e-12   1.8e-11       1      42 [.  144196  144237 ..  144196  144239 .. 0.96
   8 !  186.3  15.4   2.6e-57   3.5e-56     156     355 ..  144227  144428 ..  144226  144429 .. 0.96
   9 !   38.4   4.1   2.3e-12   3.1e-11       1      40 [.  147395  147434 ..  147395  147437 .. 0.90
  10 !  180.8  17.1   1.2e-55   1.6e-54     164     355 ..  147433  147624 ..  147427  147624 .. 0.94
  11 !  115.9  17.7   6.2e-36   8.5e-35     160     352 ..  688734  688939 ..  688730  688941 .. 0.90

>> NZ_CP011877.1_frame=-2  Staphylococcus aureus strain 12S01032 chromosome, complete genome
   #    score  bias  c-Evalue  i-Evalue hmmfrom  hmm to    alifrom  ali to    envfrom  env to     acc
 ---   ------ ----- --------- --------- ------- -------    ------- -------    ------- -------    ----
   1 !   41.1   2.4   3.4e-13   4.7e-12       1      40 [.  757121  757160 ..  757121  757161 .. 0.96
   2 !  176.7  19.1     2e-54   2.8e-53     166     356 .]  757157  757346 ..  757155  757346 .. 0.97
   3 !  464.3  17.8  7.6e-142    1e-140       1     355 [.  758231  758544 ..  758231  758545 .. 0.99
   4 !   43.0   4.5   9.1e-14   1.2e-12       1      42 [.  758669  758710 ..  758669  758712 .. 0.96
   5 !  186.9  15.7   1.6e-57   2.2e-56     160     355 ..  758704  758901 ..  758702  758902 .. 0.96
   6 !   35.0   7.2   2.4e-11   3.3e-10       1      38 [.  759398  759435 ..  759398  759438 .. 0.92
   7 !  178.2  16.6     7e-55   9.6e-54     160     355 ..  759432  759628 ..  759429  759629 .. 0.97
   8 !   30.7   5.3   4.9e-10   6.7e-09       1      41 [.  759753  759793 ..  759753  759795 .. 0.94
   9 !  168.5  13.3   6.2e-52   8.5e-51     164     356 .]  759790  759979 ..  759786  759979 .. 0.94
  10 !   37.7   4.4   3.7e-12   5.1e-11       1      35 [.  761111  761145 ..  761111  761150 .. 0.92
  11 !  189.2  12.1   3.2e-58   4.4e-57     165     355 ..  761147  761336 ..  761144  761336 .. 0.97

>> NZ_LR134090.1_frame=1  Staphylococcus aureus strain NCTC9555 chromosome 1, complete sequence
   #    score  bias  c-Evalue  i-Evalue hmmfrom  hmm to    alifrom  ali to    envfrom  env to     acc
 ---   ------ ----- --------- --------- ------- -------    ------- -------    ------- -------    ----
   1 !  563.5  32.3  5.3e-172  7.3e-171       1     356 []  150420  150775 ..  150420  150775 .. 1.00
   2 !   31.7   5.6   2.4e-10   3.3e-09       1      35 [.  151712  151746 ..  151712  151749 .. 0.94
   3 !  187.9  20.0     8e-58   1.1e-56     160     355 ..  151743  151939 ..  151741  151940 .. 0.97
   4 !   36.2   0.8   1.1e-11   1.5e-10       1      39 [.  152430  152468 ..  152430  152472 .. 0.95
   5 !  191.0  14.5   9.3e-59   1.3e-57     165     356 .]  152469  152661 ..  152465  152661 .. 0.96
   6 !   38.1   4.7   2.8e-12   3.8e-11       1      37 [.  154501  154537 ..  154501  154541 .. 0.92
   7 !  173.9  22.7   1.5e-53     2e-52     165     355 ..  154537  154727 ..  154533  154727 .. 0.94
   8 !  132.3   4.8   6.6e-41   9.1e-40     141     355 ..  594912  595129 ..  594904  595130 .. 0.94
   9 !  135.0   9.0   9.7e-42   1.3e-40     144     355 ..  595187  595403 ..  595171  595404 .. 0.92
  10 ?   -2.7   0.1       7.1        98     285     304 ..  749351  749370 ..  749351  749384 .. 0.83

>> NZ_CP113052.1_frame=2  Staphylococcus aureus strain Fizz chromosome, complete genome
   #    score  bias  c-Evalue  i-Evalue hmmfrom  hmm to    alifrom  ali to    envfrom  env to     acc
 ---   ------ ----- --------- --------- ------- -------    ------- -------    ------- -------    ----
   1 !   41.4   2.0   2.8e-13   3.8e-12       1      40 [.  460383  460422 ..  460383  460423 .. 0.96
   2 !  171.9  16.6   5.8e-53   7.9e-52     166     356 .]  460419  460608 ..  460417  460608 .. 0.97
   3 !   35.6   0.9   1.6e-11   2.2e-10       1      33 [.  460705  460737 ..  460705  460739 .. 0.98
   4 !  212.2  18.0   3.4e-65   4.6e-64     163     354 ..  460740  460931 ..  460736  460932 .. 0.98
   5 !  468.8  22.2  3.2e-143  4.3e-142       1     356 []  461508  461832 ..  461508  461832 .. 0.98
   6 !   39.4   5.9   1.1e-12   1.5e-11       1      42 [.  461955  461996 ..  461955  461997 .. 0.96
   7 !  187.7  16.1   9.5e-58   1.3e-56     156     355 ..  461986  462187 ..  461985  462188 .. 0.96
   8 !   35.0   4.7   2.4e-11   3.4e-10       1      38 [.  463416  463453 ..  463416  463456 .. 0.92
   9 !  184.9  15.4   6.7e-57   9.3e-56     161     355 ..  463451  463646 ..  463448  463647 .. 0.96
  10 !   37.6   4.3     4e-12   5.5e-11       1      34 [.  465134  465167 ..  465134  465172 .. 0.93
  11 !   33.3   0.9   8.2e-11   1.1e-09     165     240 ..  465170  465239 ..  465167  465245 .. 0.92

>> NZ_LR134090.1_frame=2  Staphylococcus aureus strain NCTC9555 chromosome 1, complete sequence
   #    score  bias  c-Evalue  i-Evalue hmmfrom  hmm to    alifrom  ali to    envfrom  env to     acc
 ---   ------ ----- --------- --------- ------- -------    ------- -------    ------- -------    ----
   1 !   60.7   2.2   3.8e-19   5.2e-18     271     355 ..  136387  136472 ..  136370  136472 .. 0.90
   2 !   35.7   0.9   1.5e-11   2.1e-10       1      33 [.  150091  150123 ..  150091  150126 .. 0.98
   3 !  209.7  16.4   1.9e-64   2.6e-63     163     355 ..  150126  150318 ..  150122  150319 .. 0.98
   4 !  445.3  23.2  4.6e-136  6.3e-135       1     356 []  150898  151210 ..  150898  151210 .. 0.99
   5 !   43.7   5.2   5.7e-14   7.9e-13       1      42 [.  151333  151374 ..  151333  151376 .. 0.96
   6 !  179.6  16.6   2.6e-55   3.6e-54     156     355 ..  151364  151565 ..  151363  151566 .. 0.94
   7 !   36.6   3.3   8.2e-12   1.1e-10       2      38 ..  152085  152121 ..  152084  152124 .. 0.94
   8 !  172.8  13.3   3.1e-53   4.3e-52     158     355 ..  152116  152311 ..  152115  152312 .. 0.98
   9 !   36.8   3.5   6.8e-12   9.3e-11       1      41 [.  153143  153183 ..  153143  153184 .. 0.96
  10 !  159.3  17.7   3.9e-49   5.4e-48     164     356 .]  153178  153367 ..  153174  153367 .. 0.94
  11 ?    1.9   1.4      0.28       3.8       1      47 [.  319371  319413 ..  319371  319435 .. 0.78
  12 ?    1.0   0.5      0.52       7.2     307     356 .]  319456  319512 ..  319452  319512 .. 0.82
  13 !   91.3  16.0   1.9e-28   2.6e-27     179     352 ..  433999  434179 ..  433977  434181 .. 0.87

>> NZ_CP136528.1_frame=1  Staphylococcus aureus strain BAA-1556_Catania chromosome, complete genome
   #    score  bias  c-Evalue  i-Evalue hmmfrom  hmm to    alifrom  ali to    envfrom  env to     acc
 ---   ------ ----- --------- --------- ------- -------    ------- -------    ------- -------    ----
   1 !   41.4   2.0   2.8e-13   3.8e-12       1      40 [.  148906  148945 ..  148906  148946 .. 0.96
   2 !  171.9  16.6   5.8e-53   7.9e-52     166     356 .]  148942  149131 ..  148940  149131 .. 0.97
   3 !   35.6   0.9   1.6e-11   2.2e-10       1      33 [.  149228  149260 ..  149228  149262 .. 0.98
   4 !  212.2  18.0   3.4e-65   4.6e-64     163     354 ..  149263  149454 ..  149259  149455 .. 0.98
   5 !  458.5  20.4  4.3e-140    6e-139       1     356 []  150031  150338 ..  150031  150338 .. 0.99
   6 !   39.4   5.9   1.1e-12   1.5e-11       1      42 [.  150461  150502 ..  150461  150503 .. 0.96
   7 !  187.7  16.1   9.5e-58   1.3e-56     156     355 ..  150492  150693 ..  150491  150694 .. 0.96
   8 !   35.0   4.7   2.5e-11   3.4e-10       1      38 [.  151922  151959 ..  151922  151962 .. 0.92
   9 !  184.9  15.4   6.8e-57   9.3e-56     161     355 ..  151957  152152 ..  151954  152153 .. 0.96
  10 !   37.6   4.3     4e-12   5.5e-11       1      34 [.  153640  153673 ..  153640  153678 .. 0.93
  11 !   33.3   0.9   8.2e-11   1.1e-09     165     240 ..  153676  153745 ..  153673  153751 .. 0.92
  12 ?    4.4   0.6      0.05      0.68     271     355 ..  782824  782909 ..  782770  782910 .. 0.85

>> NZ_CP029678.1_frame=1  Staphylococcus aureus strain AR_0216 chromosome, complete genome
   #    score  bias  c-Evalue  i-Evalue hmmfrom  hmm to    alifrom  ali to    envfrom  env to     acc
 ---   ------ ----- --------- --------- ------- -------    ------- -------    ------- -------    ----
   1 !   41.3   2.0   2.9e-13     4e-12       1      40 [.  148323  148362 ..  148323  148363 .. 0.96
   2 !  171.8  16.6   6.1e-53   8.4e-52     166     356 .]  148359  148548 ..  148357  148548 .. 0.97
   3 !   35.5   0.9   1.7e-11   2.3e-10       1      33 [.  148645  148677 ..  148645  148679 .. 0.98
   4 !  212.1  18.0   3.6e-65   4.9e-64     163     354 ..  148680  148871 ..  148676  148872 .. 0.98
   5 !  458.4  20.4  4.6e-140  6.3e-139       1     356 []  149448  149755 ..  149448  149755 .. 0.99
   6 !   39.3   5.9   1.2e-12   1.6e-11       1      42 [.  149878  149919 ..  149878  149920 .. 0.96
   7 !  187.6  16.1     1e-57   1.4e-56     156     355 ..  149909  150110 ..  149908  150111 .. 0.96
   8 !   34.9   4.7   2.6e-11   3.6e-10       1      38 [.  151339  151376 ..  151339  151379 .. 0.92
   9 !  184.8  15.4   7.2e-57   9.9e-56     161     355 ..  151374  151569 ..  151371  151570 .. 0.96
  10 !   37.5   4.3   4.2e-12   5.8e-11       1      34 [.  153057  153090 ..  153057  153095 .. 0.93
  11 !   33.2   0.9   8.7e-11   1.2e-09     165     240 ..  153093  153162 ..  153090  153168 .. 0.92

>> NC_002952.2_frame=1  Staphylococcus aureus subsp. aureus MRSA252, complete sequence
   #    score  bias  c-Evalue  i-Evalue hmmfrom  hmm to    alifrom  ali to    envfrom  env to     acc
 ---   ------ ----- --------- --------- ------- -------    ------- -------    ------- -------    ----
   1 !   40.8   2.4   4.1e-13   5.6e-12       1      40 [.  150854  150893 ..  150854  150894 .. 0.96
   2 !  172.3  13.5   4.5e-53   6.2e-52     167     356 .]  150891  151079 ..  150888  151079 .. 0.96
   3 !   39.8   0.4   8.5e-13   1.2e-11       1      39 [.  151175  151213 ..  151175  151215 .. 0.94
   4 !  211.6  12.8   5.1e-65     7e-64     159     356 .]  151206  151405 ..  151205  151405 .. 0.97
   5 !  428.9  17.3  4.4e-131  6.1e-130       1     356 []  151964  152267 ..  151964  152267 .. 0.98
   6 !   43.0   4.5   9.4e-14   1.3e-12       1      42 [.  152391  152432 ..  152391  152434 .. 0.96
   7 !  187.3  16.1   1.2e-57   1.7e-56     160     355 ..  152426  152623 ..  152424  152624 .. 0.96
   8 !   35.0   7.2   2.5e-11   3.4e-10       1      38 [.  153120  153157 ..  153120  153160 .. 0.92
   9 !  180.4  16.2   1.6e-55   2.1e-54     160     355 ..  153154  153350 ..  153151  153351 .. 0.97

>> NC_017338.2_frame=2  Staphylococcus aureus subsp. aureus JKD6159, complete sequence
   #    score  bias  c-Evalue  i-Evalue hmmfrom  hmm to    alifrom  ali to    envfrom  env to     acc
 ---   ------ ----- --------- --------- ------- -------    ------- -------    ------- -------    ----
   1 !   43.1   3.4   8.3e-14   1.1e-12       1      40 [.  141984  142023 ..  141984  142024 .. 0.96
   2 !  182.4  16.1   3.7e-56     5e-55     166     356 .]  142020  142209 ..  142018  142209 .. 0.97
   3 !   38.3   0.7   2.5e-12   3.4e-11       1      33 [.  142295  142327 ..  142295  142333 .. 0.96
   4 !  212.8  16.4   2.2e-65   3.1e-64     163     355 ..  142330  142522 ..  142326  142522 .. 0.98
   5 !  421.5  21.1  7.7e-129  1.1e-127       1     356 []  143024  143333 ..  143024  143333 .. 0.96
   6 !  180.6  16.6   1.3e-55   1.8e-54     168     355 ..  144946  145134 ..  144944  145135 .. 0.96
   7 !   38.0   4.3   2.9e-12     4e-11       1      41 [.  145256  145296 ..  145256  145299 .. 0.94
   8 !  170.5  16.2   1.6e-52   2.2e-51     160     356 .]  145288  145482 ..  145287  145482 .. 0.94

>> NC_017763.1_frame=3  Staphylococcus aureus subsp. aureus HO 5096 0412, complete sequence
   #    score  bias  c-Evalue  i-Evalue hmmfrom  hmm to    alifrom  ali to    envfrom  env to     acc
 ---   ------ ----- --------- --------- ------- -------    ------- -------    ------- -------    ----
   1 !   64.8   1.5   2.1e-20   2.8e-19     271     355 ..  129685  129770 ..  129668  129770 .. 0.90
   2 !  500.2  24.9  9.2e-153  1.3e-151       1     356 []  139207  139547 ..  139207  139547 .. 0.99
   3 !   38.1   3.0   2.8e-12   3.9e-11       1      42 [.  139671  139712 ..  139671  139713 .. 0.96
   4 !  185.9  14.4   3.3e-57   4.5e-56     157     355 ..  139703  139903 ..  139702  139904 .. 0.96
   5 !   37.5   4.0   4.4e-12     6e-11       1      38 [.  140055  140092 ..  140055  140095 .. 0.95
   6 !  173.2  12.1   2.4e-53   3.3e-52     157     355 ..  140086  140282 ..  140085  140283 .. 0.97
   7 !   37.7   4.3   3.6e-12     5e-11       1      35 [.  142143  142177 ..  142143  142182 .. 0.92
   8 !  168.5  20.5   6.3e-52   8.6e-51     165     355 ..  142179  142369 ..  142176  142370 .. 0.95
   9 ?   -2.8   4.4       7.5     1e+02       1      95 [.  629678  629753 ..  629678  629770 .. 0.53
  10 ?    1.0   3.3      0.54       7.5     276     355 ..  767778  767858 ..  767754  767859 .. 0.82

>> NC_007795.1_frame=3  Staphylococcus aureus subsp. aureus NCTC 8325 chromosome, complete genome
   #    score  bias  c-Evalue  i-Evalue hmmfrom  hmm to    alifrom  ali to    envfrom  env to     acc
 ---   ------ ----- --------- --------- ------- -------    ------- -------    ------- -------    ----
   1 !   65.4   1.3   1.4e-20   1.9e-19     271     355 ..  121405  121490 ..  121388  121490 .. 0.90
   2 !  575.4  31.8  1.3e-175  1.7e-174       1     356 []  130082  130437 ..  130082  130437 .. 1.00
   3 !   37.4   0.6   4.6e-12   6.3e-11       1      39 [.  132092  132130 ..  132092  132134 .. 0.95
   4 !  191.9  15.0     5e-59   6.9e-58     165     356 .]  132131  132323 ..  132127  132323 .. 0.96
   5 !   38.1   3.7   2.8e-12   3.8e-11       1      41 [.  132806  132846 ..  132806  132849 .. 0.94
   6 !  158.9  18.3   5.4e-49   7.4e-48     158     356 .]  132836  133032 ..  132836  133032 .. 0.93
   7 ?    1.0   1.2      0.55       7.5       1      47 [.  296658  296700 ..  296658  296721 .. 0.78
   8 ?    1.0   0.5      0.54       7.4     307     356 .]  296743  296799 ..  296739  296799 .. 0.82
   9 ?    4.3   0.6     0.051       0.7     271     355 ..  763232  763317 ..  763178  763318 .. 0.85

>> NC_002745.2_frame=3  Staphylococcus aureus subsp. aureus N315, complete sequence
   #    score  bias  c-Evalue  i-Evalue hmmfrom  hmm to    alifrom  ali to    envfrom  env to     acc
 ---   ------ ----- --------- --------- ------- -------    ------- -------    ------- -------    ----
   1 !   42.2   2.3   1.6e-13   2.2e-12       1      40 [.  147034  147073 ..  147034  147074 .. 0.96
   2 !  179.0  15.9   4.2e-55   5.8e-54     166     356 .]  147070  147259 ..  147068  147259 .. 0.97
   3 !   35.7   0.9   1.5e-11   2.1e-10       1      33 [.  147356  147388 ..  147356  147391 .. 0.98
   4 !  209.7  16.4     2e-64   2.7e-63     163     355 ..  147391  147583 ..  147387  147584 .. 0.98
   5 !   40.6   3.3   4.7e-13   6.5e-12       1      38 [.  148960  148997 ..  148960  149001 .. 0.95
   6 !  173.6  17.6   1.8e-53   2.5e-52     158     355 ..  148992  149187 ..  148991  149188 .. 0.98
   7 !   31.7   4.8   2.5e-10   3.4e-09       1      38 [.  149663  149700 ..  149663  149703 .. 0.92
   8 !  185.4  16.2   4.8e-57   6.5e-56     161     355 ..  149698  149893 ..  149695  149894 .. 0.96
   9 !   37.6   4.4   3.9e-12   5.4e-11       1      35 [.  151381  151415 ..  151381  151420 .. 0.92
  10 !  178.3  16.6   6.8e-55   9.4e-54     165     355 ..  151417  151607 ..  151414  151607 .. 0.94
  11 ?    4.2   1.6     0.055      0.76       1      47 [.  317993  318035 ..  317993  318057 .. 0.78
  12 ?    1.0   0.5      0.53       7.3     307     356 .]  318078  318134 ..  318074  318134 .. 0.82
  13 ?    1.0   3.4      0.54       7.5     274     355 ..  759476  759558 ..  759455  759559 .. 0.81

>> NZ_CP132371.1_frame=1  Staphylococcus aureus strain UNC_SA38 chromosome, complete genome
   #    score  bias  c-Evalue  i-Evalue hmmfrom  hmm to    alifrom  ali to    envfrom  env to     acc
 ---   ------ ----- --------- --------- ------- -------    ------- -------    ------- -------    ----
   1 ?    1.0   3.4      0.51       7.1     274     355 ..  569035  569117 ..  569014  569118 .. 0.81
   2 !   65.1   1.8   1.7e-20   2.3e-19     271     355 ..  881097  881182 ..  881080  881182 .. 0.90
   3 !   42.3   2.3   1.5e-13   2.1e-12       1      40 [.  889130  889169 ..  889130  889170 .. 0.96
   4 !  179.0  15.9     4e-55   5.5e-54     166     356 .]  889166  889355 ..  889164  889355 .. 0.97
   5 !   35.8   0.9   1.5e-11     2e-10       1      33 [.  889452  889484 ..  889452  889487 .. 0.98
   6 !  209.7  16.4   1.9e-64   2.5e-63     163     355 ..  889487  889679 ..  889483  889680 .. 0.98
   7 !   40.7   3.3   4.5e-13   6.2e-12       1      38 [.  891056  891093 ..  891056  891097 .. 0.95
   8 !  173.7  17.6   1.7e-53   2.3e-52     158     355 ..  891088  891283 ..  891087  891284 .. 0.98
   9 !   31.8   4.8   2.3e-10   3.2e-09       1      38 [.  891759  891796 ..  891759  891799 .. 0.92
  10 !  185.4  16.2   4.5e-57   6.2e-56     161     355 ..  891794  891989 ..  891791  891990 .. 0.96
  11 !   37.7   4.4   3.7e-12   5.1e-11       1      35 [.  893477  893511 ..  893477  893516 .. 0.92
  12 !  178.3  16.6   6.5e-55   8.9e-54     165     355 ..  893513  893703 ..  893510  893703 .. 0.94

>> NZ_CP113052.1_frame=1  Staphylococcus aureus strain Fizz chromosome, complete genome
   #    score  bias  c-Evalue  i-Evalue hmmfrom  hmm to    alifrom  ali to    envfrom  env to     acc
 ---   ------ ----- --------- --------- ------- -------    ------- -------    ------- -------    ----
   1 ?    4.4   0.6     0.049      0.68     271     355 ..  135307  135392 ..  135253  135393 .. 0.85
   2 !   65.5   1.3   1.3e-20   1.8e-19     271     355 ..  452357  452442 ..  452340  452442 .. 0.90
   3 !  558.0  32.1  2.5e-170  3.5e-169       1     356 []  461034  461385 ..  461034  461385 .. 1.00
   4 !   37.5   0.6   4.4e-12   6.1e-11       1      39 [.  463057  463095 ..  463057  463099 .. 0.95
   5 !  191.9  15.0   4.9e-59   6.7e-58     165     356 .]  463096  463288 ..  463092  463288 .. 0.96
   6 !   38.2   3.7   2.7e-12   3.7e-11       1      41 [.  463771  463811 ..  463771  463814 .. 0.94
   7 !  158.9  18.3   5.2e-49   7.1e-48     158     356 .]  463801  463997 ..  463801  463997 .. 0.93

>> NZ_CP136528.1_frame=3  Staphylococcus aureus strain BAA-1556_Catania chromosome, complete genome
   #    score  bias  c-Evalue  i-Evalue hmmfrom  hmm to    alifrom  ali to    envfrom  env to     acc
 ---   ------ ----- --------- --------- ------- -------    ------- -------    ------- -------    ----
   1 !   65.5   1.3   1.3e-20   1.9e-19     271     355 ..  140879  140964 ..  140862  140964 .. 0.90
   2 !  558.0  32.1  2.5e-170  3.5e-169       1     356 []  149556  149907 ..  149556  149907 .. 1.00
   3 !   37.4   0.6   4.4e-12   6.1e-11       1      39 [.  151562  151600 ..  151562  151604 .. 0.95
   4 !  191.9  15.0   4.9e-59   6.7e-58     165     356 .]  151601  151793 ..  151597  151793 .. 0.96
   5 !   38.1   3.7   2.7e-12   3.7e-11       1      41 [.  152276  152316 ..  152276  152319 .. 0.94
   6 !  158.9  18.3   5.2e-49   7.2e-48     158     356 .]  152306  152502 ..  152306  152502 .. 0.93

>> NZ_CP029678.1_frame=3  Staphylococcus aureus strain AR_0216 chromosome, complete genome
   #    score  bias  c-Evalue  i-Evalue hmmfrom  hmm to    alifrom  ali to    envfrom  env to     acc
 ---   ------ ----- --------- --------- ------- -------    ------- -------    ------- -------    ----
   1 !   65.4   1.3   1.4e-20     2e-19     271     355 ..  140296  140381 ..  140279  140381 .. 0.90
   2 !  557.9  32.1  2.7e-170  3.7e-169       1     356 []  148973  149324 ..  148973  149324 .. 1.00
   3 !   37.4   0.6   4.7e-12   6.5e-11       1      39 [.  150979  151017 ..  150979  151021 .. 0.95
   4 !  191.8  15.0   5.2e-59   7.1e-58     165     356 .]  151018  151210 ..  151014  151210 .. 0.96
   5 !   38.1   3.7   2.9e-12   3.9e-11       1      41 [.  151693  151733 ..  151693  151736 .. 0.94
   6 !  158.8  18.3   5.5e-49   7.6e-48     158     356 .]  151723  151919 ..  151723  151919 .. 0.93
   7 ?    4.3   0.6     0.053      0.72     271     355 ..  796892  796977 ..  796838  796978 .. 0.85

>> NC_002953.3_frame=2  Staphylococcus aureus subsp. aureus MSSA476, complete sequence
   #    score  bias  c-Evalue  i-Evalue hmmfrom  hmm to    alifrom  ali to    envfrom  env to     acc
 ---   ------ ----- --------- --------- ------- -------    ------- -------    ------- -------    ----
   1 !   33.2   9.6   8.4e-11   1.2e-09     256     351 ..   20461   20555 ..   20460   20566 .. 0.89
   2 !   65.1   2.0   1.7e-20   2.4e-19     271     355 ..  131289  131374 ..  131269  131374 .. 0.89
   3 !  566.2  32.8  8.1e-173  1.1e-171       1     356 []  143281  143636 ..  143281  143636 .. 1.00
   4 !   34.9   3.7   2.5e-11   3.5e-10       2      38 ..  144954  144990 ..  144953  144993 .. 0.94
   5 !  175.1  14.2   6.4e-54   8.8e-53     158     355 ..  144985  145180 ..  144984  145181 .. 0.98
   6 !   37.6   4.4   3.9e-12   5.3e-11       1      41 [.  146009  146049 ..  146009  146052 .. 0.94
   7 !  158.9  18.3   5.2e-49   7.2e-48     158     356 .]  146039  146235 ..  146039  146235 .. 0.93
   8 ?    1.0   1.2      0.53       7.3       1      47 [.  312639  312681 ..  312639  312702 .. 0.78
   9 ?    1.0   0.5      0.52       7.1     307     356 .]  312724  312780 ..  312720  312780 .. 0.82

>> NC_017338.2_frame=3  Staphylococcus aureus subsp. aureus JKD6159, complete sequence
   #    score  bias  c-Evalue  i-Evalue hmmfrom  hmm to    alifrom  ali to    envfrom  env to     acc
 ---   ------ ----- --------- --------- ------- -------    ------- -------    ------- -------    ----
   1 !  147.2   8.7   1.9e-45   2.6e-44     147     352 ..   25659   25883 ..   25656   25885 .. 0.94
   2 !   41.8   3.7   2.2e-13     3e-12       1      41 [.  143456  143496 ..  143456  143497 .. 0.96
   3 !  188.9  14.7   4.1e-58   5.6e-57     157     355 ..  143488  143688 ..  143487  143689 .. 0.96
   4 !   39.9   4.1   7.9e-13   1.1e-11       1      38 [.  144208  144245 ..  144208  144249 .. 0.95
   5 !  176.1  15.0   3.1e-54   4.3e-53     158     355 ..  144240  144435 ..  144239  144436 .. 0.98
   6 !   37.9   4.0   3.2e-12   4.4e-11       1      39 [.  144550  144588 ..  144550  144593 .. 0.94
   7 !  187.4  16.2   1.1e-57   1.5e-56     165     356 .]  144589  144781 ..  144585  144781 .. 0.96
   8 !   40.4   2.3   5.4e-13   7.5e-12       1      39 [.  144908  144946 ..  144908  144958 .. 0.91
   9 !   38.4   4.0   2.3e-12   3.1e-11       1      40 [.  146658  146697 ..  146658  146700 .. 0.90
  10 !  179.9  20.4   2.1e-55   2.9e-54     164     355 ..  146696  146887 ..  146690  146888 .. 0.96
  11 ?    0.5   2.6      0.78        11       1     102 [.  628600  628682 ..  628600  628709 .. 0.64

>> NC_002952.2_frame=3  Staphylococcus aureus subsp. aureus MRSA252, complete sequence
   #    score  bias  c-Evalue  i-Evalue hmmfrom  hmm to    alifrom  ali to    envfrom  env to     acc
 ---   ------ ----- --------- --------- ------- -------    ------- -------    ------- -------    ----
   1 !  490.6  24.0  7.8e-150  1.1e-148       1     356 []  151504  151844 ..  151504  151844 .. 0.99
   2 !   37.6   3.5   3.9e-12   5.4e-11       1      38 [.  152774  152811 ..  152774  152815 .. 0.95
   3 !  172.2  11.8   4.9e-53   6.7e-52     157     355 ..  152805  153001 ..  152804  153002 .. 0.97
   4 !   35.0   5.4   2.5e-11   3.4e-10       1      41 [.  153473  153513 ..  153473  153515 .. 0.95
   5 !  171.8  13.9   6.3e-53   8.6e-52     160     356 .]  153505  153699 ..  153504  153699 .. 0.93

>> NZ_CP011877.1_frame=-1  Staphylococcus aureus strain 12S01032 chromosome, complete genome
   #    score  bias  c-Evalue  i-Evalue hmmfrom  hmm to    alifrom  ali to    envfrom  env to     acc
 ---   ------ ----- --------- --------- ------- -------    ------- -------    ------- -------    ----
   1 ?   -1.9   2.1         4        56       1      75 [.  287559  287614 ..  287559  287648 .. 0.53
   2 !   64.3   2.1   3.1e-20   4.2e-19     273     355 ..  748637  748720 ..  748632  748720 .. 0.93
   3 !  496.7  24.1  1.1e-151  1.5e-150       1     356 []  757772  758112 ..  757772  758112 .. 0.99
   4 !   37.2   4.2   5.2e-12   7.2e-11       1      38 [.  759053  759090 ..  759053  759093 .. 0.95
   5 !  172.6  12.6   3.5e-53   4.9e-52     157     355 ..  759084  759280 ..  759083  759281 .. 0.97
   6 ?    1.5   1.1      0.36         5       1      47 [.  934164  934206 ..  934164  934227 .. 0.76
   7 ?    1.0   0.5      0.52       7.1     307     356 .]  934249  934305 ..  934245  934305 .. 0.82

>> NC_002953.3_frame=1  Staphylococcus aureus subsp. aureus MSSA476, complete sequence
   #    score  bias  c-Evalue  i-Evalue hmmfrom  hmm to    alifrom  ali to    envfrom  env to     acc
 ---   ------ ----- --------- --------- ------- -------    ------- -------    ------- -------    ----
   1 !   13.9   0.6   6.2e-05   0.00085     221     262 ..   20420   20466 ..   20417   20469 .. 0.92
   2 !   31.5   5.2   2.8e-10   3.8e-09       1      35 [.  144580  144614 ..  144580  144617 .. 0.94
   3 !  184.9  17.9   6.8e-57   9.3e-56     160     355 ..  144611  144808 ..  144610  144809 .. 0.96
   4 !   38.8   0.8   1.8e-12   2.4e-11       1      39 [.  145298  145336 ..  145298  145340 .. 0.95
   5 !  190.4  14.3   1.4e-58   1.9e-57     165     356 .]  145337  145529 ..  145333  145529 .. 0.96
   6 !   34.9   3.9   2.7e-11   3.7e-10       1      38 [.  145657  145694 ..  145657  145697 .. 0.92
   7 !  185.0  14.1   6.3e-57   8.7e-56     161     355 ..  145692  145887 ..  145689  145888 .. 0.96
   8 !  122.6  15.8   5.6e-38   7.7e-37     168     352 ..  688493  688689 ..  688482  688691 .. 0.94
   9 ?    1.0   3.4      0.53       7.3     274     355 ..  758773  758855 ..  758752  758856 .. 0.81

>> NC_017338.2_frame=1  Staphylococcus aureus subsp. aureus JKD6159, complete sequence
   #    score  bias  c-Evalue  i-Evalue hmmfrom  hmm to    alifrom  ali to    envfrom  env to     acc
 ---   ------ ----- --------- --------- ------- -------    ------- -------    ------- -------    ----
   1 !   64.3   2.7     3e-20   4.1e-19     272     355 ..  132368  132452 ..  132351  132452 .. 0.92
   2 !  395.1  16.0    8e-121  1.1e-119       1     356 []  142623  142903 ..  142623  142903 .. 0.97
   3 !   34.1   6.1   4.5e-11   6.2e-10       1      34 [.  143840  143873 ..  143840  143876 .. 0.95
   4 !  189.4  21.6   2.9e-58   3.9e-57     160     355 ..  143871  144067 ..  143869  144068 .. 0.97
   5 ?    1.9   1.4      0.28       3.8       1      47 [.  312095  312137 ..  312095  312158 .. 0.78
   6 ?    1.0   0.5      0.53       7.3     307     356 .]  312180  312236 ..  312176  312236 .. 0.82
   7 ?    0.5   5.0      0.74        10     271     355 ..  764497  764582 ..  764478  764583 .. 0.83

>> NZ_CP136528.1_frame=2  Staphylococcus aureus strain BAA-1556_Catania chromosome, complete genome
   #    score  bias  c-Evalue  i-Evalue hmmfrom  hmm to    alifrom  ali to    envfrom  env to     acc
 ---   ------ ----- --------- --------- ------- -------    ------- -------    ------- -------    ----
   1 !   31.7   5.6   2.4e-10   3.3e-09       1      35 [.  150844  150878 ..  150844  150881 .. 0.94
   2 !  188.8  21.0   4.3e-58     6e-57     160     355 ..  150875  151071 ..  150873  151072 .. 0.97
   3 !   34.9   3.8   2.7e-11   3.7e-10       2      38 ..  151217  151253 ..  151216  151256 .. 0.94
   4 !  181.5  17.6   7.2e-56   9.9e-55     158     356 .]  151248  151444 ..  151247  151444 .. 0.98
   5 !  130.1  12.1     3e-40   4.1e-39     244     355 ..  153747  153862 ..  153744  153862 .. 0.96
   6 ?    1.0   1.2      0.53       7.3       1      47 [.  329856  329898 ..  329856  329919 .. 0.78
   7 ?    1.0   0.5      0.52       7.1     307     356 .]  329941  329997 ..  329937  329997 .. 0.82

>> NZ_LR134284.1_frame=2  Streptococcus pyogenes strain NCTC8232 chromosome 1, complete sequence
   #    score  bias  c-Evalue  i-Evalue hmmfrom  hmm to    alifrom  ali to    envfrom  env to     acc
 ---   ------ ----- --------- --------- ------- -------    ------- -------    ------- -------    ----
   1 !  142.0   7.1   7.5e-44     1e-42     146     352 ..  339727  339940 ..  339723  339943 .. 0.93
   2 !  141.6   6.9   9.6e-44   1.3e-42     144     352 ..  371186  371401 ..  371168  371404 .. 0.91
   3 !   61.5   8.6   2.1e-19   2.9e-18     270     353 ..  391649  391736 ..  391639  391737 .. 0.91
   4 !  128.6   9.3   8.3e-40   1.1e-38     169     353 ..  576686  576876 ..  576682  576877 .. 0.97

>> NZ_LS483357.1_frame=1  Streptococcus pyogenes strain NCTC8326 chromosome 1, complete sequence
   #    score  bias  c-Evalue  i-Evalue hmmfrom  hmm to    alifrom  ali to    envfrom  env to     acc
 ---   ------ ----- --------- --------- ------- -------    ------- -------    ------- -------    ----
   1 !  127.0   6.8   2.6e-39   3.5e-38     148     350 ..  219391  219609 ..  219383  219612 .. 0.87
   2 !  139.5  15.6   4.2e-43   5.7e-42     153     353 ..  430319  430521 ..  430316  430531 .. 0.93
   3 !  128.3  10.8     1e-39   1.4e-38     169     353 ..  567808  567998 ..  567804  567999 .. 0.97

>> NZ_CP155738.1_frame=3  Streptococcus pyogenes strain 1510/08 chromosome, complete genome
   #    score  bias  c-Evalue  i-Evalue hmmfrom  hmm to    alifrom  ali to    envfrom  env to     acc
 ---   ------ ----- --------- --------- ------- -------    ------- -------    ------- -------    ----
   1 !  138.6  15.4   7.8e-43   1.1e-41     153     353 ..  340865  341067 ..  340862  341077 .. 0.93
   2 !  129.3  10.7   5.2e-40   7.2e-39     169     353 ..  605842  606032 ..  605838  606033 .. 0.97

>> NZ_CP118481.1_frame=1  Streptococcus pyogenes strain 20185322 chromosome, complete genome
   #    score  bias  c-Evalue  i-Evalue hmmfrom  hmm to    alifrom  ali to    envfrom  env to     acc
 ---   ------ ----- --------- --------- ------- -------    ------- -------    ------- -------    ----
   1 !  129.5   6.8   4.5e-40   6.2e-39     168     350 ..  258265  258467 ..  258255  258469 .. 0.96
   2 !  133.0  10.4   3.9e-41   5.4e-40     169     353 ..  568751  568941 ..  568747  568942 .. 0.97

>> NZ_CP118481.1_frame=2  Streptococcus pyogenes strain 20185322 chromosome, complete genome
   #    score  bias  c-Evalue  i-Evalue hmmfrom  hmm to    alifrom  ali to    envfrom  env to     acc
 ---   ------ ----- --------- --------- ------- -------    ------- -------    ------- -------    ----
   1 !  113.6  12.1   3.1e-35   4.2e-34     155     352 ..  258520  258718 ..  258518  258720 .. 0.93
   2 !  139.9   7.6     3e-43   4.2e-42     146     352 ..  338261  338474 ..  338257  338477 .. 0.93

>> NZ_CP134538.1_frame=-2  Streptococcus equi subsp. equi strain XJ5012 chromosome, complete genome
   #    score  bias  c-Evalue  i-Evalue hmmfrom  hmm to    alifrom  ali to    envfrom  env to     acc
 ---   ------ ----- --------- --------- ------- -------    ------- -------    ------- -------    ----
   1 !  129.4   7.6     5e-40   6.9e-39     168     350 ..   61552   61754 ..   61542   61756 .. 0.96
   2 !  111.1   8.9   1.9e-34   2.6e-33     169     355 ..  168925  169123 ..  168917  169123 .. 0.95

>> NZ_CP070994.1_frame=-3  Streptococcus pyogenes strain M11318 chromosome, complete genome
   #    score  bias  c-Evalue  i-Evalue hmmfrom  hmm to    alifrom  ali to    envfrom  env to     acc
 ---   ------ ----- --------- --------- ------- -------    ------- -------    ------- -------    ----
   1 !  105.2  19.7   1.2e-32   1.6e-31     157     353 ..  483353  483551 ..  483350  483552 .. 0.93
   2 !  123.6   9.6   2.8e-38   3.8e-37     169     353 ..  543316  543506 ..  543312  543507 .. 0.97

>> NZ_CP134538.1_frame=-3  Streptococcus equi subsp. equi strain XJ5012 chromosome, complete genome
   #    score  bias  c-Evalue  i-Evalue hmmfrom  hmm to    alifrom  ali to    envfrom  env to     acc
 ---   ------ ----- --------- --------- ------- -------    ------- -------    ------- -------    ----
   1 !  114.5  11.6   1.7e-35   2.3e-34     155     352 ..   61807   62005 ..   61805   62007 .. 0.93
   2 !  111.2  17.3   1.7e-34   2.3e-33     168     355 ..  168571  168770 ..  168538  168771 .. 0.92

>> NZ_AP023388.1_frame=1  Streptococcus pyogenes strain NIH35 chromosome, complete genome
   #    score  bias  c-Evalue  i-Evalue hmmfrom  hmm to    alifrom  ali to    envfrom  env to     acc
 ---   ------ ----- --------- --------- ------- -------    ------- -------    ------- -------    ----
   1 !  132.9  10.3   4.3e-41     6e-40     160     356 .]   65259   65467 ..   65252   65467 .. 0.96
   2 !   57.1   8.3   4.7e-18   6.5e-17     270     353 ..  388194  388281 ..  388184  388282 .. 0.90

>> NZ_AP023389.1_frame=3  Streptococcus pyogenes strain KUN-0012590 chromosome, complete genome
   #    score  bias  c-Evalue  i-Evalue hmmfrom  hmm to    alifrom  ali to    envfrom  env to     acc
 ---   ------ ----- --------- --------- ------- -------    ------- -------    ------- -------    ----
   1 !   57.1   8.3   4.8e-18   6.5e-17     270     353 ..  383723  383810 ..  383713  383811 .. 0.90
   2 !  131.7  10.1   9.9e-41   1.4e-39     169     353 ..  558545  558735 ..  558541  558736 .. 0.97

>> NZ_CP051138.1_frame=1  Streptococcus pyogenes strain 4063-05 chromosome, complete genome
   #    score  bias  c-Evalue  i-Evalue hmmfrom  hmm to    alifrom  ali to    envfrom  env to     acc
 ---   ------ ----- --------- --------- ------- -------    ------- -------    ------- -------    ----
   1 !   55.8   8.5   1.1e-17   1.6e-16     270     353 ..  381732  381819 ..  381722  381820 .. 0.90
   2 !  128.3  10.8     1e-39   1.4e-38     169     353 ..  567733  567923 ..  567729  567924 .. 0.97

>> NZ_AP023389.1_frame=2  Streptococcus pyogenes strain KUN-0012590 chromosome, complete genome
   #    score  bias  c-Evalue  i-Evalue hmmfrom  hmm to    alifrom  ali to    envfrom  env to     acc
 ---   ------ ----- --------- --------- ------- -------    ------- -------    ------- -------    ----
   1 !  132.9   9.8   4.2e-41   5.8e-40     160     356 .]   65338   65546 ..   65331   65546 .. 0.96

>> NZ_CP035450.1_frame=2  Streptococcus pyogenes strain emm93.4 chromosome, complete genome
   #    score  bias  c-Evalue  i-Evalue hmmfrom  hmm to    alifrom  ali to    envfrom  env to     acc
 ---   ------ ----- --------- --------- ------- -------    ------- -------    ------- -------    ----
   1 !  132.3  10.6   6.3e-41   8.7e-40     160     356 .]   60771   60979 ..   60764   60979 .. 0.96

>> NZ_CP051138.1_frame=3  Streptococcus pyogenes strain 4063-05 chromosome, complete genome
   #    score  bias  c-Evalue  i-Evalue hmmfrom  hmm to    alifrom  ali to    envfrom  env to     acc
 ---   ------ ----- --------- --------- ------- -------    ------- -------    ------- -------    ----
   1 !  127.0   6.8   2.6e-39   3.5e-38     148     350 ..  219321  219539 ..  219313  219542 .. 0.87

>> NZ_CP167001.1_frame=-3  Streptococcus pyogenes strain Isolate 31 chromosome, complete genome
   #    score  bias  c-Evalue  i-Evalue hmmfrom  hmm to    alifrom  ali to    envfrom  env to     acc
 ---   ------ ----- --------- --------- ------- -------    ------- -------    ------- -------    ----
   1 !   60.7   6.5   3.7e-19   5.1e-18     274     353 ..  380359  380442 ..  380356  380443 .. 0.92



Internal pipeline statistics summary:
-------------------------------------
Query model(s):                              1  (356 nodes)
Target sequences:                          564  (304447416 residues searched)
Passed MSV filter:                       340  (0.602837); expected 11.3 (0.02)
Passed bias filter:                      139  (0.246454); expected 11.3 (0.02)
Passed Vit filter:                       139  (0.246454); expected 0.6 (0.001)
Passed Fwd filter:                        41  (0.072695); expected 0.0 (1e-05)
Initial search space (Z):                564  [actual number of targets]
Domain search space  (domZ):              41  [number of targets reported over threshold]
# CPU time: 103.12u 0.15s 00:01:43.27 Elapsed: 00:01:43.81
# Mc/sec: 1044.05

@@ New targets included:   0
@@ New alignment includes: 246 subseqs (was 246), including original query
@@
@@ CONVERGED (in 6 rounds). 
@@

# Alignment of 246 hits satisfying inclusion thresholds saved to: jackhmmer_results/SSL3.jackhmmer.sto
//
[ok]
