# jackhmmer :: iteratively search a protein sequence against a protein database
# HMMER 3.1b2 (February 2015); http://hmmer.org/
# Copyright (C) 2015 Howard Hughes Medical Institute.
# Freely distributed under the GNU General Public License (GPLv3).
# - - - - - - - - - - - - - - - - - - - - - - - - - - - - - - - - - - - -
# query sequence file:             data/ssl/SSL7.fasta
# target sequence database:        data/ssl/genomes_6frame_proteins.fasta
# maximum iterations set to:       10
# output directed to file:         jackhmmer_results/SSL7.jackhmmer.out
# MSA of hits saved to file:       jackhmmer_results/SSL7.jackhmmer.sto
# per-seq hits tabular output:     jackhmmer_results/SSL7.jackhmmer.tblout
# per-dom hits tabular output:     jackhmmer_results/SSL7.jackhmmer.domtblout
# show alignments in output:       no
# number of worker threads:        4
# - - - - - - - - - - - - - - - - - - - - - - - - - - - - - - - - - - - -

Query:       Q2G2Y0|SSL7  [L=231]

Scores for complete sequences (score includes all domains):
   --- full sequence ---   --- best 1 domain ---    -#dom-
    E-value  score  bias    E-value  score  bias    exp  N  Sequence               Description
    ------- ------ -----    ------- ------ -----   ---- --  --------               -----------
+  2.5e-299  979.9  85.8   4.9e-129  423.5  13.5    7.0  7  NZ_CP132371.1_frame=1   Staphylococcus aureus strain UNC_SA38
+  5.3e-296  969.0  73.6   5.2e-129  423.4  13.5    5.5  5  NC_002745.2_frame=3     Staphylococcus aureus subsp. aureus N
+  2.2e-268  878.8  80.6   2.1e-125  411.6  12.0    7.1  7  NC_017338.2_frame=3     Staphylococcus aureus subsp. aureus J
+  1.9e-262  859.4  96.1   9.8e-129  422.5  11.8    8.3  8  NZ_LR134090.1_frame=2   Staphylococcus aureus strain NCTC9555
+  1.5e-243  797.6  87.6      6e-64  210.8   8.4    7.0  7  NZ_CP011877.1_frame=-2  Staphylococcus aureus strain 12S01032
+  1.5e-228  748.6  94.0      3e-64  211.8   8.8    7.3  7  NC_007795.1_frame=1     Staphylococcus aureus subsp. aureus N
+  1.1e-212  696.8  75.1   2.4e-117  385.3   9.9    6.7  6  NC_017763.1_frame=3     Staphylococcus aureus subsp. aureus H
+  7.4e-203  664.7  81.6    2.9e-64  211.8   8.8    7.5  7  NZ_CP136528.1_frame=1   Staphylococcus aureus strain BAA-1556
+  8.2e-203  664.5  81.6    2.9e-64  211.8   8.8    7.4  7  NZ_CP113052.1_frame=2   Staphylococcus aureus strain Fizz chr
+  9.4e-203  664.3  81.6    3.1e-64  211.7   8.8    7.4  7  NZ_CP029678.1_frame=1   Staphylococcus aureus strain AR_0216 
+  8.8e-199  651.3  63.1   1.6e-132  434.8  12.3    5.9  5  NC_002953.3_frame=2     Staphylococcus aureus subsp. aureus M
+  2.2e-194  637.0  64.9    3.6e-63  208.2   8.6    5.3  5  NC_002952.2_frame=1     Staphylococcus aureus subsp. aureus M
+  6.5e-193  632.2  97.5    5.5e-65  214.2   9.5    8.3  8  NC_002745.2_frame=2     Staphylococcus aureus subsp. aureus N
+  1.2e-192  631.3  83.7    5.2e-65  214.2   9.5    7.4  7  NZ_CP132371.1_frame=3   Staphylococcus aureus strain UNC_SA38
+  1.3e-192  631.2  51.2     1e-143  471.4  14.1    3.7  3  NZ_CP113052.1_frame=3   Staphylococcus aureus strain Fizz chr
+  1.4e-192  631.1  51.2     1e-143  471.4  14.1    3.6  3  NZ_CP136528.1_frame=2   Staphylococcus aureus strain BAA-1556
+  2.6e-191  626.9  55.7   1.1e-143  471.3  14.1    3.9  3  NZ_CP029678.1_frame=2   Staphylococcus aureus strain AR_0216 
+  3.2e-184  603.8  53.7     2e-121  398.6   9.8    4.8  5  NC_002952.2_frame=3     Staphylococcus aureus subsp. aureus M
+  2.3e-182  597.7  79.1    3.2e-49  162.7   9.3    6.3  6  NC_017338.2_frame=2     Staphylococcus aureus subsp. aureus J
+  9.5e-176  576.1  37.2   1.1e-143  471.4  14.1    2.5  2  NC_007795.1_frame=2     Staphylococcus aureus subsp. aureus N
+    6e-167  547.3  85.0      8e-64  210.4   9.2    7.9  8  NZ_LR134090.1_frame=1   Staphylococcus aureus strain NCTC9555
+  6.3e-167  547.3  95.9    1.4e-40  134.5   9.0    8.2  8  NC_002953.3_frame=3     Staphylococcus aureus subsp. aureus M
+  1.8e-155  509.8  51.8    3.3e-64  211.6   9.3    4.6  4  NC_002953.3_frame=1     Staphylococcus aureus subsp. aureus M
+  6.5e-145  475.3  40.7   1.5e-118  389.2  10.1    5.0  5  NZ_CP011877.1_frame=-1  Staphylococcus aureus strain 12S01032
+  3.3e-140  460.0  36.5      4e-61  201.6   6.0    3.5  3  NC_017763.1_frame=1     Staphylococcus aureus subsp. aureus H
+    2e-132  434.6  61.7    8.8e-65  213.5   9.7    5.6  5  NC_007795.1_frame=3     Staphylococcus aureus subsp. aureus N
+  2.6e-130  427.6  55.3      9e-65  213.5   9.7    5.3  5  NZ_CP029678.1_frame=3   Staphylococcus aureus strain AR_0216 
+    4e-129  423.7  59.9    8.4e-65  213.6   9.7    5.6  5  NZ_CP113052.1_frame=1   Staphylococcus aureus strain Fizz chr
+  4.2e-129  423.7  59.9    8.5e-65  213.6   9.7    5.5  5  NZ_CP136528.1_frame=3   Staphylococcus aureus strain BAA-1556
+  1.9e-100  330.1  40.5    4.4e-64  211.2   8.7    4.7  4  NZ_LR134090.1_frame=3   Staphylococcus aureus strain NCTC9555
+   2.2e-62  205.7  37.1    2.8e-34  113.9  11.0    4.4  4  NC_017338.2_frame=1     Staphylococcus aureus subsp. aureus J
+   8.8e-42  138.4   8.1    8.8e-42  138.4   8.1    1.8  1  NC_002952.2_frame=2     Staphylococcus aureus subsp. aureus M
+   2.1e-33  111.0   4.5    3.2e-33  110.4   4.5    1.3  1  NC_017763.1_frame=2     Staphylococcus aureus subsp. aureus H
+   2.3e-33  110.9   4.8      4e-33  110.1   4.8    1.4  1  NZ_CP011877.1_frame=-3  Staphylococcus aureus strain 12S01032
+   4.3e-10   34.8  12.1    3.7e-08   28.5   2.1    3.3  3  NZ_LS483357.1_frame=1   Streptococcus pyogenes strain NCTC832
+     2e-08   29.4   2.1    3.6e-08   28.5   2.1    1.3  1  NZ_AP023389.1_frame=-2  Streptococcus pyogenes strain KUN-001
+     2e-08   29.3   2.1    3.7e-08   28.5   2.1    1.3  1  NZ_CP051138.1_frame=2   Streptococcus pyogenes strain 4063-05
+   2.1e-07   26.0  23.4     0.0021   12.9   1.8    4.3  4  NZ_LR134284.1_frame=2   Streptococcus pyogenes strain NCTC823
+   8.2e-06   20.8   2.7     0.0009   14.2   0.6    2.3  2  NZ_CP070994.1_frame=-3  Streptococcus pyogenes strain M11318 
+   0.00011   17.2   1.0    0.00019   16.4   1.0    1.3  1  NZ_AP023389.1_frame=2   Streptococcus pyogenes strain KUN-001
+   0.00026   15.9   1.3    0.00043   15.2   1.3    1.2  1  NZ_CP035450.1_frame=2   Streptococcus pyogenes strain emm93.4
+   0.00052   14.9   0.6    0.00091   14.1   0.6    1.2  1  NZ_CP167001.1_frame=-1  Streptococcus pyogenes strain Isolate


Domain annotation for each sequence:
>> NZ_CP132371.1_frame=1  Staphylococcus aureus strain UNC_SA38 chromosome, complete genome
   #    score  bias  c-Evalue  i-Evalue hmmfrom  hmm to    alifrom  ali to    envfrom  env to     acc
 ---   ------ ----- --------- --------- ------- -------    ------- -------    ------- -------    ----
   1 ?   -1.3   0.1       3.5        48      76     157 ..  434432  434513 ..  434419  434557 .. 0.84
   2 !   19.0   1.0   2.3e-06   3.1e-05     150     226 ..  881104  881180 ..  881023  881185 .. 0.80
   3 !  128.6   7.1   6.4e-40   8.6e-39       1     229 [.  889130  889355 ..  889130  889355 .. 0.94
   4 !  105.9   5.4   5.6e-33   7.5e-32       1     229 [.  889452  889680 ..  889452  889682 .. 0.91
   5 !  423.5  13.5  3.6e-130  4.9e-129       1     231 []  891056  891286 ..  891056  891286 .. 1.00
   6 !  210.2   8.5   6.6e-65   8.8e-64       1     228 [.  891759  891989 ..  891759  891990 .. 0.96
   7 !  126.1   7.3   3.7e-39   4.9e-38       1     228 [.  893477  893703 ..  893477  893703 .. 0.91

>> NC_002745.2_frame=3  Staphylococcus aureus subsp. aureus N315, complete sequence
   #    score  bias  c-Evalue  i-Evalue hmmfrom  hmm to    alifrom  ali to    envfrom  env to     acc
 ---   ------ ----- --------- --------- ------- -------    ------- -------    ------- -------    ----
   1 !  128.5   7.1   6.8e-40   9.1e-39       1     229 [.  147034  147259 ..  147034  147259 .. 0.94
   2 !  105.8   5.4   5.9e-33     8e-32       1     229 [.  147356  147584 ..  147356  147586 .. 0.91
   3 !  423.4  13.5  3.8e-130  5.2e-129       1     231 []  148960  149190 ..  148960  149190 .. 1.00
   4 !  210.2   8.5   6.9e-65   9.3e-64       1     228 [.  149663  149893 ..  149663  149894 .. 0.96
   5 !  126.0   7.3   3.9e-39   5.2e-38       1     228 [.  151381  151607 ..  151381  151607 .. 0.91

>> NC_017338.2_frame=3  Staphylococcus aureus subsp. aureus JKD6159, complete sequence
   #    score  bias  c-Evalue  i-Evalue hmmfrom  hmm to    alifrom  ali to    envfrom  env to     acc
 ---   ------ ----- --------- --------- ------- -------    ------- -------    ------- -------    ----
   1 ?    9.3   0.6     0.002     0.027     118     186 ..   25774   25842 ..   25767   25853 .. 0.75
   2 !  128.7   7.2   5.9e-40   7.9e-39       1     228 [.  143456  143688 ..  143456  143689 .. 0.92
   3 !  411.6  12.0  1.6e-126  2.1e-125       1     231 []  144208  144438 ..  144208  144438 .. 1.00
   4 !  222.7   9.4   9.8e-69   1.3e-67       1     229 [.  144550  144781 ..  144550  144781 .. 0.94
   5 !   18.7   0.3   2.8e-06   3.7e-05       1      46 [.  144908  144953 ..  144908  144963 .. 0.91
   6 !  117.8  10.3   1.3e-36   1.7e-35       1     228 [.  146658  146887 ..  146658  146888 .. 0.89
   7 ?   -0.4   0.1       1.9        26      76     157 ..  628264  628345 ..  628248  628390 .. 0.83

>> NZ_LR134090.1_frame=2  Staphylococcus aureus strain NCTC9555 chromosome 1, complete sequence
   #    score  bias  c-Evalue  i-Evalue hmmfrom  hmm to    alifrom  ali to    envfrom  env to     acc
 ---   ------ ----- --------- --------- ------- -------    ------- -------    ------- -------    ----
   1 !   14.4   0.9   5.6e-05   0.00076     151     225 ..  136395  136469 ..  136314  136475 .. 0.80
   2 !  105.8   5.4   5.8e-33   7.8e-32       1     229 [.  150091  150319 ..  150091  150321 .. 0.91
   3 ?    7.7   0.9    0.0063     0.084       1      31 [.  150898  150928 ..  150898  150938 .. 0.90
   4 !   89.1   6.7   7.8e-28     1e-26      42     229 ..  151021  151210 ..  150995  151210 .. 0.88
   5 !  127.9   6.8     1e-39   1.4e-38       1     228 [.  151333  151565 ..  151333  151566 .. 0.93
   6 !  422.5  11.8  7.3e-130  9.8e-129       1     231 []  152084  152314 ..  152084  152314 .. 0.99
   7 !  133.3   8.9   2.2e-41     3e-40       1     229 [.  153143  153367 ..  153143  153367 .. 0.90
   8 ?   -0.4   1.6       1.9        25     117     183 ..  434068  434135 ..  434061  434179 .. 0.75

>> NZ_CP011877.1_frame=-2  Staphylococcus aureus strain 12S01032 chromosome, complete genome
   #    score  bias  c-Evalue  i-Evalue hmmfrom  hmm to    alifrom  ali to    envfrom  env to     acc
 ---   ------ ----- --------- --------- ------- -------    ------- -------    ------- -------    ----
   1 !  127.2   9.1   1.7e-39   2.2e-38       1     229 [.  757121  757346 ..  757121  757346 .. 0.93
   2 ?   -1.8   0.4       5.1        69       1      29 [.  758231  758259 ..  758231  758271 .. 0.75
   3 !   84.6   3.1   1.8e-26   2.5e-25      20     228 ..  758336  758544 ..  758330  758547 .. 0.88
   4 !  133.6   6.3   1.9e-41   2.6e-40       1     228 [.  758669  758901 ..  758669  758902 .. 0.93
   5 !  210.8   8.4   4.5e-65     6e-64       1     228 [.  759398  759628 ..  759398  759629 .. 0.96
   6 !  138.1   7.0     8e-43   1.1e-41       1     229 [.  759753  759979 ..  759753  759979 .. 0.93
   7 !  139.7   7.9   2.6e-43   3.5e-42       1     228 [.  761111  761336 ..  761111  761336 .. 0.90

>> NC_007795.1_frame=1  Staphylococcus aureus subsp. aureus NCTC 8325 chromosome, complete genome
   #    score  bias  c-Evalue  i-Evalue hmmfrom  hmm to    alifrom  ali to    envfrom  env to     acc
 ---   ------ ----- --------- --------- ------- -------    ------- -------    ------- -------    ----
   1 !  120.3   8.3   2.2e-37     3e-36       1     229 [.  129432  129657 ..  129432  129657 .. 0.92
   2 !  104.2   6.2   1.8e-32   2.4e-31       1     227 [.  129754  129980 ..  129754  129984 .. 0.90
   3 ?    6.6   1.8     0.014      0.19       1      31 [.  130561  130591 ..  130561  130600 .. 0.91
   4 !   83.0   8.6   5.7e-26   7.6e-25      42     229 ..  130679  130868 ..  130659  130868 .. 0.88
   5 !  125.0   6.2   8.1e-39   1.1e-37       1     228 [.  130991  131223 ..  130991  131224 .. 0.91
   6 !  211.8   8.8   2.3e-65     3e-64       1     228 [.  132452  132682 ..  132452  132683 .. 0.97
   7 !  134.9   6.7   7.3e-42   9.9e-41       1     228 [.  134170  134394 ..  134170  134394 .. 0.89

>> NC_017763.1_frame=3  Staphylococcus aureus subsp. aureus HO 5096 0412, complete sequence
   #    score  bias  c-Evalue  i-Evalue hmmfrom  hmm to    alifrom  ali to    envfrom  env to     acc
 ---   ------ ----- --------- --------- ------- -------    ------- -------    ------- -------    ----
   1 !   18.6   1.7     3e-06   4.1e-05     143     226 ..  129685  129768 ..  129581  129773 .. 0.73
   2 ?    1.4   0.5      0.53       7.2       1      27 [.  139207  139233 ..  139207  139245 .. 0.79
   3 !   81.5   4.9   1.7e-25   2.2e-24      19     230 ..  139337  139548 ..  139329  139549 .. 0.88
   4 !  123.8   6.1   1.9e-38   2.6e-37       1     228 [.  139671  139903 ..  139671  139904 .. 0.91
   5 !  385.3   9.9  1.8e-118  2.4e-117       1     231 []  140055  140285 ..  140055  140285 .. 1.00
   6 !  118.4  10.6   8.7e-37   1.2e-35       1     228 [.  142143  142369 ..  142143  142370 .. 0.91

>> NZ_CP136528.1_frame=1  Staphylococcus aureus strain BAA-1556_Catania chromosome, complete genome
   #    score  bias  c-Evalue  i-Evalue hmmfrom  hmm to    alifrom  ali to    envfrom  env to     acc
 ---   ------ ----- --------- --------- ------- -------    ------- -------    ------- -------    ----
   1 !  120.3   8.3   2.1e-37   2.9e-36       1     229 [.  148906  149131 ..  148906  149131 .. 0.92
   2 !  104.3   6.2   1.7e-32   2.3e-31       1     227 [.  149228  149454 ..  149228  149458 .. 0.90
   3 ?    7.3   1.2    0.0082      0.11       1      31 [.  150031  150061 ..  150031  150070 .. 0.90
   4 !   83.1   8.6   5.5e-26   7.4e-25      42     229 ..  150149  150338 ..  150129  150338 .. 0.88
   5 !  125.0   6.2   7.8e-39     1e-37       1     228 [.  150461  150693 ..  150461  150694 .. 0.91
   6 !  211.8   8.8   2.2e-65   2.9e-64       1     228 [.  151922  152152 ..  151922  152153 .. 0.97
   7 !   44.9   0.0   2.6e-14   3.5e-13       1     115 [.  153640  153747 ..  153640  153750 .. 0.92

>> NZ_CP113052.1_frame=2  Staphylococcus aureus strain Fizz chromosome, complete genome
   #    score  bias  c-Evalue  i-Evalue hmmfrom  hmm to    alifrom  ali to    envfrom  env to     acc
 ---   ------ ----- --------- --------- ------- -------    ------- -------    ------- -------    ----
   1 !  120.3   8.3   2.1e-37   2.9e-36       1     229 [.  460383  460608 ..  460383  460608 .. 0.92
   2 !  104.3   6.2   1.7e-32   2.3e-31       1     227 [.  460705  460931 ..  460705  460935 .. 0.90
   3 ?    7.3   1.2    0.0082      0.11       1      31 [.  461508  461538 ..  461508  461547 .. 0.90
   4 !   83.1   8.6   5.5e-26   7.4e-25      42     229 ..  461643  461832 ..  461623  461832 .. 0.88
   5 !  125.0   6.2   7.8e-39     1e-37       1     228 [.  461955  462187 ..  461955  462188 .. 0.91
   6 !  211.8   8.8   2.2e-65   2.9e-64       1     228 [.  463416  463646 ..  463416  463647 .. 0.97
   7 !   44.9   0.0   2.6e-14   3.5e-13       1     115 [.  465134  465241 ..  465134  465244 .. 0.92

>> NZ_CP029678.1_frame=1  Staphylococcus aureus strain AR_0216 chromosome, complete genome
   #    score  bias  c-Evalue  i-Evalue hmmfrom  hmm to    alifrom  ali to    envfrom  env to     acc
 ---   ------ ----- --------- --------- ------- -------    ------- -------    ------- -------    ----
   1 !  120.3   8.3   2.3e-37     3e-36       1     229 [.  148323  148548 ..  148323  148548 .. 0.92
   2 !  104.2   6.2   1.8e-32   2.5e-31       1     227 [.  148645  148871 ..  148645  148875 .. 0.90
   3 ?    7.3   1.2    0.0087      0.12       1      31 [.  149448  149478 ..  149448  149487 .. 0.90
   4 !   83.0   8.6   5.8e-26   7.8e-25      42     229 ..  149566  149755 ..  149546  149755 .. 0.88
   5 !  125.0   6.2   8.3e-39   1.1e-37       1     228 [.  149878  150110 ..  149878  150111 .. 0.91
   6 !  211.7   8.8   2.3e-65   3.1e-64       1     228 [.  151339  151569 ..  151339  151570 .. 0.97
   7 !   44.8   0.0   2.8e-14   3.7e-13       1     115 [.  153057  153164 ..  153057  153167 .. 0.92

>> NC_002953.3_frame=2  Staphylococcus aureus subsp. aureus MSSA476, complete sequence
   #    score  bias  c-Evalue  i-Evalue hmmfrom  hmm to    alifrom  ali to    envfrom  env to     acc
 ---   ------ ----- --------- --------- ------- -------    ------- -------    ------- -------    ----
   1 !   18.7   0.7   2.8e-06   3.8e-05     152     226 ..  131298  131372 ..  131226  131377 .. 0.87
   2 ?    7.3   0.6    0.0082      0.11       1      34 [.  143281  143314 ..  143281  143328 .. 0.88
   3 !   81.9   5.6   1.3e-25   1.7e-24      36     229 ..  143441  143636 ..  143425  143636 .. 0.85
   4 !  434.8  12.3  1.2e-133  1.6e-132       1     231 []  144953  145183 ..  144953  145183 .. 0.99
   5 !  135.4   9.0   5.2e-42     7e-41       1     229 [.  146009  146235 ..  146009  146235 .. 0.91

>> NC_002952.2_frame=1  Staphylococcus aureus subsp. aureus MRSA252, complete sequence
   #    score  bias  c-Evalue  i-Evalue hmmfrom  hmm to    alifrom  ali to    envfrom  env to     acc
 ---   ------ ----- --------- --------- ------- -------    ------- -------    ------- -------    ----
   1 !  127.2   6.9   1.7e-39   2.3e-38       1     229 [.  150854  151079 ..  150854  151079 .. 0.93
   2 !  113.2   5.1   3.2e-35   4.3e-34       1     230 [.  151175  151406 ..  151175  151407 .. 0.91
   3 !   80.4   6.1   3.5e-25   4.7e-24      19     230 ..  152057  152268 ..  152053  152269 .. 0.88
   4 !  133.0   6.3     3e-41     4e-40       1     228 [.  152391  152623 ..  152391  152624 .. 0.93
   5 !  208.2   8.6   2.7e-64   3.6e-63       1     228 [.  153120  153350 ..  153120  153351 .. 0.96

>> NC_002745.2_frame=2  Staphylococcus aureus subsp. aureus N315, complete sequence
   #    score  bias  c-Evalue  i-Evalue hmmfrom  hmm to    alifrom  ali to    envfrom  env to     acc
 ---   ------ ----- --------- --------- ------- -------    ------- -------    ------- -------    ----
   1 ?    8.6   0.5    0.0033     0.044       1      34 [.  147685  147718 ..  147685  147732 .. 0.87
   2 !   85.4   5.2   1.1e-26   1.5e-25      36     229 ..  147845  148040 ..  147829  148040 .. 0.85
   3 ?    5.6   1.0     0.028      0.38       1      30 [.  148163  148192 ..  148163  148202 .. 0.88
   4 !   89.7   7.1   4.9e-28   6.6e-27      42     229 ..  148264  148454 ..  148239  148454 .. 0.87
   5 !  125.7   5.8   4.8e-39   6.5e-38       1     228 [.  148577  148809 ..  148577  148810 .. 0.91
   6 !  214.2   9.5   4.1e-66   5.5e-65       1     229 [.  149305  149536 ..  149305  149536 .. 0.94
   7 !  136.8   9.1   1.9e-42   2.6e-41       1     229 [.  150018  150244 ..  150018  150244 .. 0.91
   8 ?    7.0   6.0      0.01      0.14      49     181 ..  685755  685885 ..  685748  685898 .. 0.79

>> NZ_CP132371.1_frame=3  Staphylococcus aureus strain UNC_SA38 chromosome, complete genome
   #    score  bias  c-Evalue  i-Evalue hmmfrom  hmm to    alifrom  ali to    envfrom  env to     acc
 ---   ------ ----- --------- --------- ------- -------    ------- -------    ------- -------    ----
   1 ?    8.6   0.6    0.0033     0.045       1      34 [.  889780  889813 ..  889780  889826 .. 0.87
   2 !   85.4   5.2     1e-26   1.4e-25      36     229 ..  889940  890135 ..  889924  890135 .. 0.85
   3 ?    5.7   1.0     0.026      0.36       1      30 [.  890258  890287 ..  890258  890297 .. 0.88
   4 !   89.8   7.1   4.7e-28   6.3e-27      42     229 ..  890359  890549 ..  890334  890549 .. 0.87
   5 !  125.8   5.8   4.6e-39   6.2e-38       1     228 [.  890672  890904 ..  890672  890905 .. 0.91
   6 !  214.2   9.5   3.9e-66   5.2e-65       1     229 [.  891400  891631 ..  891400  891631 .. 0.94
   7 !  136.9   9.1   1.8e-42   2.4e-41       1     229 [.  892113  892339 ..  892113  892339 .. 0.91

>> NZ_CP113052.1_frame=3  Staphylococcus aureus strain Fizz chromosome, complete genome
   #    score  bias  c-Evalue  i-Evalue hmmfrom  hmm to    alifrom  ali to    envfrom  env to     acc
 ---   ------ ----- --------- --------- ------- -------    ------- -------    ------- -------    ----
   1 !  114.6  10.6   1.2e-35   1.6e-34       1     228 [.  462338  462565 ..  462338  462567 .. 0.91
   2 !  471.4  14.1  7.6e-145    1e-143       1     231 []  462710  462940 ..  462710  462940 .. 1.00
   3 !   62.5   4.8   1.1e-19   1.4e-18     116     228 ..  465240  465356 ..  465234  465356 .. 0.83

>> NZ_CP136528.1_frame=2  Staphylococcus aureus strain BAA-1556_Catania chromosome, complete genome
   #    score  bias  c-Evalue  i-Evalue hmmfrom  hmm to    alifrom  ali to    envfrom  env to     acc
 ---   ------ ----- --------- --------- ------- -------    ------- -------    ------- -------    ----
   1 !  114.6  10.6   1.2e-35   1.6e-34       1     228 [.  150844  151071 ..  150844  151073 .. 0.91
   2 !  471.4  14.1  7.6e-145    1e-143       1     231 []  151216  151446 ..  151216  151446 .. 1.00
   3 !   62.5   4.8   1.1e-19   1.4e-18     116     228 ..  153746  153862 ..  153740  153862 .. 0.83

>> NZ_CP029678.1_frame=2  Staphylococcus aureus strain AR_0216 chromosome, complete genome
   #    score  bias  c-Evalue  i-Evalue hmmfrom  hmm to    alifrom  ali to    envfrom  env to     acc
 ---   ------ ----- --------- --------- ------- -------    ------- -------    ------- -------    ----
   1 !  114.5  10.6   1.3e-35   1.7e-34       1     228 [.  150261  150488 ..  150261  150490 .. 0.91
   2 !  471.3  14.1  8.1e-145  1.1e-143       1     231 []  150633  150863 ..  150633  150863 .. 1.00
   3 !   62.4   4.8   1.1e-19   1.5e-18     116     228 ..  153163  153279 ..  153157  153279 .. 0.83

>> NC_002952.2_frame=3  Staphylococcus aureus subsp. aureus MRSA252, complete sequence
   #    score  bias  c-Evalue  i-Evalue hmmfrom  hmm to    alifrom  ali to    envfrom  env to     acc
 ---   ------ ----- --------- --------- ------- -------    ------- -------    ------- -------    ----
   1 ?   -2.1   0.8       6.4        86      68     130 ..  111862  111925 ..  111825  111947 .. 0.71
   2 ?    0.5   0.4         1        14       1      27 [.  151504  151530 ..  151504  151541 .. 0.79
   3 !   83.8   5.8   3.3e-26   4.4e-25      30     230 ..  151645  151845 ..  151629  151846 .. 0.87
   4 !  398.6   9.8  1.5e-122    2e-121       1     231 []  152774  153004 ..  152774  153004 .. 1.00
   5 !  143.3   8.2   2.1e-44   2.8e-43       1     229 [.  153473  153699 ..  153473  153699 .. 0.94

>> NC_017338.2_frame=2  Staphylococcus aureus subsp. aureus JKD6159, complete sequence
   #    score  bias  c-Evalue  i-Evalue hmmfrom  hmm to    alifrom  ali to    envfrom  env to     acc
 ---   ------ ----- --------- --------- ------- -------    ------- -------    ------- -------    ----
   1 !  130.7   8.7   1.4e-40   1.9e-39       1     229 [.  141984  142209 ..  141984  142209 .. 0.93
   2 !  106.2   5.4   4.5e-33     6e-32       1     228 [.  142295  142522 ..  142295  142525 .. 0.91
   3 ?    7.1   1.3    0.0099      0.13       1      31 [.  143024  143054 ..  143024  143062 .. 0.91
   4 !   81.8   6.3   1.3e-25   1.8e-24      42     229 ..  143143  143333 ..  143120  143333 .. 0.86
   5 !  162.7   9.3   2.4e-50   3.2e-49      46     228 ..  144949  145134 ..  144945  145135 .. 0.96
   6 !  139.7   8.9   2.5e-43   3.3e-42       1     229 [.  145256  145482 ..  145256  145482 .. 0.92

>> NC_007795.1_frame=2  Staphylococcus aureus subsp. aureus NCTC 8325 chromosome, complete genome
   #    score  bias  c-Evalue  i-Evalue hmmfrom  hmm to    alifrom  ali to    envfrom  env to     acc
 ---   ------ ----- --------- --------- ------- -------    ------- -------    ------- -------    ----
   1 !  114.6  10.6   1.2e-35   1.7e-34       1     228 [.  131374  131601 ..  131374  131603 .. 0.91
   2 !  471.4  14.1  7.9e-145  1.1e-143       1     231 []  131746  131976 ..  131746  131976 .. 1.00

>> NZ_LR134090.1_frame=1  Staphylococcus aureus strain NCTC9555 chromosome 1, complete sequence
   #    score  bias  c-Evalue  i-Evalue hmmfrom  hmm to    alifrom  ali to    envfrom  env to     acc
 ---   ------ ----- --------- --------- ------- -------    ------- -------    ------- -------    ----
   1 ?    9.4   0.7    0.0019     0.026       1      35 [.  150420  150454 ..  150420  150466 .. 0.88
   2 !   83.9   4.7     3e-26     4e-25      40     229 ..  150586  150775 ..  150565  150775 .. 0.85
   3 !  115.0  10.2   9.4e-36   1.3e-34       1     228 [.  151712  151939 ..  151712  151941 .. 0.91
   4 !  210.4   9.2     6e-65     8e-64       1     229 [.  152430  152661 ..  152430  152661 .. 0.94
   5 !  128.9  10.9   5.2e-40   6.9e-39       1     228 [.  154501  154727 ..  154501  154727 .. 0.91
   6 ?   -1.7   0.0       4.8        64      71     111 ..  411286  411326 ..  411279  411334 .. 0.90
   7 !   17.9   0.9   4.8e-06   6.5e-05     148     228 ..  595050  595129 ..  594995  595132 .. 0.77
   8 !   17.4   1.2   6.8e-06   9.2e-05      38     228 ..  595209  595403 ..  595173  595406 .. 0.72

>> NC_002953.3_frame=3  Staphylococcus aureus subsp. aureus MSSA476, complete sequence
   #    score  bias  c-Evalue  i-Evalue hmmfrom  hmm to    alifrom  ali to    envfrom  env to     acc
 ---   ------ ----- --------- --------- ------- -------    ------- -------    ------- -------    ----
   1 ?    1.6   2.6      0.47       6.3      97     204 ..   20172   20279 ..   20099   20311 .. 0.76
   2 !  121.6   6.6     9e-38   1.2e-36       1     229 [.  142630  142855 ..  142630  142855 .. 0.92
   3 !  103.7   5.3   2.7e-32   3.6e-31       1     229 [.  142952  143180 ..  142952  143182 .. 0.91
   4 ?    7.9   0.6    0.0055     0.074       1      31 [.  143759  143789 ..  143759  143802 .. 0.90
   5 !   87.6   5.2   2.2e-27   2.9e-26      21     229 ..  143865  144073 ..  143848  144073 .. 0.86
   6 !  126.3   5.7   3.1e-39   4.2e-38       1     228 [.  144196  144428 ..  144196  144429 .. 0.91
   7 !  134.5   9.0     1e-41   1.4e-40       1     228 [.  147395  147624 ..  147395  147624 .. 0.90
   8 ?    6.2   6.9     0.018      0.24      43     186 ..  688742  688883 ..  688732  688891 .. 0.72

>> NC_002953.3_frame=1  Staphylococcus aureus subsp. aureus MSSA476, complete sequence
   #    score  bias  c-Evalue  i-Evalue hmmfrom  hmm to    alifrom  ali to    envfrom  env to     acc
 ---   ------ ----- --------- --------- ------- -------    ------- -------    ------- -------    ----
   1 !  109.6   8.0   4.2e-34   5.7e-33       1     228 [.  144580  144808 ..  144580  144810 .. 0.89
   2 !  211.6   9.3   2.5e-65   3.3e-64       1     229 [.  145298  145529 ..  145298  145529 .. 0.95
   3 !  204.0   7.1   5.3e-63   7.1e-62       1     228 [.  145657  145887 ..  145657  145888 .. 0.96
   4 ?    5.2   0.6     0.037      0.49     119     185 ..  688566  688633 ..  688547  688645 .. 0.77

>> NZ_CP011877.1_frame=-1  Staphylococcus aureus strain 12S01032 chromosome, complete genome
   #    score  bias  c-Evalue  i-Evalue hmmfrom  hmm to    alifrom  ali to    envfrom  env to     acc
 ---   ------ ----- --------- --------- ------- -------    ------- -------    ------- -------    ----
   1 ?    0.1   0.1       1.4        18      76     157 ..  287223  287304 ..  287206  287349 .. 0.83
   2 !   16.4   0.3   1.3e-05   0.00018     153     226 ..  748645  748718 ..  748632  748723 .. 0.88
   3 ?   -1.3   0.3       3.5        48       1      27 [.  757772  757798 ..  757772  757807 .. 0.78
   4 !   85.9   6.1   7.5e-27     1e-25      19     230 ..  757902  758113 ..  757897  758114 .. 0.89
   5 !  389.2  10.1  1.1e-119  1.5e-118       1     231 []  759053  759283 ..  759053  759283 .. 0.99

>> NC_017763.1_frame=1  Staphylococcus aureus subsp. aureus HO 5096 0412, complete sequence
   #    score  bias  c-Evalue  i-Evalue hmmfrom  hmm to    alifrom  ali to    envfrom  env to     acc
 ---   ------ ----- --------- --------- ------- -------    ------- -------    ------- -------    ----
   1 !  123.4   5.8   2.4e-38   3.2e-37       1     229 [.  138556  138781 ..  138556  138781 .. 0.92
   2 !  201.6   6.0     3e-62     4e-61       1     228 [.  140401  140631 ..  140401  140632 .. 0.95
   3 !  146.9   8.7   1.5e-45   2.1e-44       1     229 [.  140756  140982 ..  140756  140982 .. 0.91

>> NC_007795.1_frame=3  Staphylococcus aureus subsp. aureus NCTC 8325 chromosome, complete genome
   #    score  bias  c-Evalue  i-Evalue hmmfrom  hmm to    alifrom  ali to    envfrom  env to     acc
 ---   ------ ----- --------- --------- ------- -------    ------- -------    ------- -------    ----
   1 !   20.5   1.4   7.8e-07     1e-05     130     226 ..  121392  121488 ..  121320  121493 .. 0.76
   2 ?    9.2   0.6    0.0023      0.03       1      34 [.  130082  130115 ..  130082  130129 .. 0.88
   3 !   82.1   5.6   1.1e-25   1.5e-24      36     229 ..  130242  130437 ..  130226  130437 .. 0.85
   4 !  213.5   9.7   6.5e-66   8.8e-65       1     229 [.  132092  132323 ..  132092  132323 .. 0.94
   5 !  136.8   9.1   1.9e-42   2.6e-41       1     229 [.  132806  133032 ..  132806  133032 .. 0.91

>> NZ_CP029678.1_frame=3  Staphylococcus aureus strain AR_0216 chromosome, complete genome
   #    score  bias  c-Evalue  i-Evalue hmmfrom  hmm to    alifrom  ali to    envfrom  env to     acc
 ---   ------ ----- --------- --------- ------- -------    ------- -------    ------- -------    ----
   1 !   20.4   1.4     8e-07   1.1e-05     130     226 ..  140283  140379 ..  140211  140384 .. 0.76
   2 ?    9.1   0.6    0.0023     0.031       1      34 [.  148973  149006 ..  148973  149020 .. 0.88
   3 !   70.2   5.0   4.8e-22   6.4e-21      36     227 ..  149133  149322 ..  149117  149324 .. 0.82
   4 !  213.5   9.7   6.7e-66     9e-65       1     229 [.  150979  151210 ..  150979  151210 .. 0.94
   5 !  136.8   9.1     2e-42   2.7e-41       1     229 [.  151693  151919 ..  151693  151919 .. 0.91

>> NZ_CP113052.1_frame=1  Staphylococcus aureus strain Fizz chromosome, complete genome
   #    score  bias  c-Evalue  i-Evalue hmmfrom  hmm to    alifrom  ali to    envfrom  env to     acc
 ---   ------ ----- --------- --------- ------- -------    ------- -------    ------- -------    ----
   1 !   20.5   1.4   7.5e-07     1e-05     130     226 ..  452344  452440 ..  452272  452445 .. 0.76
   2 ?    9.2   0.6    0.0022     0.029       1      34 [.  461034  461067 ..  461034  461081 .. 0.88
   3 !   70.3   5.0   4.5e-22     6e-21      36     227 ..  461194  461383 ..  461178  461385 .. 0.82
   4 !  213.6   9.7   6.3e-66   8.4e-65       1     229 [.  463057  463288 ..  463057  463288 .. 0.94
   5 !  136.9   9.1   1.9e-42   2.5e-41       1     229 [.  463771  463997 ..  463771  463997 .. 0.91

>> NZ_CP136528.1_frame=3  Staphylococcus aureus strain BAA-1556_Catania chromosome, complete genome
   #    score  bias  c-Evalue  i-Evalue hmmfrom  hmm to    alifrom  ali to    envfrom  env to     acc
 ---   ------ ----- --------- --------- ------- -------    ------- -------    ------- -------    ----
   1 !   20.5   1.4   7.5e-07     1e-05     130     226 ..  140866  140962 ..  140794  140967 .. 0.76
   2 ?    9.2   0.6    0.0022     0.029       1      34 [.  149556  149589 ..  149556  149603 .. 0.88
   3 !   70.3   5.0   4.5e-22     6e-21      36     227 ..  149716  149905 ..  149700  149907 .. 0.82
   4 !  213.6   9.7   6.3e-66   8.5e-65       1     229 [.  151562  151793 ..  151562  151793 .. 0.94
   5 !  136.9   9.1   1.9e-42   2.5e-41       1     229 [.  152276  152502 ..  152276  152502 .. 0.91

>> NZ_LR134090.1_frame=3  Staphylococcus aureus strain NCTC9555 chromosome 1, complete sequence
   #    score  bias  c-Evalue  i-Evalue hmmfrom  hmm to    alifrom  ali to    envfrom  env to     acc
 ---   ------ ----- --------- --------- ------- -------    ------- -------    ------- -------    ----
   1 ?   -1.1   0.5       3.2        42     113     182 ..  146926  146996 ..  146914  147009 .. 0.82
   2 !  119.4   6.5   4.2e-37   5.6e-36       1     229 [.  149768  149993 ..  149768  149993 .. 0.92
   3 !  211.2   8.7   3.3e-65   4.4e-64       1     228 [.  152788  153018 ..  152788  153019 .. 0.97
   4 !   17.3   0.7   7.3e-06   9.8e-05      41     225 ..  595489  595675 ..  595453  595680 .. 0.77

>> NC_017338.2_frame=1  Staphylococcus aureus subsp. aureus JKD6159, complete sequence
   #    score  bias  c-Evalue  i-Evalue hmmfrom  hmm to    alifrom  ali to    envfrom  env to     acc
 ---   ------ ----- --------- --------- ------- -------    ------- -------    ------- -------    ----
   1 !   18.6   0.9     3e-06     4e-05     152     226 ..  132376  132450 ..  132294  132455 .. 0.83
   2 ?    2.7   0.5      0.21       2.8       1      25 [.  142623  142647 ..  142623  142660 .. 0.84
   3 !   85.5   3.7     1e-26   1.4e-25      43     229 ..  142715  142903 ..  142683  142903 .. 0.87
   4 !  113.9  11.0   2.1e-35   2.8e-34       1     228 [.  143840  144067 ..  143840  144069 .. 0.91

>> NC_002952.2_frame=2  Staphylococcus aureus subsp. aureus MRSA252, complete sequence
   #    score  bias  c-Evalue  i-Evalue hmmfrom  hmm to    alifrom  ali to    envfrom  env to     acc
 ---   ------ ----- --------- --------- ------- -------    ------- -------    ------- -------    ----
   1 !  138.4   8.1   6.5e-43   8.8e-42       1     228 [.  154843  155073 ..  154843  155074 .. 0.90

>> NC_017763.1_frame=2  Staphylococcus aureus subsp. aureus HO 5096 0412, complete sequence
   #    score  bias  c-Evalue  i-Evalue hmmfrom  hmm to    alifrom  ali to    envfrom  env to     acc
 ---   ------ ----- --------- --------- ------- -------    ------- -------    ------- -------    ----
   1 !  110.4   4.5   2.4e-34   3.2e-33       1     230 [.  138877  139108 ..  138877  139109 .. 0.91

>> NZ_CP011877.1_frame=-3  Staphylococcus aureus strain 12S01032 chromosome, complete genome
   #    score  bias  c-Evalue  i-Evalue hmmfrom  hmm to    alifrom  ali to    envfrom  env to     acc
 ---   ------ ----- --------- --------- ------- -------    ------- -------    ------- -------    ----
   1 !  110.1   4.8     3e-34     4e-33       1     230 [.  757442  757673 ..  757442  757674 .. 0.91

>> NZ_LS483357.1_frame=1  Streptococcus pyogenes strain NCTC8326 chromosome 1, complete sequence
   #    score  bias  c-Evalue  i-Evalue hmmfrom  hmm to    alifrom  ali to    envfrom  env to     acc
 ---   ------ ----- --------- --------- ------- -------    ------- -------    ------- -------    ----
   1 ?    3.5   0.2      0.12       1.6     118     182 ..  219499  219563 ..  219491  219579 .. 0.86
   2 !   28.5   2.1   2.8e-09   3.7e-08     100     216 ..  430393  430510 ..  430355  430523 .. 0.79
   3 ?    8.0   0.2    0.0051     0.069     118     203 ..  567888  567975 ..  567815  567984 .. 0.84

>> NZ_AP023389.1_frame=-2  Streptococcus pyogenes strain KUN-0012590 chromosome, complete genome
   #    score  bias  c-Evalue  i-Evalue hmmfrom  hmm to    alifrom  ali to    envfrom  env to     acc
 ---   ------ ----- --------- --------- ------- -------    ------- -------    ------- -------    ----
   1 !   28.5   2.1   2.7e-09   3.6e-08     100     216 ..  378053  378170 ..  378015  378183 .. 0.79

>> NZ_CP051138.1_frame=2  Streptococcus pyogenes strain 4063-05 chromosome, complete genome
   #    score  bias  c-Evalue  i-Evalue hmmfrom  hmm to    alifrom  ali to    envfrom  env to     acc
 ---   ------ ----- --------- --------- ------- -------    ------- -------    ------- -------    ----
   1 !   28.5   2.1   2.8e-09   3.7e-08     100     216 ..  430320  430437 ..  430282  430450 .. 0.79

>> NZ_LR134284.1_frame=2  Streptococcus pyogenes strain NCTC8232 chromosome 1, complete sequence
   #    score  bias  c-Evalue  i-Evalue hmmfrom  hmm to    alifrom  ali to    envfrom  env to     acc
 ---   ------ ----- --------- --------- ------- -------    ------- -------    ------- -------    ----
   1 !   12.9   1.8   0.00016    0.0021      64     188 ..  339779  339901 ..  339746  339945 .. 0.80
   2 !   12.7   2.3   0.00018    0.0025      64     224 ..  371240  371400 ..  371204  371407 .. 0.79
   3 ?    5.6   0.7     0.028      0.38     146     222 ..  391653  391731 ..  391634  391738 .. 0.81
   4 ?    7.2   0.1    0.0089      0.12     118     203 ..  576766  576853 ..  576692  576863 .. 0.83

>> NZ_CP070994.1_frame=-3  Streptococcus pyogenes strain M11318 chromosome, complete genome
   #    score  bias  c-Evalue  i-Evalue hmmfrom  hmm to    alifrom  ali to    envfrom  env to     acc
 ---   ------ ----- --------- --------- ------- -------    ------- -------    ------- -------    ----
   1 !   14.2   0.6   6.7e-05    0.0009     119     220 ..  483441  483544 ..  483430  483553 .. 0.79
   2 ?    6.1   0.1      0.02      0.27     118     203 ..  543396  543483 ..  543369  543492 .. 0.78

>> NZ_AP023389.1_frame=2  Streptococcus pyogenes strain KUN-0012590 chromosome, complete genome
   #    score  bias  c-Evalue  i-Evalue hmmfrom  hmm to    alifrom  ali to    envfrom  env to     acc
 ---   ------ ----- --------- --------- ------- -------    ------- -------    ------- -------    ----
   1 !   16.4   1.0   1.4e-05   0.00019     103     206 ..   65408   65513 ..   65391   65547 .. 0.78

>> NZ_CP035450.1_frame=2  Streptococcus pyogenes strain emm93.4 chromosome, complete genome
   #    score  bias  c-Evalue  i-Evalue hmmfrom  hmm to    alifrom  ali to    envfrom  env to     acc
 ---   ------ ----- --------- --------- ------- -------    ------- -------    ------- -------    ----
   1 !   15.2   1.3   3.2e-05   0.00043     109     206 ..   60847   60946 ..   60825   60980 .. 0.77

>> NZ_CP167001.1_frame=-1  Streptococcus pyogenes strain Isolate 31 chromosome, complete genome
   #    score  bias  c-Evalue  i-Evalue hmmfrom  hmm to    alifrom  ali to    envfrom  env to     acc
 ---   ------ ----- --------- --------- ------- -------    ------- -------    ------- -------    ----
   1 !   14.1   0.6   6.8e-05   0.00091     119     220 ..  483450  483553 ..  483439  483562 .. 0.79



Internal pipeline statistics summary:
-------------------------------------
Query model(s):                              1  (231 nodes)
Target sequences:                          564  (304447416 residues searched)
Passed MSV filter:                       119  (0.210993); expected 11.3 (0.02)
Passed bias filter:                       49  (0.0868794); expected 11.3 (0.02)
Passed Vit filter:                        46  (0.0815603); expected 0.6 (0.001)
Passed Fwd filter:                        42  (0.0744681); expected 0.0 (1e-05)
Initial search space (Z):                564  [actual number of targets]
Domain search space  (domZ):              42  [number of targets reported over threshold]
# CPU time: 37.30u 0.39s 00:00:37.69 Elapsed: 00:01:56.79
# Mc/sec: 602.17

@@ New targets included:   42
@@ New alignment includes: 150 subseqs (was 1), including original query
@@ Continuing to next round.

@@
@@ Round:                  2
@@ Included in MSA:        150 subsequences (query + 149 subseqs from 42 targets)
@@ Model size:             231 positions
@@

Scores for complete sequences (score includes all domains):
   --- full sequence ---   --- best 1 domain ---    -#dom-
    E-value  score  bias    E-value  score  bias    exp  N  Sequence               Description
    ------- ------ -----    ------- ------ -----   ---- --  --------               -----------
          0 1556.8 146.3    1.7e-86  284.7  12.2    8.5  8  NC_007795.1_frame=1     Staphylococcus aureus subsp. aureus N
          0 1543.4 136.4    2.6e-85  280.8   8.9    9.0  8  NZ_CP011877.1_frame=-2  Staphylococcus aureus strain 12S01032
          0 1392.7 125.8    1.7e-86  284.7  12.2    8.1  7  NZ_CP113052.1_frame=2   Staphylococcus aureus strain Fizz chr
          0 1368.9 163.0    6.9e-90  295.8  15.8    8.9 10  NZ_CP132371.1_frame=1   Staphylococcus aureus strain UNC_SA38
          0 1336.2 167.7    2.5e-84  277.6  13.0    9.8  9  NC_002953.3_frame=3     Staphylococcus aureus subsp. aureus M
          0 1315.7 148.7    7.3e-90  295.7  15.8   10.0 12  NC_002745.2_frame=3     Staphylococcus aureus subsp. aureus N
          0 1145.1 187.5    4.9e-80  263.6  12.4    9.6  7  NC_017338.2_frame=2     Staphylococcus aureus subsp. aureus J
    7.8e-68  223.6  62.2    1.3e-26   88.7   4.2    4.7  4  NZ_LR134284.1_frame=2   Streptococcus pyogenes strain NCTC823
    6.3e-50  165.0  33.8    4.6e-27   90.2  12.6    3.4  3  NZ_LS483357.1_frame=1   Streptococcus pyogenes strain NCTC832
+   6.3e-38  125.8  21.1    2.7e-26   87.7   4.6    2.6  2  NZ_CP118481.1_frame=2   Streptococcus pyogenes strain 2018532
    4.2e-29   96.9  31.4    2.2e-20   68.3  11.5    3.0  3  NZ_CP070994.1_frame=-3  Streptococcus pyogenes strain M11318 
+     8e-24   79.6  20.4    1.7e-13   45.8   5.9    2.6  2  NZ_AP023389.1_frame=3   Streptococcus pyogenes strain KUN-001
    2.1e-23   78.3   4.4      5e-23   77.0   4.4    1.6  1  NZ_CP035450.1_frame=2   Streptococcus pyogenes strain emm93.4
+   5.5e-22   73.6  22.1    2.1e-12   42.3   6.9    2.4  2  NZ_CP051138.1_frame=1   Streptococcus pyogenes strain 4063-05
    2.3e-20   68.3  11.5    2.3e-20   68.3  11.5    1.9  2  NZ_CP167001.1_frame=-1  Streptococcus pyogenes strain Isolate


Domain annotation for each sequence:
>> NC_007795.1_frame=1  Staphylococcus aureus subsp. aureus NCTC 8325 chromosome, complete genome
   #    score  bias  c-Evalue  i-Evalue hmmfrom  hmm to    alifrom  ali to    envfrom  env to     acc
 ---   ------ ----- --------- --------- ------- -------    ------- -------    ------- -------    ----
   1 !  251.5  14.2   6.2e-78   2.3e-76       1     229 [.  129432  129657 ..  129432  129657 .. 0.98
   2 !  263.2  13.7   1.7e-81   6.3e-80       1     228 [.  129754  129981 ..  129754  129983 .. 0.96
   3 !   21.4   5.2   1.3e-07     5e-06       1      35 [.  130561  130595 ..  130561  130604 .. 0.89
   4 !  234.7  13.6   8.8e-73   3.3e-71      24     229 ..  130663  130868 ..  130656  130868 .. 0.94
   5 !  274.0  11.0   8.5e-85   3.2e-83       1     228 [.  130991  131223 ..  130991  131224 .. 0.93
   6 !  284.7  12.2   4.7e-88   1.7e-86       1     228 [.  132452  132682 ..  132452  132683 .. 0.98
   7 !  279.6  12.2   1.7e-86   6.2e-85       1     228 [.  134170  134394 ..  134170  134394 .. 0.94
   8 ?   -3.4   0.1         5   1.9e+02     148     190 ..  391190  391235 ..  391173  391240 .. 0.66

>> NZ_CP011877.1_frame=-2  Staphylococcus aureus strain 12S01032 chromosome, complete genome
   #    score  bias  c-Evalue  i-Evalue hmmfrom  hmm to    alifrom  ali to    envfrom  env to     acc
 ---   ------ ----- --------- --------- ------- -------    ------- -------    ------- -------    ----
   1 ?   -3.4   0.1         5   1.9e+02     148     189 ..   83519   83563 ..   83502   83568 .. 0.66
   2 !  256.1  15.6   2.5e-79   9.2e-78       1     229 [.  757121  757346 ..  757121  757346 .. 0.98
   3 !   16.7   2.1   3.5e-06   0.00013       1      35 [.  758231  758265 ..  758231  758298 .. 0.91
   4 !  236.6  10.3   2.2e-73   8.3e-72      19     228 ..  758335  758544 ..  758333  758546 .. 0.96
   5 !  274.7  13.1     5e-85   1.9e-83       1     228 [.  758669  758901 ..  758669  758902 .. 0.95
   6 !  275.2  13.2   3.6e-85   1.4e-83       1     228 [.  759398  759628 ..  759398  759629 .. 0.98
   7 !  252.3  11.4   3.5e-78   1.3e-76       1     229 [.  759753  759979 ..  759753  759979 .. 0.97
   8 !  280.8   8.9   6.9e-87   2.6e-85       1     228 [.  761111  761336 ..  761111  761336 .. 0.94

>> NZ_CP113052.1_frame=2  Staphylococcus aureus strain Fizz chromosome, complete genome
   #    score  bias  c-Evalue  i-Evalue hmmfrom  hmm to    alifrom  ali to    envfrom  env to     acc
 ---   ------ ----- --------- --------- ------- -------    ------- -------    ------- -------    ----
   1 !  251.6  14.2     6e-78   2.3e-76       1     229 [.  460383  460608 ..  460383  460608 .. 0.98
   2 !  263.3  13.7   1.6e-81     6e-80       1     228 [.  460705  460932 ..  460705  460934 .. 0.96
   3 !   22.3   4.1   7.2e-08   2.7e-06       1      35 [.  461508  461542 ..  461508  461551 .. 0.89
   4 !  234.7  13.6   8.5e-73   3.2e-71      24     229 ..  461627  461832 ..  461620  461832 .. 0.94
   5 !  274.0  11.0   8.2e-85   3.1e-83       1     228 [.  461955  462187 ..  461955  462188 .. 0.93
   6 !  284.7  12.2   4.5e-88   1.7e-86       1     228 [.  463416  463646 ..  463416  463647 .. 0.98
   7 !  108.0   0.2   4.6e-34   1.7e-32       1     115 [.  465134  465241 ..  465134  465244 .. 0.95

>> NZ_CP132371.1_frame=1  Staphylococcus aureus strain UNC_SA38 chromosome, complete genome
   #    score  bias  c-Evalue  i-Evalue hmmfrom  hmm to    alifrom  ali to    envfrom  env to     acc
 ---   ------ ----- --------- --------- ------- -------    ------- -------    ------- -------    ----
   1 ?   -4.1   0.9       8.3   3.1e+02     142     198 ..  135053  135108 ..  135039  135117 .. 0.79
   2 ?   -3.2   0.7       4.5   1.7e+02     131     213 ..  486180  486259 ..  486158  486265 .. 0.82
   3 ?   -2.8   0.1       3.2   1.2e+02       1      30 [.  568978  569007 ..  568978  569026 .. 0.77
   4 ?   -3.9   2.0       7.2   2.7e+02     156     228 ..  569046  569117 ..  569005  569118 .. 0.79
   5 !   71.9   4.8   4.9e-23   1.8e-21     129     228 ..  881083  881182 ..  881038  881184 .. 0.94
   6 !  261.5  13.5   5.5e-81   2.1e-79       1     229 [.  889130  889355 ..  889130  889355 .. 0.98
   7 !  262.0  12.3   3.8e-81   1.4e-79       1     229 [.  889452  889680 ..  889452  889682 .. 0.96
   8 !  295.8  15.8   1.8e-91   6.9e-90       1     230 [.  891056  891285 ..  891056  891286 .. 0.99
   9 !  282.7  12.2   1.8e-87   6.9e-86       1     228 [.  891759  891989 ..  891759  891990 .. 0.98
  10 !  272.7  14.0   2.1e-84   7.8e-83       1     228 [.  893477  893703 ..  893477  893703 .. 0.93

>> NC_002953.3_frame=3  Staphylococcus aureus subsp. aureus MSSA476, complete sequence
   #    score  bias  c-Evalue  i-Evalue hmmfrom  hmm to    alifrom  ali to    envfrom  env to     acc
 ---   ------ ----- --------- --------- ------- -------    ------- -------    ------- -------    ----
   1 !   38.2  11.7     1e-12   3.8e-11       4     228 ..   20076   20311 ..   20074   20313 .. 0.64
   2 !  258.0   9.6   6.6e-80   2.5e-78       1     229 [.  142630  142855 ..  142630  142855 .. 0.98
   3 !  259.7  12.5     2e-80   7.5e-79       1     229 [.  142952  143180 ..  142952  143182 .. 0.96
   4 !   22.2   4.1   7.8e-08   2.9e-06       1      35 [.  143759  143793 ..  143759  143807 .. 0.87
   5 !  238.0  11.7   8.5e-74   3.2e-72      20     229 ..  143864  144073 ..  143861  144073 .. 0.96
   6 !  273.4  10.4   1.3e-84   4.7e-83       1     228 [.  144196  144428 ..  144196  144429 .. 0.93
   7 !  277.6  13.0   6.7e-86   2.5e-84       1     228 [.  147395  147624 ..  147395  147624 .. 0.94
   8 ?   -3.3   0.1       4.9   1.8e+02     148     190 ..  422191  422236 ..  422174  422241 .. 0.66
   9 !   40.8   8.9   1.6e-13   5.9e-12      41     187 ..  688740  688884 ..  688729  688897 .. 0.79

>> NC_002745.2_frame=3  Staphylococcus aureus subsp. aureus N315, complete sequence
   #    score  bias  c-Evalue  i-Evalue hmmfrom  hmm to    alifrom  ali to    envfrom  env to     acc
 ---   ------ ----- --------- --------- ------- -------    ------- -------    ------- -------    ----
   1 !  261.4  13.5   5.8e-81   2.2e-79       1     229 [.  147034  147259 ..  147034  147259 .. 0.98
   2 !  262.0  12.3     4e-81   1.5e-79       1     229 [.  147356  147584 ..  147356  147586 .. 0.96
   3 !  295.7  15.8   1.9e-91   7.3e-90       1     230 [.  148960  149189 ..  148960  149190 .. 0.99
   4 !  282.6  12.2   1.9e-87   7.2e-86       1     228 [.  149663  149893 ..  149663  149894 .. 0.98
   5 !  272.6  14.0   2.2e-84   8.2e-83       1     228 [.  151381  151607 ..  151381  151607 .. 0.93
   6 ?    6.0   1.0     0.007      0.26       1      46 [.  317993  318037 ..  317993  318050 .. 0.85
   7 ?   -1.8   1.0       1.6        60     188     229 ..  318096  318134 ..  318087  318135 .. 0.86
   8 ?   -3.4   0.1         5   1.9e+02     148     190 ..  412647  412692 ..  412630  412697 .. 0.66
   9 ?   -4.1   1.9       8.1   3.1e+02       1      48 [.  617833  617878 ..  617833  617921 .. 0.70
  10 ?   -3.3   0.7       4.8   1.8e+02     131     213 ..  669221  669300 ..  669199  669306 .. 0.82
  11 ?   -2.8   0.1       3.4   1.3e+02       1      30 [.  759419  759448 ..  759419  759467 .. 0.77
  12 ?   -4.0   2.0       7.6   2.9e+02     156     228 ..  759487  759558 ..  759446  759559 .. 0.79

>> NC_017338.2_frame=2  Staphylococcus aureus subsp. aureus JKD6159, complete sequence
   #    score  bias  c-Evalue  i-Evalue hmmfrom  hmm to    alifrom  ali to    envfrom  env to     acc
 ---   ------ ----- --------- --------- ------- -------    ------- -------    ------- -------    ----
   1 !  259.3  15.8   2.7e-80     1e-78       1     229 [.  141984  142209 ..  141984  142209 .. 0.98
   2 !  263.6  12.4   1.3e-81   4.9e-80       1     228 [.  142295  142522 ..  142295  142524 .. 0.96
   3 !   26.1   1.9     5e-09   1.9e-07       1      35 [.  143024  143058 ..  143024  143096 .. 0.90
   4 !  230.8  12.0   1.4e-71   5.1e-70      22     229 ..  143125  143333 ..  143118  143333 .. 0.94
   5 !  211.7  12.9   9.1e-66   3.4e-64      42     228 ..  144945  145134 ..  144931  145135 .. 0.96
   6 !  256.4  13.3   2.1e-79   7.7e-78       1     229 [.  145256  145482 ..  145256  145482 .. 0.98
   7 ?   -3.9   3.9       7.3   2.8e+02     117     160 ..  394114  394157 ..  394111  394159 .. 0.95

>> NZ_LR134284.1_frame=2  Streptococcus pyogenes strain NCTC8232 chromosome 1, complete sequence
   #    score  bias  c-Evalue  i-Evalue hmmfrom  hmm to    alifrom  ali to    envfrom  env to     acc
 ---   ------ ----- --------- --------- ------- -------    ------- -------    ------- -------    ----
   1 !   88.7   4.2   3.5e-28   1.3e-26      42     225 ..  339749  339940 ..  339711  339946 .. 0.81
   2 !   83.4   4.0   1.5e-26   5.5e-25      62     224 ..  371238  371400 ..  371182  371406 .. 0.79
   3 !   43.6   7.1   2.2e-14   8.1e-13     142     225 ..  391649  391735 ..  391637  391738 .. 0.87
   4 !   42.3   5.7   5.5e-14   2.1e-12      45     204 ..  576687  576854 ..  576680  576879 .. 0.72

>> NZ_LS483357.1_frame=1  Streptococcus pyogenes strain NCTC8326 chromosome 1, complete sequence
   #    score  bias  c-Evalue  i-Evalue hmmfrom  hmm to    alifrom  ali to    envfrom  env to     acc
 ---   ------ ----- --------- --------- ------- -------    ------- -------    ------- -------    ----
   1 !   42.1   0.4   6.1e-14   2.3e-12      13     202 ..  219381  219586 ..  219370  219593 .. 0.66
   2 !   90.2  12.6   1.2e-28   4.6e-27       3     229 ..  430301  430522 ..  430298  430524 .. 0.83
   3 !   42.3   6.9   5.5e-14   2.1e-12      45     204 ..  567809  567976 ..  567802  568001 .. 0.72

>> NZ_CP118481.1_frame=2  Streptococcus pyogenes strain 20185322 chromosome, complete genome
   #    score  bias  c-Evalue  i-Evalue hmmfrom  hmm to    alifrom  ali to    envfrom  env to     acc
 ---   ------ ----- --------- --------- ------- -------    ------- -------    ------- -------    ----
   1 !   43.0   8.6   3.2e-14   1.2e-12      37     204 ..  258527  258697 ..  258519  258720 .. 0.72
   2 !   87.7   4.6   7.3e-28   2.7e-26      42     225 ..  338283  338474 ..  338245  338480 .. 0.81

>> NZ_CP070994.1_frame=-3  Streptococcus pyogenes strain M11318 chromosome, complete genome
   #    score  bias  c-Evalue  i-Evalue hmmfrom  hmm to    alifrom  ali to    envfrom  env to     acc
 ---   ------ ----- --------- --------- ------- -------    ------- -------    ------- -------    ----
   1 ?   -2.3   0.4       2.4        89      42     105 ..  270051  270119 ..  270038  270127 .. 0.71
   2 !   68.3  11.5     6e-22   2.2e-20      85     225 ..  483403  483550 ..  483347  483553 .. 0.72
   3 !   39.1   5.5     5e-13   1.9e-11      46     204 ..  543318  543484 ..  543311  543509 .. 0.67

>> NZ_AP023389.1_frame=3  Streptococcus pyogenes strain KUN-0012590 chromosome, complete genome
   #    score  bias  c-Evalue  i-Evalue hmmfrom  hmm to    alifrom  ali to    envfrom  env to     acc
 ---   ------ ----- --------- --------- ------- -------    ------- -------    ------- -------    ----
   1 !   38.8   6.5   6.5e-13   2.4e-11     142     225 ..  383723  383809 ..  383709  383812 .. 0.86
   2 !   45.8   5.9   4.6e-15   1.7e-13      46     204 ..  558547  558713 ..  558539  558738 .. 0.68

>> NZ_CP035450.1_frame=2  Streptococcus pyogenes strain emm93.4 chromosome, complete genome
   #    score  bias  c-Evalue  i-Evalue hmmfrom  hmm to    alifrom  ali to    envfrom  env to     acc
 ---   ------ ----- --------- --------- ------- -------    ------- -------    ------- -------    ----
   1 !   77.0   4.4   1.3e-24     5e-23      43     209 ..   60779   60949 ..   60752   60967 .. 0.81

>> NZ_CP051138.1_frame=1  Streptococcus pyogenes strain 4063-05 chromosome, complete genome
   #    score  bias  c-Evalue  i-Evalue hmmfrom  hmm to    alifrom  ali to    envfrom  env to     acc
 ---   ------ ----- --------- --------- ------- -------    ------- -------    ------- -------    ----
   1 !   36.6   7.2   3.1e-12   1.1e-10     142     225 ..  381732  381818 ..  381720  381821 .. 0.86
   2 !   42.3   6.9   5.5e-14   2.1e-12      45     204 ..  567734  567901 ..  567727  567926 .. 0.72

>> NZ_CP167001.1_frame=-1  Streptococcus pyogenes strain Isolate 31 chromosome, complete genome
   #    score  bias  c-Evalue  i-Evalue hmmfrom  hmm to    alifrom  ali to    envfrom  env to     acc
 ---   ------ ----- --------- --------- ------- -------    ------- -------    ------- -------    ----
   1 ?   -2.3   0.4       2.4        90      42     105 ..  269601  269669 ..  269588  269677 .. 0.71
   2 !   68.3  11.5   6.1e-22   2.3e-20      85     225 ..  483412  483559 ..  483356  483562 .. 0.72



Internal pipeline statistics summary:
-------------------------------------
Query model(s):                              1  (231 nodes)
Target sequences:                          564  (304447416 residues searched)
Passed MSV filter:                       134  (0.237589); expected 11.3 (0.02)
Passed bias filter:                       98  (0.173759); expected 11.3 (0.02)
Passed Vit filter:                        98  (0.173759); expected 0.6 (0.001)
Passed Fwd filter:                        15  (0.0265957); expected 0.0 (1e-05)
Initial search space (Z):                564  [actual number of targets]
Domain search space  (domZ):              15  [number of targets reported over threshold]
# CPU time: 40.29u 0.14s 00:00:40.43 Elapsed: 00:02:01.53
# Mc/sec: 578.68

@@ New targets included:   3
@@ New alignment includes: 64 subseqs (was 150), including original query
@@ Continuing to next round.

@@
@@ Round:                  3
@@ Included in MSA:        64 subsequences (query + 63 subseqs from 15 targets)
@@ Model size:             231 positions
@@

Scores for complete sequences (score includes all domains):
   --- full sequence ---   --- best 1 domain ---    -#dom-
    E-value  score  bias    E-value  score  bias    exp  N  Sequence               Description
    ------- ------ -----    ------- ------ -----   ---- --  --------               -----------
     8e-158  518.2  76.0    4.3e-53  175.5   5.2    5.8  5  NZ_LR134284.1_frame=2   Streptococcus pyogenes strain NCTC823
   2.4e-139  457.7  41.8      3e-51  169.5   2.0    3.4  3  NZ_LS483357.1_frame=1   Streptococcus pyogenes strain NCTC832
    1.1e-85  282.1  22.7    8.5e-53  174.6   5.7    2.9  2  NZ_CP118481.1_frame=2   Streptococcus pyogenes strain 2018532
+     6e-84  276.5  48.4    3.3e-47  156.3  15.8    2.8  2  NZ_CP155738.1_frame=3   Streptococcus pyogenes strain 1510/08
    5.4e-81  266.8  32.4    4.3e-42  139.5   7.2    2.5  2  NZ_CP070994.1_frame=-3  Streptococcus pyogenes strain M11318 
    3.7e-65  215.0  23.7    4.1e-43  142.9   7.6    2.7  2  NZ_AP023389.1_frame=3   Streptococcus pyogenes strain KUN-001
    1.6e-64  212.9  24.7    5.3e-43  142.5   8.2    2.4  2  NZ_CP051138.1_frame=1   Streptococcus pyogenes strain 4063-05
+   4.5e-55  182.0  24.4    5.3e-39  129.4   8.2    3.2  2  NZ_AP023388.1_frame=1   Streptococcus pyogenes strain NIH35 c
+   4.2e-53  175.6   5.7    8.3e-53  174.6   5.7    1.4  1  NZ_CP167001.1_frame=3   Streptococcus pyogenes strain Isolate
+   1.6e-51  170.4   2.0      3e-51  169.5   2.0    1.4  1  NZ_CP051138.1_frame=3   Streptococcus pyogenes strain 4063-05
+   7.6e-48  158.4  16.0    1.6e-47  157.3  16.0    1.6  1  NZ_AP023389.1_frame=-2  Streptococcus pyogenes strain KUN-001
+   8.9e-48  158.1  16.0    1.6e-47  157.3  16.0    1.4  1  NZ_AP023388.1_frame=-1  Streptococcus pyogenes strain NIH35 c
+   1.6e-47  157.3  16.0    1.6e-47  157.3  16.0    2.4  2  NZ_CP051138.1_frame=2   Streptococcus pyogenes strain 4063-05
+   6.7e-43  142.2   8.6    1.4e-42  141.1   8.6    1.5  1  NZ_CP155740.1_frame=3   Streptococcus pyogenes strain 1851/03
+   2.2e-42  140.5   7.2    4.3e-42  139.5   7.2    1.4  1  NZ_CP167001.1_frame=-2  Streptococcus pyogenes strain Isolate
    5.9e-40  132.5  17.2    5.9e-40  132.5  17.2    2.4  2  NZ_CP167001.1_frame=-1  Streptococcus pyogenes strain Isolate
+   2.1e-39  130.8   8.2    5.2e-39  129.4   8.2    1.7  1  NZ_CP070994.1_frame=2   Streptococcus pyogenes strain M11318 
    2.9e-39  130.3   8.4    5.9e-39  129.3   8.4    1.4  1  NZ_CP035450.1_frame=2   Streptococcus pyogenes strain emm93.4
+   3.3e-39  130.1   7.9    6.5e-39  129.1   7.9    1.4  1  NZ_AP023389.1_frame=2   Streptococcus pyogenes strain KUN-001
+   1.1e-22   76.0   7.1    2.7e-22   74.8   7.1    1.6  1  NZ_CP167001.1_frame=-3  Streptococcus pyogenes strain Isolate


Domain annotation for each sequence:
>> NZ_LR134284.1_frame=2  Streptococcus pyogenes strain NCTC8232 chromosome 1, complete sequence
   #    score  bias  c-Evalue  i-Evalue hmmfrom  hmm to    alifrom  ali to    envfrom  env to     acc
 ---   ------ ----- --------- --------- ------- -------    ------- -------    ------- -------    ----
   1 ?   -2.6   3.3       4.1   1.1e+02     136     220 ..  124239  124322 ..  124224  124331 .. 0.74
   2 !  175.5   5.2   1.5e-54   4.3e-53      16     227 ..  339724  339942 ..  339709  339946 .. 0.94
   3 !  160.2   4.7   7.2e-50     2e-48      16     225 ..  371185  371401 ..  371178  371406 .. 0.94
   4 !   80.3   8.5     2e-25   5.6e-24     140     226 ..  391647  391736 ..  391633  391738 .. 0.93
   5 !  143.3   6.9     1e-44   2.9e-43      41     225 ..  576683  576875 ..  576656  576887 .. 0.87

>> NZ_LS483357.1_frame=1  Streptococcus pyogenes strain NCTC8326 chromosome 1, complete sequence
   #    score  bias  c-Evalue  i-Evalue hmmfrom  hmm to    alifrom  ali to    envfrom  env to     acc
 ---   ------ ----- --------- --------- ------- -------    ------- -------    ------- -------    ----
   1 !  169.5   2.0   1.1e-52     3e-51       6     224 ..  219374  219610 ..  219369  219614 .. 0.93
   2 !  157.3  16.0   5.8e-49   1.6e-47       1     229 [.  430299  430522 ..  430298  430524 .. 0.93
   3 !  142.5   8.2   1.9e-44   5.3e-43      41     225 ..  567805  567997 ..  567778  568009 .. 0.87

>> NZ_CP118481.1_frame=2  Streptococcus pyogenes strain 20185322 chromosome, complete genome
   #    score  bias  c-Evalue  i-Evalue hmmfrom  hmm to    alifrom  ali to    envfrom  env to     acc
 ---   ------ ----- --------- --------- ------- -------    ------- -------    ------- -------    ----
   1 !  112.1   9.0   3.6e-35     1e-33      34     225 ..  258524  258718 ..  258512  258721 .. 0.86
   2 !  174.6   5.7     3e-54   8.5e-53      16     227 ..  338258  338476 ..  338243  338480 .. 0.94

>> NZ_CP155738.1_frame=3  Streptococcus pyogenes strain 1510/08 chromosome, complete genome
   #    score  bias  c-Evalue  i-Evalue hmmfrom  hmm to    alifrom  ali to    envfrom  env to     acc
 ---   ------ ----- --------- --------- ------- -------    ------- -------    ------- -------    ----
   1 !  156.3  15.8   1.2e-48   3.3e-47       1     229 [.  340845  341068 ..  340844  341070 .. 0.93
   2 !  141.0   8.6   5.3e-44   1.5e-42      42     225 ..  605840  606031 ..  605835  606043 .. 0.88

>> NZ_CP070994.1_frame=-3  Streptococcus pyogenes strain M11318 chromosome, complete genome
   #    score  bias  c-Evalue  i-Evalue hmmfrom  hmm to    alifrom  ali to    envfrom  env to     acc
 ---   ------ ----- --------- --------- ------- -------    ------- -------    ------- -------    ----
   1 !  132.6  17.2   2.1e-41   5.8e-40      22     226 ..  483345  483551 ..  483333  483553 .. 0.82
   2 !  139.5   7.2   1.5e-43   4.3e-42      41     225 ..  543313  543505 ..  543286  543517 .. 0.87

>> NZ_AP023389.1_frame=3  Streptococcus pyogenes strain KUN-0012590 chromosome, complete genome
   #    score  bias  c-Evalue  i-Evalue hmmfrom  hmm to    alifrom  ali to    envfrom  env to     acc
 ---   ------ ----- --------- --------- ------- -------    ------- -------    ------- -------    ----
   1 !   77.1   8.2   1.8e-24   5.2e-23     140     226 ..  383721  383810 ..  383705  383812 .. 0.93
   2 !  142.9   7.6   1.5e-44   4.1e-43      41     225 ..  558542  558734 ..  558515  558746 .. 0.87

>> NZ_CP051138.1_frame=1  Streptococcus pyogenes strain 4063-05 chromosome, complete genome
   #    score  bias  c-Evalue  i-Evalue hmmfrom  hmm to    alifrom  ali to    envfrom  env to     acc
 ---   ------ ----- --------- --------- ------- -------    ------- -------    ------- -------    ----
   1 !   75.7   8.5   4.8e-24   1.4e-22     140     226 ..  381730  381819 ..  381716  381821 .. 0.93
   2 !  142.5   8.2   1.9e-44   5.3e-43      41     225 ..  567730  567922 ..  567703  567934 .. 0.87

>> NZ_AP023388.1_frame=1  Streptococcus pyogenes strain NIH35 chromosome, complete genome
   #    score  bias  c-Evalue  i-Evalue hmmfrom  hmm to    alifrom  ali to    envfrom  env to     acc
 ---   ------ ----- --------- --------- ------- -------    ------- -------    ------- -------    ----
   1 !  129.4   8.2   1.9e-40   5.3e-39      30     217 ..   65259   65455 ..   65237   65468 .. 0.83
   2 !   77.0   8.2     2e-24   5.7e-23     140     226 ..  388192  388281 ..  388178  388283 .. 0.93

>> NZ_CP167001.1_frame=3  Streptococcus pyogenes strain Isolate 31 chromosome, complete genome
   #    score  bias  c-Evalue  i-Evalue hmmfrom  hmm to    alifrom  ali to    envfrom  env to     acc
 ---   ------ ----- --------- --------- ------- -------    ------- -------    ------- -------    ----
   1 !  174.6   5.7   2.9e-54   8.3e-53      16     227 ..  336325  336543 ..  336310  336547 .. 0.94

>> NZ_CP051138.1_frame=3  Streptococcus pyogenes strain 4063-05 chromosome, complete genome
   #    score  bias  c-Evalue  i-Evalue hmmfrom  hmm to    alifrom  ali to    envfrom  env to     acc
 ---   ------ ----- --------- --------- ------- -------    ------- -------    ------- -------    ----
   1 !  169.5   2.0   1.1e-52     3e-51       6     224 ..  219304  219540 ..  219299  219544 .. 0.93

>> NZ_AP023389.1_frame=-2  Streptococcus pyogenes strain KUN-0012590 chromosome, complete genome
   #    score  bias  c-Evalue  i-Evalue hmmfrom  hmm to    alifrom  ali to    envfrom  env to     acc
 ---   ------ ----- --------- --------- ------- -------    ------- -------    ------- -------    ----
   1 !  157.3  16.0   5.6e-49   1.6e-47       1     229 [.  377959  378182 ..  377958  378184 .. 0.93

>> NZ_AP023388.1_frame=-1  Streptococcus pyogenes strain NIH35 chromosome, complete genome
   #    score  bias  c-Evalue  i-Evalue hmmfrom  hmm to    alifrom  ali to    envfrom  env to     acc
 ---   ------ ----- --------- --------- ------- -------    ------- -------    ------- -------    ----
   1 !  157.3  16.0   5.6e-49   1.6e-47       1     229 [.  335493  335716 ..  335492  335718 .. 0.93

>> NZ_CP051138.1_frame=2  Streptococcus pyogenes strain 4063-05 chromosome, complete genome
   #    score  bias  c-Evalue  i-Evalue hmmfrom  hmm to    alifrom  ali to    envfrom  env to     acc
 ---   ------ ----- --------- --------- ------- -------    ------- -------    ------- -------    ----
   1 ?   -2.7   3.4       4.5   1.3e+02     137     220 ..  118613  118695 ..  118599  118704 .. 0.73
   2 !  157.3  16.0   5.8e-49   1.6e-47       1     229 [.  430226  430449 ..  430225  430451 .. 0.93

>> NZ_CP155740.1_frame=3  Streptococcus pyogenes strain 1851/03 chromosome, complete genome
   #    score  bias  c-Evalue  i-Evalue hmmfrom  hmm to    alifrom  ali to    envfrom  env to     acc
 ---   ------ ----- --------- --------- ------- -------    ------- -------    ------- -------    ----
   1 !  141.1   8.6   5.1e-44   1.4e-42      42     225 ..  580041  580232 ..  580036  580244 .. 0.88

>> NZ_CP167001.1_frame=-2  Streptococcus pyogenes strain Isolate 31 chromosome, complete genome
   #    score  bias  c-Evalue  i-Evalue hmmfrom  hmm to    alifrom  ali to    envfrom  env to     acc
 ---   ------ ----- --------- --------- ------- -------    ------- -------    ------- -------    ----
   1 !  139.5   7.2   1.5e-43   4.3e-42      41     225 ..  543314  543506 ..  543287  543518 .. 0.87

>> NZ_CP167001.1_frame=-1  Streptococcus pyogenes strain Isolate 31 chromosome, complete genome
   #    score  bias  c-Evalue  i-Evalue hmmfrom  hmm to    alifrom  ali to    envfrom  env to     acc
 ---   ------ ----- --------- --------- ------- -------    ------- -------    ------- -------    ----
   1 ?   -3.3   4.1       6.8   1.9e+02     136     220 ..  108340  108423 ..  108318  108432 .. 0.75
   2 !  132.5  17.2   2.1e-41   5.9e-40      22     226 ..  483354  483560 ..  483342  483562 .. 0.82

>> NZ_CP070994.1_frame=2  Streptococcus pyogenes strain M11318 chromosome, complete genome
   #    score  bias  c-Evalue  i-Evalue hmmfrom  hmm to    alifrom  ali to    envfrom  env to     acc
 ---   ------ ----- --------- --------- ------- -------    ------- -------    ------- -------    ----
   1 !  129.4   8.2   1.9e-40   5.2e-39      30     217 ..   61668   61864 ..   61646   61877 .. 0.83

>> NZ_CP035450.1_frame=2  Streptococcus pyogenes strain emm93.4 chromosome, complete genome
   #    score  bias  c-Evalue  i-Evalue hmmfrom  hmm to    alifrom  ali to    envfrom  env to     acc
 ---   ------ ----- --------- --------- ------- -------    ------- -------    ------- -------    ----
   1 !  129.3   8.4   2.1e-40   5.9e-39      30     217 ..   60771   60967 ..   60749   60980 .. 0.83

>> NZ_AP023389.1_frame=2  Streptococcus pyogenes strain KUN-0012590 chromosome, complete genome
   #    score  bias  c-Evalue  i-Evalue hmmfrom  hmm to    alifrom  ali to    envfrom  env to     acc
 ---   ------ ----- --------- --------- ------- -------    ------- -------    ------- -------    ----
   1 !  129.1   7.9   2.3e-40   6.5e-39      30     217 ..   65338   65534 ..   65316   65547 .. 0.83

>> NZ_CP167001.1_frame=-3  Streptococcus pyogenes strain Isolate 31 chromosome, complete genome
   #    score  bias  c-Evalue  i-Evalue hmmfrom  hmm to    alifrom  ali to    envfrom  env to     acc
 ---   ------ ----- --------- --------- ------- -------    ------- -------    ------- -------    ----
   1 !   74.8   7.1   9.5e-24   2.7e-22     146     226 ..  380359  380442 ..  380355  380444 .. 0.95



Internal pipeline statistics summary:
-------------------------------------
Query model(s):                              1  (231 nodes)
Target sequences:                          564  (304447416 residues searched)
Passed MSV filter:                       143  (0.253546); expected 11.3 (0.02)
Passed bias filter:                      102  (0.180851); expected 11.3 (0.02)
Passed Vit filter:                       102  (0.180851); expected 0.6 (0.001)
Passed Fwd filter:                        20  (0.035461); expected 0.0 (1e-05)
Initial search space (Z):                564  [actual number of targets]
Domain search space  (domZ):              20  [number of targets reported over threshold]
# CPU time: 42.34u 0.12s 00:00:42.46 Elapsed: 00:02:08.40
# Mc/sec: 547.72

@@ New targets included:   12
@@ New alignment includes: 32 subseqs (was 64), including original query
@@ Continuing to next round.

@@
@@ Round:                  4
@@ Included in MSA:        32 subsequences (query + 31 subseqs from 20 targets)
@@ Model size:             231 positions
@@

Scores for complete sequences (score includes all domains):
   --- full sequence ---   --- best 1 domain ---    -#dom-
    E-value  score  bias    E-value  score  bias    exp  N  Sequence               Description
    ------- ------ -----    ------- ------ -----   ---- --  --------               -----------
   1.6e-235  772.5  76.0    4.5e-75  247.5   9.5    4.9  4  NZ_LR134284.1_frame=2   Streptococcus pyogenes strain NCTC823
   1.5e-217  713.7  49.7    5.2e-79  260.4  17.7    3.3  3  NZ_LS483357.1_frame=1   Streptococcus pyogenes strain NCTC832
   1.6e-135  445.3  52.9    1.2e-78  259.3  17.5    3.0  2  NZ_CP155738.1_frame=3   Streptococcus pyogenes strain 1510/08
   5.7e-125  410.8  37.3    1.4e-63  209.9  20.4    2.4  2  NZ_CP070994.1_frame=-3  Streptococcus pyogenes strain M11318 
   1.1e-123  406.6  30.1    6.8e-75  246.9  10.1    2.5  2  NZ_CP118481.1_frame=2   Streptococcus pyogenes strain 2018532
    4.6e-96  316.2  24.9    4.6e-63  208.2   9.0    2.4  2  NZ_AP023389.1_frame=3   Streptococcus pyogenes strain KUN-001
    4.2e-95  313.1  26.2    6.9e-63  207.7   9.8    2.4  2  NZ_CP051138.1_frame=1   Streptococcus pyogenes strain 4063-05
    1.3e-90  298.4  26.0      2e-63  209.4  10.2    2.7  2  NZ_AP023388.1_frame=1   Streptococcus pyogenes strain NIH35 c
+   2.1e-88  291.2  23.8    2.8e-63  208.9   9.3    2.5  2  NZ_CP118481.1_frame=1   Streptococcus pyogenes strain 2018532
    2.4e-79  261.5  17.7      5e-79  260.5  17.7    1.5  1  NZ_AP023389.1_frame=-2  Streptococcus pyogenes strain KUN-001
    2.7e-79  261.3  17.7    5.2e-79  260.4  17.7    1.5  1  NZ_CP051138.1_frame=2   Streptococcus pyogenes strain 4063-05
    2.8e-79  261.3  17.7      5e-79  260.5  17.7    1.4  1  NZ_AP023388.1_frame=-1  Streptococcus pyogenes strain NIH35 c
      2e-78  258.5   6.3    3.9e-78  257.6   6.3    1.4  1  NZ_CP051138.1_frame=3   Streptococcus pyogenes strain 4063-05
+   3.5e-75  247.9  10.1    6.5e-75  247.0  10.1    1.4  1  NZ_CP070994.1_frame=3   Streptococcus pyogenes strain M11318 
    3.7e-75  247.8  10.1    6.6e-75  247.0  10.1    1.4  1  NZ_CP167001.1_frame=3   Streptococcus pyogenes strain Isolate
    7.5e-64  210.8  20.4    1.4e-63  209.9  20.4    1.4  1  NZ_CP167001.1_frame=-1  Streptococcus pyogenes strain Isolate
    1.1e-63  210.3  10.2      2e-63  209.4  10.2    1.4  1  NZ_CP070994.1_frame=2   Streptococcus pyogenes strain M11318 
    1.7e-63  209.6   9.8      3e-63  208.8   9.8    1.4  1  NZ_AP023389.1_frame=2   Streptococcus pyogenes strain KUN-001
    2.7e-63  209.0  10.5    5.3e-63  208.0  10.5    1.5  1  NZ_CP035450.1_frame=2   Streptococcus pyogenes strain emm93.4
    5.3e-63  208.0  11.0    1.2e-62  206.9  11.0    1.5  1  NZ_CP155740.1_frame=3   Streptococcus pyogenes strain 1851/03
    9.3e-63  207.2   9.0    1.7e-62  206.4   9.0    1.3  1  NZ_CP167001.1_frame=-2  Streptococcus pyogenes strain Isolate
+   1.4e-62  206.6  11.8    2.6e-62  205.7  11.8    1.4  1  NZ_CP119597.1_frame=-3  Streptococcus pyogenes strain 1039 ch


Domain annotation for each sequence:
>> NZ_LR134284.1_frame=2  Streptococcus pyogenes strain NCTC8232 chromosome 1, complete sequence
   #    score  bias  c-Evalue  i-Evalue hmmfrom  hmm to    alifrom  ali to    envfrom  env to     acc
 ---   ------ ----- --------- --------- ------- -------    ------- -------    ------- -------    ----
   1 !  247.5   9.5   1.7e-76   4.5e-75       8     230 ..  339718  339945 ..  339707  339946 .. 0.95
   2 !  233.1   9.0   4.6e-72   1.2e-70      15     228 ..  371184  371404 ..  371174  371407 .. 0.96
   3 !  116.7   8.8   1.7e-36   4.4e-35     133     229 ..  391640  391737 ..  391633  391739 .. 0.94
   4 !  208.8   8.5   1.2e-64     3e-63      39     226 ..  576681  576876 ..  576674  576879 .. 0.97

>> NZ_LS483357.1_frame=1  Streptococcus pyogenes strain NCTC8326 chromosome 1, complete sequence
   #    score  bias  c-Evalue  i-Evalue hmmfrom  hmm to    alifrom  ali to    envfrom  env to     acc
 ---   ------ ----- --------- --------- ------- -------    ------- -------    ------- -------    ----
   1 !  257.6   6.3   1.5e-79   3.9e-78       5     225 ..  219373  219611 ..  219369  219615 .. 0.97
   2 !  260.4  17.7     2e-80   5.2e-79       1     229 [.  430299  430522 ..  430299  430524 .. 0.98
   3 !  207.7   9.8   2.7e-64   6.9e-63      39     226 ..  567803  567998 ..  567796  568001 .. 0.97

>> NZ_CP155738.1_frame=3  Streptococcus pyogenes strain 1510/08 chromosome, complete genome
   #    score  bias  c-Evalue  i-Evalue hmmfrom  hmm to    alifrom  ali to    envfrom  env to     acc
 ---   ------ ----- --------- --------- ------- -------    ------- -------    ------- -------    ----
   1 !  259.3  17.5   4.6e-80   1.2e-78       1     229 [.  340845  341068 ..  340845  341070 .. 0.98
   2 !  206.8  11.0   4.8e-64   1.2e-62      39     226 ..  605837  606032 ..  605834  606035 .. 0.97

>> NZ_CP070994.1_frame=-3  Streptococcus pyogenes strain M11318 chromosome, complete genome
   #    score  bias  c-Evalue  i-Evalue hmmfrom  hmm to    alifrom  ali to    envfrom  env to     acc
 ---   ------ ----- --------- --------- ------- -------    ------- -------    ------- -------    ----
   1 !  209.9  20.4   5.5e-65   1.4e-63      18     229 ..  483341  483552 ..  483333  483554 .. 0.92
   2 !  206.4   9.0   6.6e-64   1.7e-62      39     226 ..  543311  543506 ..  543304  543509 .. 0.96

>> NZ_CP118481.1_frame=2  Streptococcus pyogenes strain 20185322 chromosome, complete genome
   #    score  bias  c-Evalue  i-Evalue hmmfrom  hmm to    alifrom  ali to    envfrom  env to     acc
 ---   ------ ----- --------- --------- ------- -------    ------- -------    ------- -------    ----
   1 !  164.8  11.9   3.4e-51   8.8e-50      34     227 ..  258524  258720 ..  258508  258722 .. 0.95
   2 !  246.9  10.1   2.6e-76   6.8e-75       8     230 ..  338252  338479 ..  338241  338480 .. 0.95

>> NZ_AP023389.1_frame=3  Streptococcus pyogenes strain KUN-0012590 chromosome, complete genome
   #    score  bias  c-Evalue  i-Evalue hmmfrom  hmm to    alifrom  ali to    envfrom  env to     acc
 ---   ------ ----- --------- --------- ------- -------    ------- -------    ------- -------    ----
   1 !  113.4   7.9   1.7e-35   4.4e-34     132     229 ..  383713  383811 ..  383705  383813 .. 0.93
   2 !  208.2   9.0   1.8e-64   4.6e-63      39     226 ..  558540  558735 ..  558533  558738 .. 0.97

>> NZ_CP051138.1_frame=1  Streptococcus pyogenes strain 4063-05 chromosome, complete genome
   #    score  bias  c-Evalue  i-Evalue hmmfrom  hmm to    alifrom  ali to    envfrom  env to     acc
 ---   ------ ----- --------- --------- ------- -------    ------- -------    ------- -------    ----
   1 !  110.8   8.4   1.1e-34   2.8e-33     133     229 ..  381723  381820 ..  381716  381822 .. 0.94
   2 !  207.7   9.8   2.7e-64   6.9e-63      39     226 ..  567728  567923 ..  567721  567926 .. 0.97

>> NZ_AP023388.1_frame=1  Streptococcus pyogenes strain NIH35 chromosome, complete genome
   #    score  bias  c-Evalue  i-Evalue hmmfrom  hmm to    alifrom  ali to    envfrom  env to     acc
 ---   ------ ----- --------- --------- ------- -------    ------- -------    ------- -------    ----
   1 !  209.4  10.2   7.9e-65     2e-63      20     226 ..   65249   65456 ..   65236   65459 .. 0.88
   2 !  113.4   7.8   1.7e-35   4.4e-34     133     229 ..  388185  388282 ..  388179  388284 .. 0.94

>> NZ_CP118481.1_frame=1  Streptococcus pyogenes strain 20185322 chromosome, complete genome
   #    score  bias  c-Evalue  i-Evalue hmmfrom  hmm to    alifrom  ali to    envfrom  env to     acc
 ---   ------ ----- --------- --------- ------- -------    ------- -------    ------- -------    ----
   1 !   87.5   6.5   1.5e-27   3.8e-26      36     223 ..  258261  258467 ..  258228  258472 .. 0.82
   2 !  208.9   9.3   1.1e-64   2.8e-63      39     226 ..  568746  568941 ..  568739  568944 .. 0.97

>> NZ_AP023389.1_frame=-2  Streptococcus pyogenes strain KUN-0012590 chromosome, complete genome
   #    score  bias  c-Evalue  i-Evalue hmmfrom  hmm to    alifrom  ali to    envfrom  env to     acc
 ---   ------ ----- --------- --------- ------- -------    ------- -------    ------- -------    ----
   1 !  260.5  17.7   1.9e-80     5e-79       1     229 [.  377959  378182 ..  377959  378184 .. 0.98

>> NZ_CP051138.1_frame=2  Streptococcus pyogenes strain 4063-05 chromosome, complete genome
   #    score  bias  c-Evalue  i-Evalue hmmfrom  hmm to    alifrom  ali to    envfrom  env to     acc
 ---   ------ ----- --------- --------- ------- -------    ------- -------    ------- -------    ----
   1 !  260.4  17.7     2e-80   5.2e-79       1     229 [.  430226  430449 ..  430226  430451 .. 0.98

>> NZ_AP023388.1_frame=-1  Streptococcus pyogenes strain NIH35 chromosome, complete genome
   #    score  bias  c-Evalue  i-Evalue hmmfrom  hmm to    alifrom  ali to    envfrom  env to     acc
 ---   ------ ----- --------- --------- ------- -------    ------- -------    ------- -------    ----
   1 !  260.5  17.7   1.9e-80     5e-79       1     229 [.  335493  335716 ..  335493  335718 .. 0.98

>> NZ_CP051138.1_frame=3  Streptococcus pyogenes strain 4063-05 chromosome, complete genome
   #    score  bias  c-Evalue  i-Evalue hmmfrom  hmm to    alifrom  ali to    envfrom  env to     acc
 ---   ------ ----- --------- --------- ------- -------    ------- -------    ------- -------    ----
   1 !  257.6   6.3   1.5e-79   3.9e-78       5     225 ..  219303  219541 ..  219299  219545 .. 0.97

>> NZ_CP070994.1_frame=3  Streptococcus pyogenes strain M11318 chromosome, complete genome
   #    score  bias  c-Evalue  i-Evalue hmmfrom  hmm to    alifrom  ali to    envfrom  env to     acc
 ---   ------ ----- --------- --------- ------- -------    ------- -------    ------- -------    ----
   1 !  247.0  10.1   2.5e-76   6.5e-75       8     230 ..  333866  334093 ..  333855  334094 .. 0.95

>> NZ_CP167001.1_frame=3  Streptococcus pyogenes strain Isolate 31 chromosome, complete genome
   #    score  bias  c-Evalue  i-Evalue hmmfrom  hmm to    alifrom  ali to    envfrom  env to     acc
 ---   ------ ----- --------- --------- ------- -------    ------- -------    ------- -------    ----
   1 !  247.0  10.1   2.6e-76   6.6e-75       8     230 ..  336319  336546 ..  336308  336547 .. 0.95

>> NZ_CP167001.1_frame=-1  Streptococcus pyogenes strain Isolate 31 chromosome, complete genome
   #    score  bias  c-Evalue  i-Evalue hmmfrom  hmm to    alifrom  ali to    envfrom  env to     acc
 ---   ------ ----- --------- --------- ------- -------    ------- -------    ------- -------    ----
   1 !  209.9  20.4   5.6e-65   1.4e-63      18     229 ..  483350  483561 ..  483342  483563 .. 0.92

>> NZ_CP070994.1_frame=2  Streptococcus pyogenes strain M11318 chromosome, complete genome
   #    score  bias  c-Evalue  i-Evalue hmmfrom  hmm to    alifrom  ali to    envfrom  env to     acc
 ---   ------ ----- --------- --------- ------- -------    ------- -------    ------- -------    ----
   1 !  209.4  10.2   7.8e-65     2e-63      20     226 ..   61658   61865 ..   61645   61868 .. 0.88

>> NZ_AP023389.1_frame=2  Streptococcus pyogenes strain KUN-0012590 chromosome, complete genome
   #    score  bias  c-Evalue  i-Evalue hmmfrom  hmm to    alifrom  ali to    envfrom  env to     acc
 ---   ------ ----- --------- --------- ------- -------    ------- -------    ------- -------    ----
   1 !  208.8   9.8   1.2e-64     3e-63      20     226 ..   65328   65535 ..   65315   65538 .. 0.88

>> NZ_CP035450.1_frame=2  Streptococcus pyogenes strain emm93.4 chromosome, complete genome
   #    score  bias  c-Evalue  i-Evalue hmmfrom  hmm to    alifrom  ali to    envfrom  env to     acc
 ---   ------ ----- --------- --------- ------- -------    ------- -------    ------- -------    ----
   1 !  208.0  10.5   2.1e-64   5.3e-63      20     226 ..   60761   60968 ..   60748   60971 .. 0.88

>> NZ_CP155740.1_frame=3  Streptococcus pyogenes strain 1851/03 chromosome, complete genome
   #    score  bias  c-Evalue  i-Evalue hmmfrom  hmm to    alifrom  ali to    envfrom  env to     acc
 ---   ------ ----- --------- --------- ------- -------    ------- -------    ------- -------    ----
   1 !  206.9  11.0   4.6e-64   1.2e-62      39     226 ..  580038  580233 ..  580035  580236 .. 0.97

>> NZ_CP167001.1_frame=-2  Streptococcus pyogenes strain Isolate 31 chromosome, complete genome
   #    score  bias  c-Evalue  i-Evalue hmmfrom  hmm to    alifrom  ali to    envfrom  env to     acc
 ---   ------ ----- --------- --------- ------- -------    ------- -------    ------- -------    ----
   1 !  206.4   9.0   6.7e-64   1.7e-62      39     226 ..  543312  543507 ..  543305  543510 .. 0.96

>> NZ_CP119597.1_frame=-3  Streptococcus pyogenes strain 1039 chromosome, complete genome
   #    score  bias  c-Evalue  i-Evalue hmmfrom  hmm to    alifrom  ali to    envfrom  env to     acc
 ---   ------ ----- --------- --------- ------- -------    ------- -------    ------- -------    ----
   1 !  205.7  11.8     1e-63   2.6e-62      20     226 ..  150898  151105 ..  150885  151108 .. 0.88



Internal pipeline statistics summary:
-------------------------------------
Query model(s):                              1  (231 nodes)
Target sequences:                          564  (304447416 residues searched)
Passed MSV filter:                       146  (0.258865); expected 11.3 (0.02)
Passed bias filter:                      102  (0.180851); expected 11.3 (0.02)
Passed Vit filter:                       102  (0.180851); expected 0.6 (0.001)
Passed Fwd filter:                        22  (0.0390071); expected 0.0 (1e-05)
Initial search space (Z):                564  [actual number of targets]
Domain search space  (domZ):              22  [number of targets reported over threshold]
# CPU time: 42.65u 0.12s 00:00:42.77 Elapsed: 00:02:09.16
# Mc/sec: 544.50

@@ New targets included:   3
@@ New alignment includes: 35 subseqs (was 32), including original query
@@ Continuing to next round.

@@
@@ Round:                  5
@@ Included in MSA:        35 subsequences (query + 34 subseqs from 22 targets)
@@ Model size:             231 positions
@@

Scores for complete sequences (score includes all domains):
   --- full sequence ---   --- best 1 domain ---    -#dom-
    E-value  score  bias    E-value  score  bias    exp  N  Sequence               Description
    ------- ------ -----    ------- ------ -----   ---- --  --------               -----------
   9.5e-244  799.5  78.3      4e-79  260.8   9.1    5.0  4  NZ_LR134284.1_frame=2   Streptococcus pyogenes strain NCTC823
   2.2e-215  706.6  51.9    2.5e-78  258.2   7.1    3.3  3  NZ_LS483357.1_frame=1   Streptococcus pyogenes strain NCTC832
   3.7e-133  437.6  55.4      6e-75  247.1  18.2    3.0  2  NZ_CP155738.1_frame=3   Streptococcus pyogenes strain 1510/08
   3.6e-129  424.6  30.2    3.8e-79  260.9   9.7    2.5  2  NZ_CP118481.1_frame=2   Streptococcus pyogenes strain 2018532
   6.5e-126  413.9  39.0    1.4e-63  210.0   9.8    2.3  2  NZ_CP070994.1_frame=-3  Streptococcus pyogenes strain M11318 
   3.2e-121  398.5  25.9    6.5e-65  214.3  10.3    2.5  2  NZ_CP118481.1_frame=1   Streptococcus pyogenes strain 2018532
    2.1e-98  323.9  26.4    1.5e-64  213.1   9.9    2.4  2  NZ_AP023389.1_frame=3   Streptococcus pyogenes strain KUN-001
    1.3e-94  311.4  36.7    3.3e-64  212.0  10.6    2.6  2  NZ_CP051138.1_frame=1   Streptococcus pyogenes strain 4063-05
    1.4e-92  304.8  44.5    9.8e-64  210.4  11.2    2.8  2  NZ_AP023388.1_frame=1   Streptococcus pyogenes strain NIH35 c
    2.1e-79  261.8   9.7    3.6e-79  260.9   9.7    1.4  1  NZ_CP070994.1_frame=3   Streptococcus pyogenes strain M11318 
    2.2e-79  261.7   9.7    3.7e-79  260.9   9.7    1.3  1  NZ_CP167001.1_frame=3   Streptococcus pyogenes strain Isolate
    1.3e-78  259.1   7.1    2.5e-78  258.2   7.1    1.4  1  NZ_CP051138.1_frame=3   Streptococcus pyogenes strain 4063-05
    1.2e-75  249.4  18.3    2.4e-75  248.4  18.3    1.5  1  NZ_AP023389.1_frame=-2  Streptococcus pyogenes strain KUN-001
    1.2e-75  249.4  18.3    2.5e-75  248.4  18.3    1.5  1  NZ_CP051138.1_frame=2   Streptococcus pyogenes strain 4063-05
    1.4e-75  249.2  18.3    2.4e-75  248.4  18.3    1.4  1  NZ_AP023388.1_frame=-1  Streptococcus pyogenes strain NIH35 c
+   6.9e-71  233.8  21.6      3e-57  189.2   8.3    2.6  2  NZ_CP134538.1_frame=-2  Streptococcus equi subsp. equi strain
    1.6e-64  213.0  11.9    3.2e-64  212.0  11.9    1.4  1  NZ_CP155740.1_frame=3   Streptococcus pyogenes strain 1851/03
    5.4e-64  211.3  11.2    9.7e-64  210.5  11.2    1.4  1  NZ_CP070994.1_frame=2   Streptococcus pyogenes strain M11318 
    7.7e-64  210.8   9.8    1.4e-63  209.9   9.8    1.3  1  NZ_CP167001.1_frame=-2  Streptococcus pyogenes strain Isolate
    8.6e-64  210.6  10.9    1.6e-63  209.8  10.9    1.4  1  NZ_AP023389.1_frame=2   Streptococcus pyogenes strain KUN-001
    1.1e-63  210.3  21.2      2e-63  209.5  21.2    1.4  1  NZ_CP167001.1_frame=-1  Streptococcus pyogenes strain Isolate
    1.2e-63  210.2  11.6    2.2e-63  209.3  11.6    1.4  1  NZ_CP035450.1_frame=2   Streptococcus pyogenes strain emm93.4
+   1.3e-63  210.0  11.6    2.4e-63  209.2  11.6    1.4  1  NZ_CP118481.1_frame=3   Streptococcus pyogenes strain 2018532
    3.4e-63  208.7  12.8    6.1e-63  207.9  12.8    1.4  1  NZ_CP119597.1_frame=-3  Streptococcus pyogenes strain 1039 ch


Domain annotation for each sequence:
>> NZ_LR134284.1_frame=2  Streptococcus pyogenes strain NCTC8232 chromosome 1, complete sequence
   #    score  bias  c-Evalue  i-Evalue hmmfrom  hmm to    alifrom  ali to    envfrom  env to     acc
 ---   ------ ----- --------- --------- ------- -------    ------- -------    ------- -------    ----
   1 !  260.8   9.1   1.7e-80     4e-79       5     231 .]  339715  339946 ..  339710  339946 .. 0.97
   2 !  240.9   9.6   2.1e-74   4.9e-73      13     231 .]  371182  371407 ..  371174  371407 .. 0.97
   3 !  118.9   9.1   3.9e-37   9.2e-36     131     226 ..  391638  391736 ..  391631  391739 .. 0.93
   4 !  213.0   9.4   6.9e-66   1.6e-64      39     226 ..  576681  576876 ..  576666  576879 .. 0.97

>> NZ_LS483357.1_frame=1  Streptococcus pyogenes strain NCTC8326 chromosome 1, complete sequence
   #    score  bias  c-Evalue  i-Evalue hmmfrom  hmm to    alifrom  ali to    envfrom  env to     acc
 ---   ------ ----- --------- --------- ------- -------    ------- -------    ------- -------    ----
   1 !  258.2   7.1   1.1e-79   2.5e-78       4     226 ..  219372  219612 ..  219369  219615 .. 0.97
   2 !  248.4  18.3   1.1e-76   2.5e-75       1     226 [.  430299  430521 ..  430299  430524 .. 0.97
   3 !  212.0  10.6   1.4e-65   3.3e-64      39     226 ..  567803  567998 ..  567788  568001 .. 0.97

>> NZ_CP155738.1_frame=3  Streptococcus pyogenes strain 1510/08 chromosome, complete genome
   #    score  bias  c-Evalue  i-Evalue hmmfrom  hmm to    alifrom  ali to    envfrom  env to     acc
 ---   ------ ----- --------- --------- ------- -------    ------- -------    ------- -------    ----
   1 !  247.1  18.2   2.5e-76     6e-75       1     226 [.  340845  341067 ..  340845  341070 .. 0.97
   2 !  212.0  11.9   1.4e-65   3.3e-64      39     226 ..  605837  606032 ..  605834  606035 .. 0.97

>> NZ_CP118481.1_frame=2  Streptococcus pyogenes strain 20185322 chromosome, complete genome
   #    score  bias  c-Evalue  i-Evalue hmmfrom  hmm to    alifrom  ali to    envfrom  env to     acc
 ---   ------ ----- --------- --------- ------- -------    ------- -------    ------- -------    ----
   1 !  168.9  12.4   2.1e-52   4.8e-51      31     227 ..  258521  258720 ..  258507  258722 .. 0.94
   2 !  260.9   9.7   1.6e-80   3.8e-79       5     231 .]  338249  338480 ..  338244  338480 .. 0.97

>> NZ_CP070994.1_frame=-3  Streptococcus pyogenes strain M11318 chromosome, complete genome
   #    score  bias  c-Evalue  i-Evalue hmmfrom  hmm to    alifrom  ali to    envfrom  env to     acc
 ---   ------ ----- --------- --------- ------- -------    ------- -------    ------- -------    ----
   1 !  209.5  21.2   8.2e-65   1.9e-63      18     226 ..  483341  483551 ..  483333  483554 .. 0.91
   2 !  210.0   9.8   5.8e-65   1.4e-63      39     226 ..  543311  543506 ..  543296  543509 .. 0.96

>> NZ_CP118481.1_frame=1  Streptococcus pyogenes strain 20185322 chromosome, complete genome
   #    score  bias  c-Evalue  i-Evalue hmmfrom  hmm to    alifrom  ali to    envfrom  env to     acc
 ---   ------ ----- --------- --------- ------- -------    ------- -------    ------- -------    ----
   1 !  189.5   7.6     1e-58   2.4e-57      32     224 ..  258257  258468 ..  258228  258473 .. 0.90
   2 !  214.3  10.3   2.8e-66   6.5e-65      39     226 ..  568746  568941 ..  568731  568944 .. 0.97

>> NZ_AP023389.1_frame=3  Streptococcus pyogenes strain KUN-0012590 chromosome, complete genome
   #    score  bias  c-Evalue  i-Evalue hmmfrom  hmm to    alifrom  ali to    envfrom  env to     acc
 ---   ------ ----- --------- --------- ------- -------    ------- -------    ------- -------    ----
   1 !  116.3   8.4   2.4e-36   5.7e-35     131     226 ..  383712  383810 ..  383703  383813 .. 0.92
   2 !  213.1   9.9   6.2e-66   1.5e-64      39     226 ..  558540  558735 ..  558525  558738 .. 0.97

>> NZ_CP051138.1_frame=1  Streptococcus pyogenes strain 4063-05 chromosome, complete genome
   #    score  bias  c-Evalue  i-Evalue hmmfrom  hmm to    alifrom  ali to    envfrom  env to     acc
 ---   ------ ----- --------- --------- ------- -------    ------- -------    ------- -------    ----
   1 !  114.0   8.6   1.3e-35   2.9e-34     131     226 ..  381721  381819 ..  381714  381822 .. 0.93
   2 !  212.0  10.6   1.4e-65   3.3e-64      39     226 ..  567728  567923 ..  567713  567926 .. 0.97

>> NZ_AP023388.1_frame=1  Streptococcus pyogenes strain NIH35 chromosome, complete genome
   #    score  bias  c-Evalue  i-Evalue hmmfrom  hmm to    alifrom  ali to    envfrom  env to     acc
 ---   ------ ----- --------- --------- ------- -------    ------- -------    ------- -------    ----
   1 !  210.4  11.2   4.2e-65   9.8e-64       8     226 ..   65242   65456 ..   65236   65459 .. 0.91
   2 !  116.2   8.3   2.7e-36   6.2e-35     131     226 ..  388183  388281 ..  388177  388284 .. 0.93

>> NZ_CP070994.1_frame=3  Streptococcus pyogenes strain M11318 chromosome, complete genome
   #    score  bias  c-Evalue  i-Evalue hmmfrom  hmm to    alifrom  ali to    envfrom  env to     acc
 ---   ------ ----- --------- --------- ------- -------    ------- -------    ------- -------    ----
   1 !  260.9   9.7   1.5e-80   3.6e-79       5     231 .]  333863  334094 ..  333858  334094 .. 0.97

>> NZ_CP167001.1_frame=3  Streptococcus pyogenes strain Isolate 31 chromosome, complete genome
   #    score  bias  c-Evalue  i-Evalue hmmfrom  hmm to    alifrom  ali to    envfrom  env to     acc
 ---   ------ ----- --------- --------- ------- -------    ------- -------    ------- -------    ----
   1 !  260.9   9.7   1.6e-80   3.7e-79       5     231 .]  336316  336547 ..  336311  336547 .. 0.97

>> NZ_CP051138.1_frame=3  Streptococcus pyogenes strain 4063-05 chromosome, complete genome
   #    score  bias  c-Evalue  i-Evalue hmmfrom  hmm to    alifrom  ali to    envfrom  env to     acc
 ---   ------ ----- --------- --------- ------- -------    ------- -------    ------- -------    ----
   1 !  258.2   7.1   1.1e-79   2.5e-78       4     226 ..  219302  219542 ..  219299  219545 .. 0.97

>> NZ_AP023389.1_frame=-2  Streptococcus pyogenes strain KUN-0012590 chromosome, complete genome
   #    score  bias  c-Evalue  i-Evalue hmmfrom  hmm to    alifrom  ali to    envfrom  env to     acc
 ---   ------ ----- --------- --------- ------- -------    ------- -------    ------- -------    ----
   1 !  248.4  18.3     1e-76   2.4e-75       1     226 [.  377959  378181 ..  377959  378184 .. 0.97

>> NZ_CP051138.1_frame=2  Streptococcus pyogenes strain 4063-05 chromosome, complete genome
   #    score  bias  c-Evalue  i-Evalue hmmfrom  hmm to    alifrom  ali to    envfrom  env to     acc
 ---   ------ ----- --------- --------- ------- -------    ------- -------    ------- -------    ----
   1 !  248.4  18.3   1.1e-76   2.5e-75       1     226 [.  430226  430448 ..  430226  430451 .. 0.97

>> NZ_AP023388.1_frame=-1  Streptococcus pyogenes strain NIH35 chromosome, complete genome
   #    score  bias  c-Evalue  i-Evalue hmmfrom  hmm to    alifrom  ali to    envfrom  env to     acc
 ---   ------ ----- --------- --------- ------- -------    ------- -------    ------- -------    ----
   1 !  248.4  18.3     1e-76   2.4e-75       1     226 [.  335493  335715 ..  335493  335718 .. 0.97

>> NZ_CP134538.1_frame=-2  Streptococcus equi subsp. equi strain XJ5012 chromosome, complete genome
   #    score  bias  c-Evalue  i-Evalue hmmfrom  hmm to    alifrom  ali to    envfrom  env to     acc
 ---   ------ ----- --------- --------- ------- -------    ------- -------    ------- -------    ----
   1 !  189.2   8.3   1.3e-58     3e-57      32     224 ..   61544   61755 ..   61515   61760 .. 0.90
   2 !   49.7   5.4   5.7e-16   1.3e-14      34     214 ..  168915  169110 ..  168878  169121 .. 0.70

>> NZ_CP155740.1_frame=3  Streptococcus pyogenes strain 1851/03 chromosome, complete genome
   #    score  bias  c-Evalue  i-Evalue hmmfrom  hmm to    alifrom  ali to    envfrom  env to     acc
 ---   ------ ----- --------- --------- ------- -------    ------- -------    ------- -------    ----
   1 !  212.0  11.9   1.4e-65   3.2e-64      39     226 ..  580038  580233 ..  580035  580236 .. 0.97

>> NZ_CP070994.1_frame=2  Streptococcus pyogenes strain M11318 chromosome, complete genome
   #    score  bias  c-Evalue  i-Evalue hmmfrom  hmm to    alifrom  ali to    envfrom  env to     acc
 ---   ------ ----- --------- --------- ------- -------    ------- -------    ------- -------    ----
   1 !  210.5  11.2   4.1e-65   9.7e-64       8     226 ..   61651   61865 ..   61645   61868 .. 0.91

>> NZ_CP167001.1_frame=-2  Streptococcus pyogenes strain Isolate 31 chromosome, complete genome
   #    score  bias  c-Evalue  i-Evalue hmmfrom  hmm to    alifrom  ali to    envfrom  env to     acc
 ---   ------ ----- --------- --------- ------- -------    ------- -------    ------- -------    ----
   1 !  209.9   9.8   5.9e-65   1.4e-63      39     226 ..  543312  543507 ..  543297  543510 .. 0.96

>> NZ_AP023389.1_frame=2  Streptococcus pyogenes strain KUN-0012590 chromosome, complete genome
   #    score  bias  c-Evalue  i-Evalue hmmfrom  hmm to    alifrom  ali to    envfrom  env to     acc
 ---   ------ ----- --------- --------- ------- -------    ------- -------    ------- -------    ----
   1 !  209.8  10.9   6.7e-65   1.6e-63       8     226 ..   65321   65535 ..   65315   65538 .. 0.91

>> NZ_CP167001.1_frame=-1  Streptococcus pyogenes strain Isolate 31 chromosome, complete genome
   #    score  bias  c-Evalue  i-Evalue hmmfrom  hmm to    alifrom  ali to    envfrom  env to     acc
 ---   ------ ----- --------- --------- ------- -------    ------- -------    ------- -------    ----
   1 !  209.5  21.2   8.3e-65     2e-63      18     226 ..  483350  483560 ..  483342  483563 .. 0.91

>> NZ_CP035450.1_frame=2  Streptococcus pyogenes strain emm93.4 chromosome, complete genome
   #    score  bias  c-Evalue  i-Evalue hmmfrom  hmm to    alifrom  ali to    envfrom  env to     acc
 ---   ------ ----- --------- --------- ------- -------    ------- -------    ------- -------    ----
   1 !  209.3  11.6   9.2e-65   2.2e-63       8     226 ..   60754   60968 ..   60748   60971 .. 0.91

>> NZ_CP118481.1_frame=3  Streptococcus pyogenes strain 20185322 chromosome, complete genome
   #    score  bias  c-Evalue  i-Evalue hmmfrom  hmm to    alifrom  ali to    envfrom  env to     acc
 ---   ------ ----- --------- --------- ------- -------    ------- -------    ------- -------    ----
   1 !  209.2  11.6     1e-64   2.4e-63       8     226 ..   65914   66128 ..   65908   66131 .. 0.91

>> NZ_CP119597.1_frame=-3  Streptococcus pyogenes strain 1039 chromosome, complete genome
   #    score  bias  c-Evalue  i-Evalue hmmfrom  hmm to    alifrom  ali to    envfrom  env to     acc
 ---   ------ ----- --------- --------- ------- -------    ------- -------    ------- -------    ----
   1 !  207.9  12.8   2.6e-64   6.1e-63       8     226 ..  150891  151105 ..  150885  151108 .. 0.91



Internal pipeline statistics summary:
-------------------------------------
Query model(s):                              1  (231 nodes)
Target sequences:                          564  (304447416 residues searched)
Passed MSV filter:                       151  (0.26773); expected 11.3 (0.02)
Passed bias filter:                      103  (0.182624); expected 11.3 (0.02)
Passed Vit filter:                       103  (0.182624); expected 0.6 (0.001)
Passed Fwd filter:                        24  (0.0425532); expected 0.0 (1e-05)
Initial search space (Z):                564  [actual number of targets]
Domain search space  (domZ):              24  [number of targets reported over threshold]
# CPU time: 43.77u 0.12s 00:00:43.89 Elapsed: 00:02:14.47
# Mc/sec: 523.00

@@ New targets included:   2
@@ New alignment includes: 38 subseqs (was 35), including original query
@@ Continuing to next round.

@@
@@ Round:                  6
@@ Included in MSA:        38 subsequences (query + 37 subseqs from 24 targets)
@@ Model size:             231 positions
@@

Scores for complete sequences (score includes all domains):
   --- full sequence ---   --- best 1 domain ---    -#dom-
    E-value  score  bias    E-value  score  bias    exp  N  Sequence               Description
    ------- ------ -----    ------- ------ -----   ---- --  --------               -----------
     1e-242  796.1  76.7    7.5e-79  260.0   8.9    5.4  4  NZ_LR134284.1_frame=2   Streptococcus pyogenes strain NCTC823
   7.5e-210  688.6  50.8    7.8e-76  250.1   6.7    3.3  3  NZ_LS483357.1_frame=1   Streptococcus pyogenes strain NCTC832
   3.1e-130  428.1  55.0    8.3e-74  243.5  17.9    3.3  2  NZ_CP155738.1_frame=3   Streptococcus pyogenes strain 1510/08
   5.7e-128  420.7  30.3    6.9e-79  260.1   9.5    2.5  2  NZ_CP118481.1_frame=2   Streptococcus pyogenes strain 2018532
   3.7e-123  404.9  38.2      8e-63  207.5  20.8    2.3  2  NZ_CP070994.1_frame=-3  Streptococcus pyogenes strain M11318 
   5.4e-121  397.9  25.2    1.4e-62  206.8   9.9    2.4  2  NZ_CP118481.1_frame=1   Streptococcus pyogenes strain 2018532
   2.3e-105  346.7  21.8    1.6e-59  196.7   7.9    2.4  2  NZ_CP134538.1_frame=-2  Streptococcus equi subsp. equi strain
    3.1e-97  320.1  25.6    1.9e-62  206.3   9.6    2.4  2  NZ_AP023389.1_frame=3   Streptococcus pyogenes strain KUN-001
    2.6e-96  317.1  26.4    3.2e-62  205.6  10.1    2.4  2  NZ_CP051138.1_frame=1   Streptococcus pyogenes strain 4063-05
    4.2e-95  313.2  27.0    3.7e-66  218.4  11.1    2.8  2  NZ_AP023388.1_frame=1   Streptococcus pyogenes strain NIH35 c
    3.7e-79  261.0   9.5    6.6e-79  260.2   9.5    1.3  1  NZ_CP070994.1_frame=3   Streptococcus pyogenes strain M11318 
    3.9e-79  260.9   9.5    6.7e-79  260.1   9.5    1.3  1  NZ_CP167001.1_frame=3   Streptococcus pyogenes strain Isolate
      4e-76  251.1   6.7    7.8e-76  250.1   6.7    1.5  1  NZ_CP051138.1_frame=3   Streptococcus pyogenes strain 4063-05
    1.4e-74  246.0  18.0      3e-74  244.9  18.0    1.5  1  NZ_CP051138.1_frame=2   Streptococcus pyogenes strain 4063-05
    1.4e-74  246.0  18.0    2.9e-74  245.0  18.0    1.5  1  NZ_AP023389.1_frame=-2  Streptococcus pyogenes strain KUN-001
    1.6e-74  245.8  18.0    2.8e-74  245.0  18.0    1.4  1  NZ_AP023388.1_frame=-1  Streptococcus pyogenes strain NIH35 c
    2.1e-66  219.3  11.1    3.7e-66  218.5  11.1    1.4  1  NZ_CP070994.1_frame=2   Streptococcus pyogenes strain M11318 
+   2.2e-66  219.2  11.1    3.7e-66  218.4  11.1    1.3  1  NZ_CP167001.1_frame=1   Streptococcus pyogenes strain Isolate
    2.8e-66  218.8  10.7    5.5e-66  217.9  10.7    1.5  1  NZ_AP023389.1_frame=2   Streptococcus pyogenes strain KUN-001
    4.2e-66  218.3  11.5    7.5e-66  217.4  11.5    1.4  1  NZ_CP035450.1_frame=2   Streptococcus pyogenes strain emm93.4
    4.4e-66  218.2  11.5    8.3e-66  217.3  11.5    1.4  1  NZ_CP118481.1_frame=3   Streptococcus pyogenes strain 2018532
      1e-65  217.0  12.8    1.8e-65  216.2  12.8    1.4  1  NZ_CP119597.1_frame=-3  Streptococcus pyogenes strain 1039 ch
    4.4e-63  208.4  20.8    8.1e-63  207.5  20.8    1.4  1  NZ_CP167001.1_frame=-1  Streptococcus pyogenes strain Isolate
    5.1e-62  204.9  11.7    9.8e-62  204.0  11.7    1.4  1  NZ_CP155740.1_frame=3   Streptococcus pyogenes strain 1851/03
    1.1e-61  203.8   9.4    2.1e-61  202.9   9.4    1.4  1  NZ_CP167001.1_frame=-2  Streptococcus pyogenes strain Isolate


Domain annotation for each sequence:
>> NZ_LR134284.1_frame=2  Streptococcus pyogenes strain NCTC8232 chromosome 1, complete sequence
   #    score  bias  c-Evalue  i-Evalue hmmfrom  hmm to    alifrom  ali to    envfrom  env to     acc
 ---   ------ ----- --------- --------- ------- -------    ------- -------    ------- -------    ----
   1 !  260.0   8.9   3.3e-80   7.5e-79       2     231 .]  339712  339946 ..  339711  339946 .. 0.99
   2 !  240.2   8.8   3.7e-74   8.3e-73      12     231 .]  371181  371407 ..  371175  371407 .. 0.98
   3 !  121.6   8.7   6.7e-38   1.5e-36     131     226 ..  391638  391736 ..  391631  391739 .. 0.95
   4 !  206.6   9.0     7e-64   1.6e-62      39     226 ..  576681  576876 ..  576662  576879 .. 0.96

>> NZ_LS483357.1_frame=1  Streptococcus pyogenes strain NCTC8326 chromosome 1, complete sequence
   #    score  bias  c-Evalue  i-Evalue hmmfrom  hmm to    alifrom  ali to    envfrom  env to     acc
 ---   ------ ----- --------- --------- ------- -------    ------- -------    ------- -------    ----
   1 !  250.1   6.7   3.5e-77   7.8e-76       3     227 ..  219371  219613 ..  219369  219617 .. 0.97
   2 !  244.9  18.0   1.3e-75     3e-74       1     226 [.  430299  430521 ..  430299  430524 .. 0.97
   3 !  205.6  10.1   1.4e-63   3.2e-62      39     226 ..  567803  567998 ..  567784  568001 .. 0.96

>> NZ_CP155738.1_frame=3  Streptococcus pyogenes strain 1510/08 chromosome, complete genome
   #    score  bias  c-Evalue  i-Evalue hmmfrom  hmm to    alifrom  ali to    envfrom  env to     acc
 ---   ------ ----- --------- --------- ------- -------    ------- -------    ------- -------    ----
   1 !  243.5  17.9   3.7e-75   8.3e-74       1     226 [.  340845  341067 ..  340845  341070 .. 0.97
   2 !  203.9  11.7   4.5e-63     1e-61      39     226 ..  605837  606032 ..  605835  606035 .. 0.96

>> NZ_CP118481.1_frame=2  Streptococcus pyogenes strain 20185322 chromosome, complete genome
   #    score  bias  c-Evalue  i-Evalue hmmfrom  hmm to    alifrom  ali to    envfrom  env to     acc
 ---   ------ ----- --------- --------- ------- -------    ------- -------    ------- -------    ----
   1 !  165.9  12.7   1.9e-51   4.3e-50      26     227 ..  258516  258720 ..  258506  258723 .. 0.93
   2 !  260.1   9.5   3.1e-80   6.9e-79       2     231 .]  338246  338480 ..  338245  338480 .. 0.99

>> NZ_CP070994.1_frame=-3  Streptococcus pyogenes strain M11318 chromosome, complete genome
   #    score  bias  c-Evalue  i-Evalue hmmfrom  hmm to    alifrom  ali to    envfrom  env to     acc
 ---   ------ ----- --------- --------- ------- -------    ------- -------    ------- -------    ----
   1 !  207.5  20.8   3.6e-64     8e-63      10     226 ..  483340  483551 ..  483333  483554 .. 0.92
   2 !  202.9   9.4   9.1e-63     2e-61      39     226 ..  543311  543506 ..  543292  543509 .. 0.96

>> NZ_CP118481.1_frame=1  Streptococcus pyogenes strain 20185322 chromosome, complete genome
   #    score  bias  c-Evalue  i-Evalue hmmfrom  hmm to    alifrom  ali to    envfrom  env to     acc
 ---   ------ ----- --------- --------- ------- -------    ------- -------    ------- -------    ----
   1 !  196.4   7.3   8.8e-61     2e-59      26     226 ..  258251  258470 ..  258227  258474 .. 0.89
   2 !  206.8   9.9   6.1e-64   1.4e-62      39     226 ..  568746  568941 ..  568727  568944 .. 0.96

>> NZ_CP134538.1_frame=-2  Streptococcus equi subsp. equi strain XJ5012 chromosome, complete genome
   #    score  bias  c-Evalue  i-Evalue hmmfrom  hmm to    alifrom  ali to    envfrom  env to     acc
 ---   ------ ----- --------- --------- ------- -------    ------- -------    ------- -------    ----
   1 !  196.7   7.9     7e-61   1.6e-59      26     226 ..   61538   61757 ..   61514   61761 .. 0.89
   2 !  155.3   5.9   3.2e-48   7.3e-47      16     219 ..  168894  169115 ..  168880  169121 .. 0.87

>> NZ_AP023389.1_frame=3  Streptococcus pyogenes strain KUN-0012590 chromosome, complete genome
   #    score  bias  c-Evalue  i-Evalue hmmfrom  hmm to    alifrom  ali to    envfrom  env to     acc
 ---   ------ ----- --------- --------- ------- -------    ------- -------    ------- -------    ----
   1 !  119.3   8.0   3.4e-37   7.6e-36     130     226 ..  383711  383810 ..  383703  383813 .. 0.95
   2 !  206.3   9.6   8.4e-64   1.9e-62      39     226 ..  558540  558735 ..  558521  558738 .. 0.96

>> NZ_CP051138.1_frame=1  Streptococcus pyogenes strain 4063-05 chromosome, complete genome
   #    score  bias  c-Evalue  i-Evalue hmmfrom  hmm to    alifrom  ali to    envfrom  env to     acc
 ---   ------ ----- --------- --------- ------- -------    ------- -------    ------- -------    ----
   1 !  116.9   8.3   1.7e-36   3.9e-35     131     226 ..  381721  381819 ..  381714  381822 .. 0.95
   2 !  205.6  10.1   1.4e-63   3.2e-62      39     226 ..  567728  567923 ..  567709  567926 .. 0.96

>> NZ_AP023388.1_frame=1  Streptococcus pyogenes strain NIH35 chromosome, complete genome
   #    score  bias  c-Evalue  i-Evalue hmmfrom  hmm to    alifrom  ali to    envfrom  env to     acc
 ---   ------ ----- --------- --------- ------- -------    ------- -------    ------- -------    ----
   1 !  218.4  11.1   1.7e-67   3.7e-66       4     226 ..   65238   65456 ..   65236   65459 .. 0.93
   2 !  119.1   7.9   3.8e-37   8.5e-36     131     226 ..  388183  388281 ..  388177  388284 .. 0.96

>> NZ_CP070994.1_frame=3  Streptococcus pyogenes strain M11318 chromosome, complete genome
   #    score  bias  c-Evalue  i-Evalue hmmfrom  hmm to    alifrom  ali to    envfrom  env to     acc
 ---   ------ ----- --------- --------- ------- -------    ------- -------    ------- -------    ----
   1 !  260.2   9.5   2.9e-80   6.6e-79       2     231 .]  333860  334094 ..  333859  334094 .. 0.99

>> NZ_CP167001.1_frame=3  Streptococcus pyogenes strain Isolate 31 chromosome, complete genome
   #    score  bias  c-Evalue  i-Evalue hmmfrom  hmm to    alifrom  ali to    envfrom  env to     acc
 ---   ------ ----- --------- --------- ------- -------    ------- -------    ------- -------    ----
   1 !  260.1   9.5     3e-80   6.7e-79       2     231 .]  336313  336547 ..  336312  336547 .. 0.99

>> NZ_CP051138.1_frame=3  Streptococcus pyogenes strain 4063-05 chromosome, complete genome
   #    score  bias  c-Evalue  i-Evalue hmmfrom  hmm to    alifrom  ali to    envfrom  env to     acc
 ---   ------ ----- --------- --------- ------- -------    ------- -------    ------- -------    ----
   1 !  250.1   6.7   3.4e-77   7.8e-76       3     227 ..  219301  219543 ..  219299  219547 .. 0.97

>> NZ_CP051138.1_frame=2  Streptococcus pyogenes strain 4063-05 chromosome, complete genome
   #    score  bias  c-Evalue  i-Evalue hmmfrom  hmm to    alifrom  ali to    envfrom  env to     acc
 ---   ------ ----- --------- --------- ------- -------    ------- -------    ------- -------    ----
   1 !  244.9  18.0   1.3e-75     3e-74       1     226 [.  430226  430448 ..  430226  430451 .. 0.97

>> NZ_AP023389.1_frame=-2  Streptococcus pyogenes strain KUN-0012590 chromosome, complete genome
   #    score  bias  c-Evalue  i-Evalue hmmfrom  hmm to    alifrom  ali to    envfrom  env to     acc
 ---   ------ ----- --------- --------- ------- -------    ------- -------    ------- -------    ----
   1 !  245.0  18.0   1.3e-75   2.9e-74       1     226 [.  377959  378181 ..  377959  378184 .. 0.97

>> NZ_AP023388.1_frame=-1  Streptococcus pyogenes strain NIH35 chromosome, complete genome
   #    score  bias  c-Evalue  i-Evalue hmmfrom  hmm to    alifrom  ali to    envfrom  env to     acc
 ---   ------ ----- --------- --------- ------- -------    ------- -------    ------- -------    ----
   1 !  245.0  18.0   1.3e-75   2.8e-74       1     226 [.  335493  335715 ..  335493  335718 .. 0.97

>> NZ_CP070994.1_frame=2  Streptococcus pyogenes strain M11318 chromosome, complete genome
   #    score  bias  c-Evalue  i-Evalue hmmfrom  hmm to    alifrom  ali to    envfrom  env to     acc
 ---   ------ ----- --------- --------- ------- -------    ------- -------    ------- -------    ----
   1 !  218.5  11.1   1.6e-67   3.7e-66       4     226 ..   61647   61865 ..   61645   61868 .. 0.93

>> NZ_CP167001.1_frame=1  Streptococcus pyogenes strain Isolate 31 chromosome, complete genome
   #    score  bias  c-Evalue  i-Evalue hmmfrom  hmm to    alifrom  ali to    envfrom  env to     acc
 ---   ------ ----- --------- --------- ------- -------    ------- -------    ------- -------    ----
   1 !  218.4  11.1   1.7e-67   3.7e-66       4     226 ..   63649   63867 ..   63647   63870 .. 0.93

>> NZ_AP023389.1_frame=2  Streptococcus pyogenes strain KUN-0012590 chromosome, complete genome
   #    score  bias  c-Evalue  i-Evalue hmmfrom  hmm to    alifrom  ali to    envfrom  env to     acc
 ---   ------ ----- --------- --------- ------- -------    ------- -------    ------- -------    ----
   1 !  217.9  10.7   2.5e-67   5.5e-66       4     226 ..   65317   65535 ..   65315   65538 .. 0.93

>> NZ_CP035450.1_frame=2  Streptococcus pyogenes strain emm93.4 chromosome, complete genome
   #    score  bias  c-Evalue  i-Evalue hmmfrom  hmm to    alifrom  ali to    envfrom  env to     acc
 ---   ------ ----- --------- --------- ------- -------    ------- -------    ------- -------    ----
   1 !  217.4  11.5   3.3e-67   7.5e-66       4     226 ..   60750   60968 ..   60748   60971 .. 0.93

>> NZ_CP118481.1_frame=3  Streptococcus pyogenes strain 20185322 chromosome, complete genome
   #    score  bias  c-Evalue  i-Evalue hmmfrom  hmm to    alifrom  ali to    envfrom  env to     acc
 ---   ------ ----- --------- --------- ------- -------    ------- -------    ------- -------    ----
   1 !  217.3  11.5   3.7e-67   8.3e-66       4     226 ..   65910   66128 ..   65908   66131 .. 0.93

>> NZ_CP119597.1_frame=-3  Streptococcus pyogenes strain 1039 chromosome, complete genome
   #    score  bias  c-Evalue  i-Evalue hmmfrom  hmm to    alifrom  ali to    envfrom  env to     acc
 ---   ------ ----- --------- --------- ------- -------    ------- -------    ------- -------    ----
   1 !  216.2  12.8     8e-67   1.8e-65       4     226 ..  150887  151105 ..  150885  151108 .. 0.93

>> NZ_CP167001.1_frame=-1  Streptococcus pyogenes strain Isolate 31 chromosome, complete genome
   #    score  bias  c-Evalue  i-Evalue hmmfrom  hmm to    alifrom  ali to    envfrom  env to     acc
 ---   ------ ----- --------- --------- ------- -------    ------- -------    ------- -------    ----
   1 !  207.5  20.8   3.6e-64   8.1e-63      10     226 ..  483349  483560 ..  483342  483563 .. 0.92

>> NZ_CP155740.1_frame=3  Streptococcus pyogenes strain 1851/03 chromosome, complete genome
   #    score  bias  c-Evalue  i-Evalue hmmfrom  hmm to    alifrom  ali to    envfrom  env to     acc
 ---   ------ ----- --------- --------- ------- -------    ------- -------    ------- -------    ----
   1 !  204.0  11.7   4.3e-63   9.8e-62      39     226 ..  580038  580233 ..  580036  580236 .. 0.96

>> NZ_CP167001.1_frame=-2  Streptococcus pyogenes strain Isolate 31 chromosome, complete genome
   #    score  bias  c-Evalue  i-Evalue hmmfrom  hmm to    alifrom  ali to    envfrom  env to     acc
 ---   ------ ----- --------- --------- ------- -------    ------- -------    ------- -------    ----
   1 !  202.9   9.4   9.2e-63   2.1e-61      39     226 ..  543312  543507 ..  543293  543510 .. 0.96



Internal pipeline statistics summary:
-------------------------------------
Query model(s):                              1  (231 nodes)
Target sequences:                          564  (304447416 residues searched)
Passed MSV filter:                       153  (0.271277); expected 11.3 (0.02)
Passed bias filter:                      102  (0.180851); expected 11.3 (0.02)
Passed Vit filter:                       102  (0.180851); expected 0.6 (0.001)
Passed Fwd filter:                        25  (0.0443262); expected 0.0 (1e-05)
Initial search space (Z):                564  [actual number of targets]
Domain search space  (domZ):              25  [number of targets reported over threshold]
# CPU time: 43.58u 0.13s 00:00:43.71 Elapsed: 00:02:11.40
# Mc/sec: 535.22

@@ New targets included:   1
@@ New alignment includes: 39 subseqs (was 38), including original query
@@ Continuing to next round.

@@
@@ Round:                  7
@@ Included in MSA:        39 subsequences (query + 38 subseqs from 25 targets)
@@ Model size:             231 positions
@@

Scores for complete sequences (score includes all domains):
   --- full sequence ---   --- best 1 domain ---    -#dom-
    E-value  score  bias    E-value  score  bias    exp  N  Sequence               Description
    ------- ------ -----    ------- ------ -----   ---- --  --------               -----------
   1.1e-241  792.7  78.4    7.7e-79  259.9   9.0    5.3  4  NZ_LR134284.1_frame=2   Streptococcus pyogenes strain NCTC823
   3.1e-208  683.3  52.6    9.7e-76  249.8   7.0    3.3  3  NZ_LS483357.1_frame=1   Streptococcus pyogenes strain NCTC832
   3.8e-129  424.5  53.3    2.4e-72  238.7  18.1    3.2  2  NZ_CP155738.1_frame=3   Streptococcus pyogenes strain 1510/08
   9.9e-129  423.2  31.1    7.4e-79  260.0   9.7    2.5  2  NZ_CP118481.1_frame=2   Streptococcus pyogenes strain 2018532
     1e-123  406.8  26.8    1.7e-62  206.4  11.2    2.4  2  NZ_CP118481.1_frame=1   Streptococcus pyogenes strain 2018532
   8.6e-122  400.5  39.6    1.7e-61  203.2  21.0    2.3  2  NZ_CP070994.1_frame=-3  Streptococcus pyogenes strain M11318 
   3.7e-115  378.8  22.9      2e-62  206.2   8.3    2.4  2  NZ_CP134538.1_frame=-2  Streptococcus equi subsp. equi strain
    2.6e-97  320.4  27.0      7e-69  227.3  11.3    2.9  2  NZ_AP023388.1_frame=1   Streptococcus pyogenes strain NIH35 c
    1.1e-96  318.3  26.6    1.9e-62  206.3  10.8    2.4  2  NZ_AP023389.1_frame=3   Streptococcus pyogenes strain KUN-001
    9.5e-96  315.2  27.5    3.4e-62  205.5  11.4    2.4  2  NZ_CP051138.1_frame=1   Streptococcus pyogenes strain 4063-05
    4.2e-79  260.8   9.7    7.1e-79  260.0   9.7    1.4  1  NZ_CP070994.1_frame=3   Streptococcus pyogenes strain M11318 
    4.4e-79  260.7   9.7    7.2e-79  260.0   9.7    1.3  1  NZ_CP167001.1_frame=3   Streptococcus pyogenes strain Isolate
    4.7e-76  250.8   7.0    9.7e-76  249.8   7.0    1.6  1  NZ_CP051138.1_frame=3   Streptococcus pyogenes strain 4063-05
    4.2e-73  241.1  18.2    8.3e-73  240.2  18.2    1.5  1  NZ_AP023389.1_frame=-2  Streptococcus pyogenes strain KUN-001
    4.5e-73  241.1  18.2    8.6e-73  240.1  18.2    1.5  1  NZ_CP051138.1_frame=2   Streptococcus pyogenes strain 4063-05
    4.6e-73  241.0  18.2    8.3e-73  240.2  18.2    1.4  1  NZ_AP023388.1_frame=-1  Streptococcus pyogenes strain NIH35 c
    3.9e-69  228.2  11.3    6.9e-69  227.4  11.3    1.4  1  NZ_CP070994.1_frame=2   Streptococcus pyogenes strain M11318 
    4.1e-69  228.1  11.3      7e-69  227.3  11.3    1.3  1  NZ_CP167001.1_frame=1   Streptococcus pyogenes strain Isolate
    5.2e-69  227.8  11.0    1.1e-68  226.7  11.0    1.5  1  NZ_AP023389.1_frame=2   Streptococcus pyogenes strain KUN-001
    8.7e-69  227.0  11.7    1.5e-68  226.2  11.7    1.4  1  NZ_CP035450.1_frame=2   Streptococcus pyogenes strain emm93.4
    8.8e-69  227.0  11.7    1.7e-68  226.1  11.7    1.4  1  NZ_CP118481.1_frame=3   Streptococcus pyogenes strain 2018532
    2.1e-68  225.8  13.0    3.8e-68  224.9  13.0    1.4  1  NZ_CP119597.1_frame=-3  Streptococcus pyogenes strain 1039 ch
    1.2e-62  207.0  10.1    2.3e-62  206.0  10.1    1.4  1  NZ_CP155740.1_frame=3   Streptococcus pyogenes strain 1851/03
      9e-62  204.1  21.0    1.7e-61  203.1  21.0    1.4  1  NZ_CP167001.1_frame=-1  Streptococcus pyogenes strain Isolate
    1.2e-61  203.7  10.7    2.2e-61  202.8  10.7    1.4  1  NZ_CP167001.1_frame=-2  Streptococcus pyogenes strain Isolate


Domain annotation for each sequence:
>> NZ_LR134284.1_frame=2  Streptococcus pyogenes strain NCTC8232 chromosome 1, complete sequence
   #    score  bias  c-Evalue  i-Evalue hmmfrom  hmm to    alifrom  ali to    envfrom  env to     acc
 ---   ------ ----- --------- --------- ------- -------    ------- -------    ------- -------    ----
   1 !  259.9   9.0   3.4e-80   7.7e-79       2     231 .]  339712  339946 ..  339711  339946 .. 0.99
   2 !  238.9   9.5   9.2e-74   2.1e-72      12     231 .]  371181  371407 ..  371174  371407 .. 0.98
   3 !  120.4   8.6   1.5e-37   3.3e-36     131     226 ..  391638  391736 ..  391631  391739 .. 0.96
   4 !  206.5  10.3   7.2e-64   1.6e-62      38     226 ..  576680  576876 ..  576655  576879 .. 0.94

>> NZ_LS483357.1_frame=1  Streptococcus pyogenes strain NCTC8326 chromosome 1, complete sequence
   #    score  bias  c-Evalue  i-Evalue hmmfrom  hmm to    alifrom  ali to    envfrom  env to     acc
 ---   ------ ----- --------- --------- ------- -------    ------- -------    ------- -------    ----
   1 !  249.8   7.0   4.3e-77   9.7e-76       2     227 ..  219370  219613 ..  219369  219617 .. 0.97
   2 !  240.1  18.2   3.8e-74   8.7e-73       1     226 [.  430299  430521 ..  430299  430524 .. 0.98
   3 !  205.5  11.4   1.5e-63   3.4e-62      38     226 ..  567802  567998 ..  567777  568001 .. 0.94

>> NZ_CP155738.1_frame=3  Streptococcus pyogenes strain 1510/08 chromosome, complete genome
   #    score  bias  c-Evalue  i-Evalue hmmfrom  hmm to    alifrom  ali to    envfrom  env to     acc
 ---   ------ ----- --------- --------- ------- -------    ------- -------    ------- -------    ----
   1 !  238.7  18.1   1.1e-73   2.4e-72       1     226 [.  340845  341067 ..  340845  341070 .. 0.98
   2 !  206.0  10.1   1.1e-63   2.4e-62      39     226 ..  605837  606032 ..  605825  606035 .. 0.97

>> NZ_CP118481.1_frame=2  Streptococcus pyogenes strain 20185322 chromosome, complete genome
   #    score  bias  c-Evalue  i-Evalue hmmfrom  hmm to    alifrom  ali to    envfrom  env to     acc
 ---   ------ ----- --------- --------- ------- -------    ------- -------    ------- -------    ----
   1 !  168.6  13.5   2.8e-52   6.4e-51      20     227 ..  258510  258720 ..  258504  258723 .. 0.95
   2 !  260.0   9.7   3.3e-80   7.4e-79       2     231 .]  338246  338480 ..  338245  338480 .. 0.99

>> NZ_CP118481.1_frame=1  Streptococcus pyogenes strain 20185322 chromosome, complete genome
   #    score  bias  c-Evalue  i-Evalue hmmfrom  hmm to    alifrom  ali to    envfrom  env to     acc
 ---   ------ ----- --------- --------- ------- -------    ------- -------    ------- -------    ----
   1 !  205.8   7.7   1.2e-63   2.7e-62      19     226 ..  258245  258470 ..  258227  258475 .. 0.90
   2 !  206.4  11.2   7.6e-64   1.7e-62      38     226 ..  568745  568941 ..  568720  568944 .. 0.94

>> NZ_CP070994.1_frame=-3  Streptococcus pyogenes strain M11318 chromosome, complete genome
   #    score  bias  c-Evalue  i-Evalue hmmfrom  hmm to    alifrom  ali to    envfrom  env to     acc
 ---   ------ ----- --------- --------- ------- -------    ------- -------    ------- -------    ----
   1 !  203.2  21.0   7.6e-63   1.7e-61       7     226 ..  483337  483551 ..  483333  483554 .. 0.93
   2 !  202.8  10.7   9.8e-63   2.2e-61      38     226 ..  543310  543506 ..  543285  543509 .. 0.94

>> NZ_CP134538.1_frame=-2  Streptococcus equi subsp. equi strain XJ5012 chromosome, complete genome
   #    score  bias  c-Evalue  i-Evalue hmmfrom  hmm to    alifrom  ali to    envfrom  env to     acc
 ---   ------ ----- --------- --------- ------- -------    ------- -------    ------- -------    ----
   1 !  206.2   8.3   8.9e-64     2e-62      19     226 ..   61532   61757 ..   61514   61762 .. 0.90
   2 !  177.9   6.7   3.9e-55   8.7e-54       8     219 ..  168886  169115 ..  168880  169122 .. 0.93

>> NZ_AP023388.1_frame=1  Streptococcus pyogenes strain NIH35 chromosome, complete genome
   #    score  bias  c-Evalue  i-Evalue hmmfrom  hmm to    alifrom  ali to    envfrom  env to     acc
 ---   ------ ----- --------- --------- ------- -------    ------- -------    ------- -------    ----
   1 !  227.3  11.3   3.1e-70     7e-69       4     226 ..   65238   65456 ..   65236   65459 .. 0.95
   2 !  117.4   7.7   1.2e-36   2.8e-35     131     226 ..  388183  388281 ..  388177  388284 .. 0.97

>> NZ_AP023389.1_frame=3  Streptococcus pyogenes strain KUN-0012590 chromosome, complete genome
   #    score  bias  c-Evalue  i-Evalue hmmfrom  hmm to    alifrom  ali to    envfrom  env to     acc
 ---   ------ ----- --------- --------- ------- -------    ------- -------    ------- -------    ----
   1 !  117.6   7.8   1.1e-36   2.5e-35     130     226 ..  383711  383810 ..  383703  383813 .. 0.96
   2 !  206.3  10.8   8.5e-64   1.9e-62      38     226 ..  558539  558735 ..  558514  558738 .. 0.94

>> NZ_CP051138.1_frame=1  Streptococcus pyogenes strain 4063-05 chromosome, complete genome
   #    score  bias  c-Evalue  i-Evalue hmmfrom  hmm to    alifrom  ali to    envfrom  env to     acc
 ---   ------ ----- --------- --------- ------- -------    ------- -------    ------- -------    ----
   1 !  115.2   8.1   5.6e-36   1.3e-34     131     226 ..  381721  381819 ..  381714  381822 .. 0.96
   2 !  205.5  11.4   1.5e-63   3.4e-62      38     226 ..  567727  567923 ..  567702  567926 .. 0.94

>> NZ_CP070994.1_frame=3  Streptococcus pyogenes strain M11318 chromosome, complete genome
   #    score  bias  c-Evalue  i-Evalue hmmfrom  hmm to    alifrom  ali to    envfrom  env to     acc
 ---   ------ ----- --------- --------- ------- -------    ------- -------    ------- -------    ----
   1 !  260.0   9.7   3.1e-80   7.1e-79       2     231 .]  333860  334094 ..  333859  334094 .. 0.99

>> NZ_CP167001.1_frame=3  Streptococcus pyogenes strain Isolate 31 chromosome, complete genome
   #    score  bias  c-Evalue  i-Evalue hmmfrom  hmm to    alifrom  ali to    envfrom  env to     acc
 ---   ------ ----- --------- --------- ------- -------    ------- -------    ------- -------    ----
   1 !  260.0   9.7   3.2e-80   7.2e-79       2     231 .]  336313  336547 ..  336312  336547 .. 0.99

>> NZ_CP051138.1_frame=3  Streptococcus pyogenes strain 4063-05 chromosome, complete genome
   #    score  bias  c-Evalue  i-Evalue hmmfrom  hmm to    alifrom  ali to    envfrom  env to     acc
 ---   ------ ----- --------- --------- ------- -------    ------- -------    ------- -------    ----
   1 !  249.8   7.0   4.3e-77   9.7e-76       2     227 ..  219300  219543 ..  219299  219547 .. 0.97

>> NZ_AP023389.1_frame=-2  Streptococcus pyogenes strain KUN-0012590 chromosome, complete genome
   #    score  bias  c-Evalue  i-Evalue hmmfrom  hmm to    alifrom  ali to    envfrom  env to     acc
 ---   ------ ----- --------- --------- ------- -------    ------- -------    ------- -------    ----
   1 !  240.2  18.2   3.7e-74   8.3e-73       1     226 [.  377959  378181 ..  377959  378184 .. 0.98

>> NZ_CP051138.1_frame=2  Streptococcus pyogenes strain 4063-05 chromosome, complete genome
   #    score  bias  c-Evalue  i-Evalue hmmfrom  hmm to    alifrom  ali to    envfrom  env to     acc
 ---   ------ ----- --------- --------- ------- -------    ------- -------    ------- -------    ----
   1 !  240.1  18.2   3.8e-74   8.6e-73       1     226 [.  430226  430448 ..  430226  430451 .. 0.98

>> NZ_AP023388.1_frame=-1  Streptococcus pyogenes strain NIH35 chromosome, complete genome
   #    score  bias  c-Evalue  i-Evalue hmmfrom  hmm to    alifrom  ali to    envfrom  env to     acc
 ---   ------ ----- --------- --------- ------- -------    ------- -------    ------- -------    ----
   1 !  240.2  18.2   3.7e-74   8.3e-73       1     226 [.  335493  335715 ..  335493  335718 .. 0.98

>> NZ_CP070994.1_frame=2  Streptococcus pyogenes strain M11318 chromosome, complete genome
   #    score  bias  c-Evalue  i-Evalue hmmfrom  hmm to    alifrom  ali to    envfrom  env to     acc
 ---   ------ ----- --------- --------- ------- -------    ------- -------    ------- -------    ----
   1 !  227.4  11.3   3.1e-70   6.9e-69       4     226 ..   61647   61865 ..   61645   61868 .. 0.95

>> NZ_CP167001.1_frame=1  Streptococcus pyogenes strain Isolate 31 chromosome, complete genome
   #    score  bias  c-Evalue  i-Evalue hmmfrom  hmm to    alifrom  ali to    envfrom  env to     acc
 ---   ------ ----- --------- --------- ------- -------    ------- -------    ------- -------    ----
   1 !  227.3  11.3   3.1e-70     7e-69       4     226 ..   63649   63867 ..   63647   63870 .. 0.95

>> NZ_AP023389.1_frame=2  Streptococcus pyogenes strain KUN-0012590 chromosome, complete genome
   #    score  bias  c-Evalue  i-Evalue hmmfrom  hmm to    alifrom  ali to    envfrom  env to     acc
 ---   ------ ----- --------- --------- ------- -------    ------- -------    ------- -------    ----
   1 !  226.7  11.0   4.8e-70   1.1e-68       4     226 ..   65317   65535 ..   65315   65538 .. 0.95

>> NZ_CP035450.1_frame=2  Streptococcus pyogenes strain emm93.4 chromosome, complete genome
   #    score  bias  c-Evalue  i-Evalue hmmfrom  hmm to    alifrom  ali to    envfrom  env to     acc
 ---   ------ ----- --------- --------- ------- -------    ------- -------    ------- -------    ----
   1 !  226.2  11.7   6.8e-70   1.5e-68       4     226 ..   60750   60968 ..   60748   60971 .. 0.95

>> NZ_CP118481.1_frame=3  Streptococcus pyogenes strain 20185322 chromosome, complete genome
   #    score  bias  c-Evalue  i-Evalue hmmfrom  hmm to    alifrom  ali to    envfrom  env to     acc
 ---   ------ ----- --------- --------- ------- -------    ------- -------    ------- -------    ----
   1 !  226.1  11.7   7.5e-70   1.7e-68       4     226 ..   65910   66128 ..   65908   66131 .. 0.95

>> NZ_CP119597.1_frame=-3  Streptococcus pyogenes strain 1039 chromosome, complete genome
   #    score  bias  c-Evalue  i-Evalue hmmfrom  hmm to    alifrom  ali to    envfrom  env to     acc
 ---   ------ ----- --------- --------- ------- -------    ------- -------    ------- -------    ----
   1 !  224.9  13.0   1.7e-69   3.8e-68       4     226 ..  150887  151105 ..  150885  151108 .. 0.95

>> NZ_CP155740.1_frame=3  Streptococcus pyogenes strain 1851/03 chromosome, complete genome
   #    score  bias  c-Evalue  i-Evalue hmmfrom  hmm to    alifrom  ali to    envfrom  env to     acc
 ---   ------ ----- --------- --------- ------- -------    ------- -------    ------- -------    ----
   1 !  206.0  10.1     1e-63   2.3e-62      39     226 ..  580038  580233 ..  580026  580236 .. 0.97

>> NZ_CP167001.1_frame=-1  Streptococcus pyogenes strain Isolate 31 chromosome, complete genome
   #    score  bias  c-Evalue  i-Evalue hmmfrom  hmm to    alifrom  ali to    envfrom  env to     acc
 ---   ------ ----- --------- --------- ------- -------    ------- -------    ------- -------    ----
   1 !  203.1  21.0   7.7e-63   1.7e-61       7     226 ..  483346  483560 ..  483342  483563 .. 0.93

>> NZ_CP167001.1_frame=-2  Streptococcus pyogenes strain Isolate 31 chromosome, complete genome
   #    score  bias  c-Evalue  i-Evalue hmmfrom  hmm to    alifrom  ali to    envfrom  env to     acc
 ---   ------ ----- --------- --------- ------- -------    ------- -------    ------- -------    ----
   1 !  202.8  10.7   9.9e-63   2.2e-61      38     226 ..  543311  543507 ..  543286  543510 .. 0.94



Internal pipeline statistics summary:
-------------------------------------
Query model(s):                              1  (231 nodes)
Target sequences:                          564  (304447416 residues searched)
Passed MSV filter:                       154  (0.27305); expected 11.3 (0.02)
Passed bias filter:                      102  (0.180851); expected 11.3 (0.02)
Passed Vit filter:                       102  (0.180851); expected 0.6 (0.001)
Passed Fwd filter:                        25  (0.0443262); expected 0.0 (1e-05)
Initial search space (Z):                564  [actual number of targets]
Domain search space  (domZ):              25  [number of targets reported over threshold]
# CPU time: 43.42u 0.12s 00:00:43.54 Elapsed: 00:01:33.43
# Mc/sec: 752.73

@@ New targets included:   0
@@ New alignment includes: 39 subseqs (was 39), including original query
@@
@@ CONVERGED (in 7 rounds). 
@@

# Alignment of 39 hits satisfying inclusion thresholds saved to: jackhmmer_results/SSL7.jackhmmer.sto
//
[ok]
