# jackhmmer :: iteratively search a protein sequence against a protein database
# HMMER 3.1b2 (February 2015); http://hmmer.org/
# Copyright (C) 2015 Howard Hughes Medical Institute.
# Freely distributed under the GNU General Public License (GPLv3).
# - - - - - - - - - - - - - - - - - - - - - - - - - - - - - - - - - - - -
# query sequence file:             data/ssl/SSL3.fasta
# target sequence database:        data/ssl/genomes_6frame_proteins.fasta
# maximum iterations set to:       10
# output directed to file:         data/jackhmmer_results/SSL3.jackhmmer.out
# MSA of hits saved to file:       data/jackhmmer_results/SSL3.jackhmmer.sto
# per-seq hits tabular output:     data/jackhmmer_results/SSL3.jackhmmer.tblout
# per-dom hits tabular output:     data/jackhmmer_results/SSL3.jackhmmer.domtblout
# MSA checkpoint files output:     data/jackhmmer_results/SSL3-<i>.sto
# show alignments in output:       no
# sequence inclusion threshold:    score >= 200
# number of worker threads:        4
# - - - - - - - - - - - - - - - - - - - - - - - - - - - - - - - - - - - -

Query:       Q2G0X7|SSL3  [L=356]

Scores for complete sequences (score includes all domains):
   --- full sequence ---   --- best 1 domain ---    -#dom-
    E-value  score  bias    E-value  score  bias    exp  N  Sequence               Description
    ------- ------ -----    ------- ------ -----   ---- --  --------               -----------
+         0 1282.2 122.1   8.2e-222  730.3  22.2    8.9  9  NC_002745.2_frame=2     Staphylococcus aureus subsp. aureus N
+         0 1204.9 198.9   4.1e-221  728.0  21.8   10.7  8  NZ_CP132371.1_frame=3   Staphylococcus aureus strain UNC_SA38
+  6.7e-286  940.8  80.9   2.9e-215  708.8  22.8   12.6  8  NZ_LR134090.1_frame=1   Staphylococcus aureus strain NCTC9555
+  1.4e-269  887.2  67.6   1.2e-226  746.1  22.1    5.4  5  NC_007795.1_frame=3     Staphylococcus aureus subsp. aureus N
+  1.2e-259  854.6 186.2   6.7e-119  392.2  12.4   13.0 12  NC_007795.1_frame=1     Staphylococcus aureus subsp. aureus N
+  1.7e-255  841.0 100.1   9.7e-221  726.8  22.7    6.1  5  NZ_CP029678.1_frame=3   Staphylococcus aureus strain AR_0216 
+  1.9e-248  817.8  57.3   9.1e-221  726.9  22.7    7.4  5  NZ_CP113052.1_frame=1   Staphylococcus aureus strain Fizz chr
+  1.9e-248  817.8  57.3   9.1e-221  726.9  22.7    9.5  5  NZ_CP136528.1_frame=3   Staphylococcus aureus strain BAA-1556
+  1.4e-247  815.0  55.8   1.6e-223  735.9  22.3    7.7  6  NC_002953.3_frame=2     Staphylococcus aureus subsp. aureus M
+  1.7e-234  772.0 223.4   3.2e-128  422.9  16.1   13.2 11  NZ_CP011877.1_frame=-2  Staphylococcus aureus strain 12S01032
+  3.5e-230  757.8 139.4   8.1e-117  385.4  14.9   10.3 10  NC_002952.2_frame=1     Staphylococcus aureus subsp. aureus M
+  3.1e-226  744.8 176.4   8.1e-122  401.8  25.3   12.9 11  NZ_CP113052.1_frame=2   Staphylococcus aureus strain Fizz chr
+  3.1e-225  741.6 174.7   6.5e-119  392.3  12.4   12.9 12  NZ_CP136528.1_frame=1   Staphylococcus aureus strain BAA-1556
+  1.1e-223  736.5 183.6   2.7e-106  350.8  21.7   12.9 11  NC_002953.3_frame=3     Staphylococcus aureus subsp. aureus M
+  4.9e-214  704.8 218.9   6.9e-119  392.2  12.4   14.0 12  NZ_CP029678.1_frame=1   Staphylococcus aureus strain AR_0216 
+    2e-207  683.0 143.2     1e-108  358.8  22.1   12.0 10  NZ_LR134090.1_frame=2   Staphylococcus aureus strain NCTC9555
+  3.6e-204  672.3 186.5   9.5e-105  345.8  11.2   10.6  9  NC_017338.2_frame=2     Staphylococcus aureus subsp. aureus J
+  7.2e-194  638.5 176.7   9.3e-137  450.9  16.4   10.8  8  NC_017763.1_frame=3     Staphylococcus aureus subsp. aureus H
+  2.7e-165  544.6  53.6   4.5e-120  396.1  11.0    5.2  5  NC_017338.2_frame=1     Staphylococcus aureus subsp. aureus J
+  5.2e-147  484.6  43.3   6.2e-118  389.1  13.5    5.7  5  NC_002952.2_frame=3     Staphylococcus aureus subsp. aureus M
+  1.6e-141  466.6 156.2    2.9e-45  150.3   7.9   12.7 11  NZ_CP132371.1_frame=1   Staphylococcus aureus strain UNC_SA38
+  4.6e-141  465.0 135.6    3.1e-45  150.3   7.9   10.9 10  NC_002745.2_frame=3     Staphylococcus aureus subsp. aureus N
+  3.9e-136  448.9  29.1   1.9e-118  390.8  14.9    5.7  4  NZ_CP011877.1_frame=-1  Staphylococcus aureus strain 12S01032
+     1e-87  289.8  56.7    1.2e-40  135.1  15.6    5.0  5  NZ_CP136528.1_frame=2   Staphylococcus aureus strain BAA-1556
+   1.5e-87  289.3  62.4    4.7e-35  116.8  10.7   13.6 10  NC_017338.2_frame=3     Staphylococcus aureus subsp. aureus J
+   4.4e-76  251.6  46.4    1.2e-40  135.1  15.6    7.2  5  NZ_CP113052.1_frame=3   Staphylococcus aureus strain Fizz chr
+   4.9e-76  251.4  46.4    1.3e-40  135.1  15.6    7.3  5  NZ_CP029678.1_frame=2   Staphylococcus aureus strain AR_0216 
+   4.8e-71  235.0  48.8    2.7e-39  130.7  12.9    8.0  5  NC_002953.3_frame=1     Staphylococcus aureus subsp. aureus M
  ------ inclusion threshold ------
    2.3e-59  196.7  76.8    3.4e-28   94.3   6.8    6.2  6  NC_017763.1_frame=1     Staphylococcus aureus subsp. aureus H
    2.4e-56  186.8  33.9    1.4e-40  135.0  15.7    6.7  4  NC_007795.1_frame=2     Staphylococcus aureus subsp. aureus N
    4.2e-48  159.7   6.0    4.2e-48  159.7   6.0    4.4  2  NC_017763.1_frame=2     Staphylococcus aureus subsp. aureus H
    5.8e-46  152.6   5.8    5.8e-46  152.6   5.8    3.7  2  NZ_CP011877.1_frame=-3  Staphylococcus aureus strain 12S01032
    9.1e-37  122.4   9.2    9.1e-37  122.4   9.2    5.7  2  NC_002952.2_frame=2     Staphylococcus aureus subsp. aureus M


Domain annotation for each sequence:
>> NC_002745.2_frame=2  Staphylococcus aureus subsp. aureus N315, complete sequence
   #    score  bias  c-Evalue  i-Evalue hmmfrom  hmm to    alifrom  ali to    envfrom  env to     acc
 ---   ------ ----- --------- --------- ------- -------    ------- -------    ------- -------    ----
   1 !  730.3  22.2  4.8e-223  8.2e-222       1     356 []  147685  148040 ..  147685  148040 .. 1.00
   2 !   15.7   3.5   1.6e-05   0.00027       1      40 [.  148163  148202 ..  148163  148207 .. 0.94
   3 !  346.6  10.7    3e-106  5.1e-105     109     356 .]  148205  148454 ..  148202  148454 .. 0.96
   4 ?    3.6   0.4     0.079       1.3       1      34 [.  148577  148610 ..  148577  148619 .. 0.88
   5 !   85.9   8.3   6.9e-27   1.2e-25     163     356 .]  148615  148810 ..  148608  148810 .. 0.86
   6 !   81.9   8.8   1.2e-25     2e-24     170     356 .]  149349  149536 ..  149323  149536 .. 0.84
   7 ?   -0.1   0.2       1.1        19       1      35 [.  150018  150052 ..  150018  150064 .. 0.83
   8 !   59.3   9.5   8.9e-19   1.5e-17     171     356 .]  150062  150244 ..  150047  150244 .. 0.81
   9 ?    3.0   1.7      0.12       2.1     226     314 ..  685803  685890 ..  685780  685900 .. 0.74

>> NZ_CP132371.1_frame=3  Staphylococcus aureus strain UNC_SA38 chromosome, complete genome
   #    score  bias  c-Evalue  i-Evalue hmmfrom  hmm to    alifrom  ali to    envfrom  env to     acc
 ---   ------ ----- --------- --------- ------- -------    ------- -------    ------- -------    ----
   1 !  728.0  21.8  2.4e-222  4.1e-221       1     356 []  889780  890135 ..  889780  890135 .. 1.00
   2 !   15.8   3.5   1.5e-05   0.00026       1      40 [.  890258  890297 ..  890258  890302 .. 0.94
   3 !  346.7  10.7  2.8e-106  4.8e-105     109     356 .]  890300  890549 ..  890297  890549 .. 0.96
   4 ?    3.7   0.4     0.074       1.3       1      34 [.  890672  890705 ..  890672  890714 .. 0.88
   5 !   86.0   8.3   6.6e-27   1.1e-25     163     356 .]  890710  890905 ..  890703  890905 .. 0.86
   6 !   81.9   8.8   1.1e-25   1.9e-24     170     356 .]  891444  891631 ..  891418  891631 .. 0.84
   7 ?   -0.1   0.2       1.1        18       1      35 [.  892113  892147 ..  892113  892157 .. 0.84
   8 !   59.1  10.3     1e-18   1.8e-17     169     356 .]  892155  892339 ..  892131  892339 .. 0.81

>> NZ_LR134090.1_frame=1  Staphylococcus aureus strain NCTC9555 chromosome 1, complete sequence
   #    score  bias  c-Evalue  i-Evalue hmmfrom  hmm to    alifrom  ali to    envfrom  env to     acc
 ---   ------ ----- --------- --------- ------- -------    ------- -------    ------- -------    ----
   1 !  708.8  22.8  1.7e-216  2.9e-215       1     356 []  150420  150775 ..  150420  150775 .. 1.00
   2 ?    6.2   0.7     0.013      0.21       1      32 [.  151712  151743 ..  151712  151749 .. 0.90
   3 !  133.1  14.7   2.9e-41     5e-40     151     355 ..  151733  151939 ..  151728  151940 .. 0.91
   4 !   82.2   8.2   9.5e-26   1.6e-24     170     356 .]  152474  152661 ..  152446  152661 .. 0.84
   5 !   11.2   0.9   0.00039    0.0067       1      35 [.  154501  154535 ..  154501  154540 .. 0.93
   6 !   91.6  11.2   1.3e-28   2.1e-27     168     355 ..  154540  154727 ..  154535  154727 .. 0.87
   7 !   11.5   0.2   0.00032    0.0055     245     335 ..  595020  595109 ..  594914  595127 .. 0.80
   8 !   13.6   0.2   7.4e-05    0.0013     244     335 ..  595293  595383 ..  595269  595400 .. 0.82

>> NC_007795.1_frame=3  Staphylococcus aureus subsp. aureus NCTC 8325 chromosome, complete genome
   #    score  bias  c-Evalue  i-Evalue hmmfrom  hmm to    alifrom  ali to    envfrom  env to     acc
 ---   ------ ----- --------- --------- ------- -------    ------- -------    ------- -------    ----
   1 !   18.4   0.5   2.5e-06   4.4e-05     281     352 ..  121415  121487 ..  121389  121491 .. 0.85
   2 !  746.1  22.1  7.3e-228  1.2e-226       1     356 []  130082  130437 ..  130082  130437 .. 1.00
   3 !   81.7   9.0   1.3e-25   2.3e-24     170     356 .]  132136  132323 ..  132111  132323 .. 0.85
   4 ?   -0.2   0.2       1.1        19       1      35 [.  132806  132840 ..  132806  132852 .. 0.83
   5 !   59.3   9.5   8.9e-19   1.5e-17     171     356 .]  132850  133032 ..  132835  133032 .. 0.81

>> NC_007795.1_frame=1  Staphylococcus aureus subsp. aureus NCTC 8325 chromosome, complete genome
   #    score  bias  c-Evalue  i-Evalue hmmfrom  hmm to    alifrom  ali to    envfrom  env to     acc
 ---   ------ ----- --------- --------- ------- -------    ------- -------    ------- -------    ----
   1 ?    5.5   0.2     0.021      0.36       1      31 [.  129432  129462 ..  129432  129471 .. 0.88
   2 !   98.9   7.6   7.9e-31   1.3e-29     169     356 .]  129471  129657 ..  129462  129657 .. 0.91
   3 ?    2.3   0.1       0.2       3.4       1      32 [.  129754  129785 ..  129754  129793 .. 0.94
   4 !  149.6   7.9   2.8e-46   4.8e-45     169     355 ..  129795  129981 ..  129789  129982 .. 0.98
   5 !   17.8   4.3   3.7e-06   6.3e-05       1      40 [.  130561  130600 ..  130561  130610 .. 0.93
   6 !  392.2  12.4  3.9e-120  6.7e-119     103     356 .]  130614  130868 ..  130601  130868 .. 0.95
   7 ?    3.2   0.6       0.1       1.8       1      33 [.  130991  131023 ..  130991  131032 .. 0.88
   8 !   85.6   8.7   8.6e-27   1.5e-25     163     356 .]  131029  131224 ..  131023  131224 .. 0.86
   9 ?    2.1   0.7      0.23       3.9       1      30 [.  132452  132481 ..  132452  132491 .. 0.85
  10 !   73.8   9.6   3.3e-23   5.6e-22     170     355 ..  132496  132682 ..  132482  132683 .. 0.86
  11 !   10.7   0.8   0.00055    0.0094       1      34 [.  134170  134203 ..  134170  134209 .. 0.92
  12 !  119.5   7.4   4.2e-37   7.2e-36     168     355 ..  134209  134394 ..  134204  134394 .. 0.87

>> NZ_CP029678.1_frame=3  Staphylococcus aureus strain AR_0216 chromosome, complete genome
   #    score  bias  c-Evalue  i-Evalue hmmfrom  hmm to    alifrom  ali to    envfrom  env to     acc
 ---   ------ ----- --------- --------- ------- -------    ------- -------    ------- -------    ----
   1 !   18.3   0.5   2.6e-06   4.5e-05     281     352 ..  140306  140378 ..  140280  140382 .. 0.85
   2 !  726.8  22.7  5.7e-222  9.7e-221       1     356 []  148973  149324 ..  148973  149324 .. 1.00
   3 !   81.7   9.0   1.4e-25   2.3e-24     170     356 .]  151023  151210 ..  150998  151210 .. 0.85
   4 ?   -0.1   0.3       1.1        18       1      35 [.  151693  151727 ..  151693  151753 .. 0.84
   5 !   59.1   9.7     1e-18   1.7e-17     171     356 .]  151737  151919 ..  151722  151919 .. 0.81

>> NZ_CP113052.1_frame=1  Staphylococcus aureus strain Fizz chromosome, complete genome
   #    score  bias  c-Evalue  i-Evalue hmmfrom  hmm to    alifrom  ali to    envfrom  env to     acc
 ---   ------ ----- --------- --------- ------- -------    ------- -------    ------- -------    ----
   1 !   18.4   0.5   2.5e-06   4.2e-05     281     352 ..  452367  452439 ..  452341  452443 .. 0.85
   2 !  726.9  22.7  5.3e-222  9.1e-221       1     356 []  461034  461385 ..  461034  461385 .. 1.00
   3 !   81.8   9.0   1.3e-25   2.2e-24     170     356 .]  463101  463288 ..  463076  463288 .. 0.85
   4 ?   -0.0   0.3         1        17       1      35 [.  463771  463805 ..  463771  463831 .. 0.84
   5 !   59.2   9.6   9.3e-19   1.6e-17     171     356 .]  463815  463997 ..  463800  463997 .. 0.81

>> NZ_CP136528.1_frame=3  Staphylococcus aureus strain BAA-1556_Catania chromosome, complete genome
   #    score  bias  c-Evalue  i-Evalue hmmfrom  hmm to    alifrom  ali to    envfrom  env to     acc
 ---   ------ ----- --------- --------- ------- -------    ------- -------    ------- -------    ----
   1 !   18.4   0.5   2.5e-06   4.2e-05     281     352 ..  140889  140961 ..  140863  140965 .. 0.85
   2 !  726.9  22.7  5.3e-222  9.1e-221       1     356 []  149556  149907 ..  149556  149907 .. 1.00
   3 !   81.7   9.0   1.3e-25   2.2e-24     170     356 .]  151606  151793 ..  151581  151793 .. 0.85
   4 ?   -0.0   0.3         1        17       1      35 [.  152276  152310 ..  152276  152336 .. 0.84
   5 !   59.2   9.6   9.3e-19   1.6e-17     171     356 .]  152320  152502 ..  152305  152502 .. 0.81

>> NC_002953.3_frame=2  Staphylococcus aureus subsp. aureus MSSA476, complete sequence
   #    score  bias  c-Evalue  i-Evalue hmmfrom  hmm to    alifrom  ali to    envfrom  env to     acc
 ---   ------ ----- --------- --------- ------- -------    ------- -------    ------- -------    ----
   1 !   18.2   0.5   2.9e-06   4.9e-05     282     352 ..  131300  131371 ..  131274  131375 .. 0.86
   2 !  735.9  22.3  9.6e-225  1.6e-223       1     356 []  143281  143636 ..  143281  143636 .. 1.00
   3 ?    6.4   0.8     0.011      0.19       2      34 ..  144954  144986 ..  144953  144992 .. 0.89
   4 !   69.7   8.0   5.9e-22     1e-20     167     355 ..  144994  145180 ..  144984  145181 .. 0.86
   5 ?    1.4   0.6      0.38       6.4       1      35 [.  146009  146043 ..  146009  146069 .. 0.84
   6 !   59.2   9.5   9.1e-19   1.6e-17     173     356 .]  146055  146235 ..  146039  146235 .. 0.81

>> NZ_CP011877.1_frame=-2  Staphylococcus aureus strain 12S01032 chromosome, complete genome
   #    score  bias  c-Evalue  i-Evalue hmmfrom  hmm to    alifrom  ali to    envfrom  env to     acc
 ---   ------ ----- --------- --------- ------- -------    ------- -------    ------- -------    ----
   1 ?    4.9   0.3     0.033      0.56       1      31 [.  757121  757151 ..  757121  757159 .. 0.90
   2 !  107.2   9.3   2.2e-33   3.8e-32     159     356 .]  757149  757346 ..  757149  757346 .. 0.88
   3 !  422.9  16.1  1.9e-129  3.2e-128       1     355 [.  758231  758544 ..  758231  758545 .. 0.91
   4 ?    4.5   1.0     0.042      0.71       1      35 [.  758669  758703 ..  758669  758710 .. 0.89
   5 !   91.8   9.0   1.1e-28   1.9e-27     164     356 .]  758708  758902 ..  758702  758902 .. 0.88
   6 ?    3.2   1.2       0.1       1.7       1      31 [.  759398  759428 ..  759398  759438 .. 0.87
   7 !   67.5   9.8   2.8e-21   4.9e-20     169     355 ..  759441  759628 ..  759428  759629 .. 0.84
   8 ?    0.4   0.2      0.72        12       1      35 [.  759753  759787 ..  759753  759799 .. 0.87
   9 !   71.0   5.3   2.4e-22     4e-21     209     356 .]  759831  759979 ..  759795  759979 .. 0.89
  10 !   10.7   0.9   0.00053    0.0091       1      34 [.  761111  761144 ..  761111  761151 .. 0.92
  11 !  126.6   7.9   2.9e-39   4.9e-38     168     355 ..  761150  761336 ..  761145  761336 .. 0.92

>> NC_002952.2_frame=1  Staphylococcus aureus subsp. aureus MRSA252, complete sequence
   #    score  bias  c-Evalue  i-Evalue hmmfrom  hmm to    alifrom  ali to    envfrom  env to     acc
 ---   ------ ----- --------- --------- ------- -------    ------- -------    ------- -------    ----
   1 ?    4.8   0.3     0.033      0.57       1      31 [.  150854  150884 ..  150854  150892 .. 0.90
   2 !  101.7   7.7   1.1e-31   1.9e-30     159     355 ..  150882  151078 ..  150881  151079 .. 0.88
   3 ?    6.0   0.1     0.015      0.26       1      32 [.  151175  151206 ..  151175  151214 .. 0.92
   4 !  151.7   6.3   6.6e-47   1.1e-45     166     356 .]  151213  151405 ..  151206  151405 .. 0.96
   5 !   12.1   2.8   0.00021    0.0035       1      46 [.  151964  152009 ..  151964  152015 .. 0.88
   6 !  385.4  14.9  4.7e-118  8.1e-117     104     356 .]  152008  152267 ..  152000  152267 .. 0.87
   7 ?    4.7   0.9     0.038      0.64       1      35 [.  152391  152425 ..  152391  152434 .. 0.89
   8 !   94.3   9.2     2e-29   3.4e-28     164     356 .]  152430  152624 ..  152424  152624 .. 0.90
   9 ?    3.2   1.2      0.11       1.8       1      31 [.  153120  153150 ..  153120  153160 .. 0.87
  10 !   69.8   9.5   5.7e-22   9.7e-21     170     355 ..  153164  153350 ..  153151  153351 .. 0.84

>> NZ_CP113052.1_frame=2  Staphylococcus aureus strain Fizz chromosome, complete genome
   #    score  bias  c-Evalue  i-Evalue hmmfrom  hmm to    alifrom  ali to    envfrom  env to     acc
 ---   ------ ----- --------- --------- ------- -------    ------- -------    ------- -------    ----
   1 ?    5.6   0.2      0.02      0.34       1      31 [.  460383  460413 ..  460383  460422 .. 0.88
   2 !   98.9   7.6   7.6e-31   1.3e-29     169     356 .]  460422  460608 ..  460413  460608 .. 0.91
   3 ?    2.3   0.1      0.19       3.3       1      32 [.  460705  460736 ..  460705  460744 .. 0.94
   4 !  149.6   7.9   2.8e-46   4.7e-45     169     355 ..  460746  460932 ..  460740  460933 .. 0.98
   5 !  401.8  25.3  4.7e-123  8.1e-122       1     356 []  461508  461832 ..  461508  461832 .. 0.89
   6 ?    3.3   0.6     0.099       1.7       1      33 [.  461955  461987 ..  461955  461996 .. 0.88
   7 !   85.7   8.8   8.2e-27   1.4e-25     163     356 .]  461993  462188 ..  461984  462188 .. 0.86
   8 ?    2.2   0.7      0.22       3.7       1      30 [.  463416  463445 ..  463416  463456 .. 0.85
   9 !   74.0   9.3   2.9e-23   4.9e-22     171     355 ..  463461  463646 ..  463448  463647 .. 0.87
  10 !   10.7   0.8   0.00053    0.0091       1      34 [.  465134  465167 ..  465134  465173 .. 0.92
  11 ?    4.6   0.2     0.039      0.67     168     237 ..  465173  465236 ..  465168  465241 .. 0.84

>> NZ_CP136528.1_frame=1  Staphylococcus aureus strain BAA-1556_Catania chromosome, complete genome
   #    score  bias  c-Evalue  i-Evalue hmmfrom  hmm to    alifrom  ali to    envfrom  env to     acc
 ---   ------ ----- --------- --------- ------- -------    ------- -------    ------- -------    ----
   1 ?    5.6   0.2      0.02      0.34       1      31 [.  148906  148936 ..  148906  148945 .. 0.88
   2 !   98.9   7.6   7.6e-31   1.3e-29     169     356 .]  148945  149131 ..  148936  149131 .. 0.91
   3 ?    2.3   0.1      0.19       3.3       1      32 [.  149228  149259 ..  149228  149267 .. 0.94
   4 !  149.6   7.9   2.8e-46   4.7e-45     169     355 ..  149269  149455 ..  149263  149456 .. 0.98
   5 !   16.2   3.8   1.2e-05    0.0002       1      40 [.  150031  150070 ..  150031  150080 .. 0.92
   6 !  392.3  12.4  3.8e-120  6.5e-119     103     356 .]  150084  150338 ..  150071  150338 .. 0.95
   7 ?    3.3   0.6     0.099       1.7       1      33 [.  150461  150493 ..  150461  150502 .. 0.88
   8 !   85.7   8.8   8.3e-27   1.4e-25     163     356 .]  150499  150694 ..  150490  150694 .. 0.86
   9 ?    2.2   0.7      0.22       3.7       1      30 [.  151922  151951 ..  151922  151962 .. 0.85
  10 !   74.0   9.3   2.9e-23   4.9e-22     171     355 ..  151967  152152 ..  151954  152153 .. 0.87
  11 !   10.7   0.8   0.00053    0.0091       1      34 [.  153640  153673 ..  153640  153679 .. 0.92
  12 ?    4.6   0.2     0.039      0.67     168     237 ..  153679  153742 ..  153674  153747 .. 0.84

>> NC_002953.3_frame=3  Staphylococcus aureus subsp. aureus MSSA476, complete sequence
   #    score  bias  c-Evalue  i-Evalue hmmfrom  hmm to    alifrom  ali to    envfrom  env to     acc
 ---   ------ ----- --------- --------- ------- -------    ------- -------    ------- -------    ----
   1 ?    3.5   0.6     0.085       1.5     274     333 ..   20219   20281 ..   20167   20300 .. 0.79
   2 ?    5.4   0.3     0.022      0.38       1      31 [.  142630  142660 ..  142630  142669 .. 0.90
   3 !  103.2   7.0   3.9e-32   6.7e-31     159     355 ..  142658  142854 ..  142658  142855 .. 0.91
   4 ?    0.9   0.1      0.52       8.8       1      32 [.  142952  142983 ..  142952  142990 .. 0.94
   5 !  151.0   8.3     1e-46   1.8e-45     167     355 ..  142991  143179 ..  142972  143180 .. 0.96
   6 !  350.8  21.7  1.6e-107  2.7e-106      40     356 .]  143760  144073 ..  143759  144073 .. 0.83
   7 ?    3.6   0.3     0.078       1.3       1      34 [.  144196  144229 ..  144196  144237 .. 0.88
   8 !   83.0   8.0   5.4e-26   9.3e-25     164     356 .]  144235  144429 ..  144228  144429 .. 0.85
   9 !   10.0   0.9   0.00091     0.016       1      32 [.  147395  147426 ..  147395  147437 .. 0.87
  10 !  116.8   9.8   2.8e-36   4.9e-35     157     355 ..  147425  147624 ..  147424  147624 .. 0.86
  11 !   12.1   3.3    0.0002    0.0035     169     313 ..  688743  688881 ..  688733  688905 .. 0.77

>> NZ_CP029678.1_frame=1  Staphylococcus aureus strain AR_0216 chromosome, complete genome
   #    score  bias  c-Evalue  i-Evalue hmmfrom  hmm to    alifrom  ali to    envfrom  env to     acc
 ---   ------ ----- --------- --------- ------- -------    ------- -------    ------- -------    ----
   1 ?    5.5   0.2     0.021      0.36       1      31 [.  148323  148353 ..  148323  148362 .. 0.88
   2 !   98.8   7.6   8.1e-31   1.4e-29     169     356 .]  148362  148548 ..  148353  148548 .. 0.91
   3 ?    2.3   0.1       0.2       3.5       1      32 [.  148645  148676 ..  148645  148684 .. 0.94
   4 !  149.6   7.9   2.9e-46     5e-45     169     355 ..  148686  148872 ..  148680  148873 .. 0.98
   5 !   16.1   3.8   1.2e-05   0.00021       1      40 [.  149448  149487 ..  149448  149497 .. 0.92
   6 !  392.2  12.4  4.1e-120  6.9e-119     103     356 .]  149501  149755 ..  149488  149755 .. 0.95
   7 ?    3.2   0.6      0.11       1.8       1      33 [.  149878  149910 ..  149878  149919 .. 0.88
   8 !   85.6   8.8   8.8e-27   1.5e-25     163     356 .]  149916  150111 ..  149907  150111 .. 0.86
   9 ?    2.1   0.7      0.23         4       1      30 [.  151339  151368 ..  151339  151379 .. 0.85
  10 !   73.9   9.3   3.1e-23   5.2e-22     171     355 ..  151384  151569 ..  151371  151570 .. 0.87
  11 !   10.7   0.8   0.00057    0.0097       1      34 [.  153057  153090 ..  153057  153096 .. 0.92
  12 ?    4.5   0.2     0.041      0.71     168     237 ..  153096  153159 ..  153091  153164 .. 0.84

>> NZ_LR134090.1_frame=2  Staphylococcus aureus strain NCTC9555 chromosome 1, complete sequence
   #    score  bias  c-Evalue  i-Evalue hmmfrom  hmm to    alifrom  ali to    envfrom  env to     acc
 ---   ------ ----- --------- --------- ------- -------    ------- -------    ------- -------    ----
   1 !   19.2   0.8   1.4e-06   2.4e-05     276     342 ..  136395  136458 ..  136336  136472 .. 0.78
   2 ?    2.3   0.1      0.19       3.3       1      32 [.  150091  150122 ..  150091  150130 .. 0.94
   3 !  150.5   7.2   1.5e-46   2.6e-45     169     355 ..  150132  150318 ..  150126  150319 .. 0.98
   4 !  358.8  22.1  6.1e-110    1e-108      40     356 .]  150899  151210 ..  150899  151210 .. 0.90
   5 ?    6.0   0.7     0.015      0.25       1      34 [.  151333  151366 ..  151333  151374 .. 0.89
   6 !   80.5   9.4   3.1e-25   5.3e-24     164     355 ..  151372  151565 ..  151366  151566 .. 0.87
   7 ?    5.8   0.6     0.017      0.29       2      34 ..  152085  152117 ..  152084  152125 .. 0.89
   8 !   63.6   7.6   4.3e-20   7.4e-19     168     355 ..  152126  152311 ..  152116  152312 .. 0.86
   9 ?    0.6   0.4      0.64        11       1      41 [.  153143  153183 ..  153143  153208 .. 0.85
  10 !   60.0   9.3   5.4e-19   9.3e-18     173     356 .]  153187  153367 ..  153172  153367 .. 0.82

>> NC_017338.2_frame=2  Staphylococcus aureus subsp. aureus JKD6159, complete sequence
   #    score  bias  c-Evalue  i-Evalue hmmfrom  hmm to    alifrom  ali to    envfrom  env to     acc
 ---   ------ ----- --------- --------- ------- -------    ------- -------    ------- -------    ----
   1 ?    9.5   0.6    0.0013     0.022       1      31 [.  141984  142014 ..  141984  142022 .. 0.91
   2 !  109.3   7.2   5.1e-34   8.8e-33     159     356 .]  142012  142209 ..  142012  142209 .. 0.90
   3 ?    5.4   0.2     0.023      0.39       1      32 [.  142295  142326 ..  142295  142333 .. 0.95
   4 !  161.2   6.0   8.5e-50   1.5e-48     169     355 ..  142336  142522 ..  142328  142523 .. 0.98
   5 !   15.9   5.1   1.4e-05   0.00024       1      40 [.  143024  143063 ..  143024  143080 .. 0.89
   6 !  345.8  11.2  5.5e-106  9.5e-105      97     356 .]  143076  143333 ..  143065  143333 .. 0.89
   7 !   74.1   8.3   2.7e-23   4.7e-22     172     355 ..  144950  145134 ..  144945  145135 .. 0.86
   8 ?   -0.9   0.1       1.9        32       1      35 [.  145256  145290 ..  145256  145302 .. 0.82
   9 !   72.3   8.8     1e-22   1.7e-21     170     356 .]  145299  145482 ..  145278  145482 .. 0.82

>> NC_017763.1_frame=3  Staphylococcus aureus subsp. aureus HO 5096 0412, complete sequence
   #    score  bias  c-Evalue  i-Evalue hmmfrom  hmm to    alifrom  ali to    envfrom  env to     acc
 ---   ------ ----- --------- --------- ------- -------    ------- -------    ------- -------    ----
   1 !   18.7   0.6   2.1e-06   3.6e-05     282     352 ..  129696  129767 ..  129618  129771 .. 0.85
   2 !  450.9  16.4  5.4e-138  9.3e-137       1     356 []  139207  139547 ..  139207  139547 .. 0.92
   3 ?    5.4   0.8     0.022      0.38       1      34 [.  139671  139704 ..  139671  139712 .. 0.89
   4 !   86.2   8.3   5.8e-27   9.9e-26     164     356 .]  139710  139904 ..  139704  139904 .. 0.86
   5 ?    8.6   1.0    0.0025     0.042       1      34 [.  140055  140088 ..  140055  140094 .. 0.90
   6 !   81.3   6.0   1.7e-25     3e-24     167     355 ..  140096  140282 ..  140087  140283 .. 0.86
   7 !   10.7   0.9   0.00054    0.0092       1      34 [.  142143  142176 ..  142143  142182 .. 0.92
   8 !   87.5   9.5   2.3e-27     4e-26     168     354 ..  142182  142368 ..  142176  142370 .. 0.87

>> NC_017338.2_frame=1  Staphylococcus aureus subsp. aureus JKD6159, complete sequence
   #    score  bias  c-Evalue  i-Evalue hmmfrom  hmm to    alifrom  ali to    envfrom  env to     acc
 ---   ------ ----- --------- --------- ------- -------    ------- -------    ------- -------    ----
   1 !   17.8   0.4   3.7e-06   6.3e-05     282     351 ..  132378  132448 ..  132353  132453 .. 0.86
   2 !   10.8   1.8    0.0005    0.0086       1      49 [.  142623  142669 ..  142623  142673 .. 0.91
   3 !  396.1  11.0  2.7e-121  4.5e-120     112     356 .]  142660  142903 ..  142654  142903 .. 0.91
   4 ?    8.2   1.4    0.0031     0.054       1      32 [.  143840  143871 ..  143840  143877 .. 0.90
   5 !  138.5  13.5     7e-43   1.2e-41     154     355 ..  143864  144067 ..  143863  144068 .. 0.92

>> NC_002952.2_frame=3  Staphylococcus aureus subsp. aureus MRSA252, complete sequence
   #    score  bias  c-Evalue  i-Evalue hmmfrom  hmm to    alifrom  ali to    envfrom  env to     acc
 ---   ------ ----- --------- --------- ------- -------    ------- -------    ------- -------    ----
   1 !  389.1  13.5  3.6e-119  6.2e-118       1     356 []  151504  151844 ..  151504  151844 .. 0.93
   2 ?    7.0   0.8    0.0075      0.13       1      34 [.  152774  152807 ..  152774  152813 .. 0.89
   3 !   73.9   6.6   3.2e-23   5.5e-22     167     355 ..  152815  153001 ..  152805  153002 .. 0.88
   4 ?    0.5   0.3      0.68        12       1      35 [.  153473  153507 ..  153473  153518 .. 0.84
   5 !   71.6   7.2   1.5e-22   2.6e-21     170     356 .]  153516  153699 ..  153495  153699 .. 0.82

>> NZ_CP132371.1_frame=1  Staphylococcus aureus strain UNC_SA38 chromosome, complete genome
   #    score  bias  c-Evalue  i-Evalue hmmfrom  hmm to    alifrom  ali to    envfrom  env to     acc
 ---   ------ ----- --------- --------- ------- -------    ------- -------    ------- -------    ----
   1 !   18.6   0.6   2.1e-06   3.7e-05     282     352 ..  881108  881179 ..  881044  881183 .. 0.84
   2 ?    5.4   0.3     0.022      0.37       1      31 [.  889130  889160 ..  889130  889169 .. 0.90
   3 !  103.4   7.8   3.3e-32   5.7e-31     159     355 ..  889158  889354 ..  889156  889355 .. 0.90
   4 ?    2.4   0.1      0.19       3.2       1      32 [.  889452  889483 ..  889452  889491 .. 0.94
   5 !  150.3   7.9   1.7e-46   2.9e-45     167     355 ..  889491  889679 ..  889474  889680 .. 0.96
   6 ?    7.0   0.6    0.0075      0.13       1      34 [.  891056  891089 ..  891056  891095 .. 0.90
   7 !   77.1  10.0   3.4e-24   5.9e-23     167     355 ..  891097  891283 ..  891087  891284 .. 0.86
   8 ?    0.2   0.3      0.85        15       1      31 [.  891759  891789 ..  891759  891797 .. 0.88
   9 !   76.2   9.7   6.5e-24   1.1e-22     170     355 ..  891803  891989 ..  891789  891990 .. 0.86
  10 !   10.8   0.9   0.00053     0.009       1      34 [.  893477  893510 ..  893477  893516 .. 0.92
  11 !  105.7   7.5   6.6e-33   1.1e-31     175     355 ..  893515  893703 ..  893509  893703 .. 0.82

>> NC_002745.2_frame=3  Staphylococcus aureus subsp. aureus N315, complete sequence
   #    score  bias  c-Evalue  i-Evalue hmmfrom  hmm to    alifrom  ali to    envfrom  env to     acc
 ---   ------ ----- --------- --------- ------- -------    ------- -------    ------- -------    ----
   1 ?    5.4   0.3     0.023       0.4       1      31 [.  147034  147064 ..  147034  147073 .. 0.90
   2 !  103.3   7.8   3.5e-32     6e-31     159     355 ..  147062  147258 ..  147060  147259 .. 0.90
   3 ?    2.3   0.1       0.2       3.3       1      32 [.  147356  147387 ..  147356  147395 .. 0.94
   4 !  150.3   7.9   1.8e-46   3.1e-45     167     355 ..  147395  147583 ..  147378  147584 .. 0.96
   5 ?    6.9   0.6    0.0079      0.13       1      34 [.  148960  148993 ..  148960  148999 .. 0.90
   6 !   77.0  10.0   3.6e-24   6.2e-23     167     355 ..  149001  149187 ..  148991  149188 .. 0.86
   7 ?    0.1   0.3      0.92        16       1      31 [.  149663  149693 ..  149663  149701 .. 0.88
   8 !   76.0   9.7   7.1e-24   1.2e-22     170     355 ..  149707  149893 ..  149693  149894 .. 0.86
   9 !   10.7   0.9   0.00056    0.0095       1      34 [.  151381  151414 ..  151381  151420 .. 0.92
  10 !  105.6   7.5     7e-33   1.2e-31     175     355 ..  151419  151607 ..  151413  151607 .. 0.82

>> NZ_CP011877.1_frame=-1  Staphylococcus aureus strain 12S01032 chromosome, complete genome
   #    score  bias  c-Evalue  i-Evalue hmmfrom  hmm to    alifrom  ali to    envfrom  env to     acc
 ---   ------ ----- --------- --------- ------- -------    ------- -------    ------- -------    ----
   1 !   20.2   0.5   7.1e-07   1.2e-05     282     352 ..  748646  748717 ..  748638  748721 .. 0.86
   2 !  390.8  14.9  1.1e-119  1.9e-118       1     356 []  757772  758112 ..  757772  758112 .. 0.92
   3 ?    8.6   1.0    0.0024     0.041       1      34 [.  759053  759086 ..  759053  759094 .. 0.90
   4 !   83.1   6.3   5.2e-26   8.8e-25     168     355 ..  759095  759280 ..  759085  759281 .. 0.86

>> NZ_CP136528.1_frame=2  Staphylococcus aureus strain BAA-1556_Catania chromosome, complete genome
   #    score  bias  c-Evalue  i-Evalue hmmfrom  hmm to    alifrom  ali to    envfrom  env to     acc
 ---   ------ ----- --------- --------- ------- -------    ------- -------    ------- -------    ----
   1 ?    6.3   0.6     0.012      0.21       1      32 [.  150844  150875 ..  150844  150881 .. 0.90
   2 !  135.1  15.6   7.2e-42   1.2e-40     150     355 ..  150864  151071 ..  150858  151072 .. 0.91
   3 ?    6.4   1.0     0.011      0.19       2      34 ..  151217  151249 ..  151216  151259 .. 0.88
   4 !   76.7  10.3   4.4e-24   7.5e-23     167     356 .]  151257  151444 ..  151246  151444 .. 0.87
   5 !   89.7   4.6   4.9e-28   8.3e-27     245     355 ..  153748  153862 ..  153744  153862 .. 0.87

>> NC_017338.2_frame=3  Staphylococcus aureus subsp. aureus JKD6159, complete sequence
   #    score  bias  c-Evalue  i-Evalue hmmfrom  hmm to    alifrom  ali to    envfrom  env to     acc
 ---   ------ ----- --------- --------- ------- -------    ------- -------    ------- -------    ----
   1 ?    8.9   0.2    0.0019     0.032     244     313 ..   25773   25840 ..   25759   25861 .. 0.73
   2 ?    4.9   0.6     0.032      0.54       1      35 [.  143456  143490 ..  143456  143497 .. 0.89
   3 !   91.0   9.4   1.9e-28   3.3e-27     164     356 .]  143495  143689 ..  143489  143689 .. 0.89
   4 ?    7.1   0.7    0.0068      0.12       1      34 [.  144208  144241 ..  144208  144249 .. 0.89
   5 !   79.5   8.6   6.3e-25   1.1e-23     168     355 ..  144250  144435 ..  144240  144436 .. 0.86
   6 ?   -0.1   0.3       1.1        19       1      31 [.  144550  144580 ..  144550  144592 .. 0.88
   7 !   76.7   9.8   4.4e-24   7.6e-23     170     356 .]  144594  144781 ..  144570  144781 .. 0.83
   8 ?    5.2   0.4     0.027      0.45       1      31 [.  144908  144938 ..  144908  144954 .. 0.88
   9 ?    9.8   0.9     0.001     0.017       1      32 [.  146658  146689 ..  146658  146699 .. 0.88
  10 !  116.8  10.7   2.8e-36   4.7e-35     157     354 ..  146688  146886 ..  146687  146888 .. 0.88

>> NZ_CP113052.1_frame=3  Staphylococcus aureus strain Fizz chromosome, complete genome
   #    score  bias  c-Evalue  i-Evalue hmmfrom  hmm to    alifrom  ali to    envfrom  env to     acc
 ---   ------ ----- --------- --------- ------- -------    ------- -------    ------- -------    ----
   1 ?    6.3   0.6     0.012      0.21       1      32 [.  462338  462369 ..  462338  462375 .. 0.90
   2 !  135.1  15.6   7.2e-42   1.2e-40     150     355 ..  462358  462565 ..  462352  462566 .. 0.91
   3 ?    6.4   1.0     0.011      0.19       2      34 ..  462711  462743 ..  462710  462753 .. 0.88
   4 !   76.7  10.3   4.4e-24   7.4e-23     167     356 .]  462751  462938 ..  462740  462938 .. 0.87
   5 !   89.7   4.6   4.8e-28   8.3e-27     245     355 ..  465242  465356 ..  465238  465356 .. 0.87

>> NZ_CP029678.1_frame=2  Staphylococcus aureus strain AR_0216 chromosome, complete genome
   #    score  bias  c-Evalue  i-Evalue hmmfrom  hmm to    alifrom  ali to    envfrom  env to     acc
 ---   ------ ----- --------- --------- ------- -------    ------- -------    ------- -------    ----
   1 ?    6.2   0.6     0.013      0.22       1      32 [.  150261  150292 ..  150261  150298 .. 0.90
   2 !  135.1  15.6   7.7e-42   1.3e-40     150     355 ..  150281  150488 ..  150275  150489 .. 0.91
   3 ?    6.4   1.0     0.012       0.2       2      34 ..  150634  150666 ..  150633  150676 .. 0.88
   4 !   76.6  10.3   4.6e-24   7.9e-23     167     356 .]  150674  150861 ..  150663  150861 .. 0.87
   5 !   89.6   4.6   5.2e-28   8.8e-27     245     355 ..  153165  153279 ..  153161  153279 .. 0.87

>> NC_002953.3_frame=1  Staphylococcus aureus subsp. aureus MSSA476, complete sequence
   #    score  bias  c-Evalue  i-Evalue hmmfrom  hmm to    alifrom  ali to    envfrom  env to     acc
 ---   ------ ----- --------- --------- ------- -------    ------- -------    ------- -------    ----
   1 !  130.7  12.9   1.6e-40   2.7e-39     148     355 ..  144598  144808 ..  144580  144809 .. 0.91
   2 !   80.4   8.6   3.3e-25   5.6e-24     170     356 .]  145342  145529 ..  145316  145529 .. 0.85
   3 ?   -0.3   0.2       1.2        21       1      31 [.  145657  145687 ..  145657  145699 .. 0.85
   4 !   73.7  11.3   3.5e-23     6e-22     169     355 ..  145700  145887 ..  145672  145888 .. 0.85
   5 ?    7.7   2.1    0.0046     0.078     218     310 ..  688542  688629 ..  688494  688660 .. 0.71

>> NC_017763.1_frame=1  Staphylococcus aureus subsp. aureus HO 5096 0412, complete sequence
   #    score  bias  c-Evalue  i-Evalue hmmfrom  hmm to    alifrom  ali to    envfrom  env to     acc
 ---   ------ ----- --------- --------- ------- -------    ------- -------    ------- -------    ----
   1 ?    5.6   0.2      0.02      0.34       1      31 [.  138556  138586 ..  138556  138595 .. 0.88
   2 ?   94.3   6.8     2e-29   3.4e-28     168     355 ..  138594  138780 ..  138584  138781 .. 0.90
   3 ?    0.4   0.3      0.77        13       1      31 [.  140401  140431 ..  140401  140447 .. 0.87
   4 ?   72.6   8.3   8.1e-23   1.4e-21     171     355 ..  140446  140631 ..  140431  140632 .. 0.82
   5 ?    0.2   0.3      0.84        14       1      35 [.  140756  140790 ..  140756  140800 .. 0.82
   6 ?   67.8   8.2   2.3e-21   3.9e-20     208     356 .]  140833  140982 ..  140785  140982 .. 0.84

>> NC_007795.1_frame=2  Staphylococcus aureus subsp. aureus NCTC 8325 chromosome, complete genome
   #    score  bias  c-Evalue  i-Evalue hmmfrom  hmm to    alifrom  ali to    envfrom  env to     acc
 ---   ------ ----- --------- --------- ------- -------    ------- -------    ------- -------    ----
   1 ?    6.1   0.7     0.013      0.23       1      32 [.  131374  131405 ..  131374  131411 .. 0.90
   2 ?  135.0  15.7     8e-42   1.4e-40     150     355 ..  131394  131601 ..  131388  131602 .. 0.91
   3 ?    6.4   1.0     0.011      0.19       2      34 ..  131747  131779 ..  131746  131789 .. 0.88
   4 ?   76.7  10.3   4.5e-24   7.7e-23     167     356 .]  131787  131974 ..  131776  131974 .. 0.87

>> NC_017763.1_frame=2  Staphylococcus aureus subsp. aureus HO 5096 0412, complete sequence
   #    score  bias  c-Evalue  i-Evalue hmmfrom  hmm to    alifrom  ali to    envfrom  env to     acc
 ---   ------ ----- --------- --------- ------- -------    ------- -------    ------- -------    ----
   1 ?    6.1   0.1     0.014      0.24       1      32 [.  138877  138908 ..  138877  138918 .. 0.91
   2 ?  159.7   6.0   2.5e-49   4.2e-48     167     356 .]  138916  139107 ..  138909  139107 .. 0.96

>> NZ_CP011877.1_frame=-3  Staphylococcus aureus strain 12S01032 chromosome, complete genome
   #    score  bias  c-Evalue  i-Evalue hmmfrom  hmm to    alifrom  ali to    envfrom  env to     acc
 ---   ------ ----- --------- --------- ------- -------    ------- -------    ------- -------    ----
   1 ?    6.0   0.1     0.014      0.25       1      32 [.  757442  757473 ..  757442  757481 .. 0.92
   2 ?  152.6   5.8   3.4e-47   5.8e-46     166     356 .]  757480  757672 ..  757473  757672 .. 0.96

>> NC_002952.2_frame=2  Staphylococcus aureus subsp. aureus MRSA252, complete sequence
   #    score  bias  c-Evalue  i-Evalue hmmfrom  hmm to    alifrom  ali to    envfrom  env to     acc
 ---   ------ ----- --------- --------- ------- -------    ------- -------    ------- -------    ----
   1 ?   10.8   0.8   0.00052     0.009       1      33 [.  154843  154875 ..  154843  154886 .. 0.89
   2 ?  122.4   9.2   5.3e-38   9.1e-37     168     355 ..  154885  155073 ..  154874  155074 .. 0.90



Internal pipeline statistics summary:
-------------------------------------
Query model(s):                              1  (356 nodes)
Target sequences:                          564  (304447416 residues searched)
Passed MSV filter:                       183  (0.324468); expected 11.3 (0.02)
Passed bias filter:                       38  (0.0673759); expected 11.3 (0.02)
Passed Vit filter:                        36  (0.0638298); expected 0.6 (0.001)
Passed Fwd filter:                        33  (0.0585106); expected 0.0 (1e-05)
Initial search space (Z):                564  [actual number of targets]
Domain search space  (domZ):              33  [number of targets reported over threshold]
# CPU time: 48.69u 0.29s 00:00:48.98 Elapsed: 00:02:28.41
# Mc/sec: 730.25

@@ New targets included:   28
@@ New alignment includes: 145 subseqs (was 1), including original query
@@ Continuing to next round.

@@
@@ Round:                  2
@@ Included in MSA:        145 subsequences (query + 144 subseqs from 28 targets)
@@ Model size:             356 positions
@@

Scores for complete sequences (score includes all domains):
   --- full sequence ---   --- best 1 domain ---    -#dom-
    E-value  score  bias    E-value  score  bias    exp  N  Sequence               Description
    ------- ------ -----    ------- ------ -----   ---- --  --------               -----------
          0 1586.9 158.2   4.7e-181  597.1  28.6   17.2 10  NC_002745.2_frame=2     Staphylococcus aureus subsp. aureus N
          0 1572.1 139.7   5.9e-181  596.8  28.2   21.7  9  NZ_CP132371.1_frame=3   Staphylococcus aureus strain UNC_SA38
          0 1560.5 335.1   1.8e-147  486.6  17.4   16.9 11  NC_007795.1_frame=1     Staphylococcus aureus subsp. aureus N
          0 1478.9 160.7   1.2e-146  483.9  16.2   21.6 11  NZ_CP011877.1_frame=-2  Staphylococcus aureus strain 12S01032
          0 1395.4 312.2   8.5e-152  500.9  18.4   16.5 11  NZ_CP113052.1_frame=2   Staphylococcus aureus strain Fizz chr
          0 1366.3 140.0     9e-144  474.5  17.4   19.0 11  NC_002953.3_frame=3     Staphylococcus aureus subsp. aureus M
          0 1345.9 147.5   2.6e-179  591.4  29.5   32.9 10  NZ_LR134090.1_frame=1   Staphylococcus aureus strain NCTC9555
          0 1319.6 134.2   1.8e-147  486.7  17.0   20.4 11  NZ_CP136528.1_frame=1   Staphylococcus aureus strain BAA-1556
          0 1319.2 134.2   1.9e-147  486.6  17.0   20.9 11  NZ_CP029678.1_frame=1   Staphylococcus aureus strain AR_0216 
          0 1283.5 138.1   8.1e-145  477.9  20.3   42.3 12  NZ_LR134090.1_frame=2   Staphylococcus aureus strain NCTC9555
          0 1270.6 299.5   1.2e-137  454.3  13.2   15.0  9  NC_002952.2_frame=1     Staphylococcus aureus subsp. aureus M
          0 1245.5 115.6   1.8e-137  453.7  18.6   18.0  8  NC_017338.2_frame=2     Staphylococcus aureus subsp. aureus J
          0 1164.6 124.1   1.9e-157  519.4  22.0   19.9  8  NC_017763.1_frame=3     Staphylococcus aureus subsp. aureus H
          0 1082.2 136.3    5.1e-74  245.0  15.0   19.3 11  NZ_CP132371.1_frame=1   Staphylococcus aureus strain UNC_SA38
          0 1031.2 126.5    5.3e-74  245.0  15.0   17.5 12  NC_002745.2_frame=3     Staphylococcus aureus subsp. aureus N
          0 1022.2  88.6   3.6e-183  604.1  28.8   14.8  7  NC_007795.1_frame=3     Staphylococcus aureus subsp. aureus N
   7.2e-304 1001.1  89.0   8.5e-177  583.1  29.2   16.8  6  NZ_CP113052.1_frame=1   Staphylococcus aureus strain Fizz chr
   7.2e-304 1001.1  89.0   8.6e-177  583.1  29.2   20.0  6  NZ_CP136528.1_frame=3   Staphylococcus aureus strain BAA-1556
   8.4e-304 1000.9  89.0   9.1e-177  583.0  29.2   12.3  6  NZ_CP029678.1_frame=3   Staphylococcus aureus strain AR_0216 
   1.9e-302  996.4  90.8   1.3e-180  595.7  29.9   17.5  7  NC_002953.3_frame=2     Staphylococcus aureus subsp. aureus M
   2.8e-264  870.8  67.1   3.1e-153  505.6  21.9   14.0  5  NC_002952.2_frame=3     Staphylococcus aureus subsp. aureus M
   2.6e-253  834.8 113.1    2.3e-70  233.0  16.0   24.2 10  NC_017338.2_frame=3     Staphylococcus aureus subsp. aureus J
   1.9e-225  743.1  51.8   1.1e-154  510.3  21.6   12.5  5  NZ_CP011877.1_frame=-1  Staphylococcus aureus strain 12S01032
   7.2e-202  665.6  71.3   9.3e-116  382.3  14.6   11.5  6  NC_017338.2_frame=1     Staphylococcus aureus subsp. aureus J
     9e-194  638.9  82.1    1.5e-70  233.7  19.5   15.3  7  NC_002953.3_frame=1     Staphylococcus aureus subsp. aureus M
+  3.1e-174  574.7  57.7    1.8e-63  210.3  13.5   15.1  6  NC_017763.1_frame=1     Staphylococcus aureus subsp. aureus H
   6.8e-173  570.3  69.3      7e-73  241.3  23.1   16.3  6  NZ_CP113052.1_frame=3   Staphylococcus aureus strain Fizz chr
   6.8e-173  570.3  69.3      7e-73  241.3  23.1    9.4  6  NZ_CP136528.1_frame=2   Staphylococcus aureus strain BAA-1556
   7.7e-173  570.1  69.3    7.4e-73  241.2  23.1   17.1  6  NZ_CP029678.1_frame=2   Staphylococcus aureus strain AR_0216 
  ------ inclusion threshold ------
    2.7e-20   68.3  21.1    2.1e-16   55.5   8.9    5.4  3  NZ_LS483357.1_frame=1   Streptococcus pyogenes strain NCTC832
    5.3e-12   41.0   3.4    5.3e-12   41.0   3.4    5.9  3  NZ_AP023389.1_frame=3   Streptococcus pyogenes strain KUN-001
    6.2e-12   40.8  22.2    1.3e-10   36.5   2.9    8.3  5  NZ_LR134284.1_frame=2   Streptococcus pyogenes strain NCTC823
    8.5e-11   37.1   4.3    8.5e-11   37.1   4.3    4.5  2  NZ_CP051138.1_frame=1   Streptococcus pyogenes strain 4063-05


Domain annotation for each sequence:
>> NC_002745.2_frame=2  Staphylococcus aureus subsp. aureus N315, complete sequence
   #    score  bias  c-Evalue  i-Evalue hmmfrom  hmm to    alifrom  ali to    envfrom  env to     acc
 ---   ------ ----- --------- --------- ------- -------    ------- -------    ------- -------    ----
   1 !  597.1  28.6  2.8e-182  4.7e-181       1     356 []  147685  148040 ..  147685  148040 .. 1.00
   2 !   45.3   7.7   1.6e-14   2.7e-13       1      42 [.  148163  148204 ..  148163  148206 .. 0.96
   3 !  409.1  13.5    4e-125  6.8e-124     108     356 .]  148204  148454 ..  148201  148454 .. 0.98
   4 !   20.4   3.8   5.9e-07     1e-05       1      36 [.  148577  148612 ..  148577  148618 .. 0.89
   5 !  229.2  15.0   1.9e-70   3.3e-69     162     356 .]  148614  148810 ..  148609  148810 .. 0.95
   6 !   10.1   0.9   0.00076     0.013       1      32 [.  149305  149336 ..  149305  149345 .. 0.92
   7 !  222.1  15.0   2.7e-68   4.6e-67     167     356 .]  149346  149536 ..  149335  149536 .. 0.94
   8 ?    5.0   3.6     0.027      0.46       1      25 [.  150018  150042 ..  150018  150047 .. 0.89
   9 !  194.0  20.3   9.5e-60   1.6e-58     152     356 .]  150042  150244 ..  150039  150244 .. 0.93
  10 !   39.6  10.1   8.3e-13   1.4e-11     170     315 ..  685751  685891 ..  685743  685893 .. 0.74

>> NZ_CP132371.1_frame=3  Staphylococcus aureus strain UNC_SA38 chromosome, complete genome
   #    score  bias  c-Evalue  i-Evalue hmmfrom  hmm to    alifrom  ali to    envfrom  env to     acc
 ---   ------ ----- --------- --------- ------- -------    ------- -------    ------- -------    ----
   1 !  596.8  28.2  3.5e-182  5.9e-181       1     356 []  889780  890135 ..  889780  890135 .. 1.00
   2 !   45.3   7.7   1.5e-14   2.6e-13       1      42 [.  890258  890299 ..  890258  890301 .. 0.96
   3 !  409.1  13.5  3.8e-125  6.5e-124     108     356 .]  890299  890549 ..  890296  890549 .. 0.98
   4 !   20.4   3.8   5.6e-07   9.6e-06       1      36 [.  890672  890707 ..  890672  890713 .. 0.89
   5 !  229.3  15.0   1.8e-70   3.1e-69     162     356 .]  890709  890905 ..  890704  890905 .. 0.95
   6 !   10.2   0.9   0.00072     0.012       1      32 [.  891400  891431 ..  891400  891440 .. 0.92
   7 !  222.2  15.0   2.5e-68   4.4e-67     167     356 .]  891441  891631 ..  891430  891631 .. 0.94
   8 ?    5.1   3.6     0.026      0.44       1      25 [.  892113  892137 ..  892113  892142 .. 0.89
   9 !  194.1  20.3     9e-60   1.5e-58     152     356 .]  892137  892339 ..  892134  892339 .. 0.93

>> NC_007795.1_frame=1  Staphylococcus aureus subsp. aureus NCTC 8325 chromosome, complete genome
   #    score  bias  c-Evalue  i-Evalue hmmfrom  hmm to    alifrom  ali to    envfrom  env to     acc
 ---   ------ ----- --------- --------- ------- -------    ------- -------    ------- -------    ----
   1 !   19.7   2.2   9.5e-07   1.6e-05       1      32 [.  129432  129463 ..  129432  129470 .. 0.90
   2 !  212.1  17.7   3.1e-65   5.2e-64     159     356 .]  129460  129657 ..  129459  129657 .. 0.93
   3 !   18.6   0.4     2e-06   3.4e-05       1      32 [.  129754  129785 ..  129754  129788 .. 0.97
   4 !  246.5  16.4   1.1e-75   1.8e-74     163     355 ..  129789  129981 ..  129784  129982 .. 0.98
   5 !  486.6  17.4    1e-148  1.8e-147       1     356 []  130561  130868 ..  130561  130868 .. 0.97
   6 !   20.6   4.3   5.2e-07   8.9e-06       1      35 [.  130991  131025 ..  130991  131029 .. 0.93
   7 !  229.6  15.4   1.4e-70   2.4e-69     158     356 .]  131024  131224 ..  131021  131224 .. 0.95
   8 !   16.3   3.3     1e-05   0.00017       1      32 [.  132452  132483 ..  132452  132490 .. 0.92
   9 !  215.9  16.1   2.1e-66   3.6e-65     163     355 ..  132489  132682 ..  132482  132683 .. 0.93
  10 !   39.2   4.0   1.1e-12   1.9e-11       1      35 [.  134170  134204 ..  134170  134210 .. 0.93
  11 !  231.1  14.5   5.3e-71     9e-70     166     355 ..  134207  134394 ..  134203  134394 .. 0.94

>> NZ_CP011877.1_frame=-2  Staphylococcus aureus strain 12S01032 chromosome, complete genome
   #    score  bias  c-Evalue  i-Evalue hmmfrom  hmm to    alifrom  ali to    envfrom  env to     acc
 ---   ------ ----- --------- --------- ------- -------    ------- -------    ------- -------    ----
   1 !   19.7   2.9   9.3e-07   1.6e-05       1      33 [.  757121  757153 ..  757121  757159 .. 0.92
   2 !  218.5  20.5   3.4e-67   5.7e-66     159     356 .]  757149  757346 ..  757148  757346 .. 0.95
   3 !  483.9  16.2  7.2e-148  1.2e-146       1     355 [.  758231  758544 ..  758231  758545 .. 0.96
   4 !   28.5   4.4     2e-09   3.5e-08       1      35 [.  758669  758703 ..  758669  758707 .. 0.95
   5 !  230.9  15.3   5.8e-71   9.9e-70     162     356 .]  758706  758902 ..  758701  758902 .. 0.95
   6 !   18.4   5.5   2.4e-06     4e-05       1      32 [.  759398  759429 ..  759398  759435 .. 0.94
   7 !  206.2  17.0   1.9e-63   3.3e-62     161     355 ..  759433  759628 ..  759428  759629 .. 0.94
   8 ?    3.8   5.9     0.064       1.1       1      33 [.  759753  759785 ..  759753  759790 .. 0.93
   9 !  204.1  15.9   8.5e-63   1.4e-61     151     356 .]  759776  759979 ..  759774  759979 .. 0.93
  10 !   39.3   3.7   1.1e-12   1.8e-11       1      34 [.  761111  761144 ..  761111  761149 .. 0.95
  11 !  242.3  12.0     2e-74   3.5e-73     166     355 ..  761148  761336 ..  761143  761336 .. 0.94

>> NZ_CP113052.1_frame=2  Staphylococcus aureus strain Fizz chromosome, complete genome
   #    score  bias  c-Evalue  i-Evalue hmmfrom  hmm to    alifrom  ali to    envfrom  env to     acc
 ---   ------ ----- --------- --------- ------- -------    ------- -------    ------- -------    ----
   1 !   19.7   2.2   9.1e-07   1.6e-05       1      32 [.  460383  460414 ..  460383  460421 .. 0.90
   2 !  212.1  17.7   2.9e-65     5e-64     159     356 .]  460411  460608 ..  460410  460608 .. 0.93
   3 !   18.7   0.4   1.9e-06   3.3e-05       1      32 [.  460705  460736 ..  460705  460739 .. 0.97
   4 !  246.5  16.4     1e-75   1.8e-74     163     355 ..  460740  460932 ..  460735  460933 .. 0.98
   5 !  500.9  18.4    5e-153  8.5e-152       1     356 []  461508  461832 ..  461508  461832 .. 0.94
   6 !   20.6   4.3     5e-07   8.6e-06       1      35 [.  461955  461989 ..  461955  461993 .. 0.93
   7 !  229.7  15.4   1.4e-70   2.3e-69     158     356 .]  461988  462188 ..  461985  462188 .. 0.95
   8 !   16.4   3.3   9.6e-06   0.00016       1      32 [.  463416  463447 ..  463416  463454 .. 0.92
   9 !  216.0  16.1     2e-66   3.5e-65     163     355 ..  463453  463646 ..  463446  463647 .. 0.93
  10 !   39.2   3.8   1.2e-12     2e-11       1      34 [.  465134  465167 ..  465134  465172 .. 0.95
  11 !   38.4   0.9     2e-12   3.4e-11     166     242 ..  465171  465241 ..  465166  465244 .. 0.88

>> NC_002953.3_frame=3  Staphylococcus aureus subsp. aureus MSSA476, complete sequence
   #    score  bias  c-Evalue  i-Evalue hmmfrom  hmm to    alifrom  ali to    envfrom  env to     acc
 ---   ------ ----- --------- --------- ------- -------    ------- -------    ------- -------    ----
   1 !   22.6  12.0   1.3e-07   2.2e-06     219     355 ..   20165   20311 ..   20121   20312 .. 0.73
   2 !   21.0   2.3   3.7e-07   6.4e-06       1      34 [.  142630  142663 ..  142630  142669 .. 0.90
   3 !  222.2  14.3   2.6e-68   4.4e-67     159     356 .]  142658  142855 ..  142656  142855 .. 0.96
   4 !   14.0   0.4     5e-05   0.00085       1      32 [.  142952  142983 ..  142952  142987 .. 0.96
   5 !  246.3  15.5   1.2e-75   2.1e-74     163     355 ..  142987  143179 ..  142982  143180 .. 0.98
   6 !  474.5  17.4  5.2e-145    9e-144       1     356 []  143759  144073 ..  143759  144073 .. 0.93
   7 !   20.6   3.6     5e-07   8.6e-06       1      36 [.  144196  144231 ..  144196  144237 .. 0.89
   8 !  227.5  15.7   6.4e-70   1.1e-68     162     356 .]  144233  144429 ..  144229  144429 .. 0.95
   9 !   37.0   3.3   5.3e-12     9e-11       1      35 [.  147395  147429 ..  147395  147434 .. 0.92
  10 !  233.6  16.0   8.7e-72   1.5e-70     158     355 ..  147426  147624 ..  147425  147624 .. 0.93
  11 !   74.7  10.0   1.7e-23     3e-22     164     313 ..  688738  688881 ..  688730  688885 .. 0.87

>> NZ_LR134090.1_frame=1  Staphylococcus aureus strain NCTC9555 chromosome 1, complete sequence
   #    score  bias  c-Evalue  i-Evalue hmmfrom  hmm to    alifrom  ali to    envfrom  env to     acc
 ---   ------ ----- --------- --------- ------- -------    ------- -------    ------- -------    ----
   1 !  591.4  29.5  1.5e-180  2.6e-179       1     356 []  150420  150775 ..  150420  150775 .. 1.00
   2 !   15.3   4.5   2.1e-05   0.00036       1      32 [.  151712  151743 ..  151712  151747 .. 0.94
   3 !  240.5  22.2   7.1e-74   1.2e-72     153     355 ..  151735  151939 ..  151734  151940 .. 0.96
   4 ?    9.1   0.8    0.0015     0.026       1      32 [.  152430  152461 ..  152430  152469 .. 0.92
   5 !  220.2  14.4     1e-67   1.8e-66     167     356 .]  152471  152661 ..  152460  152661 .. 0.94
   6 !   39.9   3.9   6.8e-13   1.2e-11       1      35 [.  154501  154535 ..  154501  154539 .. 0.95
   7 !  219.9  21.5   1.3e-67   2.2e-66     166     355 ..  154538  154727 ..  154534  154727 .. 0.91
   8 ?   -2.7   9.3         6     1e+02      70     154 ..  469489  469574 ..  469466  469619 .. 0.48
   9 !   90.3   3.8   3.3e-28   5.7e-27     154     337 ..  594925  595111 ..  594909  595129 .. 0.77
  10 !   93.3   4.5     4e-29   6.8e-28     150     353 ..  595193  595401 ..  595177  595404 .. 0.78

>> NZ_CP136528.1_frame=1  Staphylococcus aureus strain BAA-1556_Catania chromosome, complete genome
   #    score  bias  c-Evalue  i-Evalue hmmfrom  hmm to    alifrom  ali to    envfrom  env to     acc
 ---   ------ ----- --------- --------- ------- -------    ------- -------    ------- -------    ----
   1 !   19.7   2.2   9.2e-07   1.6e-05       1      32 [.  148906  148937 ..  148906  148944 .. 0.90
   2 !  212.1  17.7     3e-65     5e-64     159     356 .]  148934  149131 ..  148933  149131 .. 0.93
   3 !   18.7   0.4   1.9e-06   3.3e-05       1      32 [.  149228  149259 ..  149228  149262 .. 0.97
   4 !  246.5  16.4     1e-75   1.8e-74     163     355 ..  149263  149455 ..  149258  149456 .. 0.98
   5 !  486.7  17.0    1e-148  1.8e-147       1     356 []  150031  150338 ..  150031  150338 .. 0.97
   6 !   20.6   4.3     5e-07   8.6e-06       1      35 [.  150461  150495 ..  150461  150499 .. 0.93
   7 !  229.7  15.4   1.4e-70   2.3e-69     158     356 .]  150494  150694 ..  150491  150694 .. 0.95
   8 !   16.4   3.3   9.7e-06   0.00017       1      32 [.  151922  151953 ..  151922  151960 .. 0.92
   9 !  216.0  16.1     2e-66   3.5e-65     163     355 ..  151959  152152 ..  151952  152153 .. 0.93
  10 !   39.2   3.8   1.2e-12     2e-11       1      34 [.  153640  153673 ..  153640  153678 .. 0.95
  11 !   38.4   0.9     2e-12   3.4e-11     166     242 ..  153677  153747 ..  153672  153750 .. 0.88

>> NZ_CP029678.1_frame=1  Staphylococcus aureus strain AR_0216 chromosome, complete genome
   #    score  bias  c-Evalue  i-Evalue hmmfrom  hmm to    alifrom  ali to    envfrom  env to     acc
 ---   ------ ----- --------- --------- ------- -------    ------- -------    ------- -------    ----
   1 !   19.7   2.2   9.7e-07   1.7e-05       1      32 [.  148323  148354 ..  148323  148361 .. 0.90
   2 !  212.1  17.7   3.1e-65   5.4e-64     159     356 .]  148351  148548 ..  148350  148548 .. 0.93
   3 !   18.6   0.4     2e-06   3.5e-05       1      32 [.  148645  148676 ..  148645  148679 .. 0.97
   4 !  246.4  16.4   1.1e-75   1.9e-74     163     355 ..  148680  148872 ..  148675  148873 .. 0.98
   5 !  486.6  17.0  1.1e-148  1.9e-147       1     356 []  149448  149755 ..  149448  149755 .. 0.97
   6 !   20.5   4.3   5.3e-07   9.1e-06       1      35 [.  149878  149912 ..  149878  149916 .. 0.93
   7 !  229.6  15.4   1.5e-70   2.5e-69     158     356 .]  149911  150111 ..  149908  150111 .. 0.95
   8 !   16.3   3.3     1e-05   0.00018       1      32 [.  151339  151370 ..  151339  151377 .. 0.92
   9 !  215.9  16.1   2.2e-66   3.7e-65     163     355 ..  151376  151569 ..  151369  151570 .. 0.93
  10 !   39.1   3.8   1.2e-12   2.1e-11       1      34 [.  153057  153090 ..  153057  153095 .. 0.95
  11 !   38.3   0.9   2.1e-12   3.7e-11     166     242 ..  153094  153164 ..  153089  153167 .. 0.88

>> NZ_LR134090.1_frame=2  Staphylococcus aureus strain NCTC9555 chromosome 1, complete sequence
   #    score  bias  c-Evalue  i-Evalue hmmfrom  hmm to    alifrom  ali to    envfrom  env to     acc
 ---   ------ ----- --------- --------- ------- -------    ------- -------    ------- -------    ----
   1 !   69.1   2.1   9.2e-22   1.6e-20     280     355 ..  136396  136472 ..  136375  136473 .. 0.92
   2 !   18.8   0.4   1.8e-06   3.1e-05       1      32 [.  150091  150122 ..  150091  150126 .. 0.96
   3 !  245.0  15.0   3.1e-75   5.2e-74     163     355 ..  150126  150318 ..  150121  150319 .. 0.98
   4 !  477.9  20.3  4.8e-146  8.1e-145       1     356 []  150898  151210 ..  150898  151210 .. 0.96
   5 !   26.1   4.2   1.1e-08   1.9e-07       1      35 [.  151333  151367 ..  151333  151371 .. 0.94
   6 !  220.7  16.5   7.6e-68   1.3e-66     162     355 ..  151370  151565 ..  151365  151566 .. 0.92
   7 !   17.1   2.8   5.9e-06    0.0001       2      34 ..  152085  152117 ..  152084  152124 .. 0.90
   8 !  202.7  14.3   2.2e-62   3.8e-61     158     355 ..  152116  152311 ..  152113  152312 .. 0.95
   9 !   12.1   3.2   0.00019    0.0033       1      40 [.  153143  153182 ..  153143  153184 .. 0.93
  10 !  191.6  18.3   5.3e-59     9e-58     165     356 .]  153179  153367 ..  153173  153367 .. 0.92
  11 ?   -2.5   0.4       5.2        89     315     356 .]  319474  319512 ..  319468  319512 .. 0.88
  12 !   24.6   7.1   3.1e-08   5.3e-07     238     327 ..  434062  434154 ..  434024  434161 .. 0.78

>> NC_002952.2_frame=1  Staphylococcus aureus subsp. aureus MRSA252, complete sequence
   #    score  bias  c-Evalue  i-Evalue hmmfrom  hmm to    alifrom  ali to    envfrom  env to     acc
 ---   ------ ----- --------- --------- ------- -------    ------- -------    ------- -------    ----
   1 !   20.3   2.6   6.4e-07   1.1e-05       1      34 [.  150854  150887 ..  150854  150893 .. 0.90
   2 !  218.4  14.8   3.8e-67   6.5e-66     159     356 .]  150882  151079 ..  150880  151079 .. 0.95
   3 !   21.8   0.2   2.2e-07   3.7e-06       1      33 [.  151175  151207 ..  151175  151210 .. 0.95
   4 !  239.9  13.2     1e-73   1.8e-72     162     356 .]  151209  151405 ..  151206  151405 .. 0.97
   5 !  454.3  13.2  7.3e-139  1.2e-137       1     356 []  151964  152267 ..  151964  152267 .. 0.93
   6 !   28.4   4.4   2.1e-09   3.7e-08       1      35 [.  152391  152425 ..  152391  152429 .. 0.95
   7 !  230.5  15.7   7.6e-71   1.3e-69     162     356 .]  152428  152624 ..  152423  152624 .. 0.95
   8 !   18.3   5.5   2.4e-06   4.2e-05       1      32 [.  153120  153151 ..  153120  153157 .. 0.94
   9 !  208.5  16.6   3.7e-64   6.4e-63     161     355 ..  153155  153350 ..  153150  153351 .. 0.93

>> NC_017338.2_frame=2  Staphylococcus aureus subsp. aureus JKD6159, complete sequence
   #    score  bias  c-Evalue  i-Evalue hmmfrom  hmm to    alifrom  ali to    envfrom  env to     acc
 ---   ------ ----- --------- --------- ------- -------    ------- -------    ------- -------    ----
   1 !   24.2   3.9     4e-08   6.9e-07       1      33 [.  141984  142016 ..  141984  142023 .. 0.90
   2 !  228.1  17.6     4e-70   6.9e-69     159     356 .]  142012  142209 ..  142011  142209 .. 0.96
   3 !   22.4   0.3   1.5e-07   2.5e-06       1      32 [.  142295  142326 ..  142295  142329 .. 0.97
   4 !  247.0  14.5   7.3e-76   1.3e-74     163     355 ..  142330  142522 ..  142325  142523 .. 0.98
   5 !  453.7  18.6  1.1e-138  1.8e-137       1     356 []  143024  143333 ..  143024  143333 .. 0.93
   6 !  210.1  16.3   1.3e-64   2.2e-63     168     355 ..  144946  145134 ..  144944  145135 .. 0.94
   7 ?    7.8   5.7    0.0038     0.066       1      31 [.  145256  145286 ..  145256  145288 .. 0.89
   8 !  206.2  16.6   1.8e-63   3.2e-62     154     356 .]  145282  145482 ..  145279  145482 .. 0.93

>> NC_017763.1_frame=3  Staphylococcus aureus subsp. aureus HO 5096 0412, complete sequence
   #    score  bias  c-Evalue  i-Evalue hmmfrom  hmm to    alifrom  ali to    envfrom  env to     acc
 ---   ------ ----- --------- --------- ------- -------    ------- -------    ------- -------    ----
   1 !   75.3   1.9   1.2e-23     2e-22     279     354 ..  129693  129769 ..  129670  129770 .. 0.90
   2 !  519.4  22.0  1.1e-158  1.9e-157       1     356 []  139207  139547 ..  139207  139547 .. 0.95
   3 !   26.9   3.1     6e-09     1e-07       1      35 [.  139671  139705 ..  139671  139711 .. 0.91
   4 !  228.1  14.0   4.1e-70     7e-69     162     356 .]  139708  139904 ..  139702  139904 .. 0.95
   5 !   20.5   3.8   5.5e-07   9.4e-06       1      33 [.  140055  140087 ..  140055  140093 .. 0.92
   6 !  208.4  12.7     4e-64   6.9e-63     158     355 ..  140087  140282 ..  140085  140283 .. 0.95
   7 !   39.2   3.7   1.1e-12   1.9e-11       1      34 [.  142143  142176 ..  142143  142181 .. 0.95
   8 !  216.3  19.4   1.6e-66   2.7e-65     166     355 ..  142180  142369 ..  142176  142370 .. 0.92

>> NZ_CP132371.1_frame=1  Staphylococcus aureus strain UNC_SA38 chromosome, complete genome
   #    score  bias  c-Evalue  i-Evalue hmmfrom  hmm to    alifrom  ali to    envfrom  env to     acc
 ---   ------ ----- --------- --------- ------- -------    ------- -------    ------- -------    ----
   1 !   75.3   2.2   1.2e-23     2e-22     279     354 ..  881105  881181 ..  881082  881183 .. 0.90
   2 !   20.7   2.6   4.6e-07   7.8e-06       1      33 [.  889130  889162 ..  889130  889169 .. 0.90
   3 !  224.0  17.4   7.5e-69   1.3e-67     159     356 .]  889158  889355 ..  889156  889355 .. 0.96
   4 !   18.8   0.4   1.8e-06     3e-05       1      32 [.  889452  889483 ..  889452  889487 .. 0.96
   5 !  245.0  15.0     3e-75   5.1e-74     163     355 ..  889487  889679 ..  889482  889680 .. 0.98
   6 !   20.5   2.5   5.5e-07   9.5e-06       1      34 [.  891056  891089 ..  891056  891096 .. 0.91
   7 !  207.6  18.3   7.3e-64   1.3e-62     158     355 ..  891088  891283 ..  891086  891284 .. 0.95
   8 !   11.5   2.9    0.0003    0.0051       1      32 [.  891759  891790 ..  891759  891798 .. 0.91
   9 !  215.5  16.6   2.8e-66   4.7e-65     163     355 ..  891796  891989 ..  891790  891990 .. 0.92
  10 !   39.3   3.8     1e-12   1.8e-11       1      35 [.  893477  893511 ..  893477  893516 .. 0.94
  11 !  224.8  15.6   4.2e-69   7.2e-68     166     355 ..  893514  893703 ..  893510  893703 .. 0.92

>> NC_002745.2_frame=3  Staphylococcus aureus subsp. aureus N315, complete sequence
   #    score  bias  c-Evalue  i-Evalue hmmfrom  hmm to    alifrom  ali to    envfrom  env to     acc
 ---   ------ ----- --------- --------- ------- -------    ------- -------    ------- -------    ----
   1 !   20.7   2.6   4.8e-07   8.2e-06       1      33 [.  147034  147066 ..  147034  147073 .. 0.90
   2 !  223.9  17.4   7.9e-69   1.4e-67     159     356 .]  147062  147259 ..  147060  147259 .. 0.96
   3 !   18.7   0.4   1.9e-06   3.2e-05       1      32 [.  147356  147387 ..  147356  147391 .. 0.96
   4 !  245.0  15.0   3.1e-75   5.3e-74     163     355 ..  147391  147583 ..  147386  147584 .. 0.98
   5 !   20.4   2.5   5.8e-07     1e-05       1      34 [.  148960  148993 ..  148960  149000 .. 0.91
   6 !  207.5  18.3   7.7e-64   1.3e-62     158     355 ..  148992  149187 ..  148990  149188 .. 0.95
   7 !   11.4   2.9   0.00032    0.0054       1      32 [.  149663  149694 ..  149663  149702 .. 0.91
   8 !  215.5  16.6   2.9e-66     5e-65     163     355 ..  149700  149893 ..  149694  149894 .. 0.92
   9 !   39.2   3.8   1.1e-12   1.9e-11       1      35 [.  151381  151415 ..  151381  151420 .. 0.94
  10 !  224.7  15.6   4.4e-69   7.6e-68     166     355 ..  151418  151607 ..  151414  151607 .. 0.92
  11 ?   -2.3   1.3       4.5        76       1      47 [.  317993  318037 ..  317993  318058 .. 0.68
  12 ?   -2.5   0.4       5.3        90     315     356 .]  318096  318134 ..  318090  318134 .. 0.88

>> NC_007795.1_frame=3  Staphylococcus aureus subsp. aureus NCTC 8325 chromosome, complete genome
   #    score  bias  c-Evalue  i-Evalue hmmfrom  hmm to    alifrom  ali to    envfrom  env to     acc
 ---   ------ ----- --------- --------- ------- -------    ------- -------    ------- -------    ----
   1 !   76.0   1.3   7.2e-24   1.2e-22     279     354 ..  121413  121489 ..  121393  121491 .. 0.92
   2 !  604.1  28.8  2.1e-184  3.6e-183       1     356 []  130082  130437 ..  130082  130437 .. 1.00
   3 ?    9.3   0.8    0.0014     0.023       1      32 [.  132092  132123 ..  132092  132132 .. 0.92
   4 !  222.1  15.0   2.7e-68   4.7e-67     167     356 .]  132133  132323 ..  132122  132323 .. 0.94
   5 ?    5.0   3.6     0.027      0.47       1      25 [.  132806  132830 ..  132806  132835 .. 0.89
   6 !  194.0  20.3   9.6e-60   1.6e-58     152     356 .]  132830  133032 ..  132827  133032 .. 0.93
   7 ?   -2.5   0.4       5.3        91     315     356 .]  296761  296799 ..  296755  296799 .. 0.88

>> NZ_CP113052.1_frame=1  Staphylococcus aureus strain Fizz chromosome, complete genome
   #    score  bias  c-Evalue  i-Evalue hmmfrom  hmm to    alifrom  ali to    envfrom  env to     acc
 ---   ------ ----- --------- --------- ------- -------    ------- -------    ------- -------    ----
   1 !   76.1   1.3     7e-24   1.2e-22     279     354 ..  452365  452441 ..  452345  452443 .. 0.92
   2 !  583.1  29.2    5e-178  8.5e-177       1     356 []  461034  461385 ..  461034  461385 .. 1.00
   3 ?    9.4   0.8    0.0013     0.023       1      32 [.  463057  463088 ..  463057  463097 .. 0.92
   4 !  222.2  15.0   2.6e-68   4.5e-67     167     356 .]  463098  463288 ..  463087  463288 .. 0.94
   5 ?    5.1   3.6     0.026      0.45       1      25 [.  463771  463795 ..  463771  463800 .. 0.89
   6 !  194.1  20.3   9.3e-60   1.6e-58     152     356 .]  463795  463997 ..  463792  463997 .. 0.93

>> NZ_CP136528.1_frame=3  Staphylococcus aureus strain BAA-1556_Catania chromosome, complete genome
   #    score  bias  c-Evalue  i-Evalue hmmfrom  hmm to    alifrom  ali to    envfrom  env to     acc
 ---   ------ ----- --------- --------- ------- -------    ------- -------    ------- -------    ----
   1 !   76.1   1.3     7e-24   1.2e-22     279     354 ..  140887  140963 ..  140867  140965 .. 0.92
   2 !  583.1  29.2    5e-178  8.6e-177       1     356 []  149556  149907 ..  149556  149907 .. 1.00
   3 ?    9.3   0.8    0.0013     0.023       1      32 [.  151562  151593 ..  151562  151602 .. 0.92
   4 !  222.2  15.0   2.6e-68   4.5e-67     167     356 .]  151603  151793 ..  151592  151793 .. 0.94
   5 ?    5.1   3.6     0.027      0.45       1      25 [.  152276  152300 ..  152276  152305 .. 0.89
   6 !  194.1  20.3   9.3e-60   1.6e-58     152     356 .]  152300  152502 ..  152297  152502 .. 0.93

>> NZ_CP029678.1_frame=3  Staphylococcus aureus strain AR_0216 chromosome, complete genome
   #    score  bias  c-Evalue  i-Evalue hmmfrom  hmm to    alifrom  ali to    envfrom  env to     acc
 ---   ------ ----- --------- --------- ------- -------    ------- -------    ------- -------    ----
   1 !   76.0   1.3   7.4e-24   1.3e-22     279     354 ..  140304  140380 ..  140284  140382 .. 0.92
   2 !  583.0  29.2  5.3e-178  9.1e-177       1     356 []  148973  149324 ..  148973  149324 .. 1.00
   3 ?    9.3   0.8    0.0014     0.024       1      32 [.  150979  151010 ..  150979  151019 .. 0.92
   4 !  222.1  15.0   2.8e-68   4.8e-67     167     356 .]  151020  151210 ..  151009  151210 .. 0.94
   5 ?    5.0   3.6     0.028      0.48       1      25 [.  151693  151717 ..  151693  151722 .. 0.89
   6 !  194.0  20.3   9.9e-60   1.7e-58     152     356 .]  151717  151919 ..  151714  151919 .. 0.93

>> NC_002953.3_frame=2  Staphylococcus aureus subsp. aureus MSSA476, complete sequence
   #    score  bias  c-Evalue  i-Evalue hmmfrom  hmm to    alifrom  ali to    envfrom  env to     acc
 ---   ------ ----- --------- --------- ------- -------    ------- -------    ------- -------    ----
   1 !   75.1   2.4   1.3e-23   2.3e-22     279     354 ..  131297  131373 ..  131274  131375 .. 0.90
   2 !  595.7  29.9  7.4e-182  1.3e-180       1     356 []  143281  143636 ..  143281  143636 .. 1.00
   3 !   16.8   3.5   7.2e-06   0.00012       2      34 ..  144954  144986 ..  144953  144993 .. 0.90
   4 !  206.1  14.5   2.1e-63   3.5e-62     158     355 ..  144985  145180 ..  144983  145181 .. 0.95
   5 ?    8.8   5.4     0.002     0.034       1      30 [.  146009  146038 ..  146009  146040 .. 0.89
   6 !  194.0  20.4   9.5e-60   1.6e-58     152     356 .]  146033  146235 ..  146030  146235 .. 0.93
   7 ?   -2.5   0.4       5.2        88     315     356 .]  312742  312780 ..  312736  312780 .. 0.88

>> NC_002952.2_frame=3  Staphylococcus aureus subsp. aureus MRSA252, complete sequence
   #    score  bias  c-Evalue  i-Evalue hmmfrom  hmm to    alifrom  ali to    envfrom  env to     acc
 ---   ------ ----- --------- --------- ------- -------    ------- -------    ------- -------    ----
   1 !  505.6  21.9  1.8e-154  3.1e-153       1     356 []  151504  151844 ..  151504  151844 .. 0.98
   2 !   19.4   3.5   1.2e-06     2e-05       1      34 [.  152774  152807 ..  152774  152813 .. 0.90
   3 !  207.9  12.1   5.8e-64     1e-62     158     355 ..  152806  153001 ..  152804  153002 .. 0.95
   4 ?    4.7   5.4     0.035       0.6       1      31 [.  153473  153503 ..  153473  153504 .. 0.92
   5 !  207.4  17.1   8.4e-64   1.4e-62     151     356 .]  153496  153699 ..  153494  153699 .. 0.93

>> NC_017338.2_frame=3  Staphylococcus aureus subsp. aureus JKD6159, complete sequence
   #    score  bias  c-Evalue  i-Evalue hmmfrom  hmm to    alifrom  ali to    envfrom  env to     acc
 ---   ------ ----- --------- --------- ------- -------    ------- -------    ------- -------    ----
   1 !   29.9   2.5   7.6e-10   1.3e-08     241     324 ..   25770   25855 ..   25755   25862 .. 0.77
   2 !   24.4   3.7   3.6e-08   6.2e-07       1      36 [.  143456  143491 ..  143456  143497 .. 0.91
   3 !  233.0  16.0   1.3e-71   2.3e-70     162     356 .]  143493  143689 ..  143490  143689 .. 0.95
   4 !   21.7   3.3   2.3e-07   3.9e-06       1      33 [.  144208  144240 ..  144208  144247 .. 0.92
   5 !  208.5  16.0   3.8e-64   6.5e-63     158     355 ..  144240  144435 ..  144238  144436 .. 0.95
   6 !   10.7   4.2    0.0005    0.0085       1      32 [.  144550  144581 ..  144550  144591 .. 0.91
   7 !  218.6  16.3   3.2e-67   5.4e-66     167     356 .]  144591  144781 ..  144580  144781 .. 0.94
   8 !   21.2   2.0   3.4e-07   5.7e-06       1      33 [.  144908  144940 ..  144908  144967 .. 0.86
   9 !   36.9   3.3   5.7e-12   9.7e-11       1      35 [.  146658  146692 ..  146658  146697 .. 0.92
  10 !  232.1  19.5   2.6e-71   4.5e-70     158     355 ..  146689  146887 ..  146688  146888 .. 0.94

>> NZ_CP011877.1_frame=-1  Staphylococcus aureus strain 12S01032 chromosome, complete genome
   #    score  bias  c-Evalue  i-Evalue hmmfrom  hmm to    alifrom  ali to    envfrom  env to     acc
 ---   ------ ----- --------- --------- ------- -------    ------- -------    ------- -------    ----
   1 !   75.5   1.6     1e-23   1.8e-22     280     354 ..  748644  748719 ..  748633  748721 .. 0.92
   2 !  510.3  21.6  6.7e-156  1.1e-154       1     356 []  757772  758112 ..  757772  758112 .. 0.97
   3 !   21.1   3.3   3.6e-07   6.2e-06       1      34 [.  759053  759086 ..  759053  759092 .. 0.91
   4 !  206.7  13.2   1.3e-63   2.3e-62     158     355 ..  759085  759280 ..  759083  759281 .. 0.95
   5 ?   -2.5   0.4       5.1        88     315     356 .]  934267  934305 ..  934261  934305 .. 0.88

>> NC_017338.2_frame=1  Staphylococcus aureus subsp. aureus JKD6159, complete sequence
   #    score  bias  c-Evalue  i-Evalue hmmfrom  hmm to    alifrom  ali to    envfrom  env to     acc
 ---   ------ ----- --------- --------- ------- -------    ------- -------    ------- -------    ----
   1 !   75.2   2.3   1.3e-23   2.2e-22     279     355 ..  132375  132452 ..  132353  132453 .. 0.91
   2 !   40.2   7.1   5.6e-13   9.5e-12       1      51 [.  142623  142671 ..  142623  142676 .. 0.95
   3 !  382.3  14.6  5.4e-117  9.3e-116     123     356 .]  142671  142903 ..  142666  142903 .. 0.97
   4 !   21.1   5.4   3.5e-07   5.9e-06       1      32 [.  143840  143871 ..  143840  143876 .. 0.93
   5 !  242.3  23.5     2e-74   3.4e-73     153     355 ..  143863  144067 ..  143862  144068 .. 0.96
   6 ?   -2.5   0.4       5.3        91     315     356 .]  312198  312236 ..  312192  312236 .. 0.88

>> NC_002953.3_frame=1  Staphylococcus aureus subsp. aureus MSSA476, complete sequence
   #    score  bias  c-Evalue  i-Evalue hmmfrom  hmm to    alifrom  ali to    envfrom  env to     acc
 ---   ------ ----- --------- --------- ------- -------    ------- -------    ------- -------    ----
   1 !   13.6   4.3   6.7e-05    0.0012       1      32 [.  144580  144611 ..  144580  144614 .. 0.95
   2 !  233.7  19.5   8.5e-72   1.5e-70     153     355 ..  144603  144808 ..  144603  144809 .. 0.95
   3 !   10.2   0.9   0.00074     0.013       1      32 [.  145298  145329 ..  145298  145338 .. 0.92
   4 !  221.9  14.3   3.2e-68   5.5e-67     167     356 .]  145339  145529 ..  145328  145529 .. 0.94
   5 !   12.8   2.3   0.00012     0.002       1      32 [.  145657  145688 ..  145657  145696 .. 0.92
   6 !  214.7  14.5   4.9e-66   8.3e-65     163     355 ..  145694  145887 ..  145688  145888 .. 0.92
   7 !   43.5   9.7   5.5e-14   9.5e-13     170     314 ..  688495  688635 ..  688488  688645 .. 0.84

>> NC_017763.1_frame=1  Staphylococcus aureus subsp. aureus HO 5096 0412, complete sequence
   #    score  bias  c-Evalue  i-Evalue hmmfrom  hmm to    alifrom  ali to    envfrom  env to     acc
 ---   ------ ----- --------- --------- ------- -------    ------- -------    ------- -------    ----
   1 !   19.7   2.3   9.4e-07   1.6e-05       1      32 [.  138556  138587 ..  138556  138594 .. 0.90
   2 !  210.3  13.5   1.1e-64   1.8e-63     159     356 .]  138584  138781 ..  138583  138781 .. 0.96
   3 !   11.5   2.9    0.0003    0.0051       1      32 [.  140401  140432 ..  140401  140440 .. 0.91
   4 !  209.9  12.6   1.4e-64   2.4e-63     165     355 ..  140440  140631 ..  140431  140632 .. 0.92
   5 ?    6.2   5.9     0.012      0.21       1      30 [.  140756  140785 ..  140756  140787 .. 0.91
   6 !  204.4  15.7   6.7e-63   1.2e-61     154     356 .]  140782  140982 ..  140779  140982 .. 0.92

>> NZ_CP113052.1_frame=3  Staphylococcus aureus strain Fizz chromosome, complete genome
   #    score  bias  c-Evalue  i-Evalue hmmfrom  hmm to    alifrom  ali to    envfrom  env to     acc
 ---   ------ ----- --------- --------- ------- -------    ------- -------    ------- -------    ----
   1 !   15.2   4.7   2.2e-05   0.00037       1      32 [.  462338  462369 ..  462338  462374 .. 0.93
   2 !  241.3  23.1   4.1e-74     7e-73     153     355 ..  462361  462565 ..  462360  462566 .. 0.96
   3 !   17.0   3.2   6.1e-06    0.0001       2      34 ..  462711  462743 ..  462710  462749 .. 0.90
   4 !  217.0  18.0     1e-66   1.7e-65     158     356 .]  462742  462938 ..  462740  462938 .. 0.95
   5 !  162.1  12.2   4.9e-50   8.4e-49     244     355 ..  465241  465356 ..  465237  465356 .. 0.96
   6 ?   -2.5   0.4       5.1        88     315     356 .]  641471  641509 ..  641465  641509 .. 0.88

>> NZ_CP136528.1_frame=2  Staphylococcus aureus strain BAA-1556_Catania chromosome, complete genome
   #    score  bias  c-Evalue  i-Evalue hmmfrom  hmm to    alifrom  ali to    envfrom  env to     acc
 ---   ------ ----- --------- --------- ------- -------    ------- -------    ------- -------    ----
   1 !   15.2   4.7   2.2e-05   0.00037       1      32 [.  150844  150875 ..  150844  150880 .. 0.93
   2 !  241.3  23.1   4.1e-74     7e-73     153     355 ..  150867  151071 ..  150866  151072 .. 0.96
   3 !   17.0   3.2   6.1e-06   0.00011       2      34 ..  151217  151249 ..  151216  151255 .. 0.90
   4 !  217.0  18.0     1e-66   1.7e-65     158     356 .]  151248  151444 ..  151246  151444 .. 0.95
   5 !  162.1  12.2   4.9e-50   8.4e-49     244     355 ..  153747  153862 ..  153743  153862 .. 0.96
   6 ?   -2.5   0.4       5.2        88     315     356 .]  329959  329997 ..  329953  329997 .. 0.88

>> NZ_CP029678.1_frame=2  Staphylococcus aureus strain AR_0216 chromosome, complete genome
   #    score  bias  c-Evalue  i-Evalue hmmfrom  hmm to    alifrom  ali to    envfrom  env to     acc
 ---   ------ ----- --------- --------- ------- -------    ------- -------    ------- -------    ----
   1 !   15.1   4.7   2.3e-05    0.0004       1      32 [.  150261  150292 ..  150261  150297 .. 0.93
   2 !  241.2  23.1   4.3e-74   7.4e-73     153     355 ..  150284  150488 ..  150283  150489 .. 0.96
   3 !   16.9   3.2   6.5e-06   0.00011       2      34 ..  150634  150666 ..  150633  150672 .. 0.90
   4 !  216.9  18.0   1.1e-66   1.9e-65     158     356 .]  150665  150861 ..  150663  150861 .. 0.95
   5 !  162.0  12.2   5.2e-50     9e-49     244     355 ..  153164  153279 ..  153160  153279 .. 0.96
   6 ?   -2.5   0.4       5.5        93     315     356 .]  344001  344039 ..  343995  344039 .. 0.88

>> NZ_LS483357.1_frame=1  Streptococcus pyogenes strain NCTC8326 chromosome 1, complete sequence
   #    score  bias  c-Evalue  i-Evalue hmmfrom  hmm to    alifrom  ali to    envfrom  env to     acc
 ---   ------ ----- --------- --------- ------- -------    ------- -------    ------- -------    ----
   1 ?   23.4   2.4   7.2e-08   1.2e-06     235     312 ..  219487  219567 ..  219390  219583 .. 0.74
   2 ?   55.5   8.9   1.2e-17   2.1e-16     154     330 ..  430320  430497 ..  430313  430508 .. 0.79
   3 ?   37.1   4.3     5e-12   8.5e-11     171     330 ..  567810  567975 ..  567803  567977 .. 0.70

>> NZ_AP023389.1_frame=3  Streptococcus pyogenes strain KUN-0012590 chromosome, complete genome
   #    score  bias  c-Evalue  i-Evalue hmmfrom  hmm to    alifrom  ali to    envfrom  env to     acc
 ---   ------ ----- --------- --------- ------- -------    ------- -------    ------- -------    ----
   1 ?   -2.4  14.0       4.8        83      13     165 ..  138398  138543 ..  138390  138560 .. 0.54
   2 ?   10.6   4.7   0.00055    0.0094     277     332 ..  383730  383788 ..  383719  383809 .. 0.84
   3 ?   41.0   3.4   3.1e-13   5.3e-12     217     330 ..  558595  558712 ..  558541  558714 .. 0.70

>> NZ_LR134284.1_frame=2  Streptococcus pyogenes strain NCTC8232 chromosome 1, complete sequence
   #    score  bias  c-Evalue  i-Evalue hmmfrom  hmm to    alifrom  ali to    envfrom  env to     acc
 ---   ------ ----- --------- --------- ------- -------    ------- -------    ------- -------    ----
   1 ?   -2.6  14.2       5.7        98      13     170 ..  123267  123416 ..  123258  123429 .. 0.51
   2 ?   25.6   1.9   1.5e-08   2.6e-07     225     329 ..  339805  339917 ..  339729  339920 .. 0.71
   3 ?   26.5   2.3   7.8e-09   1.3e-07     224     329 ..  371265  371378 ..  371188  371382 .. 0.78
   4 ?   17.7   2.6   3.8e-06   6.5e-05     277     331 ..  391656  391713 ..  391645  391726 .. 0.86
   5 ?   36.5   2.9   7.4e-12   1.3e-10     171     330 ..  576688  576853 ..  576682  576855 .. 0.69

>> NZ_CP051138.1_frame=1  Streptococcus pyogenes strain 4063-05 chromosome, complete genome
   #    score  bias  c-Evalue  i-Evalue hmmfrom  hmm to    alifrom  ali to    envfrom  env to     acc
 ---   ------ ----- --------- --------- ------- -------    ------- -------    ------- -------    ----
   1 ?   10.1   4.8   0.00078     0.013     277     332 ..  381739  381797 ..  381728  381818 .. 0.84
   2 ?   37.1   4.3   4.9e-12   8.5e-11     171     330 ..  567735  567900 ..  567728  567902 .. 0.70



Internal pipeline statistics summary:
-------------------------------------
Query model(s):                              1  (356 nodes)
Target sequences:                          564  (304447416 residues searched)
Passed MSV filter:                       332  (0.588652); expected 11.3 (0.02)
Passed bias filter:                      116  (0.205674); expected 11.3 (0.02)
Passed Vit filter:                       116  (0.205674); expected 0.6 (0.001)
Passed Fwd filter:                        33  (0.0585106); expected 0.0 (1e-05)
Initial search space (Z):                564  [actual number of targets]
Domain search space  (domZ):              33  [number of targets reported over threshold]
# CPU time: 90.09u 0.15s 00:01:30.24 Elapsed: 00:02:20.16
# Mc/sec: 773.28

@@ New targets included:   1
@@ New alignment includes: 218 subseqs (was 145), including original query
@@ Continuing to next round.

@@
@@ Round:                  3
@@ Included in MSA:        218 subsequences (query + 217 subseqs from 29 targets)
@@ Model size:             356 positions
@@

Scores for complete sequences (score includes all domains):
   --- full sequence ---   --- best 1 domain ---    -#dom-
    E-value  score  bias    E-value  score  bias    exp  N  Sequence               Description
    ------- ------ -----    ------- ------ -----   ---- --  --------               -----------
          0 1604.3 175.6   2.1e-176  581.8  29.4   16.8  9  NC_002745.2_frame=2     Staphylococcus aureus subsp. aureus N
          0 1589.1 307.8   5.5e-144  475.2  17.9   16.1 11  NC_007795.1_frame=1     Staphylococcus aureus subsp. aureus N
          0 1555.2 155.2   2.3e-176  581.7  29.0   20.7  8  NZ_CP132371.1_frame=3   Staphylococcus aureus strain UNC_SA38
          0 1454.2 185.1   2.5e-143  473.0  16.5   21.4 11  NZ_CP011877.1_frame=-2  Staphylococcus aureus strain 12S01032
          0 1421.4 300.7   1.6e-148  490.1  19.1   15.9 11  NZ_CP113052.1_frame=2   Staphylococcus aureus strain Fizz chr
          0 1417.9 191.8   1.2e-139  461.0  17.9   17.9 11  NC_002953.3_frame=3     Staphylococcus aureus subsp. aureus M
          0 1413.7 168.9   3.5e-175  577.8  30.2   31.8  9  NZ_LR134090.1_frame=1   Staphylococcus aureus strain NCTC9555
          0 1322.3 186.7   1.4e-140  464.0  20.7   40.1 12  NZ_LR134090.1_frame=2   Staphylococcus aureus strain NCTC9555
          0 1309.2 178.3   2.5e-144  476.3  17.6   20.1 12  NZ_CP136528.1_frame=1   Staphylococcus aureus strain BAA-1556
          0 1308.7 178.3   2.7e-144  476.2  17.6   20.1 11  NZ_CP029678.1_frame=1   Staphylococcus aureus strain AR_0216 
          0 1272.7 308.0     3e-133  439.9  14.6   14.8  9  NC_002952.2_frame=1     Staphylococcus aureus subsp. aureus M
          0 1237.6 135.8   1.8e-133  440.6  19.2   17.5  8  NC_017338.2_frame=2     Staphylococcus aureus subsp. aureus J
          0 1123.3 140.8   4.4e-154  508.4  22.7   19.8 10  NC_017763.1_frame=3     Staphylococcus aureus subsp. aureus H
          0 1093.4 295.5    1.9e-71  236.6  15.5   17.3 12  NC_002745.2_frame=3     Staphylococcus aureus subsp. aureus N
          0 1075.9 179.1    1.8e-71  236.7  15.5   19.7 12  NZ_CP132371.1_frame=1   Staphylococcus aureus strain UNC_SA38
          0 1012.8  95.7   1.5e-178  588.9  29.5   16.0  8  NC_007795.1_frame=3     Staphylococcus aureus subsp. aureus N
   2.4e-301  992.8  96.0   1.6e-172  569.1  29.9   16.8  7  NZ_CP113052.1_frame=1   Staphylococcus aureus strain Fizz chr
   2.4e-301  992.8  96.0   1.6e-172  569.1  29.9   19.7  6  NZ_CP136528.1_frame=3   Staphylococcus aureus strain BAA-1556
   2.9e-301  992.6  96.0   1.7e-172  569.0  29.9   12.3  7  NZ_CP029678.1_frame=3   Staphylococcus aureus strain AR_0216 
   3.6e-300  989.0 102.0   6.3e-176  580.3  30.6   19.0  9  NC_002953.3_frame=2     Staphylococcus aureus subsp. aureus M
   1.5e-263  868.5  77.3   4.1e-151  498.6  22.4   13.6  5  NC_002952.2_frame=3     Staphylococcus aureus subsp. aureus M
   1.1e-259  855.7 157.5    1.6e-65  217.1  16.0   24.2 11  NC_017338.2_frame=3     Staphylococcus aureus subsp. aureus J
   2.7e-224  739.3  65.6   7.5e-153  504.4  22.2   13.0  6  NZ_CP011877.1_frame=-1  Staphylococcus aureus strain 12S01032
   1.3e-200  661.4 114.8      5e-66  218.8  13.8   15.5  8  NC_002953.3_frame=1     Staphylococcus aureus subsp. aureus M
   2.4e-192  634.3  83.0   8.7e-110  362.7  14.4   11.8  7  NC_017338.2_frame=1     Staphylococcus aureus subsp. aureus J
   8.8e-177  583.1  79.4    6.7e-63  208.5  11.9   15.7  7  NC_017763.1_frame=1     Staphylococcus aureus subsp. aureus H
   1.4e-167  552.8 164.8    1.4e-66  220.6  20.8    9.3  6  NZ_CP136528.1_frame=2   Staphylococcus aureus strain BAA-1556
   1.1e-164  543.3  92.5    1.4e-66  220.6  20.8   16.5  6  NZ_CP113052.1_frame=3   Staphylococcus aureus strain Fizz chr
  ------ inclusion threshold ------
    3.5e-36  120.6  73.4    3.7e-19   64.6  11.1    4.8  3  NZ_LS483357.1_frame=1   Streptococcus pyogenes strain NCTC832
    9.2e-30   99.5  27.7      7e-15   50.5   3.1    8.1  5  NZ_LR134284.1_frame=2   Streptococcus pyogenes strain NCTC823
    2.7e-15   51.9   7.5    2.7e-15   51.9   7.5    5.8  3  NZ_AP023389.1_frame=3   Streptococcus pyogenes strain KUN-001
    4.1e-14   48.0   7.3    4.1e-14   48.0   7.3    4.4  2  NZ_CP051138.1_frame=1   Streptococcus pyogenes strain 4063-05


Domain annotation for each sequence:
>> NC_002745.2_frame=2  Staphylococcus aureus subsp. aureus N315, complete sequence
   #    score  bias  c-Evalue  i-Evalue hmmfrom  hmm to    alifrom  ali to    envfrom  env to     acc
 ---   ------ ----- --------- --------- ------- -------    ------- -------    ------- -------    ----
   1 !  581.8  29.4  1.2e-177  2.1e-176       1     356 []  147685  148040 ..  147685  148040 .. 1.00
   2 !  423.4  27.3  1.8e-129  3.1e-128       1     356 []  148163  148454 ..  148163  148454 .. 0.98
   3 !   34.2   3.4   3.5e-11   6.2e-10       1      36 [.  148577  148612 ..  148577  148617 .. 0.92
   4 !  216.3  14.8   1.6e-66   2.8e-65     158     356 .]  148610  148810 ..  148608  148810 .. 0.95
   5 !   29.2   1.2   1.2e-09   2.1e-08       1      33 [.  149305  149337 ..  149305  149346 .. 0.92
   6 !  219.3  14.4   1.9e-67   3.4e-66     161     356 .]  149340  149536 ..  149336  149536 .. 0.96
   7 !   23.4   5.7   6.8e-08   1.2e-06       1      35 [.  150018  150052 ..  150018  150054 .. 0.95
   8 !  199.4  18.1   2.2e-61   3.8e-60     152     356 .]  150042  150244 ..  150041  150244 .. 0.95
   9 !   74.1  11.9   2.7e-23   4.7e-22     170     315 ..  685751  685891 ..  685743  685903 .. 0.94

>> NC_007795.1_frame=1  Staphylococcus aureus subsp. aureus NCTC 8325 chromosome, complete genome
   #    score  bias  c-Evalue  i-Evalue hmmfrom  hmm to    alifrom  ali to    envfrom  env to     acc
 ---   ------ ----- --------- --------- ------- -------    ------- -------    ------- -------    ----
   1 !   34.8   2.4   2.3e-11   4.1e-10       1      37 [.  129432  129468 ..  129432  129471 .. 0.91
   2 !  200.0  17.7   1.5e-61   2.6e-60     163     356 .]  129464  129657 ..  129462  129657 .. 0.95
   3 !   33.6   1.0   5.5e-11   9.7e-10       1      33 [.  129754  129786 ..  129754  129793 .. 0.95
   4 !  238.2  16.9   3.4e-73     6e-72     162     355 ..  129788  129981 ..  129784  129982 .. 0.98
   5 !  475.2  17.9  3.1e-145  5.5e-144       1     356 []  130561  130868 ..  130561  130868 .. 0.99
   6 !   34.6   4.7   2.7e-11   4.7e-10       1      36 [.  130991  131026 ..  130991  131029 .. 0.94
   7 !  216.7  15.6   1.2e-66   2.2e-65     157     356 .]  131023  131224 ..  131022  131224 .. 0.96
   8 !   31.4   3.4   2.5e-10   4.4e-09       1      33 [.  132452  132484 ..  132452  132490 .. 0.94
   9 !  213.5  16.0   1.1e-65   1.9e-64     160     355 ..  132486  132682 ..  132482  132683 .. 0.95
  10 !   36.0   4.1     1e-11   1.8e-10       1      36 [.  134170  134205 ..  134170  134210 .. 0.92
  11 !  220.9  15.9   6.6e-68   1.2e-66     165     355 ..  134206  134394 ..  134201  134394 .. 0.95

>> NZ_CP132371.1_frame=3  Staphylococcus aureus strain UNC_SA38 chromosome, complete genome
   #    score  bias  c-Evalue  i-Evalue hmmfrom  hmm to    alifrom  ali to    envfrom  env to     acc
 ---   ------ ----- --------- --------- ------- -------    ------- -------    ------- -------    ----
   1 !  581.7  29.0  1.3e-177  2.3e-176       1     356 []  889780  890135 ..  889780  890135 .. 1.00
   2 !  423.5  27.3  1.7e-129    3e-128       1     356 []  890258  890549 ..  890258  890549 .. 0.98
   3 !   34.3   3.4   3.4e-11   5.9e-10       1      36 [.  890672  890707 ..  890672  890712 .. 0.92
   4 !  216.4  14.8   1.5e-66   2.6e-65     158     356 .]  890705  890905 ..  890703  890905 .. 0.95
   5 !   29.3   1.2   1.1e-09     2e-08       1      33 [.  891400  891432 ..  891400  891441 .. 0.92
   6 !  219.4  14.4   1.8e-67   3.2e-66     161     356 .]  891435  891631 ..  891431  891631 .. 0.96
   7 !   23.5   5.7   6.5e-08   1.1e-06       1      35 [.  892113  892147 ..  892113  892149 .. 0.95
   8 !  199.5  18.1     2e-61   3.6e-60     152     356 .]  892137  892339 ..  892136  892339 .. 0.95

>> NZ_CP011877.1_frame=-2  Staphylococcus aureus strain 12S01032 chromosome, complete genome
   #    score  bias  c-Evalue  i-Evalue hmmfrom  hmm to    alifrom  ali to    envfrom  env to     acc
 ---   ------ ----- --------- --------- ------- -------    ------- -------    ------- -------    ----
   1 !   34.9   3.0   2.2e-11   3.8e-10       1      39 [.  757121  757159 ..  757121  757161 .. 0.92
   2 !  208.4  20.9   3.9e-64   6.9e-63     159     356 .]  757149  757346 ..  757149  757346 .. 0.97
   3 !  473.0  16.5  1.4e-144  2.5e-143       1     355 [.  758231  758544 ..  758231  758545 .. 0.98
   4 !   37.4   4.7     4e-12     7e-11       1      37 [.  758669  758705 ..  758669  758710 .. 0.92
   5 !  217.2  16.0   8.4e-67   1.5e-65     161     356 .]  758705  758902 ..  758702  758902 .. 0.96
   6 !   31.9   5.9   1.8e-10   3.2e-09       1      33 [.  759398  759430 ..  759398  759436 .. 0.94
   7 !  205.7  16.9   2.6e-63   4.7e-62     158     355 ..  759430  759628 ..  759428  759629 .. 0.96
   8 !   18.3   6.4   2.4e-06   4.3e-05       1      34 [.  759753  759786 ..  759753  759791 .. 0.93
   9 !  207.6  13.8   6.9e-64   1.2e-62     152     356 .]  759777  759979 ..  759776  759979 .. 0.95
  10 !   36.1   4.0   9.7e-12   1.7e-10       1      36 [.  761111  761146 ..  761111  761151 .. 0.92
  11 !  226.4  11.6   1.4e-69   2.4e-68     165     355 ..  761147  761336 ..  761143  761336 .. 0.95

>> NZ_CP113052.1_frame=2  Staphylococcus aureus strain Fizz chromosome, complete genome
   #    score  bias  c-Evalue  i-Evalue hmmfrom  hmm to    alifrom  ali to    envfrom  env to     acc
 ---   ------ ----- --------- --------- ------- -------    ------- -------    ------- -------    ----
   1 !   34.9   2.4   2.3e-11     4e-10       1      37 [.  460383  460419 ..  460383  460422 .. 0.91
   2 !  200.0  17.7   1.4e-61   2.5e-60     163     356 .]  460415  460608 ..  460413  460608 .. 0.95
   3 !   33.7   1.0   5.3e-11   9.3e-10       1      33 [.  460705  460737 ..  460705  460744 .. 0.95
   4 !  238.3  16.9   3.3e-73   5.8e-72     162     355 ..  460739  460932 ..  460735  460933 .. 0.98
   5 !  490.1  19.1  8.9e-150  1.6e-148       1     356 []  461508  461832 ..  461508  461832 .. 0.97
   6 !   34.7   4.7   2.6e-11   4.5e-10       1      36 [.  461955  461990 ..  461955  461993 .. 0.94
   7 !  216.7  15.6   1.2e-66   2.1e-65     157     356 .]  461987  462188 ..  461986  462188 .. 0.96
   8 !   31.5   3.4   2.4e-10   4.3e-09       1      33 [.  463416  463448 ..  463416  463454 .. 0.94
   9 !  213.6  16.0   1.1e-65   1.9e-64     160     355 ..  463450  463646 ..  463446  463647 .. 0.95
  10 !   36.1   3.9   9.6e-12   1.7e-10       1      35 [.  465134  465168 ..  465134  465173 .. 0.93
  11 !   41.5   1.5   2.2e-13   3.8e-12     165     241 ..  465170  465240 ..  465165  465243 .. 0.90

>> NC_002953.3_frame=3  Staphylococcus aureus subsp. aureus MSSA476, complete sequence
   #    score  bias  c-Evalue  i-Evalue hmmfrom  hmm to    alifrom  ali to    envfrom  env to     acc
 ---   ------ ----- --------- --------- ------- -------    ------- -------    ------- -------    ----
   1 !  101.2  13.0   1.5e-31   2.7e-30     218     355 ..   20164   20311 ..   20123   20312 .. 0.93
   2 !   35.7   2.6   1.2e-11   2.2e-10       1      38 [.  142630  142667 ..  142630  142669 .. 0.92
   3 !  212.9  14.7   1.8e-65   3.1e-64     159     356 .]  142658  142855 ..  142658  142855 .. 0.97
   4 !   29.7   0.6   8.6e-10   1.5e-08       1      33 [.  142952  142984 ..  142952  142987 .. 0.97
   5 !  238.0  16.0     4e-73   7.1e-72     162     355 ..  142986  143179 ..  142982  143180 .. 0.98
   6 !  461.0  17.9  6.7e-141  1.2e-139       1     356 []  143759  144073 ..  143759  144073 .. 0.95
   7 !   34.3   3.4   3.5e-11   6.1e-10       1      36 [.  144196  144231 ..  144196  144236 .. 0.92
   8 !  215.8  15.1   2.3e-66   4.1e-65     158     356 .]  144229  144429 ..  144227  144429 .. 0.95
   9 !   35.9   3.5   1.1e-11     2e-10       1      36 [.  147395  147430 ..  147395  147435 .. 0.92
  10 !  217.1  16.2   9.2e-67   1.6e-65     159     355 ..  147427  147624 ..  147425  147624 .. 0.93
  11 !   83.9  10.9   2.9e-26   5.1e-25     163     312 ..  688737  688880 ..  688730  688889 .. 0.85

>> NZ_LR134090.1_frame=1  Staphylococcus aureus strain NCTC9555 chromosome 1, complete sequence
   #    score  bias  c-Evalue  i-Evalue hmmfrom  hmm to    alifrom  ali to    envfrom  env to     acc
 ---   ------ ----- --------- --------- ------- -------    ------- -------    ------- -------    ----
   1 !  577.8  30.2    2e-176  3.5e-175       1     356 []  150420  150775 ..  150420  150775 .. 1.00
   2 !   30.0   5.2   6.8e-10   1.2e-08       1      34 [.  151712  151745 ..  151712  151749 .. 0.94
   3 !  219.8  19.8   1.4e-67   2.4e-66     160     355 ..  151743  151939 ..  151742  151940 .. 0.97
   4 !   26.1   1.2   1.1e-08   1.9e-07       1      33 [.  152430  152462 ..  152430  152471 .. 0.91
   5 !  217.7  13.9   5.9e-67     1e-65     161     356 .]  152465  152661 ..  152461  152661 .. 0.96
   6 !   36.3   3.9   8.6e-12   1.5e-10       1      35 [.  154501  154535 ..  154501  154539 .. 0.94
   7 !  202.8  21.5     2e-62   3.5e-61     165     355 ..  154537  154727 ..  154534  154727 .. 0.93
   8 !  146.7   4.1   2.4e-45   4.2e-44     147     355 ..  594918  595129 ..  594908  595130 .. 0.90
   9 !  155.2   6.2   5.8e-48     1e-46     149     355 ..  595192  595403 ..  595174  595404 .. 0.92

>> NZ_LR134090.1_frame=2  Staphylococcus aureus strain NCTC9555 chromosome 1, complete sequence
   #    score  bias  c-Evalue  i-Evalue hmmfrom  hmm to    alifrom  ali to    envfrom  env to     acc
 ---   ------ ----- --------- --------- ------- -------    ------- -------    ------- -------    ----
   1 !   70.9   3.0   2.4e-22   4.3e-21     278     355 ..  136394  136472 ..  136372  136473 .. 0.92
   2 !   33.6   0.7   5.7e-11     1e-09       1      33 [.  150091  150123 ..  150091  150126 .. 0.97
   3 !  236.6  15.5   1.1e-72   1.9e-71     162     355 ..  150125  150318 ..  150121  150319 .. 0.98
   4 !  464.0  20.7  8.1e-142  1.4e-140       1     356 []  150898  151210 ..  150898  151210 .. 0.97
   5 !   38.4   4.2   1.9e-12   3.3e-11       1      36 [.  151333  151368 ..  151333  151372 .. 0.94
   6 !  207.5  16.9   7.6e-64   1.3e-62     159     355 ..  151367  151565 ..  151365  151566 .. 0.93
   7 !   30.8   3.6     4e-10     7e-09       2      34 ..  152085  152117 ..  152084  152120 .. 0.95
   8 !  201.4  13.9   5.5e-62   9.7e-61     157     355 ..  152115  152311 ..  152114  152312 .. 0.97
   9 !   32.9   2.6   9.1e-11   1.6e-09       1      40 [.  153143  153182 ..  153143  153184 .. 0.97
  10 !  190.0  17.7   1.5e-58   2.7e-57     164     356 .]  153178  153367 ..  153174  153367 .. 0.94
  11 ?    3.2   0.9     0.093       1.6       1      48 [.  319371  319416 ..  319371  319442 .. 0.75
  12 !   63.9  10.0   3.4e-20   5.9e-19     222     331 ..  434041  434158 ..  433989  434179 .. 0.86

>> NZ_CP136528.1_frame=1  Staphylococcus aureus strain BAA-1556_Catania chromosome, complete genome
   #    score  bias  c-Evalue  i-Evalue hmmfrom  hmm to    alifrom  ali to    envfrom  env to     acc
 ---   ------ ----- --------- --------- ------- -------    ------- -------    ------- -------    ----
   1 !   34.9   2.4   2.3e-11     4e-10       1      37 [.  148906  148942 ..  148906  148945 .. 0.91
   2 !  200.0  17.7   1.4e-61   2.5e-60     163     356 .]  148938  149131 ..  148936  149131 .. 0.95
   3 !   33.7   1.0   5.3e-11   9.3e-10       1      33 [.  149228  149260 ..  149228  149267 .. 0.95
   4 !  238.3  16.9   3.3e-73   5.8e-72     162     355 ..  149262  149455 ..  149258  149456 .. 0.98
   5 !  476.3  17.6  1.4e-145  2.5e-144       1     356 []  150031  150338 ..  150031  150338 .. 0.99
   6 !   34.7   4.7   2.6e-11   4.5e-10       1      36 [.  150461  150496 ..  150461  150499 .. 0.94
   7 !  216.7  15.6   1.2e-66   2.1e-65     157     356 .]  150493  150694 ..  150492  150694 .. 0.96
   8 !   31.5   3.4   2.4e-10   4.3e-09       1      33 [.  151922  151954 ..  151922  151960 .. 0.94
   9 !  213.6  16.0   1.1e-65   1.9e-64     160     355 ..  151956  152152 ..  151952  152153 .. 0.95
  10 !   36.1   3.9   9.6e-12   1.7e-10       1      35 [.  153640  153674 ..  153640  153679 .. 0.93
  11 !   41.5   1.5   2.2e-13   3.9e-12     165     241 ..  153676  153746 ..  153671  153749 .. 0.90
  12 ?   -2.2   0.7       4.2        73       1      90 [.  782770  782856 ..  782770  782908 .. 0.50

>> NZ_CP029678.1_frame=1  Staphylococcus aureus strain AR_0216 chromosome, complete genome
   #    score  bias  c-Evalue  i-Evalue hmmfrom  hmm to    alifrom  ali to    envfrom  env to     acc
 ---   ------ ----- --------- --------- ------- -------    ------- -------    ------- -------    ----
   1 !   34.8   2.4   2.4e-11   4.2e-10       1      37 [.  148323  148359 ..  148323  148362 .. 0.91
   2 !  199.9  17.7   1.5e-61   2.7e-60     163     356 .]  148355  148548 ..  148353  148548 .. 0.95
   3 !   33.6   1.0   5.6e-11   9.9e-10       1      33 [.  148645  148677 ..  148645  148684 .. 0.95
   4 !  238.2  16.9   3.5e-73   6.1e-72     162     355 ..  148679  148872 ..  148675  148873 .. 0.98
   5 !  476.2  17.6  1.5e-145  2.7e-144       1     356 []  149448  149755 ..  149448  149755 .. 0.99
   6 !   34.6   4.7   2.7e-11   4.8e-10       1      36 [.  149878  149913 ..  149878  149916 .. 0.94
   7 !  216.6  15.6   1.3e-66   2.2e-65     157     356 .]  149910  150111 ..  149909  150111 .. 0.96
   8 !   31.4   3.4   2.6e-10   4.5e-09       1      33 [.  151339  151371 ..  151339  151377 .. 0.94
   9 !  213.5  16.0   1.1e-65     2e-64     160     355 ..  151373  151569 ..  151369  151570 .. 0.95
  10 !   36.0   3.9     1e-11   1.8e-10       1      35 [.  153057  153091 ..  153057  153096 .. 0.93
  11 !   41.4   1.5   2.3e-13   4.1e-12     165     241 ..  153093  153163 ..  153088  153166 .. 0.90

>> NC_002952.2_frame=1  Staphylococcus aureus subsp. aureus MRSA252, complete sequence
   #    score  bias  c-Evalue  i-Evalue hmmfrom  hmm to    alifrom  ali to    envfrom  env to     acc
 ---   ------ ----- --------- --------- ------- -------    ------- -------    ------- -------    ----
   1 !   35.0   2.7     2e-11   3.6e-10       1      38 [.  150854  150891 ..  150854  150893 .. 0.92
   2 !  209.0  15.1   2.6e-64   4.5e-63     159     356 .]  150882  151079 ..  150882  151079 .. 0.96
   3 !   35.1   0.3   1.9e-11   3.4e-10       1      34 [.  151175  151208 ..  151175  151210 .. 0.96
   4 !  236.6  12.8   1.1e-72   1.9e-71     160     356 .]  151207  151405 ..  151205  151405 .. 0.98
   5 !  439.9  14.6  1.7e-134    3e-133       1     356 []  151964  152267 ..  151964  152267 .. 0.95
   6 !   37.4   4.9   3.9e-12   6.9e-11       1      38 [.  152391  152428 ..  152391  152433 .. 0.91
   7 !  217.5  16.3   6.9e-67   1.2e-65     161     356 .]  152427  152624 ..  152424  152624 .. 0.96
   8 !   31.8   5.9   1.9e-10   3.3e-09       1      33 [.  153120  153152 ..  153120  153158 .. 0.94
   9 !  207.7  16.5   6.5e-64   1.1e-62     158     355 ..  153152  153350 ..  153150  153351 .. 0.96

>> NC_017338.2_frame=2  Staphylococcus aureus subsp. aureus JKD6159, complete sequence
   #    score  bias  c-Evalue  i-Evalue hmmfrom  hmm to    alifrom  ali to    envfrom  env to     acc
 ---   ------ ----- --------- --------- ------- -------    ------- -------    ------- -------    ----
   1 !   37.4   3.9     4e-12     7e-11       1      39 [.  141984  142022 ..  141984  142024 .. 0.92
   2 !  216.3  18.1   1.6e-66   2.8e-65     159     356 .]  142012  142209 ..  142012  142209 .. 0.97
   3 !   35.9   0.5   1.1e-11   1.9e-10       1      33 [.  142295  142327 ..  142295  142330 .. 0.97
   4 !  237.2  15.7   7.2e-73   1.3e-71     163     355 ..  142330  142522 ..  142326  142523 .. 0.98
   5 !  440.6  19.2    1e-134  1.8e-133       1     356 []  143024  143333 ..  143024  143333 .. 0.95
   6 !  207.4  15.9   8.2e-64   1.4e-62     168     355 ..  144946  145134 ..  144944  145135 .. 0.95
   7 !   22.8   6.6   1.1e-07   1.9e-06       1      34 [.  145256  145289 ..  145256  145290 .. 0.97
   8 !  210.4  16.4   9.6e-65   1.7e-63     152     356 .]  145280  145482 ..  145279  145482 .. 0.95

>> NC_017763.1_frame=3  Staphylococcus aureus subsp. aureus HO 5096 0412, complete sequence
   #    score  bias  c-Evalue  i-Evalue hmmfrom  hmm to    alifrom  ali to    envfrom  env to     acc
 ---   ------ ----- --------- --------- ------- -------    ------- -------    ------- -------    ----
   1 !   76.1   2.2   6.8e-24   1.2e-22     278     355 ..  129692  129770 ..  129669  129771 .. 0.91
   2 !  508.4  22.7  2.5e-155  4.4e-154       1     356 []  139207  139547 ..  139207  139547 .. 0.97
   3 !   33.9   3.1   4.5e-11   7.9e-10       1      37 [.  139671  139707 ..  139671  139712 .. 0.90
   4 !  212.6  15.2   2.1e-65   3.7e-64     160     356 .]  139706  139904 ..  139704  139904 .. 0.95
   5 !   31.6   4.6   2.3e-10   4.1e-09       1      34 [.  140055  140088 ..  140055  140090 .. 0.96
   6 !  202.3  13.3   2.8e-62     5e-61     157     355 ..  140086  140282 ..  140084  140283 .. 0.97
   7 !   35.7   4.0   1.3e-11   2.3e-10       1      35 [.  142143  142177 ..  142143  142180 .. 0.94
   8 !  197.0  20.5   1.1e-60     2e-59     165     355 ..  142179  142369 ..  142174  142370 .. 0.94
   9 ?   -1.3   1.9       2.2        39       1      65 [.  629678  629745 ..  629678  629784 .. 0.47
  10 ?   -2.3   1.0       4.5        79       1      91 [.  767719  767806 ..  767719  767856 .. 0.49

>> NC_002745.2_frame=3  Staphylococcus aureus subsp. aureus N315, complete sequence
   #    score  bias  c-Evalue  i-Evalue hmmfrom  hmm to    alifrom  ali to    envfrom  env to     acc
 ---   ------ ----- --------- --------- ------- -------    ------- -------    ------- -------    ----
   1 !   35.6   2.9   1.4e-11   2.4e-10       1      39 [.  147034  147072 ..  147034  147074 .. 0.92
   2 !  213.6  17.8   1.1e-65   1.9e-64     159     356 .]  147062  147259 ..  147062  147259 .. 0.97
   3 !   33.5   0.7   5.8e-11     1e-09       1      33 [.  147356  147388 ..  147356  147391 .. 0.97
   4 !  236.6  15.5   1.1e-72   1.9e-71     162     355 ..  147390  147583 ..  147386  147584 .. 0.98
   5 !   34.9   3.7   2.2e-11   3.9e-10       1      35 [.  148960  148994 ..  148960  148998 .. 0.94
   6 !  203.3  18.5   1.4e-62   2.5e-61     157     355 ..  148991  149187 ..  148990  149188 .. 0.97
   7 !   28.3   3.6   2.2e-09   3.9e-08       1      33 [.  149663  149695 ..  149663  149701 .. 0.94
   8 !  213.8  16.1   8.9e-66   1.6e-64     161     355 ..  149698  149893 ..  149694  149894 .. 0.95
   9 !   35.7   3.9   1.3e-11   2.2e-10       1      35 [.  151381  151415 ..  151381  151418 .. 0.94
  10 !  211.3  16.0   5.4e-65   9.5e-64     165     355 ..  151417  151607 ..  151414  151607 .. 0.93
  11 ?    5.5   1.0     0.019      0.33       1      48 [.  317993  318038 ..  317993  318064 .. 0.75
  12 ?   -2.2   1.3       4.2        74       1     105 [.  759419  759520 ..  759419  759556 .. 0.49

>> NZ_CP132371.1_frame=1  Staphylococcus aureus strain UNC_SA38 chromosome, complete genome
   #    score  bias  c-Evalue  i-Evalue hmmfrom  hmm to    alifrom  ali to    envfrom  env to     acc
 ---   ------ ----- --------- --------- ------- -------    ------- -------    ------- -------    ----
   1 ?   -2.1   1.3         4        70       1     105 [.  568978  569079 ..  568978  569115 .. 0.49
   2 !   76.0   2.7   7.2e-24   1.3e-22     278     355 ..  881104  881182 ..  881082  881183 .. 0.91
   3 !   35.7   2.9   1.3e-11   2.3e-10       1      39 [.  889130  889168 ..  889130  889170 .. 0.92
   4 !  213.7  17.8     1e-65   1.8e-64     159     356 .]  889158  889355 ..  889158  889355 .. 0.97
   5 !   33.6   0.7   5.5e-11   9.7e-10       1      33 [.  889452  889484 ..  889452  889487 .. 0.97
   6 !  236.7  15.5     1e-72   1.8e-71     162     355 ..  889486  889679 ..  889482  889680 .. 0.98
   7 !   35.0   3.7   2.1e-11   3.7e-10       1      35 [.  891056  891090 ..  891056  891094 .. 0.94
   8 !  203.4  18.5   1.3e-62   2.4e-61     157     355 ..  891087  891283 ..  891086  891284 .. 0.97
   9 !   28.4   3.6   2.1e-09   3.7e-08       1      33 [.  891759  891791 ..  891759  891797 .. 0.94
  10 !  213.9  16.1   8.4e-66   1.5e-64     161     355 ..  891794  891989 ..  891790  891990 .. 0.95
  11 !   35.8   3.9   1.2e-11   2.1e-10       1      35 [.  893477  893511 ..  893477  893514 .. 0.94
  12 !  211.3  16.0   5.1e-65     9e-64     165     355 ..  893513  893703 ..  893510  893703 .. 0.93

>> NC_007795.1_frame=3  Staphylococcus aureus subsp. aureus NCTC 8325 chromosome, complete genome
   #    score  bias  c-Evalue  i-Evalue hmmfrom  hmm to    alifrom  ali to    envfrom  env to     acc
 ---   ------ ----- --------- --------- ------- -------    ------- -------    ------- -------    ----
   1 !   76.5   2.1   5.2e-24   9.1e-23     278     355 ..  121412  121490 ..  121390  121491 .. 0.91
   2 !  588.9  29.5  8.7e-180  1.5e-178       1     356 []  130082  130437 ..  130082  130437 .. 1.00
   3 !   27.1   1.0   5.4e-09   9.5e-08       1      33 [.  132092  132124 ..  132092  132133 .. 0.91
   4 !  219.3  14.4   1.9e-67   3.4e-66     161     356 .]  132127  132323 ..  132123  132323 .. 0.96
   5 !   23.4   5.7   6.9e-08   1.2e-06       1      35 [.  132806  132840 ..  132806  132842 .. 0.95
   6 !  199.4  18.1   2.2e-61   3.8e-60     152     356 .]  132830  133032 ..  132829  133032 .. 0.95
   7 ?    2.3   0.7      0.19       3.3       1      48 [.  296658  296703 ..  296658  296729 .. 0.75
   8 ?   -2.2   0.7       4.3        76       1      90 [.  763178  763264 ..  763178  763316 .. 0.50

>> NZ_CP113052.1_frame=1  Staphylococcus aureus strain Fizz chromosome, complete genome
   #    score  bias  c-Evalue  i-Evalue hmmfrom  hmm to    alifrom  ali to    envfrom  env to     acc
 ---   ------ ----- --------- --------- ------- -------    ------- -------    ------- -------    ----
   1 ?   -2.2   0.7       4.1        73       1      90 [.  135253  135339 ..  135253  135391 .. 0.50
   2 !   76.5   2.1     5e-24   8.8e-23     278     355 ..  452364  452442 ..  452342  452443 .. 0.91
   3 !  569.1  29.9    9e-174  1.6e-172       1     356 []  461034  461385 ..  461034  461385 .. 1.00
   4 !   27.1   1.0   5.2e-09   9.2e-08       1      33 [.  463057  463089 ..  463057  463098 .. 0.91
   5 !  219.4  14.4   1.9e-67   3.3e-66     161     356 .]  463092  463288 ..  463088  463288 .. 0.96
   6 !   23.5   5.7   6.7e-08   1.2e-06       1      35 [.  463771  463805 ..  463771  463807 .. 0.95
   7 !  199.5  18.1   2.1e-61   3.7e-60     152     356 .]  463795  463997 ..  463794  463997 .. 0.95

>> NZ_CP136528.1_frame=3  Staphylococcus aureus strain BAA-1556_Catania chromosome, complete genome
   #    score  bias  c-Evalue  i-Evalue hmmfrom  hmm to    alifrom  ali to    envfrom  env to     acc
 ---   ------ ----- --------- --------- ------- -------    ------- -------    ------- -------    ----
   1 !   76.5   2.1     5e-24   8.8e-23     278     355 ..  140886  140964 ..  140864  140965 .. 0.91
   2 !  569.1  29.9    9e-174  1.6e-172       1     356 []  149556  149907 ..  149556  149907 .. 1.00
   3 !   27.1   1.0   5.2e-09   9.2e-08       1      33 [.  151562  151594 ..  151562  151603 .. 0.91
   4 !  219.3  14.4   1.9e-67   3.3e-66     161     356 .]  151597  151793 ..  151593  151793 .. 0.96
   5 !   23.5   5.7   6.7e-08   1.2e-06       1      35 [.  152276  152310 ..  152276  152312 .. 0.95
   6 !  199.4  18.1   2.1e-61   3.7e-60     152     356 .]  152300  152502 ..  152299  152502 .. 0.95

>> NZ_CP029678.1_frame=3  Staphylococcus aureus strain AR_0216 chromosome, complete genome
   #    score  bias  c-Evalue  i-Evalue hmmfrom  hmm to    alifrom  ali to    envfrom  env to     acc
 ---   ------ ----- --------- --------- ------- -------    ------- -------    ------- -------    ----
   1 !   76.4   2.1   5.3e-24   9.3e-23     278     355 ..  140303  140381 ..  140281  140382 .. 0.91
   2 !  569.0  29.9  9.5e-174  1.7e-172       1     356 []  148973  149324 ..  148973  149324 .. 1.00
   3 !   27.0   1.0   5.5e-09   9.8e-08       1      33 [.  150979  151011 ..  150979  151020 .. 0.91
   4 !  219.3  14.4     2e-67   3.5e-66     161     356 .]  151014  151210 ..  151010  151210 .. 0.96
   5 !   23.4   5.7   7.1e-08   1.2e-06       1      35 [.  151693  151727 ..  151693  151729 .. 0.95
   6 !  199.4  18.1   2.2e-61   3.9e-60     152     356 .]  151717  151919 ..  151716  151919 .. 0.95
   7 ?   -2.3   0.7       4.4        78       1      90 [.  796838  796924 ..  796838  796976 .. 0.50

>> NC_002953.3_frame=2  Staphylococcus aureus subsp. aureus MSSA476, complete sequence
   #    score  bias  c-Evalue  i-Evalue hmmfrom  hmm to    alifrom  ali to    envfrom  env to     acc
 ---   ------ ----- --------- --------- ------- -------    ------- -------    ------- -------    ----
   1 ?    8.8   3.7    0.0019     0.033     258     326 ..   20463   20531 ..   20460   20545 .. 0.81
   2 !   75.9   2.8   7.7e-24   1.4e-22     278     355 ..  131296  131374 ..  131273  131375 .. 0.90
   3 !  580.3  30.6  3.6e-177  6.3e-176       1     356 []  143281  143636 ..  143281  143636 .. 1.00
   4 !   29.5   4.1   9.5e-10   1.7e-08       2      34 ..  144954  144986 ..  144953  144989 .. 0.95
   5 !  203.3  14.8   1.4e-62   2.5e-61     157     355 ..  144984  145180 ..  144983  145181 .. 0.97
   6 !   23.5   6.4   6.4e-08   1.1e-06       1      35 [.  146009  146043 ..  146009  146045 .. 0.95
   7 !  199.5  18.1   2.1e-61   3.7e-60     152     356 .]  146033  146235 ..  146032  146235 .. 0.95
   8 ?    2.3   0.7      0.18       3.2       1      48 [.  312639  312684 ..  312639  312710 .. 0.75
   9 ?   -3.1   2.0       7.9   1.4e+02       1      75 [.  623009  623064 ..  623009  623111 .. 0.43

>> NC_002952.2_frame=3  Staphylococcus aureus subsp. aureus MRSA252, complete sequence
   #    score  bias  c-Evalue  i-Evalue hmmfrom  hmm to    alifrom  ali to    envfrom  env to     acc
 ---   ------ ----- --------- --------- ------- -------    ------- -------    ------- -------    ----
   1 !  498.6  22.4  2.3e-152  4.1e-151       1     356 []  151504  151844 ..  151504  151844 .. 0.99
   2 !   32.1   4.3   1.6e-10   2.8e-09       1      35 [.  152774  152808 ..  152774  152812 .. 0.93
   3 !  200.9  11.8   7.6e-62   1.3e-60     158     355 ..  152806  153001 ..  152804  153002 .. 0.97
   4 !   20.9   6.8   3.9e-07   6.8e-06       1      34 [.  153473  153506 ..  153473  153507 .. 0.97
   5 !  211.8  14.8   3.8e-65   6.6e-64     152     356 .]  153497  153699 ..  153496  153699 .. 0.95

>> NC_017338.2_frame=3  Staphylococcus aureus subsp. aureus JKD6159, complete sequence
   #    score  bias  c-Evalue  i-Evalue hmmfrom  hmm to    alifrom  ali to    envfrom  env to     acc
 ---   ------ ----- --------- --------- ------- -------    ------- -------    ------- -------    ----
   1 !   57.4   1.6   3.1e-18   5.5e-17     241     329 ..   25763   25860 ..   25703   25866 .. 0.82
   2 !   36.7   3.8   6.5e-12   1.1e-10       1      37 [.  143456  143492 ..  143456  143497 .. 0.92
   3 !  217.1  16.0   8.8e-67   1.6e-65     162     356 .]  143493  143689 ..  143490  143689 .. 0.95
   4 !   33.1   4.5   7.8e-11   1.4e-09       1      34 [.  144208  144241 ..  144208  144242 .. 0.97
   5 !  204.2  16.2   7.4e-63   1.3e-61     158     355 ..  144240  144435 ..  144238  144436 .. 0.97
   6 !   29.9   4.3   7.6e-10   1.3e-08       1      33 [.  144550  144582 ..  144550  144589 .. 0.92
   7 !  214.7  16.2   4.7e-66   8.3e-65     160     356 .]  144584  144781 ..  144580  144781 .. 0.95
   8 !   36.8   1.5   6.1e-12   1.1e-10       1      33 [.  144908  144940 ..  144908  144959 .. 0.89
   9 !   35.8   3.5   1.1e-11     2e-10       1      36 [.  146658  146693 ..  146658  146698 .. 0.92
  10 !  212.7  19.3     2e-65   3.5e-64     159     355 ..  146690  146887 ..  146688  146888 .. 0.94
  11 ?    0.7   0.5      0.54       9.5       1      72 [.  628600  628674 ..  628600  628765 .. 0.67

>> NZ_CP011877.1_frame=-1  Staphylococcus aureus strain 12S01032 chromosome, complete genome
   #    score  bias  c-Evalue  i-Evalue hmmfrom  hmm to    alifrom  ali to    envfrom  env to     acc
 ---   ------ ----- --------- --------- ------- -------    ------- -------    ------- -------    ----
   1 ?   -1.5   0.4       2.6        45       1      47 [.  287559  287606 ..  287559  287653 .. 0.57
   2 !   76.2   1.9     6e-24   1.1e-22     279     355 ..  748643  748720 ..  748633  748721 .. 0.94
   3 !  504.4  22.2  4.3e-154  7.5e-153       1     356 []  757772  758112 ..  757772  758112 .. 0.99
   4 !   32.4   4.6   1.3e-10   2.3e-09       1      35 [.  759053  759087 ..  759053  759092 .. 0.93
   5 !  200.8  13.4   8.2e-62   1.5e-60     158     355 ..  759085  759280 ..  759083  759281 .. 0.97
   6 ?    2.9   0.7      0.12       2.1       1      48 [.  934164  934209 ..  934164  934235 .. 0.73

>> NC_002953.3_frame=1  Staphylococcus aureus subsp. aureus MSSA476, complete sequence
   #    score  bias  c-Evalue  i-Evalue hmmfrom  hmm to    alifrom  ali to    envfrom  env to     acc
 ---   ------ ----- --------- --------- ------- -------    ------- -------    ------- -------    ----
   1 !   28.9   4.8   1.5e-09   2.6e-08       1      33 [.  144580  144612 ..  144580  144614 .. 0.96
   2 !  211.5  18.2   4.7e-65   8.3e-64     160     355 ..  144611  144808 ..  144610  144809 .. 0.95
   3 !   29.3   1.2   1.1e-09     2e-08       1      33 [.  145298  145330 ..  145298  145339 .. 0.92
   4 !  218.8  13.8   2.9e-67     5e-66     161     356 .]  145333  145529 ..  145329  145529 .. 0.96
   5 !   30.8   2.8   3.9e-10   6.9e-09       1      33 [.  145657  145689 ..  145657  145695 .. 0.94
   6 !  213.3  14.5   1.3e-65   2.3e-64     160     355 ..  145691  145887 ..  145687  145888 .. 0.94
   7 !   77.5  12.6   2.5e-24   4.4e-23     169     315 ..  688494  688636 ..  688482  688660 .. 0.91
   8 ?   -2.2   1.3       4.1        72       1     105 [.  758716  758817 ..  758716  758853 .. 0.49

>> NC_017338.2_frame=1  Staphylococcus aureus subsp. aureus JKD6159, complete sequence
   #    score  bias  c-Evalue  i-Evalue hmmfrom  hmm to    alifrom  ali to    envfrom  env to     acc
 ---   ------ ----- --------- --------- ------- -------    ------- -------    ------- -------    ----
   1 !   76.3   2.9   5.7e-24     1e-22     278     355 ..  132374  132452 ..  132352  132453 .. 0.91
   2 !   41.2   7.0   2.7e-13   4.8e-12       1      51 [.  142623  142671 ..  142623  142676 .. 0.95
   3 !  362.7  14.4  4.9e-111  8.7e-110     127     356 .]  142674  142903 ..  142669  142903 .. 0.98
   4 !   32.7   5.7   1.1e-10   1.9e-09       1      33 [.  143840  143872 ..  143840  143876 .. 0.94
   5 !  220.8  21.4   6.7e-68   1.2e-66     160     355 ..  143871  144067 ..  143870  144068 .. 0.97
   6 ?    3.2   0.9     0.095       1.7       1      48 [.  312095  312140 ..  312095  312166 .. 0.75
   7 ?   -2.1   1.3       3.9        70       1     106 [.  764443  764545 ..  764443  764581 .. 0.51

>> NC_017763.1_frame=1  Staphylococcus aureus subsp. aureus HO 5096 0412, complete sequence
   #    score  bias  c-Evalue  i-Evalue hmmfrom  hmm to    alifrom  ali to    envfrom  env to     acc
 ---   ------ ----- --------- --------- ------- -------    ------- -------    ------- -------    ----
   1 !   35.1   2.2   1.9e-11   3.3e-10       1      38 [.  138556  138593 ..  138556  138595 .. 0.91
   2 !  203.0  14.2   1.8e-62   3.2e-61     159     356 .]  138584  138781 ..  138584  138781 .. 0.97
   3 !   28.0   4.3   2.8e-09     5e-08       1      33 [.  140401  140433 ..  140401  140441 .. 0.92
   4 !  208.5  11.9   3.8e-64   6.7e-63     161     355 ..  140436  140631 ..  140432  140632 .. 0.95
   5 !   20.3   8.6   6.3e-07   1.1e-05       1      35 [.  140756  140790 ..  140756  140795 .. 0.93
   6 !  208.1  15.2     5e-64   8.9e-63     153     356 .]  140781  140982 ..  140779  140982 .. 0.94
   7 ?    4.5   0.6      0.04      0.71       1      50 [.  306593  306638 ..  306593  306667 .. 0.74

>> NZ_CP136528.1_frame=2  Staphylococcus aureus strain BAA-1556_Catania chromosome, complete genome
   #    score  bias  c-Evalue  i-Evalue hmmfrom  hmm to    alifrom  ali to    envfrom  env to     acc
 ---   ------ ----- --------- --------- ------- -------    ------- -------    ------- -------    ----
   1 !   30.0   5.2   6.8e-10   1.2e-08       1      34 [.  150844  150877 ..  150844  150881 .. 0.94
   2 !  220.6  20.8     8e-68   1.4e-66     160     355 ..  150875  151071 ..  150874  151072 .. 0.97
   3 !   29.7   4.4   8.5e-10   1.5e-08       2      35 ..  151217  151250 ..  151216  151254 .. 0.93
   4 !  213.5  18.1   1.1e-65     2e-64     157     356 .]  151247  151444 ..  151246  151444 .. 0.97
   5 !  149.5  12.3   3.3e-46   5.7e-45     244     355 ..  153747  153862 ..  153743  153862 .. 0.96
   6 ?    2.3   0.7      0.18       3.2       1      48 [.  329856  329901 ..  329856  329927 .. 0.75

>> NZ_CP113052.1_frame=3  Staphylococcus aureus strain Fizz chromosome, complete genome
   #    score  bias  c-Evalue  i-Evalue hmmfrom  hmm to    alifrom  ali to    envfrom  env to     acc
 ---   ------ ----- --------- --------- ------- -------    ------- -------    ------- -------    ----
   1 !   30.0   5.2   6.8e-10   1.2e-08       1      34 [.  462338  462371 ..  462338  462375 .. 0.94
   2 !  220.6  20.8     8e-68   1.4e-66     160     355 ..  462369  462565 ..  462368  462566 .. 0.97
   3 !   29.7   4.4   8.4e-10   1.5e-08       2      35 ..  462711  462744 ..  462710  462748 .. 0.93
   4 !  213.5  18.1   1.1e-65     2e-64     157     356 .]  462741  462938 ..  462740  462938 .. 0.97
   5 !  149.5  12.3   3.3e-46   5.7e-45     244     355 ..  465241  465356 ..  465237  465356 .. 0.96
   6 ?    2.3   0.7      0.18       3.2       1      48 [.  641368  641413 ..  641368  641439 .. 0.75

>> NZ_LS483357.1_frame=1  Streptococcus pyogenes strain NCTC8326 chromosome 1, complete sequence
   #    score  bias  c-Evalue  i-Evalue hmmfrom  hmm to    alifrom  ali to    envfrom  env to     acc
 ---   ------ ----- --------- --------- ------- -------    ------- -------    ------- -------    ----
   1 ?   43.8   4.8   4.4e-14   7.8e-13     202     324 ..  219448  219581 ..  219386  219587 .. 0.67
   2 ?   64.6  11.1   2.1e-20   3.7e-19     154     332 ..  430320  430499 ..  430315  430520 .. 0.74
   3 ?   48.0   7.3   2.3e-15   4.1e-14     217     330 ..  567858  567975 ..  567805  568001 .. 0.73

>> NZ_LR134284.1_frame=2  Streptococcus pyogenes strain NCTC8232 chromosome 1, complete sequence
   #    score  bias  c-Evalue  i-Evalue hmmfrom  hmm to    alifrom  ali to    envfrom  env to     acc
 ---   ------ ----- --------- --------- ------- -------    ------- -------    ------- -------    ----
   1 ?   -2.6  14.8       5.5        97       9     174 ..  123263  123420 ..  123255  123434 .. 0.56
   2 ?   49.9   3.0     6e-16   1.1e-14     220     329 ..  339803  339917 ..  339730  339930 .. 0.75
   3 ?   50.5   3.1     4e-16     7e-15     224     329 ..  371265  371378 ..  371196  371390 .. 0.86
   4 ?   23.8   7.5   5.4e-08   9.6e-07     274     352 ..  391653  391735 ..  391646  391737 .. 0.78
   5 ?   47.4   6.0   3.4e-15     6e-14     217     330 ..  576736  576853 ..  576683  576879 .. 0.74

>> NZ_AP023389.1_frame=3  Streptococcus pyogenes strain KUN-0012590 chromosome, complete genome
   #    score  bias  c-Evalue  i-Evalue hmmfrom  hmm to    alifrom  ali to    envfrom  env to     acc
 ---   ------ ----- --------- --------- ------- -------    ------- -------    ------- -------    ----
   1 ?   -1.9  14.9       3.5        61      10     174 ..  138395  138551 ..  138389  138562 .. 0.59
   2 ?   18.7   7.7   1.8e-06   3.2e-05     274     352 ..  383727  383809 ..  383720  383811 .. 0.80
   3 ?   51.9   7.5   1.5e-16   2.7e-15     171     330 ..  558547  558712 ..  558541  558738 .. 0.73

>> NZ_CP051138.1_frame=1  Streptococcus pyogenes strain 4063-05 chromosome, complete genome
   #    score  bias  c-Evalue  i-Evalue hmmfrom  hmm to    alifrom  ali to    envfrom  env to     acc
 ---   ------ ----- --------- --------- ------- -------    ------- -------    ------- -------    ----
   1 ?   18.8   7.9   1.7e-06     3e-05     274     352 ..  381736  381818 ..  381729  381820 .. 0.80
   2 ?   48.0   7.3   2.3e-15   4.1e-14     217     330 ..  567783  567900 ..  567730  567926 .. 0.73



Internal pipeline statistics summary:
-------------------------------------
Query model(s):                              1  (356 nodes)
Target sequences:                          564  (304447416 residues searched)
Passed MSV filter:                       328  (0.58156); expected 11.3 (0.02)
Passed bias filter:                      131  (0.23227); expected 11.3 (0.02)
Passed Vit filter:                       131  (0.23227); expected 0.6 (0.001)
Passed Fwd filter:                        32  (0.0567376); expected 0.0 (1e-05)
Initial search space (Z):                564  [actual number of targets]
Domain search space  (domZ):              32  [number of targets reported over threshold]
# CPU time: 95.11u 0.15s 00:01:35.26 Elapsed: 00:01:35.95
# Mc/sec: 1129.58

@@ New targets included:   0
@@ New alignment includes: 227 subseqs (was 218), including original query
@@ Continuing to next round.

@@
@@ Round:                  4
@@ Included in MSA:        227 subsequences (query + 226 subseqs from 28 targets)
@@ Model size:             356 positions
@@

Scores for complete sequences (score includes all domains):
   --- full sequence ---   --- best 1 domain ---    -#dom-
    E-value  score  bias    E-value  score  bias    exp  N  Sequence               Description
    ------- ------ -----    ------- ------ -----   ---- --  --------               -----------
          0 1614.8 371.6   6.9e-176  580.1  29.6   16.6  9  NC_002745.2_frame=2     Staphylococcus aureus subsp. aureus N
          0 1584.0 309.9   2.7e-143  472.9  18.2   15.8 11  NC_007795.1_frame=1     Staphylococcus aureus subsp. aureus N
          0 1557.4 169.7   7.7e-176  580.0  29.1   20.7  8  NZ_CP132371.1_frame=3   Staphylococcus aureus strain UNC_SA38
          0 1437.9 182.5     8e-143  471.4  16.5   21.3 11  NZ_CP011877.1_frame=-2  Staphylococcus aureus strain 12S01032
          0 1423.9 300.8   5.3e-148  488.4  19.4   15.8 11  NZ_CP113052.1_frame=2   Staphylococcus aureus strain Fizz chr
          0 1421.2 171.4   1.4e-174  575.9  30.4   31.7  9  NZ_LR134090.1_frame=1   Staphylococcus aureus strain NCTC9555
          0 1420.5 413.3   4.4e-139  459.0  18.2   17.9 11  NC_002953.3_frame=3     Staphylococcus aureus subsp. aureus M
          0 1329.5 190.0   3.8e-140  462.5  21.0   40.0 12  NZ_LR134090.1_frame=2   Staphylococcus aureus strain NCTC9555
          0 1319.9 433.3   1.1e-143  474.2  17.9   20.1 11  NZ_CP029678.1_frame=1   Staphylococcus aureus strain AR_0216 
          0 1315.5 176.8     1e-143  474.3  17.9   20.0 12  NZ_CP136528.1_frame=1   Staphylococcus aureus strain BAA-1556
          0 1267.5 308.6     5e-132  435.8  14.9   14.2  9  NC_002952.2_frame=1     Staphylococcus aureus subsp. aureus M
          0 1234.8 147.3   1.2e-132  437.9  19.6   17.0  8  NC_017338.2_frame=2     Staphylococcus aureus subsp. aureus J
          0 1118.0 139.9   1.9e-153  506.3  22.7   19.5 10  NC_017763.1_frame=3     Staphylococcus aureus subsp. aureus H
          0 1088.9 295.8    1.8e-71  236.6  16.1   16.9 12  NC_002745.2_frame=3     Staphylococcus aureus subsp. aureus N
          0 1071.7 177.7    1.7e-71  236.7  16.1   19.4 12  NZ_CP132371.1_frame=1   Staphylococcus aureus strain UNC_SA38
          0 1017.5 108.8   4.6e-178  587.3  29.7   15.9  8  NC_007795.1_frame=3     Staphylococcus aureus subsp. aureus N
   9.4e-303  997.4 109.2   4.7e-172  567.5  30.1   16.5  7  NZ_CP113052.1_frame=1   Staphylococcus aureus strain Fizz chr
   9.5e-303  997.4 109.2   4.7e-172  567.5  30.1   19.7  6  NZ_CP136528.1_frame=3   Staphylococcus aureus strain BAA-1556
   1.2e-302  997.1 109.2     5e-172  567.4  30.1   12.1  7  NZ_CP029678.1_frame=3   Staphylococcus aureus strain AR_0216 
   1.7e-300  990.0 114.5   2.4e-175  578.3  30.7   18.6  8  NC_002953.3_frame=2     Staphylococcus aureus subsp. aureus M
   4.5e-265  873.5 160.1    4.8e-66  218.8  15.1   24.1 11  NC_017338.2_frame=3     Staphylococcus aureus subsp. aureus J
   2.1e-263  868.0  91.3   3.6e-151  498.8  22.4   13.4  5  NC_002952.2_frame=3     Staphylococcus aureus subsp. aureus M
   2.8e-224  739.3  66.5   7.8e-153  504.3  22.3   12.8  6  NZ_CP011877.1_frame=-1  Staphylococcus aureus strain 12S01032
   3.7e-203  669.8 114.4    1.6e-66  220.4  14.1   15.6  9  NC_002953.3_frame=1     Staphylococcus aureus subsp. aureus M
   2.9e-190  627.4  83.7   3.4e-109  360.8  14.1   11.5  7  NC_017338.2_frame=1     Staphylococcus aureus subsp. aureus J
     1e-177  586.1  91.8    1.7e-63  210.4  12.1   15.1  7  NC_017763.1_frame=1     Staphylococcus aureus subsp. aureus H
   1.1e-168  556.4 151.1      3e-65  216.2  21.5    9.0  6  NZ_CP136528.1_frame=2   Staphylococcus aureus strain BAA-1556
     2e-162  535.8  93.1      3e-65  216.2  21.5   16.5  6  NZ_CP113052.1_frame=3   Staphylococcus aureus strain Fizz chr
  ------ inclusion threshold ------
    3.4e-35  117.3  41.0    2.1e-19   65.4  11.9    4.9  3  NZ_LS483357.1_frame=1   Streptococcus pyogenes strain NCTC832
      5e-33  110.2  32.8    1.3e-16   56.2   5.1    7.8  4  NZ_LR134284.1_frame=2   Streptococcus pyogenes strain NCTC823
    1.3e-15   52.9   8.2    1.3e-15   52.9   8.2    5.8  3  NZ_AP023389.1_frame=3   Streptococcus pyogenes strain KUN-001
    2.8e-14   48.5   8.2    2.8e-14   48.5   8.2    4.4  2  NZ_CP051138.1_frame=1   Streptococcus pyogenes strain 4063-05


Domain annotation for each sequence:
>> NC_002745.2_frame=2  Staphylococcus aureus subsp. aureus N315, complete sequence
   #    score  bias  c-Evalue  i-Evalue hmmfrom  hmm to    alifrom  ali to    envfrom  env to     acc
 ---   ------ ----- --------- --------- ------- -------    ------- -------    ------- -------    ----
   1 !  580.1  29.6  3.9e-177  6.9e-176       1     356 []  147685  148040 ..  147685  148040 .. 1.00
   2 !  421.2  27.6  8.1e-129  1.4e-127       1     356 []  148163  148454 ..  148163  148454 .. 0.97
   3 !   33.7   4.1   5.2e-11   9.2e-10       1      38 [.  148577  148614 ..  148577  148618 .. 0.92
   4 !  217.0  15.1   9.4e-67   1.7e-65     156     356 .]  148608  148810 ..  148607  148810 .. 0.96
   5 !   31.7   1.4     2e-10   3.6e-09       1      35 [.  149305  149339 ..  149305  149342 .. 0.94
   6 !  221.3  14.6   4.9e-68   8.6e-67     159     356 .]  149338  149536 ..  149336  149536 .. 0.97
   7 !   30.8   4.2     4e-10     7e-09       1      35 [.  150018  150052 ..  150018  150055 .. 0.96
   8 !  195.1  18.4   4.2e-60   7.5e-59     153     356 .]  150043  150244 ..  150043  150244 .. 0.96
   9 !   78.7  10.6   1.1e-24   1.9e-23     170     315 ..  685751  685891 ..  685741  685924 .. 0.94

>> NC_007795.1_frame=1  Staphylococcus aureus subsp. aureus NCTC 8325 chromosome, complete genome
   #    score  bias  c-Evalue  i-Evalue hmmfrom  hmm to    alifrom  ali to    envfrom  env to     acc
 ---   ------ ----- --------- --------- ------- -------    ------- -------    ------- -------    ----
   1 !   38.1   2.1   2.3e-12     4e-11       1      39 [.  129432  129470 ..  129432  129472 .. 0.96
   2 !  200.4  16.9     1e-61   1.8e-60     164     356 .]  129465  129657 ..  129463  129657 .. 0.95
   3 !   33.3   0.8   6.8e-11   1.2e-09       1      33 [.  129754  129786 ..  129754  129789 .. 0.97
   4 !  238.2  17.7   3.6e-73   6.3e-72     162     355 ..  129788  129981 ..  129785  129982 .. 0.98
   5 !  472.9  18.2  1.5e-144  2.7e-143       1     356 []  130561  130868 ..  130561  130868 .. 0.99
   6 !   34.5   4.9     3e-11   5.3e-10       1      37 [.  130991  131027 ..  130991  131029 .. 0.94
   7 !  217.9  15.9   5.2e-67   9.2e-66     156     356 .]  131022  131224 ..  131021  131224 .. 0.96
   8 !   31.9   3.4   1.8e-10   3.1e-09       1      33 [.  132452  132484 ..  132452  132487 .. 0.96
   9 !  215.6  15.4   2.5e-66   4.4e-65     160     355 ..  132486  132682 ..  132483  132683 .. 0.96
  10 !   35.2   4.2   1.8e-11   3.1e-10       1      35 [.  134170  134204 ..  134170  134210 .. 0.91
  11 !  218.7  14.8   2.9e-67   5.2e-66     165     355 ..  134206  134394 ..  134202  134394 .. 0.96

>> NZ_CP132371.1_frame=3  Staphylococcus aureus strain UNC_SA38 chromosome, complete genome
   #    score  bias  c-Evalue  i-Evalue hmmfrom  hmm to    alifrom  ali to    envfrom  env to     acc
 ---   ------ ----- --------- --------- ------- -------    ------- -------    ------- -------    ----
   1 !  580.0  29.1  4.3e-177  7.7e-176       1     356 []  889780  890135 ..  889780  890135 .. 1.00
   2 !  421.3  27.6  7.7e-129  1.4e-127       1     356 []  890258  890549 ..  890258  890549 .. 0.97
   3 !   33.7   4.1     5e-11   8.8e-10       1      38 [.  890672  890709 ..  890672  890713 .. 0.92
   4 !  217.1  15.1   8.9e-67   1.6e-65     156     356 .]  890703  890905 ..  890702  890905 .. 0.96
   5 !   31.8   1.4   1.9e-10   3.4e-09       1      35 [.  891400  891434 ..  891400  891437 .. 0.94
   6 !  221.3  14.6   4.6e-68   8.1e-67     159     356 .]  891433  891631 ..  891431  891631 .. 0.97
   7 !   30.8   4.2   3.8e-10   6.6e-09       1      35 [.  892113  892147 ..  892113  892150 .. 0.96
   8 !  195.2  18.4     4e-60   7.1e-59     153     356 .]  892138  892339 ..  892138  892339 .. 0.96

>> NZ_CP011877.1_frame=-2  Staphylococcus aureus strain 12S01032 chromosome, complete genome
   #    score  bias  c-Evalue  i-Evalue hmmfrom  hmm to    alifrom  ali to    envfrom  env to     acc
 ---   ------ ----- --------- --------- ------- -------    ------- -------    ------- -------    ----
   1 !   38.0   2.4   2.5e-12   4.4e-11       1      39 [.  757121  757159 ..  757121  757161 .. 0.96
   2 !  205.4  19.9   3.3e-63   5.8e-62     163     356 .]  757153  757346 ..  757152  757346 .. 0.96
   3 !  471.4  16.5  4.5e-144    8e-143       1     355 [.  758231  758544 ..  758231  758545 .. 0.99
   4 !   37.7   3.8   3.2e-12   5.6e-11       1      37 [.  758669  758705 ..  758669  758708 .. 0.95
   5 !  218.3  15.5   3.8e-67   6.7e-66     158     356 .]  758702  758902 ..  758700  758902 .. 0.96
   6 !   32.1   5.8   1.5e-10   2.7e-09       1      33 [.  759398  759430 ..  759398  759433 .. 0.96
   7 !  207.4  17.0   7.8e-64   1.4e-62     158     355 ..  759430  759628 ..  759428  759629 .. 0.97
   8 !   24.8   6.0   2.6e-08   4.6e-07       1      36 [.  759753  759788 ..  759753  759794 .. 0.90
   9 !  196.9  14.5   1.3e-60   2.2e-59     158     356 .]  759783  759979 ..  759783  759979 .. 0.94
  10 !   35.3   4.2   1.7e-11     3e-10       1      35 [.  761111  761145 ..  761111  761151 .. 0.91
  11 !  219.9  11.3   1.3e-67   2.3e-66     165     355 ..  761147  761336 ..  761143  761336 .. 0.96

>> NZ_CP113052.1_frame=2  Staphylococcus aureus strain Fizz chromosome, complete genome
   #    score  bias  c-Evalue  i-Evalue hmmfrom  hmm to    alifrom  ali to    envfrom  env to     acc
 ---   ------ ----- --------- --------- ------- -------    ------- -------    ------- -------    ----
   1 !   38.2   2.1   2.2e-12   3.9e-11       1      39 [.  460383  460421 ..  460383  460423 .. 0.96
   2 !  200.5  16.9     1e-61   1.8e-60     164     356 .]  460416  460608 ..  460414  460608 .. 0.95
   3 !   33.3   0.8   6.5e-11   1.1e-09       1      33 [.  460705  460737 ..  460705  460740 .. 0.97
   4 !  238.2  17.7   3.4e-73   6.1e-72     162     355 ..  460739  460932 ..  460736  460933 .. 0.98
   5 !  488.4  19.4    3e-149  5.3e-148       1     356 []  461508  461832 ..  461508  461832 .. 0.97
   6 !   34.5   4.9   2.9e-11   5.1e-10       1      37 [.  461955  461991 ..  461955  461993 .. 0.94
   7 !  217.9  15.9   5.1e-67   8.9e-66     156     356 .]  461986  462188 ..  461985  462188 .. 0.96
   8 !   32.0   3.4   1.7e-10     3e-09       1      33 [.  463416  463448 ..  463416  463451 .. 0.96
   9 !  215.7  15.4   2.4e-66   4.2e-65     160     355 ..  463450  463646 ..  463447  463647 .. 0.96
  10 !   35.3   4.0   1.6e-11   2.9e-10       1      35 [.  465134  465168 ..  465134  465173 .. 0.92
  11 !   42.8   0.9   8.6e-14   1.5e-12     165     241 ..  465170  465240 ..  465166  465244 .. 0.92

>> NZ_LR134090.1_frame=1  Staphylococcus aureus strain NCTC9555 chromosome 1, complete sequence
   #    score  bias  c-Evalue  i-Evalue hmmfrom  hmm to    alifrom  ali to    envfrom  env to     acc
 ---   ------ ----- --------- --------- ------- -------    ------- -------    ------- -------    ----
   1 !  575.9  30.4  7.7e-176  1.4e-174       1     356 []  150420  150775 ..  150420  150775 .. 1.00
   2 !   29.9   5.2   7.5e-10   1.3e-08       1      34 [.  151712  151745 ..  151712  151748 .. 0.94
   3 !  215.5  20.5   2.8e-66     5e-65     160     355 ..  151743  151939 ..  151741  151940 .. 0.97
   4 !   29.2   1.4   1.2e-09   2.2e-08       1      35 [.  152430  152464 ..  152430  152467 .. 0.94
   5 !  219.7  14.1   1.5e-67   2.6e-66     159     356 .]  152463  152661 ..  152461  152661 .. 0.97
   6 !   35.5   4.3   1.4e-11   2.5e-10       1      36 [.  154501  154536 ..  154501  154541 .. 0.92
   7 !  198.0  21.3   5.9e-61     1e-59     165     355 ..  154537  154727 ..  154534  154727 .. 0.94
   8 !  158.2   3.9   7.4e-49   1.3e-47     142     355 ..  594913  595129 ..  594904  595130 .. 0.93
   9 !  158.4   7.3   6.4e-49   1.1e-47     147     355 ..  595190  595403 ..  595172  595404 .. 0.91

>> NC_002953.3_frame=3  Staphylococcus aureus subsp. aureus MSSA476, complete sequence
   #    score  bias  c-Evalue  i-Evalue hmmfrom  hmm to    alifrom  ali to    envfrom  env to     acc
 ---   ------ ----- --------- --------- ------- -------    ------- -------    ------- -------    ----
   1 !  101.3  14.2   1.4e-31   2.5e-30     218     355 ..   20164   20311 ..   20127   20312 .. 0.94
   2 !   39.1   2.3   1.1e-12     2e-11       1      40 [.  142630  142669 ..  142630  142670 .. 0.96
   3 !  209.3  14.4   2.1e-64   3.8e-63     162     356 .]  142661  142855 ..  142660  142855 .. 0.96
   4 !   29.5   0.6   9.9e-10   1.8e-08       1      33 [.  142952  142984 ..  142952  142987 .. 0.97
   5 !  238.0  16.7   3.9e-73   6.9e-72     162     355 ..  142986  143179 ..  142983  143180 .. 0.98
   6 !  459.0  18.2  2.5e-140  4.4e-139       1     356 []  143759  144073 ..  143759  144073 .. 0.96
   7 !   33.7   4.1   5.1e-11     9e-10       1      38 [.  144196  144233 ..  144196  144237 .. 0.92
   8 !  216.5  15.4   1.4e-66   2.4e-65     156     356 .]  144227  144429 ..  144226  144429 .. 0.96
   9 !   35.5   3.5   1.4e-11   2.5e-10       1      35 [.  147395  147429 ..  147395  147435 .. 0.93
  10 !  210.9  16.0   7.1e-65   1.3e-63     159     355 ..  147427  147624 ..  147425  147624 .. 0.93
  11 !   86.8  11.3   3.6e-27   6.4e-26     162     312 ..  688736  688880 ..  688729  688890 .. 0.89

>> NZ_LR134090.1_frame=2  Staphylococcus aureus strain NCTC9555 chromosome 1, complete sequence
   #    score  bias  c-Evalue  i-Evalue hmmfrom  hmm to    alifrom  ali to    envfrom  env to     acc
 ---   ------ ----- --------- --------- ------- -------    ------- -------    ------- -------    ----
   1 !   70.1   3.0   4.4e-22   7.8e-21     278     355 ..  136394  136472 ..  136372  136473 .. 0.92
   2 !   33.4   0.7   6.4e-11   1.1e-09       1      33 [.  150091  150123 ..  150091  150126 .. 0.97
   3 !  236.7  16.1     1e-72   1.8e-71     162     355 ..  150125  150318 ..  150122  150319 .. 0.98
   4 !  462.5  21.0  2.2e-141  3.8e-140       1     356 []  150898  151210 ..  150898  151210 .. 0.98
   5 !   38.4   4.4   1.8e-12   3.2e-11       1      37 [.  151333  151369 ..  151333  151372 .. 0.94
   6 !  207.6  17.2   6.8e-64   1.2e-62     159     355 ..  151367  151565 ..  151365  151566 .. 0.94
   7 !   31.9   3.9   1.8e-10   3.2e-09       2      36 ..  152085  152119 ..  152084  152122 .. 0.94
   8 !  201.4  13.8   5.2e-62   9.2e-61     157     355 ..  152115  152311 ..  152114  152312 .. 0.98
   9 !   35.4   3.1   1.6e-11   2.8e-10       1      40 [.  153143  153182 ..  153143  153184 .. 0.97
  10 !  186.8  17.7   1.5e-57   2.6e-56     164     356 .]  153178  153367 ..  153175  153367 .. 0.94
  11 ?    2.8   0.8      0.13       2.2       1      46 [.  319371  319414 ..  319371  319442 .. 0.75
  12 !   73.2  10.8     5e-23   8.8e-22     221     332 ..  434040  434159 ..  433988  434180 .. 0.87

>> NZ_CP029678.1_frame=1  Staphylococcus aureus strain AR_0216 chromosome, complete genome
   #    score  bias  c-Evalue  i-Evalue hmmfrom  hmm to    alifrom  ali to    envfrom  env to     acc
 ---   ------ ----- --------- --------- ------- -------    ------- -------    ------- -------    ----
   1 !   38.1   2.1   2.4e-12   4.1e-11       1      39 [.  148323  148361 ..  148323  148363 .. 0.96
   2 !  200.4  16.9   1.1e-61   1.9e-60     164     356 .]  148356  148548 ..  148354  148548 .. 0.95
   3 !   33.3   0.8   6.9e-11   1.2e-09       1      33 [.  148645  148677 ..  148645  148680 .. 0.97
   4 !  238.1  17.7   3.7e-73   6.4e-72     162     355 ..  148679  148872 ..  148676  148873 .. 0.98
   5 !  474.2  17.9  6.2e-145  1.1e-143       1     356 []  149448  149755 ..  149448  149755 .. 0.99
   6 !   34.4   4.9   3.1e-11   5.4e-10       1      37 [.  149878  149914 ..  149878  149916 .. 0.94
   7 !  217.8  15.9   5.4e-67   9.5e-66     156     356 .]  149909  150111 ..  149908  150111 .. 0.96
   8 !   31.9   3.4   1.8e-10   3.2e-09       1      33 [.  151339  151371 ..  151339  151374 .. 0.96
   9 !  215.6  15.4   2.6e-66   4.5e-65     160     355 ..  151373  151569 ..  151370  151570 .. 0.96
  10 !   35.2   4.0   1.7e-11   3.1e-10       1      35 [.  153057  153091 ..  153057  153096 .. 0.92
  11 !   42.7   0.9   9.1e-14   1.6e-12     165     241 ..  153093  153163 ..  153089  153167 .. 0.92

>> NZ_CP136528.1_frame=1  Staphylococcus aureus strain BAA-1556_Catania chromosome, complete genome
   #    score  bias  c-Evalue  i-Evalue hmmfrom  hmm to    alifrom  ali to    envfrom  env to     acc
 ---   ------ ----- --------- --------- ------- -------    ------- -------    ------- -------    ----
   1 !   38.2   2.1   2.2e-12   3.9e-11       1      39 [.  148906  148944 ..  148906  148946 .. 0.96
   2 !  200.5  16.9     1e-61   1.8e-60     164     356 .]  148939  149131 ..  148937  149131 .. 0.95
   3 !   33.3   0.8   6.5e-11   1.2e-09       1      33 [.  149228  149260 ..  149228  149263 .. 0.97
   4 !  238.2  17.7   3.4e-73   6.1e-72     162     355 ..  149262  149455 ..  149259  149456 .. 0.98
   5 !  474.3  17.9  5.9e-145    1e-143       1     356 []  150031  150338 ..  150031  150338 .. 0.99
   6 !   34.5   4.9   2.9e-11   5.1e-10       1      37 [.  150461  150497 ..  150461  150499 .. 0.94
   7 !  217.9  15.9   5.1e-67   8.9e-66     156     356 .]  150492  150694 ..  150491  150694 .. 0.96
   8 !   32.0   3.4   1.7e-10     3e-09       1      33 [.  151922  151954 ..  151922  151957 .. 0.96
   9 !  215.7  15.4   2.4e-66   4.2e-65     160     355 ..  151956  152152 ..  151953  152153 .. 0.96
  10 !   35.3   4.0   1.6e-11   2.9e-10       1      35 [.  153640  153674 ..  153640  153679 .. 0.92
  11 !   42.8   0.9   8.6e-14   1.5e-12     165     241 ..  153676  153746 ..  153672  153750 .. 0.92
  12 ?   -2.0   0.8       3.7        65       1      95 [.  782770  782861 ..  782770  782909 .. 0.51

>> NC_002952.2_frame=1  Staphylococcus aureus subsp. aureus MRSA252, complete sequence
   #    score  bias  c-Evalue  i-Evalue hmmfrom  hmm to    alifrom  ali to    envfrom  env to     acc
 ---   ------ ----- --------- --------- ------- -------    ------- -------    ------- -------    ----
   1 !   38.1   2.4   2.3e-12     4e-11       1      40 [.  150854  150893 ..  150854  150894 .. 0.96
   2 !  205.0  14.4   4.2e-63   7.5e-62     163     356 .]  150886  151079 ..  150885  151079 .. 0.95
   3 !   35.7   0.2   1.2e-11   2.2e-10       1      35 [.  151175  151209 ..  151175  151212 .. 0.95
   4 !  237.2  12.8   7.1e-73   1.2e-71     160     356 .]  151207  151405 ..  151205  151405 .. 0.98
   5 !  435.8  14.9  2.8e-133    5e-132       1     356 []  151964  152267 ..  151964  152267 .. 0.96
   6 !   37.6   3.8   3.3e-12   5.8e-11       1      37 [.  152391  152427 ..  152391  152430 .. 0.95
   7 !  218.6  15.8   3.1e-67   5.5e-66     158     356 .]  152424  152624 ..  152422  152624 .. 0.96
   8 !   32.1   5.8   1.6e-10   2.8e-09       1      33 [.  153120  153152 ..  153120  153155 .. 0.96
   9 !  209.5  16.5   1.9e-64   3.3e-63     158     355 ..  153152  153350 ..  153150  153351 .. 0.97

>> NC_017338.2_frame=2  Staphylococcus aureus subsp. aureus JKD6159, complete sequence
   #    score  bias  c-Evalue  i-Evalue hmmfrom  hmm to    alifrom  ali to    envfrom  env to     acc
 ---   ------ ----- --------- --------- ------- -------    ------- -------    ------- -------    ----
   1 !   40.3   3.4     5e-13   8.8e-12       1      39 [.  141984  142022 ..  141984  142024 .. 0.96
   2 !  212.1  16.0     3e-65   5.2e-64     165     356 .]  142018  142209 ..  142016  142209 .. 0.96
   3 !   35.9   0.5   1.1e-11     2e-10       1      33 [.  142295  142327 ..  142295  142330 .. 0.97
   4 !  237.3  15.9   6.3e-73   1.1e-71     162     355 ..  142329  142522 ..  142326  142523 .. 0.98
   5 !  437.9  19.6  6.8e-134  1.2e-132       1     356 []  143024  143333 ..  143024  143333 .. 0.95
   6 !  207.6  15.9   7.1e-64   1.3e-62     168     355 ..  144946  145134 ..  144944  145135 .. 0.96
   7 !   30.6   5.3   4.5e-10   7.9e-09       1      36 [.  145256  145291 ..  145256  145294 .. 0.95
   8 !  205.7  16.7   2.6e-63   4.6e-62     153     356 .]  145281  145482 ..  145281  145482 .. 0.95

>> NC_017763.1_frame=3  Staphylococcus aureus subsp. aureus HO 5096 0412, complete sequence
   #    score  bias  c-Evalue  i-Evalue hmmfrom  hmm to    alifrom  ali to    envfrom  env to     acc
 ---   ------ ----- --------- --------- ------- -------    ------- -------    ------- -------    ----
   1 !   75.1   2.2   1.3e-23   2.3e-22     276     355 ..  129690  129770 ..  129669  129771 .. 0.91
   2 !  506.3  22.7  1.1e-154  1.9e-153       1     356 []  139207  139547 ..  139207  139547 .. 0.98
   3 !   33.3   3.2   6.6e-11   1.2e-09       1      38 [.  139671  139708 ..  139671  139712 .. 0.91
   4 !  214.6  14.7   5.1e-66     9e-65     156     356 .]  139702  139904 ..  139701  139904 .. 0.96
   5 !   32.3   4.6   1.3e-10   2.3e-09       1      35 [.  140055  140089 ..  140055  140091 .. 0.96
   6 !  202.8  13.0     2e-62   3.6e-61     157     355 ..  140086  140282 ..  140084  140283 .. 0.97
   7 !   35.3   4.0   1.7e-11     3e-10       1      35 [.  142143  142177 ..  142143  142182 .. 0.92
   8 !  192.4  20.3   2.8e-59   4.9e-58     165     355 ..  142179  142369 ..  142174  142370 .. 0.95
   9 ?   -1.9   2.5       3.5        61       1      61 [.  629678  629741 ..  629678  629775 .. 0.43
  10 ?   -2.1   1.0       3.9        69       1     105 [.  767719  767820 ..  767719  767857 .. 0.52

>> NC_002745.2_frame=3  Staphylococcus aureus subsp. aureus N315, complete sequence
   #    score  bias  c-Evalue  i-Evalue hmmfrom  hmm to    alifrom  ali to    envfrom  env to     acc
 ---   ------ ----- --------- --------- ------- -------    ------- -------    ------- -------    ----
   1 !   39.0   2.3   1.2e-12   2.2e-11       1      39 [.  147034  147072 ..  147034  147074 .. 0.96
   2 !  209.8  16.7   1.5e-64   2.6e-63     163     356 .]  147066  147259 ..  147065  147259 .. 0.96
   3 !   33.4   0.7   6.5e-11   1.1e-09       1      33 [.  147356  147388 ..  147356  147391 .. 0.97
   4 !  236.6  16.1     1e-72   1.8e-71     162     355 ..  147390  147583 ..  147387  147584 .. 0.98
   5 !   36.0   3.6   9.9e-12   1.8e-10       1      36 [.  148960  148995 ..  148960  148998 .. 0.95
   6 !  203.9  18.4   9.4e-63   1.7e-61     157     355 ..  148991  149187 ..  148990  149188 .. 0.98
   7 !   28.5   3.6     2e-09   3.5e-08       1      33 [.  149663  149695 ..  149663  149698 .. 0.96
   8 !  215.8  16.0   2.1e-66   3.8e-65     160     355 ..  149697  149893 ..  149694  149894 .. 0.96
   9 !   34.9   4.1   2.3e-11     4e-10       1      34 [.  151381  151414 ..  151381  151418 .. 0.94
  10 !  205.1  15.8   3.9e-63   6.8e-62     165     355 ..  151417  151607 ..  151413  151607 .. 0.95
  11 ?    5.1   0.9     0.025      0.43       1      46 [.  317993  318036 ..  317993  318064 .. 0.76
  12 ?   -2.0   1.3       3.5        62       1     106 [.  759419  759521 ..  759419  759557 .. 0.52

>> NZ_CP132371.1_frame=1  Staphylococcus aureus strain UNC_SA38 chromosome, complete genome
   #    score  bias  c-Evalue  i-Evalue hmmfrom  hmm to    alifrom  ali to    envfrom  env to     acc
 ---   ------ ----- --------- --------- ------- -------    ------- -------    ------- -------    ----
   1 ?   -1.9   1.3       3.3        59       1     106 [.  568978  569080 ..  568978  569116 .. 0.52
   2 !   75.3   2.7   1.2e-23     2e-22     277     355 ..  881103  881182 ..  881082  881183 .. 0.91
   3 !   39.1   2.3   1.2e-12   2.1e-11       1      39 [.  889130  889168 ..  889130  889170 .. 0.96
   4 !  209.9  16.7   1.4e-64   2.5e-63     163     356 .]  889162  889355 ..  889161  889355 .. 0.96
   5 !   33.4   0.7   6.1e-11   1.1e-09       1      33 [.  889452  889484 ..  889452  889487 .. 0.97
   6 !  236.7  16.1   9.8e-73   1.7e-71     162     355 ..  889486  889679 ..  889483  889680 .. 0.98
   7 !   36.1   3.6   9.4e-12   1.7e-10       1      36 [.  891056  891091 ..  891056  891094 .. 0.95
   8 !  203.9  18.4   8.9e-63   1.6e-61     157     355 ..  891087  891283 ..  891086  891284 .. 0.98
   9 !   28.5   3.6   1.9e-09   3.3e-08       1      33 [.  891759  891791 ..  891759  891794 .. 0.96
  10 !  215.9  16.0     2e-66   3.6e-65     160     355 ..  891793  891989 ..  891790  891990 .. 0.96
  11 !   34.9   4.1   2.1e-11   3.8e-10       1      34 [.  893477  893510 ..  893477  893514 .. 0.94
  12 !  205.2  15.8   3.7e-63   6.5e-62     165     355 ..  893513  893703 ..  893509  893703 .. 0.95

>> NC_007795.1_frame=3  Staphylococcus aureus subsp. aureus NCTC 8325 chromosome, complete genome
   #    score  bias  c-Evalue  i-Evalue hmmfrom  hmm to    alifrom  ali to    envfrom  env to     acc
 ---   ------ ----- --------- --------- ------- -------    ------- -------    ------- -------    ----
   1 !   75.8   2.1   8.1e-24   1.4e-22     276     355 ..  121410  121490 ..  121390  121491 .. 0.91
   2 !  587.3  29.7  2.6e-179  4.6e-178       1     356 []  130082  130437 ..  130082  130437 .. 1.00
   3 !   30.6   1.2   4.6e-10   8.1e-09       1      35 [.  132092  132126 ..  132092  132129 .. 0.94
   4 !  221.2  14.6   4.9e-68   8.7e-67     159     356 .]  132125  132323 ..  132123  132323 .. 0.97
   5 !   30.8   4.2     4e-10   7.1e-09       1      35 [.  132806  132840 ..  132806  132843 .. 0.96
   6 !  195.1  18.4   4.3e-60   7.6e-59     153     356 .]  132831  133032 ..  132831  133032 .. 0.96
   7 ?    1.8   0.7      0.25       4.4       1      46 [.  296658  296701 ..  296658  296728 .. 0.75
   8 ?   -2.1   0.8       3.8        67       1      95 [.  763178  763269 ..  763178  763317 .. 0.51

>> NZ_CP113052.1_frame=1  Staphylococcus aureus strain Fizz chromosome, complete genome
   #    score  bias  c-Evalue  i-Evalue hmmfrom  hmm to    alifrom  ali to    envfrom  env to     acc
 ---   ------ ----- --------- --------- ------- -------    ------- -------    ------- -------    ----
   1 ?   -2.0   0.8       3.7        65       1      95 [.  135253  135344 ..  135253  135392 .. 0.51
   2 !   75.8   2.1   7.8e-24   1.4e-22     276     355 ..  452362  452442 ..  452342  452443 .. 0.91
   3 !  567.5  30.1  2.7e-173  4.7e-172       1     356 []  461034  461385 ..  461034  461385 .. 1.00
   4 !   30.6   1.2   4.4e-10   7.8e-09       1      35 [.  463057  463091 ..  463057  463094 .. 0.94
   5 !  221.3  14.6   4.7e-68   8.4e-67     159     356 .]  463090  463288 ..  463088  463288 .. 0.97
   6 !   30.8   4.2   3.9e-10   6.8e-09       1      35 [.  463771  463805 ..  463771  463808 .. 0.96
   7 !  195.2  18.4   4.1e-60   7.3e-59     153     356 .]  463796  463997 ..  463796  463997 .. 0.96

>> NZ_CP136528.1_frame=3  Staphylococcus aureus strain BAA-1556_Catania chromosome, complete genome
   #    score  bias  c-Evalue  i-Evalue hmmfrom  hmm to    alifrom  ali to    envfrom  env to     acc
 ---   ------ ----- --------- --------- ------- -------    ------- -------    ------- -------    ----
   1 !   75.8   2.1   7.8e-24   1.4e-22     276     355 ..  140884  140964 ..  140864  140965 .. 0.91
   2 !  567.5  30.1  2.7e-173  4.7e-172       1     356 []  149556  149907 ..  149556  149907 .. 1.00
   3 !   30.6   1.2   4.4e-10   7.8e-09       1      35 [.  151562  151596 ..  151562  151599 .. 0.94
   4 !  221.3  14.6   4.8e-68   8.4e-67     159     356 .]  151595  151793 ..  151593  151793 .. 0.97
   5 !   30.8   4.2   3.9e-10   6.8e-09       1      35 [.  152276  152310 ..  152276  152313 .. 0.96
   6 !  195.2  18.4   4.1e-60   7.3e-59     153     356 .]  152301  152502 ..  152301  152502 .. 0.96

>> NZ_CP029678.1_frame=3  Staphylococcus aureus strain AR_0216 chromosome, complete genome
   #    score  bias  c-Evalue  i-Evalue hmmfrom  hmm to    alifrom  ali to    envfrom  env to     acc
 ---   ------ ----- --------- --------- ------- -------    ------- -------    ------- -------    ----
   1 !   75.8   2.1   8.3e-24   1.5e-22     276     355 ..  140301  140381 ..  140281  140382 .. 0.91
   2 !  567.4  30.1  2.8e-173    5e-172       1     356 []  148973  149324 ..  148973  149324 .. 1.00
   3 !   30.5   1.2   4.7e-10   8.3e-09       1      35 [.  150979  151013 ..  150979  151016 .. 0.94
   4 !  221.2  14.6     5e-68   8.9e-67     159     356 .]  151012  151210 ..  151010  151210 .. 0.97
   5 !   30.7   4.2   4.1e-10   7.2e-09       1      35 [.  151693  151727 ..  151693  151730 .. 0.96
   6 !  195.1  18.4   4.4e-60   7.8e-59     153     356 .]  151718  151919 ..  151718  151919 .. 0.96
   7 ?   -2.1   0.8       3.9        69       1      95 [.  796838  796929 ..  796838  796977 .. 0.51

>> NC_002953.3_frame=2  Staphylococcus aureus subsp. aureus MSSA476, complete sequence
   #    score  bias  c-Evalue  i-Evalue hmmfrom  hmm to    alifrom  ali to    envfrom  env to     acc
 ---   ------ ----- --------- --------- ------- -------    ------- -------    ------- -------    ----
   1 !    9.9   4.6   0.00091     0.016     258     328 ..   20463   20532 ..   20460   20551 .. 0.81
   2 !   76.1   1.9   6.4e-24   1.1e-22     276     355 ..  131294  131374 ..  131272  131375 .. 0.90
   3 !  578.3  30.7  1.4e-176  2.4e-175       1     356 []  143281  143636 ..  143281  143636 .. 1.00
   4 !   30.4   4.3     5e-10   8.8e-09       2      36 ..  144954  144988 ..  144953  144991 .. 0.94
   5 !  203.5  14.7   1.2e-62   2.1e-61     157     355 ..  144984  145180 ..  144983  145181 .. 0.98
   6 !   30.5   4.9   4.6e-10   8.2e-09       1      35 [.  146009  146043 ..  146009  146046 .. 0.96
   7 !  195.2  18.4   4.2e-60   7.3e-59     153     356 .]  146034  146235 ..  146034  146235 .. 0.96
   8 ?    1.9   0.7      0.24       4.3       1      46 [.  312639  312682 ..  312639  312709 .. 0.75

>> NC_017338.2_frame=3  Staphylococcus aureus subsp. aureus JKD6159, complete sequence
   #    score  bias  c-Evalue  i-Evalue hmmfrom  hmm to    alifrom  ali to    envfrom  env to     acc
 ---   ------ ----- --------- --------- ------- -------    ------- -------    ------- -------    ----
   1 !   72.0   3.5   1.2e-22     2e-21     222     330 ..   25735   25861 ..   25674   25871 .. 0.88
   2 !   37.0   4.2   5.1e-12     9e-11       1      40 [.  143456  143495 ..  143456  143499 .. 0.92
   3 !  218.8  15.1   2.7e-67   4.8e-66     158     356 .]  143489  143689 ..  143487  143689 .. 0.96
   4 !   35.3   4.6   1.6e-11   2.9e-10       1      36 [.  144208  144243 ..  144208  144246 .. 0.94
   5 !  205.2  16.1   3.8e-63   6.8e-62     157     355 ..  144239  144435 ..  144238  144436 .. 0.98
   6 !   30.6   4.9   4.3e-10   7.6e-09       1      35 [.  144550  144584 ..  144550  144588 .. 0.93
   7 !  216.3  16.4   1.6e-66   2.8e-65     158     356 .]  144582  144781 ..  144580  144781 .. 0.97
   8 !   37.3   1.8   4.2e-12   7.4e-11       1      35 [.  144908  144942 ..  144908  144957 .. 0.90
   9 !   35.9   3.5   1.1e-11   1.9e-10       1      37 [.  146658  146694 ..  146658  146700 .. 0.91
  10 !  208.5  19.0   3.6e-64   6.4e-63     159     355 ..  146690  146887 ..  146688  146888 .. 0.94
  11 ?   -0.2   1.6         1        18       1      73 [.  628600  628675 ..  628600  628707 .. 0.52

>> NC_002952.2_frame=3  Staphylococcus aureus subsp. aureus MRSA252, complete sequence
   #    score  bias  c-Evalue  i-Evalue hmmfrom  hmm to    alifrom  ali to    envfrom  env to     acc
 ---   ------ ----- --------- --------- ------- -------    ------- -------    ------- -------    ----
   1 !  498.8  22.4    2e-152  3.6e-151       1     356 []  151504  151844 ..  151504  151844 .. 0.99
   2 !   32.4   4.1   1.2e-10   2.2e-09       1      35 [.  152774  152808 ..  152774  152810 .. 0.96
   3 !  200.7  12.4   8.7e-62   1.5e-60     157     355 ..  152805  153001 ..  152803  153002 .. 0.98
   4 !   28.4   6.0   2.1e-09   3.8e-08       1      36 [.  153473  153508 ..  153473  153512 .. 0.94
   5 !  207.6  14.6   6.9e-64   1.2e-62     153     356 .]  153498  153699 ..  153498  153699 .. 0.95

>> NZ_CP011877.1_frame=-1  Staphylococcus aureus strain 12S01032 chromosome, complete genome
   #    score  bias  c-Evalue  i-Evalue hmmfrom  hmm to    alifrom  ali to    envfrom  env to     acc
 ---   ------ ----- --------- --------- ------- -------    ------- -------    ------- -------    ----
   1 ?   -1.6   0.7       2.7        47       1      48 [.  287559  287607 ..  287559  287649 .. 0.60
   2 !   75.5   1.9   9.8e-24   1.7e-22     278     355 ..  748642  748720 ..  748633  748721 .. 0.94
   3 !  504.3  22.3  4.4e-154  7.8e-153       1     356 []  757772  758112 ..  757772  758112 .. 0.99
   4 !   32.6   4.9   1.1e-10     2e-09       1      36 [.  759053  759088 ..  759053  759091 .. 0.94
   5 !  201.4  13.9   5.5e-62   9.6e-61     157     355 ..  759084  759280 ..  759082  759281 .. 0.97
   6 ?    2.4   0.6      0.17       2.9       1      46 [.  934164  934207 ..  934164  934234 .. 0.73

>> NC_002953.3_frame=1  Staphylococcus aureus subsp. aureus MSSA476, complete sequence
   #    score  bias  c-Evalue  i-Evalue hmmfrom  hmm to    alifrom  ali to    envfrom  env to     acc
 ---   ------ ----- --------- --------- ------- -------    ------- -------    ------- -------    ----
   1 ?   -1.6   0.3       2.7        48     224     262 ..   20423   20466 ..   20418   20469 .. 0.85
   2 !   29.5   4.8   9.7e-10   1.7e-08       1      34 [.  144580  144613 ..  144580  144616 .. 0.94
   3 !  208.9  18.3   2.7e-64   4.8e-63     160     355 ..  144611  144808 ..  144610  144809 .. 0.96
   4 !   31.7   1.4     2e-10   3.5e-09       1      35 [.  145298  145332 ..  145298  145335 .. 0.94
   5 !  220.4  14.1   9.2e-68   1.6e-66     159     356 .]  145331  145529 ..  145329  145529 .. 0.97
   6 !   31.3   2.8   2.7e-10   4.7e-09       1      33 [.  145657  145689 ..  145657  145692 .. 0.96
   7 !  215.9  14.0     2e-66   3.6e-65     160     355 ..  145691  145887 ..  145688  145888 .. 0.96
   8 !   80.7  12.0   2.6e-25   4.5e-24     168     315 ..  688493  688636 ..  688482  688667 .. 0.90
   9 ?   -1.9   1.3       3.4        61       1     106 [.  758716  758818 ..  758716  758854 .. 0.52

>> NC_017338.2_frame=1  Staphylococcus aureus subsp. aureus JKD6159, complete sequence
   #    score  bias  c-Evalue  i-Evalue hmmfrom  hmm to    alifrom  ali to    envfrom  env to     acc
 ---   ------ ----- --------- --------- ------- -------    ------- -------    ------- -------    ----
   1 !   75.5   2.9   9.9e-24   1.7e-22     277     355 ..  132373  132452 ..  132352  132453 .. 0.91
   2 !   41.4   7.2   2.3e-13   4.1e-12       1      51 [.  142623  142671 ..  142623  142676 .. 0.95
   3 !  360.8  14.1  1.9e-110  3.4e-109     127     356 .]  142674  142903 ..  142670  142903 .. 0.98
   4 !   32.4   5.7   1.2e-10   2.2e-09       1      34 [.  143840  143873 ..  143840  143876 .. 0.94
   5 !  216.7  22.0   1.2e-66   2.1e-65     160     355 ..  143871  144067 ..  143869  144068 .. 0.97
   6 ?    2.8   0.8      0.13       2.3       1      46 [.  312095  312138 ..  312095  312166 .. 0.75
   7 ?   -1.9   1.4       3.3        59       1     108 [.  764443  764547 ..  764443  764582 .. 0.53

>> NC_017763.1_frame=1  Staphylococcus aureus subsp. aureus HO 5096 0412, complete sequence
   #    score  bias  c-Evalue  i-Evalue hmmfrom  hmm to    alifrom  ali to    envfrom  env to     acc
 ---   ------ ----- --------- --------- ------- -------    ------- -------    ------- -------    ----
   1 !   38.5   2.0   1.8e-12   3.2e-11       1      40 [.  138556  138595 ..  138556  138596 .. 0.96
   2 !  200.5  13.3     1e-61   1.8e-60     163     356 .]  138588  138781 ..  138587  138781 .. 0.96
   3 !   28.5   3.5   1.9e-09   3.3e-08       1      33 [.  140401  140433 ..  140401  140436 .. 0.96
   4 !  210.4  12.1   9.8e-65   1.7e-63     160     355 ..  140435  140631 ..  140432  140632 .. 0.96
   5 !   27.5   6.1   3.9e-09   6.8e-08       1      36 [.  140756  140791 ..  140756  140794 .. 0.95
   6 !  205.1  15.3     4e-63     7e-62     153     356 .]  140781  140982 ..  140780  140982 .. 0.94
   7 ?    4.2   0.9     0.047      0.84       1      48 [.  306593  306636 ..  306593  306666 .. 0.76

>> NZ_CP136528.1_frame=2  Staphylococcus aureus strain BAA-1556_Catania chromosome, complete genome
   #    score  bias  c-Evalue  i-Evalue hmmfrom  hmm to    alifrom  ali to    envfrom  env to     acc
 ---   ------ ----- --------- --------- ------- -------    ------- -------    ------- -------    ----
   1 !   29.9   5.2   7.4e-10   1.3e-08       1      34 [.  150844  150877 ..  150844  150880 .. 0.94
   2 !  216.2  21.5   1.7e-66     3e-65     160     355 ..  150875  151071 ..  150873  151072 .. 0.97
   3 !   30.4   4.4     5e-10   8.9e-09       2      36 ..  151217  151251 ..  151216  151254 .. 0.94
   4 !  213.5  18.0   1.1e-65   1.9e-64     157     356 .]  151247  151444 ..  151246  151444 .. 0.98
   5 !  145.8  12.1   4.2e-45   7.5e-44     244     355 ..  153747  153862 ..  153743  153862 .. 0.96
   6 ?    1.9   0.7      0.24       4.3       1      46 [.  329856  329899 ..  329856  329926 .. 0.75

>> NZ_CP113052.1_frame=3  Staphylococcus aureus strain Fizz chromosome, complete genome
   #    score  bias  c-Evalue  i-Evalue hmmfrom  hmm to    alifrom  ali to    envfrom  env to     acc
 ---   ------ ----- --------- --------- ------- -------    ------- -------    ------- -------    ----
   1 !   29.9   5.2   7.4e-10   1.3e-08       1      34 [.  462338  462371 ..  462338  462374 .. 0.94
   2 !  216.2  21.5   1.7e-66     3e-65     160     355 ..  462369  462565 ..  462367  462566 .. 0.97
   3 !   30.4   4.4     5e-10   8.9e-09       2      36 ..  462711  462745 ..  462710  462748 .. 0.94
   4 !  213.5  18.0   1.1e-65   1.9e-64     157     356 .]  462741  462938 ..  462740  462938 .. 0.98
   5 !  145.8  12.1   4.2e-45   7.4e-44     244     355 ..  465241  465356 ..  465237  465356 .. 0.96
   6 ?    1.9   0.7      0.24       4.3       1      46 [.  641368  641411 ..  641368  641438 .. 0.75

>> NZ_LS483357.1_frame=1  Streptococcus pyogenes strain NCTC8326 chromosome 1, complete sequence
   #    score  bias  c-Evalue  i-Evalue hmmfrom  hmm to    alifrom  ali to    envfrom  env to     acc
 ---   ------ ----- --------- --------- ------- -------    ------- -------    ------- -------    ----
   1 ?   52.1   5.0   1.3e-16   2.3e-15     162     330 ..  219405  219587 ..  219385  219589 .. 0.71
   2 ?   65.4  11.9   1.2e-20   2.1e-19     153     332 ..  430319  430499 ..  430316  430521 .. 0.74
   3 ?   48.5   8.2   1.6e-15   2.8e-14     171     330 ..  567810  567975 ..  567804  568001 .. 0.72

>> NZ_LR134284.1_frame=2  Streptococcus pyogenes strain NCTC8232 chromosome 1, complete sequence
   #    score  bias  c-Evalue  i-Evalue hmmfrom  hmm to    alifrom  ali to    envfrom  env to     acc
 ---   ------ ----- --------- --------- ------- -------    ------- -------    ------- -------    ----
   1 ?   54.7   4.9   2.1e-17   3.6e-16     223     330 ..  339803  339918 ..  339732  339948 .. 0.79
   2 ?   56.2   5.1   7.5e-18   1.3e-16     224     330 ..  371265  371379 ..  371200  371400 .. 0.88
   3 ?   24.3   7.7   3.6e-08   6.4e-07     274     352 ..  391653  391735 ..  391646  391737 .. 0.79
   4 ?   48.0   6.8   2.2e-15     4e-14     171     330 ..  576688  576853 ..  576682  576879 .. 0.72

>> NZ_AP023389.1_frame=3  Streptococcus pyogenes strain KUN-0012590 chromosome, complete genome
   #    score  bias  c-Evalue  i-Evalue hmmfrom  hmm to    alifrom  ali to    envfrom  env to     acc
 ---   ------ ----- --------- --------- ------- -------    ------- -------    ------- -------    ----
   1 ?   -3.0  14.6       7.6   1.3e+02      10     174 ..  138395  138551 ..  138389  138565 .. 0.61
   2 ?   19.4   7.7   1.1e-06     2e-05     274     352 ..  383727  383809 ..  383720  383811 .. 0.81
   3 ?   52.9   8.2   7.5e-17   1.3e-15     171     330 ..  558547  558712 ..  558541  558738 .. 0.78

>> NZ_CP051138.1_frame=1  Streptococcus pyogenes strain 4063-05 chromosome, complete genome
   #    score  bias  c-Evalue  i-Evalue hmmfrom  hmm to    alifrom  ali to    envfrom  env to     acc
 ---   ------ ----- --------- --------- ------- -------    ------- -------    ------- -------    ----
   1 ?   19.5   8.0   1.1e-06   1.9e-05     274     352 ..  381736  381818 ..  381729  381820 .. 0.81
   2 ?   48.5   8.2   1.6e-15   2.8e-14     171     330 ..  567735  567900 ..  567729  567926 .. 0.72



Internal pipeline statistics summary:
-------------------------------------
Query model(s):                              1  (356 nodes)
Target sequences:                          564  (304447416 residues searched)
Passed MSV filter:                       339  (0.601064); expected 11.3 (0.02)
Passed bias filter:                      134  (0.237589); expected 11.3 (0.02)
Passed Vit filter:                       134  (0.237589); expected 0.6 (0.001)
Passed Fwd filter:                        32  (0.0567376); expected 0.0 (1e-05)
Initial search space (Z):                564  [actual number of targets]
Domain search space  (domZ):              32  [number of targets reported over threshold]
# CPU time: 96.28u 0.15s 00:01:36.43 Elapsed: 00:01:37.17
# Mc/sec: 1115.40

@@ New targets included:   0
@@ New alignment includes: 228 subseqs (was 227), including original query
@@ Continuing to next round.

@@
@@ Round:                  5
@@ Included in MSA:        228 subsequences (query + 227 subseqs from 28 targets)
@@ Model size:             356 positions
@@

Scores for complete sequences (score includes all domains):
   --- full sequence ---   --- best 1 domain ---    -#dom-
    E-value  score  bias    E-value  score  bias    exp  N  Sequence               Description
    ------- ------ -----    ------- ------ -----   ---- --  --------               -----------
          0 1596.2 190.1   2.7e-174  574.9  29.5   16.6  9  NC_002745.2_frame=2     Staphylococcus aureus subsp. aureus N
          0 1551.1 333.5   1.3e-141  467.3  18.1   16.2 11  NC_007795.1_frame=1     Staphylococcus aureus subsp. aureus N
          0 1541.0 170.6   3.3e-174  574.6  29.1   21.4  8  NZ_CP132371.1_frame=3   Staphylococcus aureus strain UNC_SA38
          0 1427.3 195.6   6.4e-142  468.4  16.4   21.6 11  NZ_CP011877.1_frame=-2  Staphylococcus aureus strain 12S01032
          0 1420.6 412.5   2.4e-137  453.3  18.1   18.1 11  NC_002953.3_frame=3     Staphylococcus aureus subsp. aureus M
          0 1420.2 171.6   3.5e-173  571.2  30.4   32.4  9  NZ_LR134090.1_frame=1   Staphylococcus aureus strain NCTC9555
          0 1412.8 303.7   2.1e-146  483.1  19.2   16.0 11  NZ_CP113052.1_frame=2   Staphylococcus aureus strain Fizz chr
          0 1322.8 191.7   2.1e-138  456.8  21.0   40.2 12  NZ_LR134090.1_frame=2   Staphylococcus aureus strain NCTC9555
          0 1304.8 180.4   5.1e-142  468.7  17.8   20.1 12  NZ_CP136528.1_frame=1   Staphylococcus aureus strain BAA-1556
          0 1304.3 180.4   5.4e-142  468.6  17.8   20.3 11  NZ_CP029678.1_frame=1   Staphylococcus aureus strain AR_0216 
          0 1280.8 289.7   3.8e-131  432.9  14.7   14.4  9  NC_002952.2_frame=1     Staphylococcus aureus subsp. aureus M
          0 1219.6 148.2   6.2e-131  432.2  19.3   17.3  8  NC_017338.2_frame=2     Staphylococcus aureus subsp. aureus J
          0 1111.5 140.7   9.5e-153  504.0  22.8   19.8 10  NC_017763.1_frame=3     Staphylococcus aureus subsp. aureus H
          0 1063.4 177.7    3.6e-71  235.6  16.5   19.2 12  NZ_CP132371.1_frame=1   Staphylococcus aureus strain UNC_SA38
          0 1059.0 319.6    3.8e-71  235.6  16.5   17.1 12  NC_002745.2_frame=3     Staphylococcus aureus subsp. aureus N
     5e-305 1004.9 109.3   1.8e-176  582.0  29.7   15.4  8  NC_007795.1_frame=3     Staphylococcus aureus subsp. aureus N
   6.1e-299  984.9 109.7   1.8e-170  562.3  30.1   16.2  7  NZ_CP113052.1_frame=1   Staphylococcus aureus strain Fizz chr
   6.1e-299  984.9 109.7   1.8e-170  562.3  30.1   19.8  6  NZ_CP136528.1_frame=3   Staphylococcus aureus strain BAA-1556
   7.5e-299  984.6 109.7   1.9e-170  562.2  30.1   12.0  7  NZ_CP029678.1_frame=3   Staphylococcus aureus strain AR_0216 
   5.5e-298  981.7 127.9   9.3e-174  573.1  30.8   18.6  8  NC_002953.3_frame=2     Staphylococcus aureus subsp. aureus M
     4e-273  899.9 159.4    2.8e-65  216.2  15.9   24.4 11  NC_017338.2_frame=3     Staphylococcus aureus subsp. aureus J
   4.7e-261  860.3  91.8   3.1e-150  495.7  22.5   13.3  5  NC_002952.2_frame=3     Staphylococcus aureus subsp. aureus M
   1.8e-222  733.3  65.9   6.5e-152  501.2  22.3   12.7  6  NZ_CP011877.1_frame=-1  Staphylococcus aureus strain 12S01032
   1.3e-202  668.0 115.3      3e-66  219.5  13.8   16.0  9  NC_002953.3_frame=1     Staphylococcus aureus subsp. aureus M
   9.4e-188  619.1  84.3   7.4e-108  356.3  14.7   11.6  7  NC_017338.2_frame=1     Staphylococcus aureus subsp. aureus J
   2.9e-176  581.3  90.9    1.3e-62  207.5  12.3   15.2  7  NC_017763.1_frame=1     Staphylococcus aureus subsp. aureus H
   6.6e-161  530.8  93.5    2.4e-64  213.2  21.4   16.7  6  NZ_CP113052.1_frame=3   Staphylococcus aureus strain Fizz chr
   6.6e-161  530.8  93.5    2.4e-64  213.2  21.4    9.1  6  NZ_CP136528.1_frame=2   Staphylococcus aureus strain BAA-1556
  ------ inclusion threshold ------
    3.5e-41  137.0  32.9    4.8e-20   67.5   4.5    8.0  4  NZ_LR134284.1_frame=2   Streptococcus pyogenes strain NCTC823
    2.9e-40  134.0  42.2    2.6e-19   65.0  12.4    5.1  3  NZ_LS483357.1_frame=1   Streptococcus pyogenes strain NCTC832
    7.8e-30   99.7  24.0    5.9e-19   63.9   5.6    7.8  2  NZ_CP118481.1_frame=2   Streptococcus pyogenes strain 2018532
    2.8e-19   64.9  29.1    6.5e-15   50.6   6.5    5.4  2  NZ_CP070994.1_frame=-3  Streptococcus pyogenes strain M11318 
    2.9e-19   64.9   5.6    2.9e-19   64.9   5.6    4.1  1  NZ_CP051138.1_frame=3   Streptococcus pyogenes strain 4063-05
    5.8e-17   57.3   8.5    5.8e-17   57.3   8.5    5.8  2  NZ_AP023389.1_frame=3   Streptococcus pyogenes strain KUN-001
    1.4e-15   52.8   8.3    1.4e-15   52.8   8.3    4.4  2  NZ_CP051138.1_frame=1   Streptococcus pyogenes strain 4063-05


Domain annotation for each sequence:
>> NC_002745.2_frame=2  Staphylococcus aureus subsp. aureus N315, complete sequence
   #    score  bias  c-Evalue  i-Evalue hmmfrom  hmm to    alifrom  ali to    envfrom  env to     acc
 ---   ------ ----- --------- --------- ------- -------    ------- -------    ------- -------    ----
   1 !  574.9  29.5  1.7e-175  2.7e-174       1     356 []  147685  148040 ..  147685  148040 .. 1.00
   2 !  415.8  27.7  3.9e-127  6.3e-126       1     356 []  148163  148454 ..  148163  148454 .. 0.97
   3 !   35.1   3.9   2.1e-11   3.4e-10       1      39 [.  148577  148615 ..  148577  148618 .. 0.93
   4 !  216.4  15.6   1.6e-66   2.6e-65     156     356 .]  148608  148810 ..  148607  148810 .. 0.94
   5 !   33.3   1.1   7.3e-11   1.2e-09       1      36 [.  149305  149340 ..  149305  149343 .. 0.95
   6 !  220.7  14.3     8e-68   1.3e-66     158     356 .]  149337  149536 ..  149336  149536 .. 0.97
   7 !   31.3   4.7     3e-10   4.8e-09       1      36 [.  150018  150053 ..  150018  150058 .. 0.93
   8 !  187.1  19.2   1.3e-57   2.1e-56     157     356 .]  150047  150244 ..  150046  150244 .. 0.95
   9 !   80.1  11.1   4.2e-25   6.8e-24     170     315 ..  685751  685891 ..  685741  685925 .. 0.90

>> NC_007795.1_frame=1  Staphylococcus aureus subsp. aureus NCTC 8325 chromosome, complete genome
   #    score  bias  c-Evalue  i-Evalue hmmfrom  hmm to    alifrom  ali to    envfrom  env to     acc
 ---   ------ ----- --------- --------- ------- -------    ------- -------    ------- -------    ----
   1 !   38.5   2.0   1.9e-12   3.1e-11       1      39 [.  129432  129470 ..  129432  129472 .. 0.96
   2 !  199.3  17.0   2.5e-61   4.1e-60     163     356 .]  129464  129657 ..  129463  129657 .. 0.96
   3 !   33.3   0.8   7.2e-11   1.2e-09       1      33 [.  129754  129786 ..  129754  129788 .. 0.98
   4 !  237.1  18.0   7.8e-73   1.3e-71     161     355 ..  129787  129981 ..  129785  129982 .. 0.98
   5 !  467.3  18.1  8.3e-143  1.3e-141       1     356 []  130561  130868 ..  130561  130868 .. 0.99
   6 !   35.8   5.9   1.3e-11   2.1e-10       1      40 [.  130991  131030 ..  130991  131033 .. 0.93
   7 !  217.0  16.6     1e-66   1.7e-65     156     356 .]  131022  131224 ..  131021  131224 .. 0.94
   8 !   32.3   3.6   1.5e-10   2.4e-09       1      33 [.  132452  132484 ..  132452  132488 .. 0.95
   9 !  212.3  15.6   2.7e-65   4.4e-64     160     355 ..  132486  132682 ..  132483  132683 .. 0.96
  10 !   35.3   4.2   1.9e-11     3e-10       1      36 [.  134170  134205 ..  134170  134210 .. 0.91
  11 !  218.7  15.1   3.1e-67     5e-66     165     355 ..  134206  134394 ..  134202  134394 .. 0.97

>> NZ_CP132371.1_frame=3  Staphylococcus aureus strain UNC_SA38 chromosome, complete genome
   #    score  bias  c-Evalue  i-Evalue hmmfrom  hmm to    alifrom  ali to    envfrom  env to     acc
 ---   ------ ----- --------- --------- ------- -------    ------- -------    ------- -------    ----
   1 !  574.6  29.1    2e-175  3.3e-174       1     356 []  889780  890135 ..  889780  890135 .. 1.00
   2 !  415.8  27.7  3.7e-127    6e-126       1     356 []  890258  890549 ..  890258  890549 .. 0.97
   3 !   35.1   3.9     2e-11   3.2e-10       1      39 [.  890672  890710 ..  890672  890713 .. 0.93
   4 !  216.5  15.6   1.5e-66   2.4e-65     156     356 .]  890703  890905 ..  890702  890905 .. 0.94
   5 !   33.4   1.1   6.9e-11   1.1e-09       1      36 [.  891400  891435 ..  891400  891438 .. 0.95
   6 !  220.7  14.3   7.5e-68   1.2e-66     158     356 .]  891432  891631 ..  891431  891631 .. 0.97
   7 !   31.4   4.7   2.8e-10   4.6e-09       1      36 [.  892113  892148 ..  892113  892153 .. 0.93
   8 !  187.1  19.2   1.2e-57     2e-56     157     356 .]  892142  892339 ..  892141  892339 .. 0.95

>> NZ_CP011877.1_frame=-2  Staphylococcus aureus strain 12S01032 chromosome, complete genome
   #    score  bias  c-Evalue  i-Evalue hmmfrom  hmm to    alifrom  ali to    envfrom  env to     acc
 ---   ------ ----- --------- --------- ------- -------    ------- -------    ------- -------    ----
   1 !   38.4   2.3   2.1e-12   3.4e-11       1      39 [.  757121  757159 ..  757121  757161 .. 0.96
   2 !  204.5  19.1   6.8e-63   1.1e-61     165     356 .]  757155  757346 ..  757153  757346 .. 0.96
   3 !  468.4  16.4  3.9e-143  6.4e-142       1     355 [.  758231  758544 ..  758231  758545 .. 0.99
   4 !   39.1   3.7   1.3e-12     2e-11       1      39 [.  758669  758707 ..  758669  758709 .. 0.95
   5 !  215.7  16.5   2.7e-66   4.3e-65     160     356 .]  758704  758902 ..  758702  758902 .. 0.96
   6 !   32.6   6.6   1.2e-10   1.9e-09       1      35 [.  759398  759432 ..  759398  759437 .. 0.92
   7 !  205.1  17.0   4.3e-63   6.9e-62     158     355 ..  759430  759628 ..  759428  759629 .. 0.97
   8 !   25.6   5.1   1.6e-08   2.6e-07       1      36 [.  759753  759788 ..  759753  759792 .. 0.93
   9 !  192.9  13.9   2.2e-59   3.5e-58     163     356 .]  759789  759979 ..  759784  759979 .. 0.93
  10 !   35.4   4.2   1.7e-11   2.8e-10       1      36 [.  761111  761146 ..  761111  761151 .. 0.91
  11 !  219.0  11.5   2.5e-67   4.1e-66     165     355 ..  761147  761336 ..  761143  761336 .. 0.97

>> NC_002953.3_frame=3  Staphylococcus aureus subsp. aureus MSSA476, complete sequence
   #    score  bias  c-Evalue  i-Evalue hmmfrom  hmm to    alifrom  ali to    envfrom  env to     acc
 ---   ------ ----- --------- --------- ------- -------    ------- -------    ------- -------    ----
   1 !  106.0  12.5   5.9e-33   9.5e-32     218     355 ..   20164   20311 ..   20135   20312 .. 0.95
   2 !   39.5   2.2   9.9e-13   1.6e-11       1      40 [.  142630  142669 ..  142630  142670 .. 0.97
   3 !  207.3  14.2     9e-64   1.4e-62     163     356 .]  142662  142855 ..  142661  142855 .. 0.96
   4 !   29.7   0.7   8.8e-10   1.4e-08       1      33 [.  142952  142984 ..  142952  142989 .. 0.97
   5 !  236.9  17.1     9e-73   1.5e-71     161     355 ..  142985  143179 ..  142983  143180 .. 0.98
   6 !  453.3  18.1  1.5e-138  2.4e-137       1     356 []  143759  144073 ..  143759  144073 .. 0.96
   7 !   35.1   3.9   2.1e-11   3.3e-10       1      39 [.  144196  144234 ..  144196  144237 .. 0.93
   8 !  215.9  16.0   2.3e-66   3.7e-65     156     356 .]  144227  144429 ..  144226  144429 .. 0.94
   9 !   35.9   3.0   1.2e-11     2e-10       1      35 [.  147395  147429 ..  147395  147433 .. 0.94
  10 !  209.3  15.9   2.3e-64   3.8e-63     164     355 ..  147433  147624 ..  147426  147624 .. 0.94
  11 !   89.9  12.5   4.5e-28   7.3e-27     162     314 ..  688736  688884 ..  688729  688894 .. 0.90

>> NZ_LR134090.1_frame=1  Staphylococcus aureus strain NCTC9555 chromosome 1, complete sequence
   #    score  bias  c-Evalue  i-Evalue hmmfrom  hmm to    alifrom  ali to    envfrom  env to     acc
 ---   ------ ----- --------- --------- ------- -------    ------- -------    ------- -------    ----
   1 !  571.2  30.4  2.2e-174  3.5e-173       1     356 []  150420  150775 ..  150420  150775 .. 1.00
   2 !   30.2   5.3   6.3e-10     1e-08       1      35 [.  151712  151746 ..  151712  151749 .. 0.94
   3 !  212.8  20.3     2e-65   3.2e-64     160     355 ..  151743  151939 ..  151741  151940 .. 0.98
   4 !   30.8   1.1   4.3e-10     7e-09       1      36 [.  152430  152465 ..  152430  152468 .. 0.95
   5 !  219.1  13.8   2.3e-67   3.8e-66     158     356 .]  152462  152661 ..  152461  152661 .. 0.97
   6 !   35.6   4.0   1.5e-11   2.4e-10       1      35 [.  154501  154535 ..  154501  154539 .. 0.93
   7 !  197.1  21.6   1.2e-60   1.9e-59     164     355 ..  154536  154727 ..  154533  154727 .. 0.95
   8 !  161.2   3.8   9.7e-50   1.6e-48     141     355 ..  594912  595129 ..  594902  595130 .. 0.94
   9 !  160.9   8.5   1.2e-49   1.9e-48     144     355 ..  595187  595403 ..  595169  595404 .. 0.92

>> NZ_CP113052.1_frame=2  Staphylococcus aureus strain Fizz chromosome, complete genome
   #    score  bias  c-Evalue  i-Evalue hmmfrom  hmm to    alifrom  ali to    envfrom  env to     acc
 ---   ------ ----- --------- --------- ------- -------    ------- -------    ------- -------    ----
   1 !   38.6   2.0   1.8e-12     3e-11       1      39 [.  460383  460421 ..  460383  460423 .. 0.96
   2 !  199.3  17.0   2.4e-61   3.9e-60     163     356 .]  460415  460608 ..  460414  460608 .. 0.96
   3 !   33.4   0.8     7e-11   1.1e-09       1      33 [.  460705  460737 ..  460705  460739 .. 0.98
   4 !  237.2  18.0   7.5e-73   1.2e-71     161     355 ..  460738  460932 ..  460736  460933 .. 0.98
   5 !  483.1  19.2  1.3e-147  2.1e-146       1     356 []  461508  461832 ..  461508  461832 .. 0.97
   6 !   35.8   5.9   1.2e-11     2e-10       1      40 [.  461955  461994 ..  461955  461997 .. 0.93
   7 !  217.1  16.6     1e-66   1.6e-65     156     356 .]  461986  462188 ..  461985  462188 .. 0.94
   8 !   32.3   3.6   1.4e-10   2.3e-09       1      33 [.  463416  463448 ..  463416  463452 .. 0.95
   9 !  212.4  15.6   2.6e-65   4.2e-64     160     355 ..  463450  463646 ..  463447  463647 .. 0.96
  10 !   34.8   4.2   2.5e-11   4.1e-10       1      34 [.  465134  465167 ..  465134  465171 .. 0.94
  11 !   43.0   1.4   8.4e-14   1.4e-12     164     241 ..  465169  465240 ..  465165  465245 .. 0.92

>> NZ_LR134090.1_frame=2  Staphylococcus aureus strain NCTC9555 chromosome 1, complete sequence
   #    score  bias  c-Evalue  i-Evalue hmmfrom  hmm to    alifrom  ali to    envfrom  env to     acc
 ---   ------ ----- --------- --------- ------- -------    ------- -------    ------- -------    ----
   1 !   69.0   3.1     1e-21   1.6e-20     276     355 ..  136392  136472 ..  136372  136473 .. 0.92
   2 !   33.5   0.8   6.5e-11     1e-09       1      33 [.  150091  150123 ..  150091  150128 .. 0.97
   3 !  235.6  16.5   2.3e-72   3.7e-71     161     355 ..  150124  150318 ..  150122  150319 .. 0.98
   4 !  456.8  21.0  1.3e-139  2.1e-138       1     356 []  150898  151210 ..  150898  151210 .. 0.98
   5 !   39.3   4.9   1.1e-12   1.8e-11       1      39 [.  151333  151371 ..  151333  151373 .. 0.94
   6 !  208.3  17.6   4.5e-64   7.3e-63     156     355 ..  151364  151565 ..  151363  151566 .. 0.95
   7 !   33.0   3.5   9.3e-11   1.5e-09       2      36 ..  152085  152119 ..  152084  152123 .. 0.93
   8 !  199.4  13.7   2.4e-61   3.8e-60     157     355 ..  152115  152311 ..  152114  152312 .. 0.98
   9 !   34.9   3.2   2.4e-11   3.9e-10       1      40 [.  153143  153182 ..  153143  153184 .. 0.96
  10 !  184.7  18.0   6.8e-57   1.1e-55     164     356 .]  153178  153367 ..  153174  153367 .. 0.94
  11 ?    2.8   0.8      0.14       2.2       1      46 [.  319371  319414 ..  319371  319442 .. 0.75
  12 !   76.4  11.1   5.6e-24     9e-23     221     332 ..  434040  434159 ..  433988  434180 .. 0.88

>> NZ_CP136528.1_frame=1  Staphylococcus aureus strain BAA-1556_Catania chromosome, complete genome
   #    score  bias  c-Evalue  i-Evalue hmmfrom  hmm to    alifrom  ali to    envfrom  env to     acc
 ---   ------ ----- --------- --------- ------- -------    ------- -------    ------- -------    ----
   1 !   38.6   2.0   1.8e-12     3e-11       1      39 [.  148906  148944 ..  148906  148946 .. 0.96
   2 !  199.3  17.0   2.5e-61     4e-60     163     356 .]  148938  149131 ..  148937  149131 .. 0.96
   3 !   33.4   0.8     7e-11   1.1e-09       1      33 [.  149228  149260 ..  149228  149262 .. 0.98
   4 !  237.2  18.0   7.6e-73   1.2e-71     161     355 ..  149261  149455 ..  149259  149456 .. 0.98
   5 !  468.7  17.8  3.1e-143  5.1e-142       1     356 []  150031  150338 ..  150031  150338 .. 0.99
   6 !   35.8   5.9   1.3e-11     2e-10       1      40 [.  150461  150500 ..  150461  150503 .. 0.93
   7 !  217.1  16.6     1e-66   1.6e-65     156     356 .]  150492  150694 ..  150491  150694 .. 0.94
   8 !   32.3   3.6   1.4e-10   2.3e-09       1      33 [.  151922  151954 ..  151922  151958 .. 0.95
   9 !  212.4  15.6   2.6e-65   4.2e-64     160     355 ..  151956  152152 ..  151953  152153 .. 0.96
  10 !   34.8   4.2   2.5e-11   4.1e-10       1      34 [.  153640  153673 ..  153640  153677 .. 0.94
  11 !   43.0   1.4   8.5e-14   1.4e-12     164     241 ..  153675  153746 ..  153671  153751 .. 0.92
  12 ?   -1.7   0.9       3.2        52       1     104 [.  782770  782870 ..  782770  782909 .. 0.51

>> NZ_CP029678.1_frame=1  Staphylococcus aureus strain AR_0216 chromosome, complete genome
   #    score  bias  c-Evalue  i-Evalue hmmfrom  hmm to    alifrom  ali to    envfrom  env to     acc
 ---   ------ ----- --------- --------- ------- -------    ------- -------    ------- -------    ----
   1 !   38.5   2.0     2e-12   3.2e-11       1      39 [.  148323  148361 ..  148323  148363 .. 0.96
   2 !  199.2  17.0   2.6e-61   4.2e-60     163     356 .]  148355  148548 ..  148354  148548 .. 0.96
   3 !   33.3   0.8   7.4e-11   1.2e-09       1      33 [.  148645  148677 ..  148645  148679 .. 0.98
   4 !  237.1  18.0     8e-73   1.3e-71     161     355 ..  148678  148872 ..  148676  148873 .. 0.98
   5 !  468.6  17.8  3.3e-143  5.4e-142       1     356 []  149448  149755 ..  149448  149755 .. 0.99
   6 !   35.7   5.9   1.3e-11   2.1e-10       1      40 [.  149878  149917 ..  149878  149920 .. 0.93
   7 !  217.0  16.6   1.1e-66   1.7e-65     156     356 .]  149909  150111 ..  149908  150111 .. 0.94
   8 !   32.3   3.6   1.5e-10   2.4e-09       1      33 [.  151339  151371 ..  151339  151375 .. 0.95
   9 !  212.3  15.6   2.8e-65   4.5e-64     160     355 ..  151373  151569 ..  151370  151570 .. 0.96
  10 !   34.7   4.2   2.7e-11   4.3e-10       1      34 [.  153057  153090 ..  153057  153094 .. 0.94
  11 !   42.9   1.4     9e-14   1.4e-12     164     241 ..  153092  153163 ..  153088  153168 .. 0.92

>> NC_002952.2_frame=1  Staphylococcus aureus subsp. aureus MRSA252, complete sequence
   #    score  bias  c-Evalue  i-Evalue hmmfrom  hmm to    alifrom  ali to    envfrom  env to     acc
 ---   ------ ----- --------- --------- ------- -------    ------- -------    ------- -------    ----
   1 !   38.4   2.3     2e-12   3.3e-11       1      40 [.  150854  150893 ..  150854  150894 .. 0.97
   2 !  203.1  14.7   1.7e-62   2.7e-61     163     356 .]  150886  151079 ..  150885  151079 .. 0.96
   3 !   35.7   0.2   1.3e-11   2.1e-10       1      35 [.  151175  151209 ..  151175  151212 .. 0.95
   4 !  236.5  13.1   1.3e-72     2e-71     159     356 .]  151206  151405 ..  151205  151405 .. 0.98
   5 !  432.9  14.7  2.4e-132  3.8e-131       1     356 []  151964  152267 ..  151964  152267 .. 0.96
   6 !   39.0   4.1   1.4e-12   2.2e-11       1      39 [.  152391  152429 ..  152391  152432 .. 0.94
   7 !  216.0  16.7     2e-66   3.3e-65     160     356 .]  152426  152624 ..  152424  152624 .. 0.96
   8 !   32.6   6.6   1.2e-10     2e-09       1      35 [.  153120  153154 ..  153120  153159 .. 0.92
   9 !  207.3  16.6   9.3e-64   1.5e-62     158     355 ..  153152  153350 ..  153150  153351 .. 0.97

>> NC_017338.2_frame=2  Staphylococcus aureus subsp. aureus JKD6159, complete sequence
   #    score  bias  c-Evalue  i-Evalue hmmfrom  hmm to    alifrom  ali to    envfrom  env to     acc
 ---   ------ ----- --------- --------- ------- -------    ------- -------    ------- -------    ----
   1 !   40.6   3.2   4.4e-13   7.1e-12       1      39 [.  141984  142022 ..  141984  142024 .. 0.96
   2 !  210.1  16.1   1.3e-64   2.1e-63     165     356 .]  142018  142209 ..  142016  142209 .. 0.96
   3 !   36.0   0.5   1.1e-11   1.8e-10       1      33 [.  142295  142327 ..  142295  142330 .. 0.97
   4 !  236.0  16.3   1.7e-72   2.8e-71     161     355 ..  142328  142522 ..  142326  142523 .. 0.98
   5 !  432.2  19.3  3.9e-132  6.2e-131       1     356 []  143024  143333 ..  143024  143333 .. 0.95
   6 !  204.3  16.1   7.4e-63   1.2e-61     168     355 ..  144946  145134 ..  144944  145135 .. 0.96
   7 !   31.2   5.7   3.2e-10   5.1e-09       1      37 [.  145256  145292 ..  145256  145297 .. 0.92
   8 !  201.7  16.9   4.6e-62   7.5e-61     153     356 .]  145281  145482 ..  145281  145482 .. 0.95

>> NC_017763.1_frame=3  Staphylococcus aureus subsp. aureus HO 5096 0412, complete sequence
   #    score  bias  c-Evalue  i-Evalue hmmfrom  hmm to    alifrom  ali to    envfrom  env to     acc
 ---   ------ ----- --------- --------- ------- -------    ------- -------    ------- -------    ----
   1 !   74.2   2.2   2.6e-23   4.3e-22     273     355 ..  129687  129770 ..  129669  129771 .. 0.91
   2 !  504.0  22.8  5.9e-154  9.5e-153       1     356 []  139207  139547 ..  139207  139547 .. 0.99
   3 !   34.6   3.0     3e-11   4.9e-10       1      39 [.  139671  139709 ..  139671  139712 .. 0.93
   4 !  213.5  15.2   1.2e-65     2e-64     156     356 .]  139702  139904 ..  139701  139904 .. 0.94
   5 !   33.0   4.6   9.2e-11   1.5e-09       1      36 [.  140055  140090 ..  140055  140092 .. 0.96
   6 !  200.5  12.9   1.1e-61   1.8e-60     157     355 ..  140086  140282 ..  140084  140283 .. 0.97
   7 !   34.9   4.2   2.5e-11     4e-10       1      34 [.  142143  142176 ..  142143  142180 .. 0.94
   8 !  191.2  20.5   7.4e-59   1.2e-57     164     355 ..  142178  142369 ..  142174  142370 .. 0.95
   9 ?   -1.6   2.4         3        49       1      86 [.  629678  629744 ..  629678  629776 .. 0.42
  10 ?   -1.7   1.1       3.3        53       1     106 [.  767719  767821 ..  767719  767858 .. 0.50

>> NZ_CP132371.1_frame=1  Staphylococcus aureus strain UNC_SA38 chromosome, complete genome
   #    score  bias  c-Evalue  i-Evalue hmmfrom  hmm to    alifrom  ali to    envfrom  env to     acc
 ---   ------ ----- --------- --------- ------- -------    ------- -------    ------- -------    ----
   1 ?   -1.4   1.3       2.6        43       1     108 [.  568978  569082 ..  568978  569117 .. 0.50
   2 !   74.3   2.7   2.5e-23     4e-22     274     355 ..  881100  881182 ..  881082  881183 .. 0.91
   3 !   39.4   2.1     1e-12   1.6e-11       1      39 [.  889130  889168 ..  889130  889170 .. 0.96
   4 !  208.9  15.9   3.1e-64     5e-63     165     356 .]  889164  889355 ..  889162  889355 .. 0.96
   5 !   33.5   0.8   6.2e-11     1e-09       1      33 [.  889452  889484 ..  889452  889489 .. 0.97
   6 !  235.6  16.5   2.2e-72   3.6e-71     161     355 ..  889485  889679 ..  889483  889680 .. 0.98
   7 !   36.6   3.5   7.2e-12   1.2e-10       1      36 [.  891056  891091 ..  891056  891094 .. 0.95
   8 !  201.5  18.5   5.4e-62   8.7e-61     157     355 ..  891087  891283 ..  891086  891284 .. 0.98
   9 !   28.9   3.7   1.5e-09   2.5e-08       1      33 [.  891759  891791 ..  891759  891795 .. 0.95
  10 !  212.9  16.2   1.9e-65   3.1e-64     160     355 ..  891793  891989 ..  891790  891990 .. 0.96
  11 !   35.4   3.8   1.7e-11   2.7e-10       1      34 [.  893477  893510 ..  893477  893515 .. 0.93
  12 !  203.8  16.0   1.1e-62   1.8e-61     165     355 ..  893513  893703 ..  893509  893703 .. 0.95

>> NC_002745.2_frame=3  Staphylococcus aureus subsp. aureus N315, complete sequence
   #    score  bias  c-Evalue  i-Evalue hmmfrom  hmm to    alifrom  ali to    envfrom  env to     acc
 ---   ------ ----- --------- --------- ------- -------    ------- -------    ------- -------    ----
   1 !   39.3   2.1   1.1e-12   1.7e-11       1      39 [.  147034  147072 ..  147034  147074 .. 0.96
   2 !  208.8  15.9   3.3e-64   5.2e-63     165     356 .]  147068  147259 ..  147066  147259 .. 0.96
   3 !   33.5   0.8   6.6e-11   1.1e-09       1      33 [.  147356  147388 ..  147356  147393 .. 0.97
   4 !  235.6  16.5   2.3e-72   3.8e-71     161     355 ..  147389  147583 ..  147387  147584 .. 0.98
   5 !   36.5   3.5   7.6e-12   1.2e-10       1      36 [.  148960  148995 ..  148960  148998 .. 0.95
   6 !  201.4  18.5   5.7e-62   9.1e-61     157     355 ..  148991  149187 ..  148990  149188 .. 0.98
   7 !   28.9   3.7   1.6e-09   2.6e-08       1      33 [.  149663  149695 ..  149663  149699 .. 0.95
   8 !  212.8  16.2     2e-65   3.2e-64     160     355 ..  149697  149893 ..  149694  149894 .. 0.96
   9 !   35.3   3.8   1.8e-11   2.8e-10       1      34 [.  151381  151414 ..  151381  151419 .. 0.93
  10 !  203.7  16.0   1.2e-62   1.9e-61     165     355 ..  151417  151607 ..  151413  151607 .. 0.95
  11 ?    5.1   0.9     0.027      0.43       1      46 [.  317993  318036 ..  317993  318064 .. 0.76
  12 ?   -1.5   1.3       2.8        45       1     108 [.  759419  759523 ..  759419  759558 .. 0.50

>> NC_007795.1_frame=3  Staphylococcus aureus subsp. aureus NCTC 8325 chromosome, complete genome
   #    score  bias  c-Evalue  i-Evalue hmmfrom  hmm to    alifrom  ali to    envfrom  env to     acc
 ---   ------ ----- --------- --------- ------- -------    ------- -------    ------- -------    ----
   1 !   74.8   2.1   1.7e-23   2.8e-22     273     355 ..  121407  121490 ..  121390  121491 .. 0.92
   2 !  582.0  29.7  1.1e-177  1.8e-176       1     356 []  130082  130437 ..  130082  130437 .. 1.00
   3 !   32.1   0.9   1.7e-10   2.7e-09       1      36 [.  132092  132127 ..  132092  132130 .. 0.95
   4 !  220.7  14.3     8e-68   1.3e-66     158     356 .]  132124  132323 ..  132123  132323 .. 0.97
   5 !   31.3   4.7     3e-10   4.9e-09       1      36 [.  132806  132841 ..  132806  132846 .. 0.93
   6 !  187.1  19.2   1.3e-57   2.1e-56     157     356 .]  132835  133032 ..  132834  133032 .. 0.95
   7 ?    1.8   0.7      0.28       4.6       1      46 [.  296658  296701 ..  296658  296729 .. 0.75
   8 ?   -1.8   0.9       3.4        54       1     104 [.  763178  763278 ..  763178  763317 .. 0.51

>> NZ_CP113052.1_frame=1  Staphylococcus aureus strain Fizz chromosome, complete genome
   #    score  bias  c-Evalue  i-Evalue hmmfrom  hmm to    alifrom  ali to    envfrom  env to     acc
 ---   ------ ----- --------- --------- ------- -------    ------- -------    ------- -------    ----
   1 ?   -1.7   0.9       3.2        52       1     104 [.  135253  135353 ..  135253  135392 .. 0.51
   2 !   74.9   2.1   1.7e-23   2.7e-22     273     355 ..  452359  452442 ..  452342  452443 .. 0.92
   3 !  562.3  30.1  1.1e-171  1.8e-170       1     356 []  461034  461385 ..  461034  461385 .. 1.00
   4 !   32.2   0.9   1.6e-10   2.6e-09       1      36 [.  463057  463092 ..  463057  463095 .. 0.95
   5 !  220.7  14.3   7.8e-68   1.2e-66     158     356 .]  463089  463288 ..  463088  463288 .. 0.97
   6 !   31.3   4.7   2.9e-10   4.7e-09       1      36 [.  463771  463806 ..  463771  463811 .. 0.93
   7 !  187.1  19.2   1.3e-57   2.1e-56     157     356 .]  463800  463997 ..  463799  463997 .. 0.95

>> NZ_CP136528.1_frame=3  Staphylococcus aureus strain BAA-1556_Catania chromosome, complete genome
   #    score  bias  c-Evalue  i-Evalue hmmfrom  hmm to    alifrom  ali to    envfrom  env to     acc
 ---   ------ ----- --------- --------- ------- -------    ------- -------    ------- -------    ----
   1 !   74.9   2.1   1.7e-23   2.7e-22     273     355 ..  140881  140964 ..  140864  140965 .. 0.92
   2 !  562.3  30.1  1.1e-171  1.8e-170       1     356 []  149556  149907 ..  149556  149907 .. 1.00
   3 !   32.2   0.9   1.6e-10   2.6e-09       1      36 [.  151562  151597 ..  151562  151600 .. 0.95
   4 !  220.7  14.3   7.8e-68   1.3e-66     158     356 .]  151594  151793 ..  151593  151793 .. 0.97
   5 !   31.3   4.7   2.9e-10   4.7e-09       1      36 [.  152276  152311 ..  152276  152316 .. 0.93
   6 !  187.1  19.2   1.3e-57   2.1e-56     157     356 .]  152305  152502 ..  152304  152502 .. 0.95

>> NZ_CP029678.1_frame=3  Staphylococcus aureus strain AR_0216 chromosome, complete genome
   #    score  bias  c-Evalue  i-Evalue hmmfrom  hmm to    alifrom  ali to    envfrom  env to     acc
 ---   ------ ----- --------- --------- ------- -------    ------- -------    ------- -------    ----
   1 !   74.8   2.1   1.8e-23   2.9e-22     273     355 ..  140298  140381 ..  140281  140382 .. 0.92
   2 !  562.2  30.1  1.2e-171  1.9e-170       1     356 []  148973  149324 ..  148973  149324 .. 1.00
   3 !   32.1   0.9   1.7e-10   2.8e-09       1      36 [.  150979  151014 ..  150979  151017 .. 0.95
   4 !  220.6  14.3   8.2e-68   1.3e-66     158     356 .]  151011  151210 ..  151010  151210 .. 0.97
   5 !   31.2   4.7   3.1e-10     5e-09       1      36 [.  151693  151728 ..  151693  151733 .. 0.93
   6 !  187.0  19.2   1.4e-57   2.2e-56     157     356 .]  151722  151919 ..  151721  151919 .. 0.95
   7 ?   -1.8   0.9       3.4        56       1     104 [.  796838  796938 ..  796838  796977 .. 0.51

>> NC_002953.3_frame=2  Staphylococcus aureus subsp. aureus MSSA476, complete sequence
   #    score  bias  c-Evalue  i-Evalue hmmfrom  hmm to    alifrom  ali to    envfrom  env to     acc
 ---   ------ ----- --------- --------- ------- -------    ------- -------    ------- -------    ----
   1 !   31.6   4.7   2.5e-10     4e-09     256     332 ..   20461   20536 ..   20460   20546 .. 0.89
   2 !   75.2   1.9   1.3e-23   2.1e-22     273     355 ..  131291  131374 ..  131272  131375 .. 0.90
   3 !  573.1  30.8  5.8e-175  9.3e-174       1     356 []  143281  143636 ..  143281  143636 .. 1.00
   4 !   31.5   3.9   2.6e-10   4.2e-09       2      36 ..  144954  144988 ..  144953  144992 .. 0.93
   5 !  201.3  14.7   6.3e-62     1e-60     157     355 ..  144984  145180 ..  144983  145181 .. 0.98
   6 !   31.1   5.4   3.5e-10   5.7e-09       1      36 [.  146009  146044 ..  146009  146049 .. 0.93
   7 !  187.1  19.2   1.3e-57   2.1e-56     157     356 .]  146038  146235 ..  146037  146235 .. 0.95
   8 ?    1.8   0.7      0.27       4.4       1      46 [.  312639  312682 ..  312639  312710 .. 0.75

>> NC_017338.2_frame=3  Staphylococcus aureus subsp. aureus JKD6159, complete sequence
   #    score  bias  c-Evalue  i-Evalue hmmfrom  hmm to    alifrom  ali to    envfrom  env to     acc
 ---   ------ ----- --------- --------- ------- -------    ------- -------    ------- -------    ----
   1 !   99.6   4.6   5.2e-31   8.4e-30     215     330 ..   25728   25861 ..   25671   25873 .. 0.93
   2 !   38.6   3.6   1.8e-12   2.9e-11       1      39 [.  143456  143494 ..  143456  143497 .. 0.94
   3 !  216.2  15.9   1.8e-66   2.8e-65     159     356 .]  143490  143689 ..  143488  143689 .. 0.94
   4 !   36.4   4.1   8.5e-12   1.4e-10       1      36 [.  144208  144243 ..  144208  144247 .. 0.94
   5 !  202.7  16.0   2.3e-62   3.7e-61     157     355 ..  144239  144435 ..  144238  144436 .. 0.98
   6 !   32.6   4.3   1.2e-10     2e-09       1      36 [.  144550  144585 ..  144550  144589 .. 0.94
   7 !  215.6  15.6   2.8e-66   4.5e-65     158     356 .]  144582  144781 ..  144581  144781 .. 0.97
   8 !   37.7   1.9   3.3e-12   5.3e-11       1      36 [.  144908  144943 ..  144908  144957 .. 0.90
   9 !   36.0   3.0   1.1e-11   1.8e-10       1      35 [.  146658  146692 ..  146658  146697 .. 0.93
  10 !  207.8  19.4   6.4e-64     1e-62     164     355 ..  146696  146887 ..  146688  146888 .. 0.95
  11 ?   -0.3   1.9       1.2        20       1      94 [.  628600  628674 ..  628600  628710 .. 0.52

>> NC_002952.2_frame=3  Staphylococcus aureus subsp. aureus MRSA252, complete sequence
   #    score  bias  c-Evalue  i-Evalue hmmfrom  hmm to    alifrom  ali to    envfrom  env to     acc
 ---   ------ ----- --------- --------- ------- -------    ------- -------    ------- -------    ----
   1 !  495.7  22.5  1.9e-151  3.1e-150       1     356 []  151504  151844 ..  151504  151844 .. 0.99
   2 !   33.3   4.1   7.1e-11   1.1e-09       1      36 [.  152774  152809 ..  152774  152812 .. 0.95
   3 !  198.4  12.3   4.8e-61   7.7e-60     157     355 ..  152805  153001 ..  152803  153002 .. 0.98
   4 !   28.7   6.5   1.8e-09   2.9e-08       1      37 [.  153473  153509 ..  153473  153514 .. 0.92
   5 !  204.0  14.6   9.4e-63   1.5e-61     153     356 .]  153498  153699 ..  153498  153699 .. 0.95

>> NZ_CP011877.1_frame=-1  Staphylococcus aureus strain 12S01032 chromosome, complete genome
   #    score  bias  c-Evalue  i-Evalue hmmfrom  hmm to    alifrom  ali to    envfrom  env to     acc
 ---   ------ ----- --------- --------- ------- -------    ------- -------    ------- -------    ----
   1 ?   -1.2   0.6       2.3        37       1      49 [.  287559  287608 ..  287559  287650 .. 0.60
   2 !   74.4   2.1   2.3e-23   3.8e-22     276     355 ..  748640  748720 ..  748632  748721 .. 0.94
   3 !  501.2  22.3    4e-153  6.5e-152       1     356 []  757772  758112 ..  757772  758112 .. 0.99
   4 !   33.2   4.6   7.8e-11   1.3e-09       1      36 [.  759053  759088 ..  759053  759091 .. 0.95
   5 !  199.0  13.2   3.1e-61     5e-60     157     355 ..  759084  759280 ..  759083  759281 .. 0.98
   6 ?    2.4   0.7      0.18         3       1      46 [.  934164  934207 ..  934164  934235 .. 0.73

>> NC_002953.3_frame=1  Staphylococcus aureus subsp. aureus MSSA476, complete sequence
   #    score  bias  c-Evalue  i-Evalue hmmfrom  hmm to    alifrom  ali to    envfrom  env to     acc
 ---   ------ ----- --------- --------- ------- -------    ------- -------    ------- -------    ----
   1 ?    1.1   0.3      0.44       7.1     223     262 ..   20422   20466 ..   20417   20470 .. 0.87
   2 !   29.9   5.2   7.7e-10   1.2e-08       1      36 [.  144580  144615 ..  144580  144618 .. 0.93
   3 !  206.3  18.2   1.8e-63     3e-62     160     355 ..  144611  144808 ..  144610  144809 .. 0.96
   4 !   33.3   1.1   7.2e-11   1.2e-09       1      36 [.  145298  145333 ..  145298  145336 .. 0.95
   5 !  219.5  13.8   1.8e-67     3e-66     158     356 .]  145330  145529 ..  145329  145529 .. 0.97
   6 !   31.7   2.9   2.3e-10   3.6e-09       1      33 [.  145657  145689 ..  145657  145693 .. 0.95
   7 !  212.7  14.2   2.1e-65   3.4e-64     160     355 ..  145691  145887 ..  145688  145888 .. 0.96
   8 !   83.1  13.0   5.4e-26   8.7e-25     168     315 ..  688493  688636 ..  688482  688669 .. 0.88
   9 ?   -1.5   1.3       2.7        44       1     108 [.  758716  758820 ..  758716  758855 .. 0.50

>> NC_017338.2_frame=1  Staphylococcus aureus subsp. aureus JKD6159, complete sequence
   #    score  bias  c-Evalue  i-Evalue hmmfrom  hmm to    alifrom  ali to    envfrom  env to     acc
 ---   ------ ----- --------- --------- ------- -------    ------- -------    ------- -------    ----
   1 !   74.6   2.9   2.1e-23   3.3e-22     274     355 ..  132370  132452 ..  132352  132453 .. 0.92
   2 !   41.0   7.3   3.3e-13   5.3e-12       1      51 [.  142623  142671 ..  142623  142677 .. 0.95
   3 !  356.3  14.7  4.6e-109  7.4e-108     127     356 .]  142674  142903 ..  142669  142903 .. 0.98
   4 !   32.8   5.8     1e-10   1.6e-09       1      35 [.  143840  143874 ..  143840  143877 .. 0.94
   5 !  213.8  21.9   9.9e-66   1.6e-64     160     355 ..  143871  144067 ..  143869  144068 .. 0.98
   6 ?    2.8   0.8      0.14       2.3       1      46 [.  312095  312138 ..  312095  312166 .. 0.75
   7 ?   -1.9   2.0       3.7        60       1     109 [.  764443  764548 ..  764443  764583 .. 0.48

>> NC_017763.1_frame=1  Staphylococcus aureus subsp. aureus HO 5096 0412, complete sequence
   #    score  bias  c-Evalue  i-Evalue hmmfrom  hmm to    alifrom  ali to    envfrom  env to     acc
 ---   ------ ----- --------- --------- ------- -------    ------- -------    ------- -------    ----
   1 !   38.7   1.9   1.6e-12   2.7e-11       1      40 [.  138556  138595 ..  138556  138596 .. 0.96
   2 !  199.2  13.5   2.7e-61   4.3e-60     163     356 .]  138588  138781 ..  138587  138781 .. 0.96
   3 !   29.1   3.8   1.4e-09   2.3e-08       1      33 [.  140401  140433 ..  140401  140438 .. 0.94
   4 !  207.5  12.3     8e-64   1.3e-62     160     355 ..  140435  140631 ..  140432  140632 .. 0.96
   5 !   28.5   5.5   2.1e-09   3.4e-08       1      36 [.  140756  140791 ..  140756  140794 .. 0.95
   6 !  202.7  14.5   2.3e-62   3.7e-61     154     356 .]  140782  140982 ..  140781  140982 .. 0.95
   7 ?    4.3   0.9     0.049      0.78       1      47 [.  306593  306635 ..  306593  306666 .. 0.75

>> NZ_CP113052.1_frame=3  Staphylococcus aureus strain Fizz chromosome, complete genome
   #    score  bias  c-Evalue  i-Evalue hmmfrom  hmm to    alifrom  ali to    envfrom  env to     acc
 ---   ------ ----- --------- --------- ------- -------    ------- -------    ------- -------    ----
   1 !   30.2   5.3   6.2e-10     1e-08       1      35 [.  462338  462372 ..  462338  462375 .. 0.94
   2 !  213.2  21.4   1.5e-65   2.4e-64     160     355 ..  462369  462565 ..  462367  462566 .. 0.98
   3 !   31.0   4.2   3.7e-10     6e-09       2      36 ..  462711  462745 ..  462710  462748 .. 0.94
   4 !  211.0  18.6   6.8e-65   1.1e-63     156     356 .]  462740  462938 ..  462739  462938 .. 0.98
   5 !  145.3  12.2   6.4e-45     1e-43     244     355 ..  465241  465356 ..  465237  465356 .. 0.97
   6 ?    1.8   0.7      0.27       4.4       1      46 [.  641368  641411 ..  641368  641439 .. 0.75

>> NZ_CP136528.1_frame=2  Staphylococcus aureus strain BAA-1556_Catania chromosome, complete genome
   #    score  bias  c-Evalue  i-Evalue hmmfrom  hmm to    alifrom  ali to    envfrom  env to     acc
 ---   ------ ----- --------- --------- ------- -------    ------- -------    ------- -------    ----
   1 !   30.2   5.3   6.2e-10     1e-08       1      35 [.  150844  150878 ..  150844  150881 .. 0.94
   2 !  213.2  21.4   1.5e-65   2.4e-64     160     355 ..  150875  151071 ..  150873  151072 .. 0.98
   3 !   31.0   4.2   3.7e-10     6e-09       2      36 ..  151217  151251 ..  151216  151254 .. 0.94
   4 !  211.0  18.6   6.8e-65   1.1e-63     156     356 .]  151246  151444 ..  151245  151444 .. 0.98
   5 !  145.3  12.2   6.4e-45     1e-43     244     355 ..  153747  153862 ..  153743  153862 .. 0.97
   6 ?    1.8   0.7      0.27       4.4       1      46 [.  329856  329899 ..  329856  329927 .. 0.75

>> NZ_LR134284.1_frame=2  Streptococcus pyogenes strain NCTC8232 chromosome 1, complete sequence
   #    score  bias  c-Evalue  i-Evalue hmmfrom  hmm to    alifrom  ali to    envfrom  env to     acc
 ---   ------ ----- --------- --------- ------- -------    ------- -------    ------- -------    ----
   1 ?   65.4   5.5   1.3e-20   2.1e-19     222     330 ..  339802  339918 ..  339728  339948 .. 0.79
   2 ?   67.5   4.5     3e-21   4.8e-20     223     330 ..  371264  371379 ..  371187  371400 .. 0.88
   3 ?   23.9   7.9   5.1e-08   8.2e-07     275     352 ..  391654  391735 ..  391646  391737 .. 0.80
   4 ?   52.9   7.0     8e-17   1.3e-15     216     330 ..  576735  576853 ..  576682  576879 .. 0.70

>> NZ_LS483357.1_frame=1  Streptococcus pyogenes strain NCTC8326 chromosome 1, complete sequence
   #    score  bias  c-Evalue  i-Evalue hmmfrom  hmm to    alifrom  ali to    envfrom  env to     acc
 ---   ------ ----- --------- --------- ------- -------    ------- -------    ------- -------    ----
   1 ?   64.9   5.6   1.8e-20   2.9e-19     155     330 ..  219398  219587 ..  219384  219589 .. 0.75
   2 ?   65.0  12.4   1.6e-20   2.6e-19     153     332 ..  430319  430499 ..  430316  430521 .. 0.74
   3 ?   52.8   8.3   8.9e-17   1.4e-15     171     330 ..  567810  567975 ..  567804  568001 .. 0.70

>> NZ_CP118481.1_frame=2  Streptococcus pyogenes strain 20185322 chromosome, complete genome
   #    score  bias  c-Evalue  i-Evalue hmmfrom  hmm to    alifrom  ali to    envfrom  env to     acc
 ---   ------ ----- --------- --------- ------- -------    ------- -------    ------- -------    ----
   1 ?   60.1  10.4   5.1e-19   8.2e-18     159     332 ..  258524  258698 ..  258519  258724 .. 0.78
   2 ?   63.9   5.6   3.7e-20   5.9e-19     222     330 ..  338336  338452 ..  338262  338482 .. 0.79

>> NZ_CP070994.1_frame=-3  Streptococcus pyogenes strain M11318 chromosome, complete genome
   #    score  bias  c-Evalue  i-Evalue hmmfrom  hmm to    alifrom  ali to    envfrom  env to     acc
 ---   ------ ----- --------- --------- ------- -------    ------- -------    ------- -------    ----
   1 ?   38.7  14.7   1.7e-12   2.7e-11     214     351 ..  483411  483549 ..  483352  483552 .. 0.73
   2 ?   50.6   6.5   4.1e-16   6.5e-15     218     330 ..  543367  543483 ..  543313  543509 .. 0.70

>> NZ_CP051138.1_frame=3  Streptococcus pyogenes strain 4063-05 chromosome, complete genome
   #    score  bias  c-Evalue  i-Evalue hmmfrom  hmm to    alifrom  ali to    envfrom  env to     acc
 ---   ------ ----- --------- --------- ------- -------    ------- -------    ------- -------    ----
   1 ?   64.9   5.6   1.8e-20   2.9e-19     155     330 ..  219328  219517 ..  219314  219519 .. 0.75

>> NZ_AP023389.1_frame=3  Streptococcus pyogenes strain KUN-0012590 chromosome, complete genome
   #    score  bias  c-Evalue  i-Evalue hmmfrom  hmm to    alifrom  ali to    envfrom  env to     acc
 ---   ------ ----- --------- --------- ------- -------    ------- -------    ------- -------    ----
   1 ?   19.0   7.8   1.6e-06   2.6e-05     275     352 ..  383728  383809 ..  383720  383811 .. 0.81
   2 ?   57.3   8.5   3.6e-18   5.8e-17     171     330 ..  558547  558712 ..  558541  558738 .. 0.76

>> NZ_CP051138.1_frame=1  Streptococcus pyogenes strain 4063-05 chromosome, complete genome
   #    score  bias  c-Evalue  i-Evalue hmmfrom  hmm to    alifrom  ali to    envfrom  env to     acc
 ---   ------ ----- --------- --------- ------- -------    ------- -------    ------- -------    ----
   1 ?   19.1   8.1   1.6e-06   2.5e-05     275     352 ..  381737  381818 ..  381729  381820 .. 0.81
   2 ?   52.8   8.3   8.9e-17   1.4e-15     171     330 ..  567735  567900 ..  567729  567926 .. 0.70



Internal pipeline statistics summary:
-------------------------------------
Query model(s):                              1  (356 nodes)
Target sequences:                          564  (304447416 residues searched)
Passed MSV filter:                       342  (0.606383); expected 11.3 (0.02)
Passed bias filter:                      138  (0.244681); expected 11.3 (0.02)
Passed Vit filter:                       138  (0.244681); expected 0.6 (0.001)
Passed Fwd filter:                        35  (0.0620567); expected 0.0 (1e-05)
Initial search space (Z):                564  [actual number of targets]
Domain search space  (domZ):              35  [number of targets reported over threshold]
# CPU time: 99.24u 0.14s 00:01:39.38 Elapsed: 00:01:40.47
# Mc/sec: 1078.76

@@ New targets included:   0
@@ New alignment includes: 228 subseqs (was 228), including original query
@@
@@ CONVERGED (in 5 rounds). 
@@

# Alignment of 228 hits satisfying inclusion thresholds saved to: data/jackhmmer_results/SSL3.jackhmmer.sto
//
[ok]
