Accession,Residue,BepiPred-3.0 score,BepiPred-3.0 linear epitope score
SSL3|CC1,Q,0.11920052766799927, 0.08663819564713372
SSL3|CC1,A,0.11088018119335175, 0.10656768911414677
SSL3|CC1,Q,0.15492115914821625, 0.1321309722132153
SSL3|CC1,T,0.19634655117988586, 0.15179254611333212
SSL3|CC1,D,0.19839534163475037, 0.17461535003450182
SSL3|CC1,M,0.17936544120311737, 0.18894130322668287
SSL3|CC1,T,0.23006954789161682, 0.20166714489459991
SSL3|CC1,P,0.17695416510105133, 0.20260933372709486
SSL3|CC1,K,0.20540523529052734, 0.19391186949279574
SSL3|CC1,Y,0.24813410639762878, 0.20509060472249985
SSL3|CC1,E,0.2254127562046051, 0.2030539256003168
SSL3|CC1,D,0.16340085864067078, 0.19942736708455616
SSL3|CC1,L,0.1180693730711937, 0.2001496743824747
SSL3|CC1,R,0.2990039587020874, 0.19943536238537896
SSL3|CC1,A,0.16103532910346985, 0.19564810312456554
SSL3|CC1,Y,0.19743052124977112, 0.18926724046468735
SSL3|CC1,Y,0.18345493078231812, 0.1874073768655459
SSL3|CC1,T,0.19897642731666565, 0.195735365152359
SSL3|CC1,K,0.21404877305030823, 0.18128961821397147
SSL3|CC1,P,0.1679849922657013, 0.17677154309219784
SSL3|CC1,S,0.14666208624839783, 0.1739001108540429
SSL3|CC1,F,0.1930212676525116, 0.1817545791467031
SSL3|CC1,E,0.16899223625659943, 0.18519993291960823
SSL3|CC1,F,0.12037265300750732, 0.1816561453872257
SSL3|CC1,E,0.17158763110637665, 0.18159577084912193
SSL3|CC1,K,0.25414514541625977, 0.186876666214731
SSL3|CC1,Q,0.2299846112728119, 0.18838058246506584
SSL3|CC1,F,0.18215468525886536, 0.18319626649220785
SSL3|CC1,G,0.16744162142276764, 0.19334745738241407
SSL3|CC1,F,0.1941901445388794, 0.19611824386649662
SSL3|CC1,L,0.2065565139055252, 0.19536948535177442
SSL3|CC1,L,0.12233339250087738, 0.18482900659243265
SSL3|CC1,K,0.2117333710193634, 0.18654565181997088
SSL3|CC1,P,0.1965247094631195, 0.18127103481027815
SSL3|CC1,W,0.24740631878376007, 0.18901151584254372
SSL3|CC1,T,0.13512030243873596, 0.18522798518339792
SSL3|CC1,T,0.1976044923067093, 0.19409101539187962
SSL3|CC1,V,0.11997006833553314, 0.19748731123076546
SSL3|CC1,R,0.2638544738292694, 0.19448854525883993
SSL3|CC1,F,0.1725047379732132, 0.19716013967990875
SSL3|CC1,M,0.20210066437721252, 0.2084764407740699
SSL3|CC1,N,0.24230003356933594, 0.21081420282522836
SSL3|CC1,V,0.1695358157157898, 0.22560061348809135
SSL3|CC1,I,0.2714506685733795, 0.21388810210757786
SSL3|CC1,P,0.23696701228618622, 0.21489656468232474
SSL3|CC1,N,0.21864435076713562, 0.20317834946844313
SSL3|CC1,R,0.25304776430130005, 0.19658057226075065
SSL3|CC1,F,0.15844187140464783, 0.186859469446871
SSL3|CC1,I,0.18158090114593506, 0.172058819896645
SSL3|CC1,Y,0.09663672745227814, 0.15645838446087307
SSL3|CC1,K,0.18292003870010376, 0.15029606223106384
SSL3|CC1,I,0.08204589039087296, 0.1395392401350869
SSL3|CC1,A,0.13824482262134552, 0.14577251507176292
SSL3|CC1,L,0.09656309336423874, 0.1495110640923182
SSL3|CC1,V,0.16318345069885254, 0.17188558313581678
SSL3|CC1,G,0.15623636543750763, 0.18414423200819227
SSL3|CC1,K,0.21454134583473206, 0.2087363890475697
SSL3|CC1,D,0.21522784233093262, 0.22394098258680767
SSL3|CC1,E,0.29800739884376526, 0.2466568632258309
SSL3|CC1,K,0.29324787855148315, 0.25655734373463523
SSL3|CC1,K,0.3033753037452698, 0.25882162981563145
SSL3|CC1,Y,0.2750861644744873, 0.26358357734150356
SSL3|CC1,K,0.301006019115448, 0.26880133152008057
SSL3|CC1,D,0.25228777527809143, 0.2536564932929145
SSL3|CC1,G,0.1766149401664734, 0.24476021197107103
SSL3|CC1,P,0.2573988735675812, 0.22107848938968447
SSL3|CC1,Y,0.2621876299381256, 0.21030667506986195
SSL3|CC1,D,0.16170385479927063, 0.18188072534071076
SSL3|CC1,N,0.21318134665489197, 0.17595165760980713
SSL3|CC1,I,0.09023980051279068, 0.16317645377582973
SSL3|CC1,D,0.1781398355960846, 0.14676974879370797
SSL3|CC1,V,0.045172471553087234, 0.1323806643486023
SSL3|CC1,F,0.1989261656999588, 0.143376757701238
SSL3|CC1,I,0.061638105660676956, 0.15139993362956577
SSL3|CC1,V,0.10973852872848511, 0.1655321146051089
SSL3|CC1,L,0.13268586993217468, 0.16853733277983135
SSL3|CC1,E,0.26066869497299194, 0.18006563228037623
SSL3|CC1,D,0.2853899300098419, 0.18038725563221508
SSL3|CC1,N,0.21742942929267883, 0.18281018982330957
SSL3|CC1,K,0.20518679916858673, 0.19412376234928766
SSL3|CC1,Y,0.14892716705799103, 0.20385821080870098
SSL3|CC1,Q,0.20182077586650848, 0.1915522971087032
SSL3|CC1,L,0.0834445133805275, 0.17870801935593286
SSL3|CC1,K,0.2115606814622879, 0.16762137826946047
SSL3|CC1,K,0.22029590606689453, 0.1645532175898552
SSL3|CC1,Y,0.14991547167301178, 0.16745398690303168
SSL3|CC1,S,0.16979143023490906, 0.16537725345955956
SSL3|CC1,V,0.11764965951442719, 0.17683339284525978
SSL3|CC1,G,0.17757335305213928, 0.17769170800844827
SSL3|CC1,G,0.17503409087657928, 0.1731741809182697
SSL3|CC1,I,0.1831301748752594, 0.18412404590182835
SSL3|CC1,T,0.18654976785182953, 0.18618191613091362
SSL3|CC1,K,0.2192855179309845, 0.20025498999489677
SSL3|CC1,T,0.17963816225528717, 0.2055542899502648
SSL3|CC1,N,0.24846425652503967, 0.20590845081541273
SSL3|CC1,S,0.18831226229667664, 0.21228108141157362
SSL3|CC1,K,0.24430732429027557, 0.206033393740654
SSL3|CC1,K,0.22526705265045166, 0.2029792931344774
SSL3|CC1,V,0.17822153866291046, 0.1919078528881073
SSL3|CC1,N,0.2404838502407074, 0.1879481060637368
SSL3|CC1,H,0.13032057881355286, 0.17681173814667595
SSL3|CC1,K,0.1917986124753952, 0.16822441584534115
SSL3|CC1,V,0.07999520003795624, 0.15768677492936453
SSL3|CC1,E,0.21282653510570526, 0.1577586978673935
SSL3|CC1,L,0.08808495104312897, 0.15290193259716034
SSL3|CC1,S,0.16702142357826233, 0.16720287832948896
SSL3|CC1,I,0.130428284406662, 0.17460299862755668
SSL3|CC1,T,0.1788688451051712, 0.19770591954390207
SSL3|CC1,K,0.196772962808609, 0.20895617538028294
SSL3|CC1,K,0.2590290904045105, 0.22142073346508873
SSL3|CC1,D,0.25839969515800476, 0.2338562160730362
SSL3|CC1,N,0.2879214882850647, 0.24206938180658552
SSL3|CC1,Q,0.31407883763313293, 0.24675341612762874
SSL3|CC1,G,0.20026597380638123, 0.2514449424213833
SSL3|CC1,M,0.27894076704978943, 0.24565067225032383
SSL3|CC1,I,0.20434677600860596, 0.23596123523182339
SSL3|CC1,S,0.22102515399456024, 0.22643242279688516
SSL3|CC1,R,0.2389966994524002, 0.21716666056050193
SSL3|CC1,D,0.20688065886497498, 0.21911531521214378
SSL3|CC1,V,0.17119476199150085, 0.20812460945712197
SSL3|CC1,S,0.20216217637062073, 0.20324356688393486
SSL3|CC1,E,0.2306869775056839, 0.19854791131284502
SSL3|CC1,Y,0.21780386567115784, 0.19480693009164599
SSL3|CC1,M,0.1800244152545929, 0.19725184639294943
SSL3|CC1,I,0.16041739284992218, 0.20626277062628004
SSL3|CC1,T,0.1787642538547516, 0.19837546679708692
SSL3|CC1,K,0.2053278684616089, 0.19020595649878183
SSL3|CC1,E,0.22888490557670593, 0.1793120809727245
SSL3|CC1,E,0.25229308009147644, 0.1783390599820349
SSL3|CC1,I,0.1311764419078827, 0.18132865180571875
SSL3|CC1,S,0.1571613848209381, 0.17159646997849146
SSL3|CC1,L,0.1197589859366417, 0.16570335378249487
SSL3|CC1,K,0.17126722633838654, 0.1618104005853335
SSL3|CC1,E,0.18732371926307678, 0.15233496410979164
SSL3|CC1,L,0.09117461740970612, 0.14960125337044397
SSL3|CC1,D,0.15228982269763947, 0.15300537728601032
SSL3|CC1,F,0.19384832680225372, 0.16169184115197924
SSL3|CC1,K,0.16701415181159973, 0.15850781897703806
SSL3|CC1,L,0.10657304525375366, 0.14740369220574698
SSL3|CC1,R,0.18779850006103516, 0.15711790323257446
SSL3|CC1,K,0.19793716073036194, 0.1725629319747289
SSL3|CC1,Q,0.14261102676391602, 0.17553078797128466
SSL3|CC1,L,0.08738657832145691, 0.17561709715260398
SSL3|CC1,I,0.17860251665115356, 0.1940955569346746
SSL3|CC1,E,0.2912950813770294, 0.19336408376693726
SSL3|CC1,K,0.2205590307712555, 0.20784552892049155
SSL3|CC1,H,0.16779093444347382, 0.21268937322828504
SSL3|CC1,N,0.2728791832923889, 0.23429292771551344
SSL3|CC1,L,0.18121524155139923, 0.23887442549069723
SSL3|CC1,Y,0.32827016711235046, 0.221137758758333
SSL3|CC1,G,0.18620562553405762, 0.2192932516336441
SSL3|CC1,N,0.28181856870651245, 0.20936957001686096
SSL3|CC1,M,0.21983599662780762, 0.19791746139526367
SSL3|CC1,G,0.13166508078575134, 0.1817450030810303
SSL3|CC1,S,0.20395846664905548, 0.1565777249634266
SSL3|CC1,G,0.07847779989242554, 0.14146766687432924
SSL3|CC1,T,0.1698102056980133, 0.12744209460086292
SSL3|CC1,I,0.035663116723299026, 0.11841574269864294
SSL3|CC1,V,0.10176466405391693, 0.12653624638915062
SSL3|CC1,I,0.05021510273218155, 0.12769275862309667
SSL3|CC1,K,0.15558841824531555, 0.13621986202067798
SSL3|CC1,M,0.13859882950782776, 0.14160030707716942
SSL3|CC1,K,0.20474961400032043, 0.16380574388636482
SSL3|CC1,N,0.21436707675457, 0.17321552915705574
SSL3|CC1,G,0.15522173047065735, 0.18697991801632774
SSL3|CC1,G,0.21823421120643616, 0.1834796650542153
SSL3|CC1,K,0.23551204800605774, 0.20043916669156817
SSL3|CC1,Y,0.1864527314901352, 0.18913667400678
SSL3|CC1,T,0.17409460246562958, 0.194945697983106
SSL3|CC1,F,0.12408614158630371, 0.2073753128449122
SSL3|CC1,E,0.2912343442440033, 0.21363906231191424
SSL3|CC1,L,0.10302717983722687, 0.21348625090387133
SSL3|CC1,H,0.2666482925415039, 0.22361924747625986
SSL3|CC1,K,0.26708826422691345, 0.23292690184381273
SSL3|CC1,K,0.27460795640945435, 0.24342532787058088
SSL3|CC1,L,0.23413674533367157, 0.2433187117179235
SSL3|CC1,Q,0.2776497006416321, 0.2500731382105086
SSL3|CC1,E,0.25786349177360535, 0.23583900100655025
SSL3|CC1,H,0.2185719758272171, 0.22496794164180756
SSL3|CC1,R,0.29027479887008667, 0.21139958831999037
SSL3|CC1,M,0.16381701827049255, 0.19930096632904476
SSL3|CC1,A,0.1385410577058792, 0.18837681909402212
SSL3|CC1,D,0.16924872994422913, 0.1737227456437217
SSL3|CC1,V,0.15249277651309967, 0.17152880297766793
SSL3|CC1,I,0.12524914741516113, 0.1627260148525238
SSL3|CC1,D,0.17933237552642822, 0.1550021328859859
SSL3|CC1,G,0.1259768307209015, 0.15445545067389807
SSL3|CC1,T,0.19882649183273315, 0.1543685719370842
SSL3|CC1,N,0.21104970574378967, 0.1433469189537896
SSL3|CC1,I,0.09430208057165146, 0.15044155054622227
SSL3|CC1,D,0.13362091779708862, 0.13719355397754246
SSL3|CC1,N,0.16846682131290436, 0.14211954673131308
SSL3|CC1,I,0.053297899663448334, 0.13159662071201536
SSL3|CC1,E,0.18910083174705505, 0.1256332521637281
SSL3|CC1,V,0.060100406408309937, 0.11515524321132237
SSL3|CC1,N,0.17031076550483704, 0.1003084745672014
SSL3|CC1,I,0.1041201576590538, 0.08158993886576758
SSL3|CC1,K,0.1573793888092041, 0.07566795001427333
SSL3|CC5,Q,0.11317918449640274, 0.08580001609192954
SSL3|CC5,A,0.11221535503864288, 0.10586167126893997
SSL3|CC5,Q,0.15259142220020294, 0.13232342153787613
SSL3|CC5,T,0.1956954300403595, 0.1510937420858277
SSL3|CC5,D,0.1985187530517578, 0.17360348088873756
SSL3|CC5,M,0.18055489659309387, 0.18953967259989846
SSL3|CC5,T,0.23815575242042542, 0.20251385205321842
SSL3|CC5,P,0.16893288493156433, 0.20468217631181082
SSL3|CC5,K,0.20258764922618866, 0.19630012826787102
SSL3|CC5,Y,0.2566049098968506, 0.20840727206733492
SSL3|CC5,E,0.22898297011852264, 0.2070691908399264
SSL3|CC5,D,0.17210634052753448, 0.2031004321244028
SSL3|CC5,L,0.12025699764490128, 0.2053724005818367
SSL3|CC5,R,0.307483047246933, 0.20627118564314312
SSL3|CC5,A,0.16851216554641724, 0.20201303313175836
SSL3|CC5,Y,0.2024369239807129, 0.19606323457426494
SSL3|CC5,Y,0.18938060104846954, 0.19414504617452621
SSL3|CC5,T,0.21067671477794647, 0.2030522558424208
SSL3|CC5,K,0.21828153729438782, 0.18874967098236084
SSL3|CC5,P,0.17543478310108185, 0.18434915608829922
SSL3|CC5,S,0.15484264492988586, 0.18207965791225433
SSL3|CC5,F,0.20042188465595245, 0.1906836595800188
SSL3|CC5,E,0.17875978350639343, 0.1941941132148107
SSL3|CC5,F,0.12890753149986267, 0.19122156500816345
SSL3|CC5,E,0.1820114403963089, 0.1904007312324312
SSL3|CC5,K,0.2668166160583496, 0.1946702798207601
SSL3|CC5,Q,0.2422707974910736, 0.19633500277996063
SSL3|CC5,F,0.19152860343456268, 0.19113225075933668
SSL3|CC5,G,0.16804727911949158, 0.20186594294177163
SSL3|CC5,F,0.1932685822248459, 0.20446490082475874
SSL3|CC5,L,0.21540439128875732, 0.2034875469075309
SSL3|CC5,L,0.1319350153207779, 0.19168728755580056
SSL3|CC5,K,0.22551076114177704, 0.19352863729000092
SSL3|CC5,P,0.20540206134319305, 0.1890085687239965
SSL3|CC5,W,0.25802043080329895, 0.19881726635826957
SSL3|CC5,T,0.1360684633255005, 0.1951347159014808
SSL3|CC5,T,0.20810075104236603, 0.20396211743354797
SSL3|CC5,V,0.12736666202545166, 0.20633017520109811
SSL3|CC5,R,0.28154686093330383, 0.20286692016654545
SSL3|CC5,F,0.18226143717765808, 0.20489658415317535
SSL3|CC5,M,0.21138162910938263, 0.2163971182372835
SSL3|CC5,N,0.2468232810497284, 0.21836297710736594
SSL3|CC5,V,0.17423276603221893, 0.2323194510406918
SSL3|CC5,I,0.27628740668296814, 0.21852822105089822
SSL3|CC5,P,0.23957327008247375, 0.2186613099442588
SSL3|CC5,N,0.2257934808731079, 0.20561855369144016
SSL3|CC5,R,0.2529749274253845, 0.19903789460659027
SSL3|CC5,F,0.15742579102516174, 0.18901512771844864
SSL3|CC5,I,0.18345923721790314, 0.17426087872849572
SSL3|CC5,Y,0.09399682283401489, 0.15831859823730257
SSL3|CC5,K,0.1875973492860794, 0.15237164911296633
SSL3|CC5,I,0.08402786403894424, 0.14137624949216843
SSL3|CC5,A,0.14349916577339172, 0.14903294460641014
SSL3|CC5,L,0.09609274566173553, 0.15307319578197268
SSL3|CC5,V,0.17227093875408173, 0.176463197502825
SSL3|CC5,G,0.15401633083820343, 0.18908386015229756
SSL3|CC5,K,0.2263360470533371, 0.2143748485379749
SSL3|CC5,D,0.219821497797966, 0.22980956070952946
SSL3|CC5,E,0.3045068383216858, 0.25307225187619525
SSL3|CC5,K,0.3011833131313324, 0.2628904895650016
SSL3|CC5,K,0.3116467595100403, 0.2654726008574168
SSL3|CC5,Y,0.2824115753173828, 0.26866091125541264
SSL3|CC5,K,0.3054569661617279, 0.273993624581231
SSL3|CC5,D,0.2606350779533386, 0.25820572177569073
SSL3|CC5,G,0.17725533246994019, 0.2476118521557914
SSL3|CC5,P,0.2550308406352997, 0.2232347826162974
SSL3|CC5,Y,0.2678159177303314, 0.21118473841084373
SSL3|CC5,D,0.16241571307182312, 0.18204745567507213
SSL3|CC5,N,0.20583848655223846, 0.1758503723475668
SSL3|CC5,I,0.09225313365459442, 0.1627923734486103
SSL3|CC5,D,0.17396117746829987, 0.1467674784362316
SSL3|CC5,V,0.04322142153978348, 0.13206315661470094
SSL3|CC5,F,0.2048613280057907, 0.143475614902046
SSL3|CC5,I,0.05973334237933159, 0.1531395957701736
SSL3|CC5,V,0.11080678552389145, 0.16778437586294281
SSL3|CC5,L,0.13547702133655548, 0.17227549478411674
SSL3|CC5,E,0.26512783765792847, 0.1843656272523933
SSL3|CC5,D,0.29281431436538696, 0.18491115876370007
SSL3|CC5,N,0.2240561544895172, 0.18796865724855
SSL3|CC5,K,0.21438124775886536, 0.19979416661792332
SSL3|CC5,Y,0.15203261375427246, 0.21012310518158805
SSL3|CC5,Q,0.20977111160755157, 0.19765404197904798
SSL3|CC5,L,0.08725082874298096, 0.18454362783167097
SSL3|CC5,K,0.21723636984825134, 0.17374812066555023
SSL3|CC5,K,0.22843746840953827, 0.16942434344026777
SSL3|CC5,Y,0.15290626883506775, 0.17304038835896385
SSL3|CC5,S,0.17482058703899384, 0.17056862347655827
SSL3|CC5,V,0.12689658999443054, 0.18212549057271746
SSL3|CC5,G,0.17546725273132324, 0.18316461973720127
SSL3|CC5,G,0.18457701802253723, 0.17899959286053976
SSL3|CC5,I,0.18752522766590118, 0.19043354524506462
SSL3|CC5,T,0.1912626326084137, 0.19290432499514687
SSL3|CC5,K,0.22658853232860565, 0.2065319021542867
SSL3|CC5,T,0.19095222651958466, 0.21254700422286987
SSL3|CC5,N,0.2558118402957916, 0.21217105786005655
SSL3|CC5,S,0.1970576047897339, 0.21499061418904197
SSL3|CC5,K,0.24954478442668915, 0.20987193286418915
SSL3|CC5,K,0.22960317134857178, 0.2066726651456621
SSL3|CC5,V,0.1811935007572174, 0.19526365647713342
SSL3|CC5,D,0.21290123462677002, 0.18886443061961067
SSL3|CC5,H,0.14519450068473816, 0.17743102957805
SSL3|CC5,K,0.19779512286186218, 0.16666370050774681
SSL3|CC5,A,0.08827114850282669, 0.15345455623335308
SSL3|CC5,E,0.19821880757808685, 0.15124884164995617
SSL3|CC5,L,0.09415699541568756, 0.15052550120486152
SSL3|CC5,S,0.15263882279396057, 0.164529450237751
SSL3|CC5,V,0.11072087287902832, 0.17257074928945965
SSL3|CC5,T,0.1613420695066452, 0.19454598095681933
SSL3|CC5,K,0.20639117062091827, 0.2068108899725808
SSL3|CC5,K,0.2712300419807434, 0.21622846523920694
SSL3|CC5,D,0.27016681432724, 0.22857517997423807
SSL3|CC5,N,0.2860482335090637, 0.23411187695132363
SSL3|CC5,Q,0.3086029887199402, 0.24048072596391043
SSL3|CC5,G,0.17891517281532288, 0.23987108137872484
SSL3|CC5,M,0.2637592554092407, 0.23271679215961033
SSL3|CC5,I,0.16055114567279816, 0.2192646496825748
SSL3|CC5,S,0.21866171061992645, 0.2094213151269489
SSL3|CC5,R,0.20090436935424805, 0.20023859375052983
SSL3|CC5,D,0.20684143900871277, 0.20225146578417885
SSL3|CC5,V,0.1490975320339203, 0.19262379904588064
SSL3|CC5,S,0.19745822250843048, 0.1910276942782932
SSL3|CC5,E,0.22595849633216858, 0.18711690273549822
SSL3|CC5,Y,0.19703102111816406, 0.18707211977905697
SSL3|CC5,M,0.17711025476455688, 0.1894274635447396
SSL3|CC5,I,0.1461862027645111, 0.20153440203931597
SSL3|CC5,T,0.18346458673477173, 0.19442539744906956
SSL3|CC5,K,0.20050132274627686, 0.1876475214958191
SSL3|CC5,E,0.22803953289985657, 0.1796404230925772
SSL3|CC5,E,0.2580599784851074, 0.17958282513750923
SSL3|CC5,I,0.13347718119621277, 0.1847112617558903
SSL3|CC5,S,0.16495761275291443, 0.17524794737497965
SSL3|CC5,L,0.12496713548898697, 0.17070458167129093
SSL3|CC5,K,0.1765918731689453, 0.16728818913300833
SSL3|CC5,E,0.1923421323299408, 0.15748097002506256
SSL3|CC5,L,0.09829475730657578, 0.15526290982961655
SSL3|CC5,D,0.1596110314130783, 0.15830881976419026
SSL3|CC5,F,0.1972920000553131, 0.16579282449351418
SSL3|CC5,K,0.16979500651359558, 0.16230207516087425
SSL3|CC5,L,0.11351463943719864, 0.1514858537250095
SSL3|CC5,R,0.19237080216407776, 0.16091706769333947
SSL3|CC5,K,0.19232317805290222, 0.17625490741597283
SSL3|CC5,Q,0.14517512917518616, 0.17981678826941383
SSL3|CC5,L,0.0949961394071579, 0.17980197154813343
SSL3|CC5,I,0.1831756830215454, 0.1987624300850762
SSL3|CC5,E,0.29765158891677856, 0.19946909778647953
SSL3|CC5,K,0.22934892773628235, 0.2146486822101805
SSL3|CC5,H,0.16966165602207184, 0.2203040106428994
SSL3|CC5,N,0.28415876626968384, 0.24231125248803032
SSL3|CC5,L,0.19873081147670746, 0.24690185652838814
SSL3|CC5,Y,0.32893943786621094, 0.22932080924510956
SSL3|CC5,G,0.19607308506965637, 0.22643161316712698
SSL3|CC5,N,0.2930613160133362, 0.21617095337973702
SSL3|CC5,M,0.22449111938476562, 0.2044677519136005
SSL3|CC5,G,0.13942216336727142, 0.1864759454296695
SSL3|CC5,S,0.2033461630344391, 0.1619288536409537
SSL3|CC5,G,0.07731571793556213, 0.14610303358899224
SSL3|CC5,T,0.17882995307445526, 0.13183173454470104
SSL3|CC5,I,0.036804553121328354, 0.1239315743247668
SSL3|CC5,V,0.10801561176776886, 0.13182742148637772
SSL3|CC5,I,0.0536407046020031, 0.1348265599873331
SSL3|CC5,K,0.16461962461471558, 0.14460851500431696
SSL3|CC5,M,0.15338967740535736, 0.15024597032202613
SSL3|CC5,K,0.21048478782176971, 0.17249463953905636
SSL3|CC5,N,0.23033840954303741, 0.18385989094773927
SSL3|CC5,G,0.16535331308841705, 0.19815342128276825
SSL3|CC5,G,0.2295670509338379, 0.1955384628640281
SSL3|CC5,K,0.23704257607460022, 0.21231365534994337
SSL3|CC5,Y,0.21030287444591522, 0.20158200876580346
SSL3|CC5,T,0.1822824776172638, 0.20813885579506555
SSL3|CC5,F,0.14108499884605408, 0.2203643098473549
SSL3|CC5,E,0.30436640977859497, 0.2283276990056038
SSL3|CC5,L,0.11389996856451035, 0.22942933522992665
SSL3|CC5,H,0.2893500328063965, 0.23679106682538986
SSL3|CC5,K,0.275382399559021, 0.2447801422741678
SSL3|CC5,K,0.301237553358078, 0.2522854929169019
SSL3|CC5,L,0.24695730209350586, 0.24845911976363924
SSL3|CC5,Q,0.27655845880508423, 0.25185013976362014
SSL3|CC5,E,0.25418415665626526, 0.23468027512232462
SSL3|CC5,H,0.208633154630661, 0.22548386454582214
SSL3|CC5,R,0.26992905139923096, 0.2092103660106659
SSL3|CC5,M,0.14441914856433868, 0.1986441562573115
SSL3|CC5,A,0.13482125103473663, 0.1933193968402015
SSL3|CC5,D,0.19261470437049866, 0.18251971900463104
SSL3|CC5,V,0.15477606654167175, 0.18112528158558738
SSL3|CC5,I,0.15186141431331635, 0.17620032694604662
SSL3|CC5,E,0.22863562405109406, 0.17113041381041208
SSL3|CC5,G,0.1569870561361313, 0.17275399300787184
SSL3|CC5,T,0.1960832178592682, 0.17075227200984955
SSL3|CC5,N,0.22560445964336395, 0.15977901592850685
SSL3|CC5,I,0.09878993034362793, 0.1632837193707625
SSL3|CC5,D,0.1494334638118744, 0.144478732926978
SSL3|CC5,K,0.17459921538829803, 0.14818900782201025
SSL3|CC5,I,0.05601676180958748, 0.13930364325642586
SSL3|CC5,E,0.18340374529361725, 0.13161390730076367
SSL3|CC5,V,0.05939074605703354, 0.12063724837369388
SSL3|CC5,N,0.1903795301914215, 0.10403353017237452
SSL3|CC5,I,0.11611493676900864, 0.08463361735145251
SSL3|CC5,K,0.15639683604240417, 0.0784095327059428
SSL3|CC8,Q,0.12696754932403564, 0.09117583351002799
SSL3|CC8,A,0.1155920997262001, 0.11218579361836116
SSL3|CC8,Q,0.16233782470226288, 0.13861707929107878
SSL3|CC8,T,0.20555981993675232, 0.15953813244899115
SSL3|CC8,D,0.21012520790100098, 0.18358686318000159
SSL3|CC8,M,0.18908964097499847, 0.19779688202672535
SSL3|CC8,T,0.23788157105445862, 0.21106372276941934
SSL3|CC8,P,0.18828947842121124, 0.2118080109357834
SSL3|CC8,K,0.21643857657909393, 0.20263495213455623
SSL3|CC8,Y,0.25485771894454956, 0.21331350836488935
SSL3|CC8,E,0.23499366641044617, 0.2104197773668501
SSL3|CC8,D,0.16903641819953918, 0.20671608712938097
SSL3|CC8,L,0.12300229072570801, 0.2074094894859526
SSL3|CC8,R,0.306232213973999, 0.20674611628055573
SSL3|CC8,A,0.16304606199264526, 0.20328781339857313
SSL3|CC8,Y,0.20454835891723633, 0.19645010928312936
SSL3|CC8,Y,0.19453009963035583, 0.1940814173883862
SSL3|CC8,T,0.21046821773052216, 0.20332535107930502
SSL3|CC8,K,0.22373299300670624, 0.18922142187754312
SSL3|CC8,P,0.17345432937145233, 0.1850205676423179
SSL3|CC8,S,0.14771819114685059, 0.18241575194729698
SSL3|CC8,F,0.20619769394397736, 0.1902259902821647
SSL3|CC8,E,0.1792968511581421, 0.19351304901970756
SSL3|CC8,F,0.12523837387561798, 0.1904700150092443
SSL3|CC8,E,0.18110501766204834, 0.1908165928390291
SSL3|CC8,K,0.26482224464416504, 0.19734421206845176
SSL3|CC8,Q,0.2400517463684082, 0.20014312863349915
SSL3|CC8,F,0.19634568691253662, 0.19471183915932974
SSL3|CC8,G,0.17657352983951569, 0.20615953538152906
SSL3|CC8,F,0.20646676421165466, 0.20933051904042563
SSL3|CC8,M,0.2313879430294037, 0.20855646000968087
SSL3|CC8,L,0.13041524589061737, 0.19778898358345032
SSL3|CC8,K,0.228267639875412, 0.198366340663698
SSL3|CC8,P,0.2096438705921173, 0.19287661380238003
SSL3|CC8,W,0.25785571336746216, 0.1996429595682356
SSL3|CC8,T,0.14314445853233337, 0.19329547882080078
SSL3|CC8,T,0.20154190063476562, 0.2017062289847268
SSL3|CC8,V,0.1271659880876541, 0.20328587790330252
SSL3|CC8,R,0.26736387610435486, 0.19965628617339665
SSL3|CC8,F,0.17426061630249023, 0.20175100531842974
SSL3|CC8,M,0.20611199736595154, 0.2133914828300476
SSL3|CC8,N,0.24248448014259338, 0.21679077049096426
SSL3|CC8,V,0.17697754502296448, 0.23133108350965711
SSL3|CC8,I,0.27670818567276, 0.21998727487193215
SSL3|CC8,P,0.24790875613689423, 0.2211582511663437
SSL3|CC8,N,0.23213548958301544, 0.2093532590402497
SSL3|CC8,R,0.2580288052558899, 0.20290148175425
SSL3|CC8,F,0.16526959836483002, 0.19241105599535835
SSL3|CC8,I,0.1847994029521942, 0.17758810602956349
SSL3|CC8,Y,0.0998670682311058, 0.1614922798342175
SSL3|CC8,K,0.1844184845685959, 0.1550406234131919
SSL3|CC8,I,0.08256371319293976, 0.14501827127403683
SSL3|CC8,A,0.14330163598060608, 0.15138543645540872
SSL3|CC8,L,0.10304632037878036, 0.1555889281961653
SSL3|CC8,V,0.1740705817937851, 0.17768873191542095
SSL3|CC8,G,0.16782763600349426, 0.19074104809098774
SSL3|CC8,K,0.22257408499717712, 0.2163352312313186
SSL3|CC8,D,0.2226308286190033, 0.23175052553415298
SSL3|CC8,E,0.29876530170440674, 0.2545420742697186
SSL3|CC8,K,0.3018893301486969, 0.26500697599516976
SSL3|CC8,K,0.31291136145591736, 0.2667666044500139
SSL3|CC8,Y,0.2820392847061157, 0.27205156286557514
SSL3|CC8,K,0.30817025899887085, 0.27787630094422233
SSL3|CC8,D,0.26825469732284546, 0.2630538543065389
SSL3|CC8,G,0.18366429209709167, 0.2536358849869834
SSL3|CC8,P,0.2701387107372284, 0.22939942114883
SSL3|CC8,Y,0.275053471326828, 0.21746298670768738
SSL3|CC8,D,0.16536328196525574, 0.18822140701942974
SSL3|CC8,N,0.21712760627269745, 0.1805349476635456
SSL3|CC8,I,0.09478318691253662, 0.167087243249019
SSL3|CC8,D,0.17461137473583221, 0.14963551817668808
SSL3|CC8,V,0.04499604180455208, 0.13462239296899903
SSL3|CC8,F,0.1990765631198883, 0.1468184801439444
SSL3|CC8,I,0.06263495236635208, 0.15513683979709944
SSL3|CC8,V,0.1130731850862503, 0.1694622995952765
SSL3|CC8,L,0.13993534445762634, 0.17349559027287695
SSL3|CC8,E,0.2751280665397644, 0.18540897717078528
SSL3|CC8,D,0.29199284315109253, 0.18623708933591843
SSL3|CC8,N,0.22371232509613037, 0.18833765304750866
SSL3|CC8,K,0.21091099083423615, 0.19958342529005474
SSL3|CC8,Y,0.15221652388572693, 0.2091342815094524
SSL3|CC8,Q,0.20652957260608673, 0.19596096293793785
SSL3|CC8,L,0.08154002577066422, 0.18346712903843987
SSL3|CC8,K,0.21428513526916504, 0.172162726521492
SSL3|CC8,K,0.2258930504322052, 0.16983292831314933
SSL3|CC8,Y,0.15656819939613342, 0.17287546065118578
SSL3|CC8,S,0.17954833805561066, 0.1719902886284722
SSL3|CC8,V,0.1219727024435997, 0.18525934633281496
SSL3|CC8,G,0.18994280695915222, 0.18705895129177305
SSL3|CC8,G,0.1795993149280548, 0.18327298843198353
SSL3|CC8,I,0.19856302440166473, 0.19473648154073292
SSL3|CC8,T,0.20096154510974884, 0.19817342774735558
SSL3|CC8,K,0.2304815798997879, 0.21381442248821259
SSL3|CC8,T,0.19181938469409943, 0.22128027511967552
SSL3|CC8,N,0.25973963737487793, 0.223630729648802
SSL3|CC8,S,0.21048085391521454, 0.2328117075893614
SSL3|CC8,K,0.26274165511131287, 0.2275127801630232
SSL3|CC8,K,0.2571354806423187, 0.22601699663533104
SSL3|CC8,V,0.20075340569019318, 0.21578669713603127
SSL3|CC8,N,0.2811918258666992, 0.21286166376537746
SSL3|CC8,H,0.15327119827270508, 0.20098038680023617
SSL3|CC8,K,0.21701952815055847, 0.1926417781247033
SSL3|CC8,V,0.0997466892004013, 0.18041523628764683
SSL3|CC8,E,0.23341433703899384, 0.17913455267747244
SSL3|CC8,L,0.10354936122894287, 0.17183572550614676
SSL3|CC8,S,0.18769417703151703, 0.18398460249106088
SSL3|CC8,I,0.14709660410881042, 0.18930862181716496
SSL3|CC8,T,0.18922725319862366, 0.21005092395676506
SSL3|CC8,K,0.21550238132476807, 0.21974261436197493
SSL3|CC8,K,0.2626110911369324, 0.22972011731730568
SSL3|CC8,D,0.264935702085495, 0.2404421865940094
SSL3|CC8,N,0.28642740845680237, 0.24745819634861416
SSL3|CC8,Q,0.32063955068588257, 0.2525835351811515
SSL3|CC8,G,0.19334688782691956, 0.25692446861002183
SSL3|CC8,M,0.2841928005218506, 0.2524711506234275
SSL3|CC8,I,0.2102406919002533, 0.24506423539585537
SSL3|CC8,S,0.23535530269145966, 0.23801466657055748
SSL3|CC8,R,0.25457078218460083, 0.23109734886222416
SSL3|CC8,D,0.22253122925758362, 0.23615498509671953
SSL3|CC8,V,0.1982734650373459, 0.22765020032723746
SSL3|CC8,S,0.2229812890291214, 0.22321515613132054
SSL3|CC8,E,0.25838369131088257, 0.21654796434773338
SSL3|CC8,Y,0.23886561393737793, 0.211230198542277
SSL3|CC8,M,0.20764973759651184, 0.21071300738387638
SSL3|CC8,I,0.17032529413700104, 0.21551562349001566
SSL3|CC8,T,0.17535057663917542, 0.20533986058500078
SSL3|CC8,K,0.20671088993549347, 0.19333155784342024
SSL3|CC8,E,0.21787650883197784, 0.181219220161438
SSL3|CC8,E,0.2414970099925995, 0.17953524159060585
SSL3|CC8,I,0.13139942288398743, 0.1837141298585468
SSL3|CC8,S,0.15030896663665771, 0.17644097324874666
SSL3|CC8,L,0.12985457479953766, 0.1709730103611946
SSL3|CC8,K,0.19249393045902252, 0.17210020869970322
SSL3|CC8,E,0.20793528854846954, 0.16706289599339166
SSL3|CC8,L,0.10989216715097427, 0.16631274339225557
SSL3|CC8,D,0.15749922394752502, 0.17055023792717192
SSL3|CC8,F,0.2280212938785553, 0.1799518805411127
SSL3|CC8,K,0.1961611956357956, 0.17611686305867302
SSL3|CC8,L,0.12464804947376251, 0.16217577871349123
SSL3|CC8,R,0.18844641745090485, 0.1692977183394962
SSL3|CC8,K,0.21446935832500458, 0.18517546190155876
SSL3|CC8,Q,0.15797877311706543, 0.18406478232807583
SSL3|CC8,L,0.0824655294418335, 0.18130881587664285
SSL3|CC8,I,0.17398962378501892, 0.19666122562355465
SSL3|CC8,E,0.30039891600608826, 0.19689342214001548
SSL3|CC8,K,0.21802517771720886, 0.21049431628651089
SSL3|CC8,H,0.17135749757289886, 0.21458005905151367
SSL3|CC8,N,0.26281973719596863, 0.23752025100919935
SSL3|CC8,L,0.19053618609905243, 0.24640067749553257
SSL3|CC8,Y,0.33687740564346313, 0.22977729307280648
SSL3|CC8,G,0.19475045800209045, 0.23079540994432238
SSL3|CC8,N,0.28892725706100464, 0.22301392753918967
SSL3|CC8,M,0.2539134621620178, 0.21314189500278896
SSL3|CC8,G,0.15078845620155334, 0.1976312262316545
SSL3|CC8,S,0.22718822956085205, 0.1738416945768727
SSL3|CC8,G,0.1013241559267044, 0.15780079571737182
SSL3|CC8,T,0.17397144436836243, 0.14371315017342567
SSL3|CC8,I,0.05094016715884209, 0.13141737919714716
SSL3|CC8,V,0.12277162075042725, 0.13852414364616075
SSL3|CC8,I,0.05038236826658249, 0.14079242654972607
SSL3|CC8,K,0.1621384471654892, 0.14886126129163635
SSL3|CC8,M,0.14325152337551117, 0.15438278888662657
SSL3|CC8,K,0.21474933624267578, 0.17375379386875364
SSL3|CC8,N,0.24760277569293976, 0.17573756559027565
SSL3|CC8,G,0.1739436686038971, 0.18811189466052586
SSL3|CC8,G,0.22366519272327423, 0.18017619765467113
SSL3|CC8,K,0.22527921199798584, 0.19461297740538916
SSL3|CC8,Y,0.14062556624412537, 0.18308006392584908
SSL3|CC8,T,0.16175132989883423, 0.18450677560435402
SSL3|CC8,F,0.09071717411279678, 0.19308024479283226
SSL3|CC8,E,0.27318254113197327, 0.19697548614607918
SSL3|CC8,L,0.11095311492681503, 0.19604026608996922
SSL3|CC8,H,0.26044318079948425, 0.21113459600342643
SSL3|CC8,K,0.2511048913002014, 0.223608093129264
SSL3|CC8,K,0.25872236490249634, 0.2370781178275744
SSL3|CC8,L,0.21686223149299622, 0.2444455565677749
SSL3|CC8,Q,0.2764745354652405, 0.26086437205473584
SSL3|CC8,E,0.27401280403137207, 0.2552294184764226
SSL3|CC8,H,0.21194739639759064, 0.2508223404486974
SSL3|CC8,R,0.33948948979377747, 0.24434463348653582
SSL3|CC8,M,0.2587224543094635, 0.24616811176141104
SSL3|CC8,A,0.20972859859466553, 0.23011229601171282
SSL3|CC8,G,0.21144118905067444, 0.22079412970277998
SSL3|CC8,T,0.200423002243042, 0.2221464084254371
SSL3|CC8,N,0.23327353596687317, 0.19422694047292074
SSL3|CC8,I,0.13197219371795654, 0.19182713826497397
SSL3|CC8,D,0.19014930725097656, 0.17795183095667097
SSL3|CC8,N,0.22411790490150452, 0.17595742477311027
SSL3|CC8,I,0.08821427822113037, 0.16770627432399327
SSL3|CC8,E,0.2371242344379425, 0.15963344110382927
SSL3|CC8,V,0.08485083281993866, 0.14496986402405632
SSL3|CC8,N,0.19349153339862823, 0.12384216321839227
SSL3|CC8,I,0.12616264820098877, 0.09894017378489177
SSL3|CC8,K,0.16061803698539734, 0.08913858731587727
SSL3|CC22,Q,0.12979111075401306, 0.09921166797478993
SSL3|CC22,A,0.12768276035785675, 0.11859724753432804
SSL3|CC22,Q,0.15649037063121796, 0.14804888599448734
SSL3|CC22,K,0.24212074279785156, 0.17173482312096489
SSL3|CC22,E,0.2368200272321701, 0.19865275422732034
SSL3|CC22,I,0.1744702160358429, 0.2080698311328888
SSL3|CC22,N,0.2650647461414337, 0.22307581537299687
SSL3|CC22,P,0.21317343413829803, 0.22849194871054757
SSL3|CC22,K,0.2422613799571991, 0.2161969410048591
SSL3|CC22,Y,0.21454480290412903, 0.2230831268760893
SSL3|CC22,K,0.26273661851882935, 0.2254528436395857
SSL3|CC22,D,0.2052355706691742, 0.21821866101688808
SSL3|CC22,L,0.13146567344665527, 0.2147423873345057
SSL3|CC22,R,0.2987957000732422, 0.210624517665969
SSL3|CC22,T,0.19579766690731049, 0.21384713053703308
SSL3|CC22,Y,0.19995710253715515, 0.20068795482317606
SSL3|CC22,Y,0.1818869709968567, 0.19217298593786028
SSL3|CC22,T,0.20520055294036865, 0.199053684870402
SSL3|CC22,K,0.24354831874370575, 0.18512694703208077
SSL3|CC22,P,0.1443040370941162, 0.1753245782521036
SSL3|CC22,S,0.1286008507013321, 0.1719377562403679
SSL3|CC22,L,0.19339196383953094, 0.18095647874805662
SSL3|CC22,E,0.17345505952835083, 0.1835572843750318
SSL3|CC22,F,0.10757634788751602, 0.176680622001489
SSL3|CC22,E,0.1694757044315338, 0.18081281334161758
SSL3|CC22,K,0.2630554735660553, 0.1893537152144644
SSL3|CC22,Q,0.22860780358314514, 0.1917105573746893
SSL3|CC22,F,0.18165835738182068, 0.1863165928257836
SSL3|CC22,G,0.18149375915527344, 0.19894079781240886
SSL3|CC22,F,0.20546896755695343, 0.20433161076572207
SSL3|CC22,M,0.21460354328155518, 0.20460524575577843
SSL3|CC22,L,0.12490937858819962, 0.1930743215812577
SSL3|CC22,K,0.22119419276714325, 0.19452864345577028
SSL3|CC22,P,0.21799302101135254, 0.18668565733565223
SSL3|CC22,W,0.2655181884765625, 0.1939580945505036
SSL3|CC22,T,0.1248294860124588, 0.18761838558647367
SSL3|CC22,T,0.19474725425243378, 0.19647667639785343
SSL3|CC22,V,0.11090688407421112, 0.19481546348995632
SSL3|CC22,R,0.27092090249061584, 0.18790608810053933
SSL3|CC22,F,0.15754616260528564, 0.18531822164853415
SSL3|CC22,M,0.20463399589061737, 0.19628817505306667
SSL3|CC22,N,0.20624327659606934, 0.20107234021027884
SSL3|CC22,V,0.15580864250659943, 0.2080072065194448
SSL3|CC22,I,0.24222739040851593, 0.1970944901307424
SSL3|CC22,P,0.22355906665325165, 0.198892366555002
SSL3|CC22,D,0.23780474066734314, 0.18895623005098766
SSL3|CC22,W,0.1733206808567047, 0.18553665694263247
SSL3|CC22,F,0.1727064549922943, 0.17638369815217125
SSL3|CC22,I,0.17372705042362213, 0.16275123837921354
SSL3|CC22,Y,0.11520876735448837, 0.14746642857789993
SSL3|CC22,K,0.1754671186208725, 0.13828443735837936
SSL3|CC22,I,0.07343201339244843, 0.13566474037037957
SSL3|CC22,A,0.11953525245189667, 0.1398664340376854
SSL3|CC22,L,0.08599577844142914, 0.1471710428595543
SSL3|CC22,V,0.15516681969165802, 0.16433504886097378
SSL3|CC22,G,0.14974340796470642, 0.17740725974241892
SSL3|CC22,K,0.21052169799804688, 0.20322921541002062
SSL3|CC22,D,0.2394685298204422, 0.21883523298634422
SSL3|CC22,D,0.2696848213672638, 0.2419900827937656
SSL3|CC22,K,0.2931170165538788, 0.25201329754458535
SSL3|CC22,K,0.30582961440086365, 0.25454258422056836
SSL3|CC22,Y,0.2599894106388092, 0.2614809291230308
SSL3|CC22,K,0.29438942670822144, 0.2651415997081333
SSL3|CC22,D,0.24537575244903564, 0.2549186646938324
SSL3|CC22,G,0.17250698804855347, 0.24449531568421257
SSL3|CC22,P,0.27296680212020874, 0.22068312846952015
SSL3|CC22,Y,0.27241456508636475, 0.2091790810227394
SSL3|CC22,D,0.1776784062385559, 0.18119311870800126
SSL3|CC22,N,0.19930687546730042, 0.17468326828545994
SSL3|CC22,I,0.09151992946863174, 0.1628690001865228
SSL3|CC22,D,0.1564529836177826, 0.1450453330245283
SSL3|CC22,V,0.04251576587557793, 0.13099918721450698
SSL3|CC22,F,0.18678709864616394, 0.14084390757812393
SSL3|CC22,I,0.0661785751581192, 0.15149277076125145
SSL3|CC22,V,0.11255379766225815, 0.16652865749266413
SSL3|CC22,L,0.1459992527961731, 0.1721368038819896
SSL3|CC22,E,0.2662808895111084, 0.18592500272724363
SSL3|CC22,D,0.295146644115448, 0.18776612397697237
SSL3|CC22,N,0.22684291005134583, 0.19029747777514988
SSL3|CC22,K,0.20692630112171173, 0.2005065754055977
SSL3|CC22,Y,0.16660955548286438, 0.2110847905278206
SSL3|CC22,Q,0.20335718989372253, 0.19709118124511507
SSL3|CC22,L,0.08896075934171677, 0.18384013987249798
SSL3|CC22,K,0.20443567633628845, 0.17207166304190954
SSL3|CC22,K,0.2412031888961792, 0.1686811571319898
SSL3|CC22,Y,0.14033840596675873, 0.17105844368537268
SSL3|CC22,S,0.17588727176189423, 0.16833847843938404
SSL3|CC22,V,0.1209266185760498, 0.17794176439444223
SSL3|CC22,G,0.17641174793243408, 0.17863047950797611
SSL3|CC22,G,0.18800513446331024, 0.1715500470664766
SSL3|CC22,I,0.17887750267982483, 0.1828575846221712
SSL3|CC22,T,0.1753903329372406, 0.1853660394748052
SSL3|CC22,K,0.21063411235809326, 0.1985505074262619
SSL3|CC22,T,0.17747929692268372, 0.20439581904146406
SSL3|CC22,N,0.24210624396800995, 0.20466900202963087
SSL3|CC22,S,0.19846336543560028, 0.2098389681842592
SSL3|CC22,K,0.23958683013916016, 0.20851123498545754
SSL3|CC22,K,0.22901955246925354, 0.21393475433190665
SSL3|CC22,V,0.19046378135681152, 0.20289993700053957
SSL3|CC22,D,0.2254071980714798, 0.2079104640417629
SSL3|CC22,H,0.1634407341480255, 0.1965321484539244
SSL3|CC22,K,0.25944578647613525, 0.18778609732786813
SSL3|CC22,A,0.0781659409403801, 0.17582543773783577
SSL3|CC22,R,0.2872009873390198, 0.17695353345738518
SSL3|CC22,I,0.09605852514505386, 0.1694919756717152
SSL3|CC22,S,0.16087237000465393, 0.1839558407664299
SSL3|CC22,I,0.12137361615896225, 0.18263762444257736
SSL3|CC22,T,0.20061664283275604, 0.20974614553981358
SSL3|CC22,K,0.15825317800045013, 0.2119814289940728
SSL3|CC22,E,0.29361552000045776, 0.22482558008697298
SSL3|CC22,D,0.2475818395614624, 0.23712292893065345
SSL3|CC22,E,0.322142630815506, 0.24821467366483477
SSL3|CC22,K,0.3073185384273529, 0.25238966941833496
SSL3|CC22,G,0.2116558849811554, 0.2707238412565655
SSL3|CC22,K,0.2715485095977783, 0.26309537059730953
SSL3|CC22,I,0.22119931876659393, 0.26761667761537766
SSL3|CC22,S,0.2381916046142578, 0.25468621485763127
SSL3|CC22,R,0.32326072454452515, 0.2538781348201964
SSL3|CC22,D,0.22495928406715393, 0.2531476467847824
SSL3|CC22,D,0.2882736027240753, 0.2509464803669188
SSL3|CC22,S,0.20576846599578857, 0.2411433309316635
SSL3|CC22,E,0.30004581809043884, 0.2374204827679528
SSL3|CC22,Y,0.2050814926624298, 0.22362589008278316
SSL3|CC22,K,0.2517380118370056, 0.22543020877573225
SSL3|CC22,I,0.13297097384929657, 0.22266538110044268
SSL3|CC22,T,0.2046859711408615, 0.2136370547943645
SSL3|CC22,K,0.19910939037799835, 0.19748174730274412
SSL3|CC22,E,0.24119815230369568, 0.18731862720515993
SSL3|CC22,E,0.2633901536464691, 0.17746973782777786
SSL3|CC22,I,0.12451352924108505, 0.18256204740868676
SSL3|CC22,S,0.1546480506658554, 0.17018710573514303
SSL3|CC22,L,0.11361341178417206, 0.16533302432960933
SSL3|CC22,K,0.16309800744056702, 0.16047940817144182
SSL3|CC22,E,0.1788017600774765, 0.14950782888465458
SSL3|CC22,L,0.09331149607896805, 0.14803383499383926
SSL3|CC22,D,0.1554226577281952, 0.15381555010875067
SSL3|CC22,F,0.197515606880188, 0.16231430487500298
SSL3|CC22,K,0.1646459400653839, 0.16002267681890064
SSL3|CC22,L,0.11124758422374725, 0.15076080875264275
SSL3|CC22,R,0.20668348670005798, 0.161610452665223
SSL3|CC22,K,0.1901022046804428, 0.17592108084095848
SSL3|CC22,Q,0.14247335493564606, 0.1775104370382097
SSL3|CC22,L,0.0954449474811554, 0.17827577557828692
SSL3|CC22,I,0.19095829129219055, 0.19646172059906852
SSL3|CC22,E,0.28421831130981445, 0.19437433944808113
SSL3|CC22,Q,0.2118198126554489, 0.20940494702921975
SSL3|CC22,H,0.1715339869260788, 0.21056275566418967
SSL3|CC22,N,0.27492108941078186, 0.22681580980618796
SSL3|CC22,L,0.18789705634117126, 0.22373664213551414
SSL3|CC22,Y,0.3253776729106903, 0.2075101203388638
SSL3|CC22,G,0.15289363265037537, 0.20350523624155256
SSL3|CC22,N,0.24172243475914001, 0.19232387178474003
SSL3|CC22,I,0.1632457822561264, 0.18148734668890634
SSL3|CC22,G,0.13817961513996124, 0.16486433686481583
SSL3|CC22,S,0.17577585577964783, 0.14135253056883812
SSL3|CC22,G,0.07090170681476593, 0.12989163854055935
SSL3|CC22,T,0.1773923635482788, 0.12404462322592735
SSL3|CC22,I,0.03828996792435646, 0.12329818598098224
SSL3|CC22,V,0.11377141624689102, 0.13049333749545944
SSL3|CC22,I,0.049745604395866394, 0.13594412265552414
SSL3|CC22,K,0.1890992969274521, 0.14413023450308377
SSL3|CC22,T,0.15652784705162048, 0.14800557949476773
SSL3|CC22,K,0.20293597877025604, 0.17069480568170547
SSL3|CC22,N,0.2248329222202301, 0.17702029479874504
SSL3|CC22,G,0.14457671344280243, 0.19264814423190224
SSL3|CC22,G,0.21227046847343445, 0.18570378422737122
SSL3|CC22,K,0.24249300360679626, 0.20022958517074585
SSL3|CC22,Y,0.1707008183002472, 0.18849987785021463
SSL3|CC22,T,0.190396249294281, 0.1939551764064365
SSL3|CC22,F,0.12660005688667297, 0.20684184465143415
SSL3|CC22,E,0.2872600555419922, 0.21442005866103703
SSL3|CC22,L,0.09736861288547516, 0.2145143879784478
SSL3|CC22,H,0.2739306092262268, 0.22656060920821297
SSL3|CC22,K,0.26055672764778137, 0.23454554544554818
SSL3|CC22,K,0.28047439455986023, 0.24437826540735033
SSL3|CC22,L,0.24334196746349335, 0.2429165376557244
SSL3|CC22,Q,0.27911680936813354, 0.25014104280206895
SSL3|CC22,E,0.26226067543029785, 0.23582004176245797
SSL3|CC22,H,0.21509453654289246, 0.2284170455402798
SSL3|CC22,R,0.274104505777359, 0.21599030494689941
SSL3|CC22,M,0.16238915920257568, 0.20576472083727518
SSL3|CC22,A,0.1450415998697281, 0.1959984136952294
SSL3|CC22,D,0.1939297616481781, 0.18145613537894356
SSL3|CC22,V,0.16863372921943665, 0.18112241559558445
SSL3|CC22,I,0.1513117104768753, 0.17125368118286133
SSL3|CC22,D,0.19122004508972168, 0.16433989836110008
SSL3|CC22,G,0.13138017058372498, 0.16541054348150888
SSL3|CC22,T,0.21209105849266052, 0.1702539407544666
SSL3|CC22,S,0.18528589606285095, 0.1578186634514067
SSL3|CC22,I,0.10016511380672455, 0.16358400053448147
SSL3|CC22,D,0.1546774059534073, 0.1490886252787378
SSL3|CC22,R,0.23752033710479736, 0.15538542220989862
SSL3|CC22,I,0.05671623349189758, 0.1449403299225701
SSL3|CC22,E,0.20319974422454834, 0.1447165177928077
SSL3|CC22,V,0.06076166778802872, 0.15507742100291783
SSL3|CC22,N,0.18805134296417236, 0.15285425550407833
SSL3|CC22,L,0.11808522790670395, 0.12646310693687862
SSL3|CC22,K,0.183271586894989, 0.12016130321555668
SSL3|CC22,S,0.19341324269771576, 0.09758355385727352
SSL3|CC22,S,0.13466891646385193, 0.09083225743638144
SSL3|CC30,Q,0.13027708232402802, 0.10109094116422865
SSL3|CC30,A,0.13465574383735657, 0.11937680509355333
SSL3|CC30,Q,0.16226314008235931, 0.1489643288983239
SSL3|CC30,K,0.2316664755344391, 0.17347451713350084
SSL3|CC30,E,0.2509560286998749, 0.20213724176088968
SSL3|CC30,I,0.16457277536392212, 0.20998257233036888
SSL3|CC30,N,0.2662877142429352, 0.2248394207821952
SSL3|CC30,P,0.2205916941165924, 0.22920569777488708
SSL3|CC30,K,0.25796452164649963, 0.21640965259737438
SSL3|CC30,Y,0.20088505744934082, 0.22096776879496044
SSL3|CC30,K,0.26836737990379333, 0.22493640830119452
SSL3|CC30,D,0.2015596330165863, 0.21595850669675404
SSL3|CC30,L,0.1165020689368248, 0.2106091007590294
SSL3|CC30,R,0.2919790744781494, 0.20470395104752648
SSL3|CC30,T,0.2002905309200287, 0.20921291493707234
SSL3|CC30,Y,0.1854865998029709, 0.19596097452772987
SSL3|CC30,Y,0.17244704067707062, 0.18965728332599005
SSL3|CC30,T,0.20481817424297333, 0.19904849264356825
SSL3|CC30,K,0.2414657324552536, 0.1875442796283298
SSL3|CC30,P,0.1490999162197113, 0.17845736940701803
SSL3|CC30,S,0.14482641220092773, 0.17948898176352182
SSL3|CC30,L,0.2010229527950287, 0.191205276383294
SSL3|CC30,E,0.18844115734100342, 0.19612890978654227
SSL3|CC30,F,0.11850833892822266, 0.19158707559108734
SSL3|CC30,E,0.19477111101150513, 0.19642379383246103
SSL3|CC30,K,0.27789369225502014, 0.2057532485988405
SSL3|CC30,Q,0.24913087487220764, 0.20953196121586692
SSL3|CC30,F,0.20058922469615936, 0.2045975493060218
SSL3|CC30,G,0.19263038039207458, 0.2190274414088991
SSL3|CC30,F,0.2287915050983429, 0.22279172970188987
SSL3|CC30,M,0.2350313663482666, 0.22341025703483158
SSL3|CC30,L,0.14403145015239716, 0.21004469196001688
SSL3|CC30,K,0.24837736785411835, 0.20902474886841244
SSL3|CC30,P,0.22864970564842224, 0.20082983374595642
SSL3|CC30,W,0.28346043825149536, 0.20688003963894314
SSL3|CC30,T,0.12884078919887543, 0.19846013188362122
SSL3|CC30,T,0.19140973687171936, 0.20589400827884674
SSL3|CC30,V,0.1188761442899704, 0.2015383607811398
SSL3|CC30,R,0.2832433581352234, 0.19322474466429818
SSL3|CC30,F,0.15925219655036926, 0.18900297582149506
SSL3|CC30,M,0.21093633770942688, 0.1994834840297699
SSL3|CC30,N,0.20917654037475586, 0.2028865118821462
SSL3|CC30,V,0.15382716059684753, 0.20723727179898155
SSL3|CC30,I,0.2454645186662674, 0.1912759625249439
SSL3|CC30,P,0.223165363073349, 0.19255326357152727
SSL3|CC30,D,0.22203698754310608, 0.17977296064297357
SSL3|CC30,W,0.15803298354148865, 0.1755985195438067
SSL3|CC30,F,0.13959157466888428, 0.16562166892819935
SSL3|CC30,I,0.17074790596961975, 0.151692695915699
SSL3|CC30,Y,0.0959136113524437, 0.13527836319473055
SSL3|CC30,K,0.17160657048225403, 0.12927686919768652
SSL3|CC30,I,0.06403550505638123, 0.12737958381573358
SSL3|CC30,A,0.12010376155376434, 0.1359308155046569
SSL3|CC30,L,0.07543636858463287, 0.14368958357307646
SSL3|CC30,V,0.16802354156970978, 0.1613861405187183
SSL3|CC30,G,0.14095741510391235, 0.17502728601296744
SSL3|CC30,K,0.21655265986919403, 0.20269349382983315
SSL3|CC30,D,0.2405768185853958, 0.21821004814571804
SSL3|CC30,D,0.2551826238632202, 0.2424891408946779
SSL3|CC30,K,0.2943768799304962, 0.25153720047738815
SSL3|CC30,K,0.3130313754081726, 0.2542337626218796
SSL3|CC30,Y,0.2597527503967285, 0.2591033909055922
SSL3|CC30,K,0.2939482033252716, 0.260478879014651
SSL3|CC30,D,0.24945607781410217, 0.2517488631937239
SSL3|CC30,G,0.16522647440433502, 0.23951892223623064
SSL3|CC30,P,0.2603793144226074, 0.21381860143608517
SSL3|CC30,Y,0.25295621156692505, 0.20042319430245292
SSL3|CC30,D,0.1766124814748764, 0.17171654726068178
SSL3|CC30,N,0.18430741131305695, 0.16450176926122773
SSL3|CC30,I,0.0817284882068634, 0.15234451534019577
SSL3|CC30,D,0.1391940861940384, 0.13560909570919144
SSL3|CC30,V,0.035588379949331284, 0.12355451492799653
SSL3|CC30,F,0.1845230758190155, 0.13220717054274347
SSL3|CC30,I,0.055811189115047455, 0.14518500740329424
SSL3|CC30,V,0.10976053774356842, 0.16204877404703033
SSL3|CC30,L,0.14446498453617096, 0.17087149330311352
SSL3|CC30,E,0.2544863820075989, 0.18603554119666418
SSL3|CC30,D,0.3011079430580139, 0.18788458324140972
SSL3|CC30,N,0.23350238800048828, 0.19042385203970802
SSL3|CC30,K,0.21859855949878693, 0.20092446191443336
SSL3|CC30,Y,0.17206481099128723, 0.21060668180386224
SSL3|CC30,Q,0.20116445422172546, 0.19633103162050247
SSL3|CC30,L,0.07866460829973221, 0.1836593391166793
SSL3|CC30,K,0.2042660266160965, 0.17102217922608057
SSL3|CC30,K,0.23160496354103088, 0.1661425174938308
SSL3|CC30,Y,0.12600553035736084, 0.16821438488033083
SSL3|CC30,S,0.18706271052360535, 0.16484049707651138
SSL3|CC30,V,0.11976794898509979, 0.1752009474568897
SSL3|CC30,G,0.17468160390853882, 0.17459696696864235
SSL3|CC30,G,0.1907116174697876, 0.1679601619640986
SSL3|CC30,I,0.17079946398735046, 0.1809240529934565
SSL3|CC30,T,0.1719086617231369, 0.18028421700000763
SSL3|CC30,K,0.19883020222187042, 0.19293291701210868
SSL3|CC30,T,0.17187371850013733, 0.19786333209938473
SSL3|CC30,N,0.24268054962158203, 0.19664583106835684
SSL3|CC30,S,0.1813041865825653, 0.20222217010127175
SSL3|CC30,K,0.2336062490940094, 0.19886026945379046
SSL3|CC30,K,0.21905533969402313, 0.20034593178166282
SSL3|CC30,V,0.1797541081905365, 0.19014250404304928
SSL3|CC30,D,0.2209865152835846, 0.18664478096697065
SSL3|CC30,H,0.14165155589580536, 0.17693952719370523
SSL3|CC30,K,0.21220116317272186, 0.16913947463035583
SSL3|CC30,A,0.08004286885261536, 0.15890472465091282
SSL3|CC30,E,0.2112010419368744, 0.15895266003078884
SSL3|CC30,L,0.09395690262317657, 0.1527042653825548
SSL3|CC30,S,0.16340577602386475, 0.16404661370648277
SSL3|CC30,I,0.12694258987903595, 0.16557956569724613
SSL3|CC30,T,0.18018552660942078, 0.19048435323768192
SSL3|CC30,K,0.16475096344947815, 0.20045984619193608
SSL3|CC30,K,0.24373269081115723, 0.2118067377143436
SSL3|CC30,D,0.22599773108959198, 0.22428014212184483
SSL3|CC30,E,0.3041859567165375, 0.2347391496102015
SSL3|CC30,K,0.30098047852516174, 0.23929964171515572
SSL3|CC30,G,0.19607892632484436, 0.24573634896013472
SSL3|CC30,K,0.27566641569137573, 0.2457338405980004
SSL3|CC30,I,0.22107365727424622, 0.2501824481619729
SSL3|CC30,S,0.22122995555400848, 0.2380826903714074
SSL3|CC30,H,0.22268132865428925, 0.23672301901711357
SSL3|CC30,D,0.24371011555194855, 0.23517420225673252
SSL3|CC30,D,0.26603519916534424, 0.22826862997478908
SSL3|CC30,S,0.19528813660144806, 0.21680621223317253
SSL3|CC30,E,0.28874343633651733, 0.21312210543288124
SSL3|CC30,Y,0.1821395754814148, 0.2078940115041203
SSL3|CC30,K,0.2135162651538849, 0.20383665710687637
SSL3|CC30,I,0.11791189759969711, 0.2028499949309561
SSL3|CC30,T,0.18807299435138702, 0.1952222627070215
SSL3|CC30,K,0.17562848329544067, 0.18020658277802998
SSL3|CC30,E,0.20719392597675323, 0.17359822740157446
SSL3|CC30,E,0.25715523958206177, 0.16839384784301123
SSL3|CC30,I,0.12663854658603668, 0.17580378386709425
SSL3|CC30,S,0.15360231697559357, 0.16569007022513282
SSL3|CC30,L,0.12266437709331512, 0.16395686484045452
SSL3|CC30,K,0.1666768491268158, 0.16301333655913672
SSL3|CC30,E,0.1846013218164444, 0.152933855023649
SSL3|CC30,L,0.09704957157373428, 0.15178735140297148
SSL3|CC30,D,0.16002963483333588, 0.1582495015528467
SSL3|CC30,F,0.19870217144489288, 0.16499999082750744
SSL3|CC30,K,0.16643990576267242, 0.16243308699793285
SSL3|CC30,L,0.11632001399993896, 0.15250595327880648
SSL3|CC30,R,0.21176166832447052, 0.16341529621018303
SSL3|CC30,K,0.18341878056526184, 0.17800124982992807
SSL3|CC30,Q,0.14357471466064453, 0.17938032415178087
SSL3|CC30,L,0.09525711834430695, 0.1803816556930542
SSL3|CC30,I,0.19523365795612335, 0.199405570824941
SSL3|CC30,E,0.29130321741104126, 0.1986322949330012
SSL3|CC30,Q,0.211113840341568, 0.21401443580786386
SSL3|CC30,H,0.17545188963413239, 0.21601380904515585
SSL3|CC30,N,0.28753525018692017, 0.23272283209694755
SSL3|CC30,L,0.20480218529701233, 0.2288744350274404
SSL3|CC30,Y,0.3218580484390259, 0.21156864199373457
SSL3|CC30,G,0.16156907379627228, 0.20715791980425516
SSL3|CC30,N,0.24563832581043243, 0.19547111209895876
SSL3|CC30,I,0.16059808433055878, 0.1836071949866083
SSL3|CC30,G,0.1355510801076889, 0.16477692210012013
SSL3|CC30,S,0.17141734063625336, 0.1406140054265658
SSL3|CC30,G,0.07027062028646469, 0.12784121847814983
SSL3|CC30,T,0.180759996175766, 0.11975934853156407
SSL3|CC30,I,0.035329729318618774, 0.11930110802253087
SSL3|CC30,V,0.10439179837703705, 0.1283815958433681
SSL3|CC30,I,0.046613991260528564, 0.13485166016552183
SSL3|CC30,K,0.17290149629116058, 0.1436708668867747
SSL3|CC30,T,0.15647391974925995, 0.14803381429778206
SSL3|CC30,K,0.217275470495224, 0.17095156345102522
SSL3|CC30,N,0.2296479195356369, 0.17749003403716618
SSL3|CC30,G,0.14964348077774048, 0.19290620585282645
SSL3|CC30,G,0.22002652287483215, 0.187122889690929
SSL3|CC30,K,0.2415894716978073, 0.20143837398952907
SSL3|CC30,Y,0.1632380336523056, 0.18767551084359488
SSL3|CC30,T,0.18535953760147095, 0.19375407695770264
SSL3|CC30,F,0.12085165083408356, 0.20635714795854357
SSL3|CC30,E,0.28531327843666077, 0.21423892511261833
SSL3|CC30,L,0.0934097021818161, 0.21373563177055782
SSL3|CC30,H,0.2843550145626068, 0.22663833366500008
SSL3|CC30,K,0.26307111978530884, 0.23467353648609585
SSL3|CC30,K,0.2909625172615051, 0.24595272375477684
SSL3|CC30,L,0.2370598316192627, 0.2440458486477534
SSL3|CC30,Q,0.27936235070228577, 0.2507472203837501
SSL3|CC30,E,0.257676362991333, 0.23507694403330484
SSL3|CC30,H,0.22236433625221252, 0.22704580426216125
SSL3|CC30,R,0.2681514024734497, 0.21335075133376652
SSL3|CC30,M,0.15372204780578613, 0.20411428974734414
SSL3|CC30,A,0.14332252740859985, 0.19511671198738945
SSL3|CC30,D,0.19079086184501648, 0.18020103375116983
SSL3|CC30,V,0.16770704090595245, 0.17998972203996447
SSL3|CC30,I,0.15393167734146118, 0.17070437139934963
SSL3|CC30,D,0.1983841508626938, 0.16426469137271246
SSL3|CC30,G,0.12343525886535645, 0.16689768185218176
SSL3|CC30,T,0.22046253085136414, 0.17139989386002222
SSL3|CC30,S,0.18458324670791626, 0.15896636868516603
SSL3|CC30,I,0.09576492756605148, 0.16342965389291444
SSL3|CC30,E,0.16701944172382355, 0.14761393310295212
SSL3|CC30,R,0.23131076991558075, 0.1560943726864126
SSL3|CC30,I,0.05580531433224678, 0.14480810571047995
SSL3|CC30,E,0.1941012442111969, 0.14519777107569906
SSL3|CC30,V,0.056042663753032684, 0.15684814213050735
SSL3|CC30,N,0.19975921511650085, 0.15404781326651573
SSL3|CC30,L,0.11888612806797028, 0.12834661660922897
SSL3|CC30,K,0.1880902349948883, 0.12214602612786823
SSL3|CC30,S,0.20061826705932617, 0.10057922121551302
SSL3|CC30,S,0.14181648194789886, 0.09435225857628717
SSL3|CC93,T,0.10512250661849976, 0.09613567590713501
SSL3|CC93,P,0.17034496366977692, 0.11489488184452057
SSL3|CC93,P,0.18259917199611664, 0.14019964469803703
SSL3|CC93,I,0.16900131106376648, 0.16078484720653957
SSL3|CC93,E,0.2381531298160553, 0.1901302867465549
SSL3|CC93,I,0.16883285343647003, 0.20030327472421858
SSL3|CC93,N,0.22774286568164825, 0.209402064482371
SSL3|CC93,P,0.18526682257652283, 0.21117601129743788
SSL3|CC93,K,0.26410895586013794, 0.20613170663515726
SSL3|CC93,Y,0.19667939841747284, 0.21120934022797477
SSL3|CC93,K,0.2522340714931488, 0.20877796245945823
SSL3|CC93,D,0.19856469333171844, 0.20344533522923788
SSL3|CC93,L,0.12360256910324097, 0.20047497749328613
SSL3|CC93,R,0.28385183215141296, 0.1916236248281267
SSL3|CC93,A,0.14695045351982117, 0.19351984560489655
SSL3|CC93,Y,0.17974922060966492, 0.1843942171997494
SSL3|CC93,Y,0.15853360295295715, 0.17948430942164528
SSL3|CC93,T,0.184446781873703, 0.18815537128183576
SSL3|CC93,K,0.2137453854084015, 0.1767240365346273
SSL3|CC93,P,0.17010341584682465, 0.17504952682389152
SSL3|CC93,S,0.15437552332878113, 0.17750022974279192
SSL3|CC93,F,0.20164212584495544, 0.1889896574947569
SSL3|CC93,E,0.18096981942653656, 0.19479972786373562
SSL3|CC93,F,0.13187986612319946, 0.19292950299051073
SSL3|CC93,E,0.20180554687976837, 0.19321675267484453
SSL3|CC93,K,0.2619384527206421, 0.19896170828077528
SSL3|CC93,Q,0.2367374151945114, 0.20188451144430372
SSL3|CC93,F,0.19691336154937744, 0.1973984357383516
SSL3|CC93,G,0.17268866300582886, 0.2111506677336163
SSL3|CC93,F,0.2060801237821579, 0.21112948987219068
SSL3|CC93,M,0.22794735431671143, 0.21188652184274462
SSL3|CC93,L,0.14059513807296753, 0.19913743022415373
SSL3|CC93,K,0.25564995408058167, 0.19782665454679066
SSL3|CC93,P,0.20161494612693787, 0.19101958804660374
SSL3|CC93,W,0.26875174045562744, 0.1978517986006207
SSL3|CC93,T,0.12199559062719345, 0.18891623119513193
SSL3|CC93,T,0.18511638045310974, 0.19364317589335972
SSL3|CC93,V,0.11142506450414658, 0.18882631924417284
SSL3|CC93,R,0.26757001876831055, 0.18371518618530697
SSL3|CC93,F,0.14752724766731262, 0.18149705396758187
SSL3|CC93,M,0.18313764035701752, 0.1937195501393742
SSL3|CC93,N,0.21229824423789978, 0.19602124144633612
SSL3|CC93,I,0.15561474859714508, 0.20900561246607038
SSL3|CC93,I,0.24878855049610138, 0.19157149891058603
SSL3|CC93,P,0.23199805617332458, 0.19426978793409136
SSL3|CC93,N,0.2058316022157669, 0.1829875128136741
SSL3|CC93,R,0.22828440368175507, 0.17999821073479122
SSL3|CC93,F,0.11066299676895142, 0.170270630882846
SSL3|CC93,I,0.17181184887886047, 0.15797456519471276
SSL3|CC93,Y,0.08159716427326202, 0.14123223804765278
SSL3|CC93,K,0.1853945255279541, 0.1367057106561131
SSL3|CC93,I,0.06806652992963791, 0.12716545247369343
SSL3|CC93,A,0.13812395930290222, 0.14040001150634554
SSL3|CC93,L,0.08131711184978485, 0.14793955037991205
SSL3|CC93,V,0.1650928556919098, 0.1686112011472384
SSL3|CC93,G,0.14242208003997803, 0.1803411634431945
SSL3|CC93,K,0.22977402806282043, 0.20575046208169726
SSL3|CC93,D,0.23966769874095917, 0.21878155403667027
SSL3|CC93,D,0.2676420211791992, 0.24142460525035858
SSL3|CC93,K,0.29096418619155884, 0.24991698894235823
SSL3|CC93,K,0.2967502176761627, 0.2534196790721681
SSL3|CC93,Y,0.2554037868976593, 0.25446615782048965
SSL3|CC93,K,0.28510457277297974, 0.25530291431479984
SSL3|CC93,D,0.24152430891990662, 0.2441181242465973
SSL3|CC93,G,0.1739462912082672, 0.2309649752246009
SSL3|CC93,P,0.23919233679771423, 0.2084472800294558
SSL3|CC93,Y,0.24719850718975067, 0.19583939926491845
SSL3|CC93,D,0.16697891056537628, 0.16834612604644564
SSL3|CC93,N,0.1725858449935913, 0.16177605672015083
SSL3|CC93,I,0.09409096091985703, 0.14852775757511458
SSL3|CC93,D,0.14193286001682281, 0.13435537409451273
SSL3|CC93,V,0.03766511380672455, 0.12090055106414689
SSL3|CC93,F,0.18239368498325348, 0.1304401271045208
SSL3|CC93,I,0.05471159890294075, 0.1432504765689373
SSL3|CC93,V,0.11164088547229767, 0.15732933456699053
SSL3|CC93,L,0.12610509991645813, 0.16441231510705417
SSL3|CC93,E,0.25283509492874146, 0.17647517431113455
SSL3|CC93,D,0.28787899017333984, 0.1773611476851834
SSL3|CC93,N,0.22080068290233612, 0.17998069607549244
SSL3|CC93,K,0.20567968487739563, 0.18991253856155607
SSL3|CC93,Y,0.14623084664344788, 0.20023142049709955
SSL3|CC93,Q,0.1903674453496933, 0.187079019844532
SSL3|CC93,L,0.0782875344157219, 0.17367085234986412
SSL3|CC93,K,0.20102746784687042, 0.16229133225149578
SSL3|CC93,K,0.2189750373363495, 0.15688283493121466
SSL3|CC93,Y,0.13446348905563354, 0.1609958733121554
SSL3|CC93,S,0.16720548272132874, 0.15845832311444813
SSL3|CC93,V,0.11838500201702118, 0.16811655792925093
SSL3|CC93,G,0.15700320899486542, 0.1676297833522161
SSL3|CC93,G,0.18324819207191467, 0.16124558283223045
SSL3|CC93,I,0.16752949357032776, 0.17112360563543108
SSL3|CC93,T,0.16521164774894714, 0.17140228384070927
SSL3|CC93,K,0.19664649665355682, 0.1826049354341295
SSL3|CC93,T,0.16151723265647888, 0.18796294099754757
SSL3|CC93,N,0.2233656942844391, 0.1871796515252855
SSL3|CC93,S,0.1697135865688324, 0.19138050741619533
SSL3|CC93,K,0.21920886635780334, 0.1885704199473063
SSL3|CC93,K,0.20522525906562805, 0.18790863123204973
SSL3|CC93,V,0.1761985868215561, 0.17945828702714708
SSL3|CC93,D,0.20533719658851624, 0.17705007394154867
SSL3|CC93,H,0.13992086052894592, 0.16805553519063526
SSL3|CC93,K,0.19069039821624756, 0.1628672273622619
SSL3|CC93,A,0.08546413481235504, 0.1511189192533493
SSL3|CC93,E,0.20169177651405334, 0.14768458240562016
SSL3|CC93,L,0.08876273781061172, 0.14376111990875667
SSL3|CC93,N,0.17251409590244293, 0.1560867147313224
SSL3|CC93,I,0.09949048608541489, 0.16132331722312504
SSL3|CC93,T,0.1452895551919937, 0.17564246555169424
SSL3|CC93,K,0.170026034116745, 0.17954598863919577
SSL3|CC93,E,0.25085121393203735, 0.18270627409219742
SSL3|CC93,D,0.2378198206424713, 0.18710433029466206
SSL3|CC93,N,0.21433646976947784, 0.18809924357467228
SSL3|CC93,K,0.23682348430156708, 0.19271526568465763
SSL3|CC93,G,0.11720530688762665, 0.18559563325511086
SSL3|CC93,K,0.21209660172462463, 0.17734920316272312
SSL3|CC93,I,0.1084447056055069, 0.16768476532565224
SSL3|CC93,S,0.18683375418186188, 0.16100389096471998
SSL3|CC93,S,0.10594934225082397, 0.15726583699385324
SSL3|CC93,D,0.1766333431005478, 0.15909232530328962
SSL3|CC93,V,0.1508398801088333, 0.15571063425805834
SSL3|CC93,S,0.15420860052108765, 0.1542973228626781
SSL3|CC93,E,0.20318099856376648, 0.15228809167941412
SSL3|CC93,Y,0.13364370167255402, 0.15724760542313257
SSL3|CC93,K,0.18166138231754303, 0.15914787269300884
SSL3|CC93,I,0.09572490304708481, 0.16812733064095178
SSL3|CC93,T,0.16875067353248596, 0.16301491691006553
SSL3|CC93,K,0.15058496594429016, 0.15750810503959656
SSL3|CC93,E,0.1937357485294342, 0.15459904157453114
SSL3|CC93,E,0.23165500164031982, 0.15194180690579945
SSL3|CC93,I,0.10819687694311142, 0.1596530924240748
SSL3|CC93,S,0.1536196917295456, 0.1499456051323149
SSL3|CC93,L,0.10746213048696518, 0.1494116269879871
SSL3|CC93,K,0.15774627029895782, 0.14642712308300865
SSL3|CC93,E,0.1651264727115631, 0.13728807204299504
SSL3|CC93,L,0.08138328790664673, 0.13630146947171953
SSL3|CC93,D,0.14577916264533997, 0.14019350045257145
SSL3|CC93,F,0.1668752133846283, 0.14666151586506102
SSL3|CC93,K,0.14940354228019714, 0.14465610600180095
SSL3|CC93,L,0.09931745380163193, 0.13601169652409023
SSL3|CC93,R,0.18864797055721283, 0.14719829625553554
SSL3|CC93,K,0.16567426919937134, 0.16072820954852635
SSL3|CC93,Q,0.1396975815296173, 0.1651013625992669
SSL3|CC93,L,0.0873267874121666, 0.16673868729008567
SSL3|CC93,I,0.18206268548965454, 0.18562546289629406
SSL3|CC93,E,0.2675483822822571, 0.1864740194545852
SSL3|CC93,Q,0.20623359084129333, 0.20290286093950272
SSL3|CC93,H,0.16413946449756622, 0.20481278581751716
SSL3|CC93,N,0.2692984342575073, 0.22252392437722948
SSL3|CC93,L,0.19628497958183289, 0.22086463040775722
SSL3|CC93,Y,0.31353384256362915, 0.20679445399178398
SSL3|CC93,G,0.15688690543174744, 0.20197955105039808
SSL3|CC93,N,0.24672703444957733, 0.19112766202953127
SSL3|CC93,I,0.1671290397644043, 0.18038337346580294
SSL3|CC93,G,0.14091679453849792, 0.16222237257493866
SSL3|CC93,S,0.1628994643688202, 0.13699250130189788
SSL3|CC93,G,0.06647246330976486, 0.125568808366855
SSL3|CC93,T,0.17259983718395233, 0.11321446920434634
SSL3|CC93,I,0.03283597156405449, 0.11071291855639881
SSL3|CC93,V,0.08646500110626221, 0.11778402287099096
SSL3|CC93,I,0.05407366901636124, 0.1242493453125159
SSL3|CC93,K,0.1355379819869995, 0.13486887887120247
SSL3|CC93,M,0.1446150839328766, 0.1408995609316561
SSL3|CC93,K,0.20455673336982727, 0.16182387289073732
SSL3|CC93,N,0.22108736634254456, 0.1751653394765324
SSL3|CC93,G,0.16204826533794403, 0.1879631347126431
SSL3|CC93,G,0.22687597572803497, 0.1887249317434099
SSL3|CC93,K,0.22115477919578552, 0.20461787780125937
SSL3|CC93,Y,0.20653820037841797, 0.19294900943835577
SSL3|CC93,T,0.16925382614135742, 0.19961369948254692
SSL3|CC93,F,0.14239415526390076, 0.20793593343761232
SSL3|CC93,E,0.28765159845352173, 0.21285074866480297
SSL3|CC93,L,0.09953691810369492, 0.2135449308488104
SSL3|CC93,H,0.2810695767402649, 0.2200669472416242
SSL3|CC93,K,0.23694837093353271, 0.22581194423966938
SSL3|CC93,K,0.27110931277275085, 0.2319893812139829
SSL3|CC93,L,0.22740241885185242, 0.22819744961129296
SSL3|CC93,Q,0.26523634791374207, 0.23278811739550698
SSL3|CC93,E,0.22095879912376404, 0.21584527525636885
SSL3|CC93,H,0.19799108803272247, 0.20866002804703182
SSL3|CC93,R,0.25352421402931213, 0.19577712482876247
SSL3|CC93,M,0.1408529281616211, 0.185761089126269
SSL3|CC93,A,0.12858399748802185, 0.1762581616640091
SSL3|CC93,D,0.1722811460494995, 0.16529431607988146
SSL3|CC93,V,0.15516318380832672, 0.1677261061138577
SSL3|CC93,I,0.13725809752941132, 0.1629660444127189
SSL3|CC93,D,0.1797100007534027, 0.15571691426965925
SSL3|CC93,G,0.1222841888666153, 0.15353641659021378
SSL3|CC93,T,0.2198771983385086, 0.1455741830997997
SSL3|CC93,N,0.2106836587190628, 0.13370424177911547
SSL3|CC93,I,0.07561075687408447, 0.13663549058967167
SSL3|CC93,D,0.10895951837301254, 0.12173878691262668
SSL3|CC93,S,0.1006210446357727, 0.12687592084209123
SSL3|CC93,I,0.04833371192216873, 0.1130056186682648
SSL3|CC93,E,0.16363933682441711, 0.1030357682870494
SSL3|CC93,V,0.04563966765999794, 0.09463457307881779
SSL3|CC93,N,0.16851839423179626, 0.08252795992626084
SSL3|CC93,I,0.09504447877407074, 0.07134784385561943
SSL3|CC93,K,0.12095500528812408, 0.0659774314198229
SSL7|CC1,K,0.14267964661121368, 0.10451928774515788
SSL7|CC1,E,0.22176432609558105, 0.12841962112320793
SSL7|CC1,K,0.20866826176643372, 0.143670916557312
SSL7|CC1,Q,0.16254693269729614, 0.16182478765646616
SSL7|CC1,E,0.2050144225358963, 0.17848194473319584
SSL7|CC1,R,0.21510300040245056, 0.17766091889805263
SSL7|CC1,V,0.13726165890693665, 0.17407697439193726
SSL7|CC1,Q,0.1633848398923874, 0.16855635907914904
SSL7|CC1,H,0.14991441369056702, 0.16540667911370596
SSL7|CC1,L,0.13529041409492493, 0.16574836439556545
SSL7|CC1,Y,0.1895088255405426, 0.1611065599653456
SSL7|CC1,D,0.15898272395133972, 0.15782733178801006
SSL7|CC1,I,0.1341998130083084, 0.15898069822125965
SSL7|CC1,K,0.20808959007263184, 0.1731377119819323
SSL7|CC1,D,0.1733267605304718, 0.17898423059119117
SSL7|CC1,L,0.1077486053109169, 0.1780717828207546
SSL7|CC1,H,0.1737651377916336, 0.17871526132027307
SSL7|CC1,R,0.2773275375366211, 0.1842831944425901
SSL7|CC1,Y,0.1879090815782547, 0.1850545894768503
SSL7|CC1,Y,0.18129679560661316, 0.18554878483215967
SSL7|CC1,S,0.16477403044700623, 0.19085326625241172
SSL7|CC1,S,0.18431121110916138, 0.19022549192110697
SSL7|CC1,E,0.21503214538097382, 0.1711138611038526
SSL7|CC1,S,0.17777451872825623, 0.16387564771705204
SSL7|CC1,F,0.15548893809318542, 0.1594986485110389
SSL7|CC1,E,0.16811516880989075, 0.14938300351301828
SSL7|CC1,F,0.10532286018133163, 0.14413649837176004
SSL7|CC1,S,0.12276516109704971, 0.12744806044631535
SSL7|CC1,N,0.1419038027524948, 0.12166203889581892
SSL7|CC1,I,0.07373322546482086, 0.11266076068083446
SSL7|CC1,S,0.13709266483783722, 0.11339177853531307
SSL7|CC1,G,0.06483620405197144, 0.12569544133212832
SSL7|CC1,K,0.12570032477378845, 0.13580040799246895
SSL7|CC1,V,0.0744774341583252, 0.15329703523053062
SSL7|CC1,E,0.17469432950019836, 0.1685620297988256
SSL7|CC1,N,0.21605582535266876, 0.1768058439095815
SSL7|CC1,Y,0.21370986104011536, 0.1805724799633026
SSL7|CC1,N,0.29937344789505005, 0.17640305889977348
SSL7|CC1,G,0.2111181765794754, 0.17162373744779164
SSL7|CC1,S,0.2112869918346405, 0.1668158479862743
SSL7|CC1,N,0.09873592853546143, 0.1490584843688541
SSL7|CC1,V,0.08817553520202637, 0.1442898131079144
SSL7|CC1,V,0.031463541090488434, 0.1252386768658956
SSL7|CC1,R,0.13142332434654236, 0.12897044585810769
SSL7|CC1,F,0.05623955279588699, 0.1361262947320938
SSL7|CC1,N,0.17079181969165802, 0.14983059134748247
SSL7|CC1,Q,0.1279132217168808, 0.16583065523041618
SSL7|CC1,E,0.24470409750938416, 0.17398338516553244
SSL7|CC1,N,0.27568963170051575, 0.18248102731174892
SSL7|CC1,Q,0.22207459807395935, 0.18251252878043386
SSL7|CC1,N,0.23217611014842987, 0.18785609015160137
SSL7|CC1,H,0.10483811050653458, 0.18043000333838993
SSL7|CC1,Q,0.20790210366249084, 0.17549677358733284
SSL7|CC1,L,0.05652306601405144, 0.1692810124821133
SSL7|CC1,F,0.21888387203216553, 0.1677487227651808
SSL7|CC1,L,0.06107844039797783, 0.1559327377213372
SSL7|CC1,S,0.2003050297498703, 0.1595902434653706
SSL7|CC1,G,0.21974778175354004, 0.15792998257610533
SSL7|CC1,K,0.20828399062156677, 0.16891461569401953
SSL7|CC1,D,0.12583224475383759, 0.1554696075618267
SSL7|CC1,K,0.13775566220283508, 0.16753668586413065
SSL7|CC1,D,0.1929597556591034, 0.1675947540336185
SSL7|CC1,K,0.15538476407527924, 0.15712550613615248
SSL7|CC1,Y,0.09787879884243011, 0.14734147075149748
SSL7|CC1,K,0.16968214511871338, 0.15909727331664827
SSL7|CC1,E,0.20082764327526093, 0.16179021447896957
SSL7|CC1,G,0.12552455067634583, 0.16168121745189032
SSL7|CC1,L,0.12022767215967178, 0.16219324121872583
SSL7|CC1,E,0.2316344678401947, 0.1589973063932525
SSL7|CC1,G,0.1619921326637268, 0.15075808515151343
SSL7|CC1,Q,0.19197878241539001, 0.13631605522500145
SSL7|CC1,N,0.159992977976799, 0.13220294068257013
SSL7|CC1,V,0.06911538541316986, 0.13471893635061052
SSL7|CC1,F,0.09552915394306183, 0.12674249046378666
SSL7|CC1,V,0.07084937393665314, 0.12589373687903085
SSL7|CC1,V,0.08850651979446411, 0.1262530336777369
SSL7|CC1,K,0.14287163317203522, 0.134471348590321
SSL7|CC1,E,0.1598464548587799, 0.15012142062187195
SSL7|CC1,L,0.15435335040092468, 0.17304441829522452
SSL7|CC1,I,0.1952124536037445, 0.18283390005429587
SSL7|CC1,D,0.23395781219005585, 0.2079031897915734
SSL7|CC1,P,0.2099660336971283, 0.21532095968723297
SSL7|CC1,N,0.30183613300323486, 0.2168828464216656
SSL7|CC1,G,0.1589547097682953, 0.21412860850493112
SSL7|CC1,R,0.31413012742996216, 0.20580966605080497
SSL7|CC1,L,0.2096315622329712, 0.19490276939339107
SSL7|CC1,S,0.1739034354686737, 0.1842095363471243
SSL7|CC1,T,0.12956520915031433, 0.1608905005786154
SSL7|CC1,V,0.12034197151660919, 0.15774189846383202
SSL7|CC1,G,0.1357957422733307, 0.14073392666048473
SSL7|CC1,G,0.11372693628072739, 0.1351263862517145
SSL7|CC1,V,0.09196481108665466, 0.14013607717222637
SSL7|CC1,T,0.13061729073524475, 0.14586235334475836
SSL7|CC1,K,0.16105838119983673, 0.15365681300560632
SSL7|CC1,K,0.159163698554039, 0.15798146774371466
SSL7|CC1,N,0.21899065375328064, 0.16498875617980957
SSL7|CC1,N,0.1811016947031021, 0.18066595494747162
SSL7|CC1,Q,0.19049210846424103, 0.18328440851635402
SSL7|CC1,S,0.17471763491630554, 0.18919993605878618
SSL7|CC1,S,0.17679253220558167, 0.18705459270212385
SSL7|CC1,E,0.2330595999956131, 0.17813421785831451
SSL7|CC1,T,0.15418337285518646, 0.17307384974426693
SSL7|CC1,N,0.21429812908172607, 0.1711763474676344
SSL7|CC1,T,0.13985560834407806, 0.16392288274235195
SSL7|CC1,P,0.13870728015899658, 0.16098753611246744
SSL7|CC1,L,0.1355583816766739, 0.1537213987774319
SSL7|CC1,F,0.17341458797454834, 0.15031927327315012
SSL7|CC1,I,0.10943645238876343, 0.14731971091694301
SSL7|CC1,K,0.1503744125366211, 0.14772441817654502
SSL7|CC1,K,0.16766436398029327, 0.14825295408566794
SSL7|CC1,V,0.12356424331665039, 0.15681122574541304
SSL7|CC1,Y,0.18730206787586212, 0.15319262776109907
SSL7|CC1,G,0.14349797368049622, 0.1610164377424452
SSL7|CC1,G,0.1434641033411026, 0.1530067722002665
SSL7|CC1,N,0.21258282661437988, 0.14939561486244202
SSL7|CC1,L,0.14084720611572266, 0.14541354609860313
SSL7|CC1,D,0.1798507422208786, 0.13793406056033242
SSL7|CC1,A,0.07828742265701294, 0.13315040866533914
SSL7|CC1,S,0.13516394793987274, 0.12335269028941791
SSL7|CC1,I,0.08772562444210052, 0.11341336659259266
SSL7|CC1,E,0.11998669803142548, 0.10496388168798552
SSL7|CC1,S,0.10044510662555695, 0.09725802433159617
SSL7|CC1,F,0.055284637957811356, 0.1093860777715842
SSL7|CC1,L,0.12312891334295273, 0.11746545591288143
SSL7|CC1,I,0.06480184197425842, 0.12835553578204578
SSL7|CC1,N,0.11049802601337433, 0.12286895720495118
SSL7|CC1,K,0.1874399036169052, 0.12764287367463112
SSL7|CC1,E,0.20787835121154785, 0.13001121166679594
SSL7|CC1,E,0.18573634326457977, 0.13121942513518864
SSL7|CC1,V,0.070607490837574, 0.1376593369576666
SSL7|CC1,S,0.1434103548526764, 0.13022262934181425
SSL7|CC1,L,0.07659967988729477, 0.12267383270793492
SSL7|CC1,K,0.13400283455848694, 0.11575710111194187
SSL7|CC1,E,0.12276104837656021, 0.10714857114685906
SSL7|CC1,L,0.043567657470703125, 0.10575909457272953
SSL7|CC1,D,0.11950073391199112, 0.11134320207768017
SSL7|CC1,F,0.14562776684761047, 0.11847526455918948
SSL7|CC1,K,0.10825957357883453, 0.11510112012426059
SSL7|CC1,I,0.05810220167040825, 0.11098777626951535
SSL7|CC1,R,0.19366732239723206, 0.12707952368590567
SSL7|CC1,Q,0.1407882422208786, 0.13892043920026886
SSL7|CC1,H,0.10363553464412689, 0.1460604365501139
SSL7|CC1,L,0.08574095368385315, 0.1601881082687113
SSL7|CC1,V,0.18839338421821594, 0.17589127851857078
SSL7|CC1,K,0.22606897354125977, 0.17667557464705574
SSL7|CC1,N,0.20988774299621582, 0.18797861867480808
SSL7|CC1,Y,0.23540861904621124, 0.20296246806780496
SSL7|CC1,G,0.19943073391914368, 0.21401585307386187
SSL7|CC1,L,0.2007259875535965, 0.21807104183567894
SSL7|CC1,Y,0.24251563847064972, 0.2101894368728002
SSL7|CC1,K,0.23849017918109894, 0.20443543626202476
SSL7|CC1,G,0.18522141873836517, 0.20127220451831818
SSL7|CC1,T,0.2248900830745697, 0.18474065843555662
SSL7|CC1,T,0.15513452887535095, 0.17681589308712217
SSL7|CC1,K,0.15810173749923706, 0.15250804295970333
SSL7|CC1,Y,0.20693953335285187, 0.1322869842665063
SSL7|CC1,G,0.0506468191742897, 0.11566479897333516
SSL7|CC1,K,0.12940309941768646, 0.10137660201225016
SSL7|CC1,I,0.023744987323880196, 0.09664356191125181
SSL7|CC1,T,0.05650065094232559, 0.09713508830302292
SSL7|CC1,F,0.035621751099824905, 0.0963219716731045
SSL7|CC1,N,0.09629631042480469, 0.1054286929882235
SSL7|CC1,L,0.11253716796636581, 0.1168620940297842
SSL7|CC1,K,0.162525475025177, 0.13325754842824405
SSL7|CC1,D,0.19962148368358612, 0.14212948373622364
SSL7|CC1,G,0.13260731101036072, 0.15633321387900245
SSL7|CC1,E,0.2323037087917328, 0.1538511117299398
SSL7|CC1,K,0.17130407691001892, 0.1621190599269337
SSL7|CC1,Q,0.13634806871414185, 0.15331068138281503
SSL7|CC1,E,0.1634553223848343, 0.15331701272063786
SSL7|CC1,I,0.07395739108324051, 0.16154209441608852
SSL7|CC1,D,0.18694870173931122, 0.15959160526593527
SSL7|CC1,L,0.08325006812810898, 0.16265347599983215
SSL7|CC1,G,0.1996784657239914, 0.17189454204506344
SSL7|CC1,D,0.2066330462694168, 0.17239526907602945
SSL7|CC1,K,0.2147493064403534, 0.19158360279268688
SSL7|CC1,L,0.19886091351509094, 0.19146358056200874
SSL7|CC1,Q,0.21951766312122345, 0.20022505521774292
SSL7|CC1,F,0.16796186566352844, 0.19724009103245205
SSL7|CC1,E,0.24665239453315735, 0.19486810432540047
SSL7|CC1,H,0.185868501663208, 0.18754709760348
SSL7|CC1,M,0.1621033400297165, 0.17672733714183173
SSL7|CC1,G,0.1728137880563736, 0.1685417170325915
SSL7|CC1,D,0.18528516590595245, 0.16110646641916698
SSL7|CC1,V,0.14886024594306946, 0.1514169896642367
SSL7|CC1,L,0.1014830693602562, 0.1441067862841818
SSL7|CC1,N,0.14584708213806152, 0.13266092331873047
SSL7|CC1,S,0.10104461014270782, 0.12382460509737332
SSL7|CC1,K,0.1594471037387848, 0.12018550642662579
SSL7|CC1,D,0.12007667124271393, 0.1089859368900458
SSL7|CC1,I,0.05909057334065437, 0.10852228560381466
SSL7|CC1,Q,0.0932869240641594, 0.09771101839012569
SSL7|CC1,N,0.15253327786922455, 0.09969072126679951
SSL7|CC1,I,0.04806412011384964, 0.0944152060482237
SSL7|CC1,A,0.09731020778417587, 0.09951389829317729
SSL7|CC1,V,0.048545677214860916, 0.11296089614431064
SSL7|CC1,T,0.11886193603277206, 0.11823679217033917
SSL7|CC1,I,0.11196746677160263, 0.10128865018486977
SSL7|CC1,N,0.16596490144729614, 0.09594819239444202
SSL7|CC1,Q,0.1801135540008545, 0.08513594708508915
SSL7|CC1,I,0.14076998829841614, 0.07974198295010461
SSL7|CC5,K,0.1596006602048874, 0.11263468033737606
SSL7|CC5,E,0.24684472382068634, 0.13643404675854576
SSL7|CC5,K,0.21281123161315918, 0.15218471652931637
SSL7|CC5,Q,0.18151597678661346, 0.17075035803847843
SSL7|CC5,E,0.2129395306110382, 0.18752249909771812
SSL7|CC5,R,0.21419429779052734, 0.18443391223748526
SSL7|CC5,V,0.14175602793693542, 0.17867649263805813
SSL7|CC5,Q,0.1670907735824585, 0.17285628616809845
SSL7|CC5,H,0.15094926953315735, 0.16634876943296856
SSL7|CC5,L,0.13180337846279144, 0.16514595763550866
SSL7|CC5,Y,0.19502794742584229, 0.1609640477432145
SSL7|CC5,D,0.16042937338352203, 0.15675127257903418
SSL7|CC5,I,0.12294832617044449, 0.1577822044491768
SSL7|CC5,K,0.20211422443389893, 0.170805590848128
SSL7|CC5,D,0.17655710875988007, 0.17810369779666266
SSL7|CC5,L,0.10384105145931244, 0.17572740299834144
SSL7|CC5,Y,0.17636916041374207, 0.1749833251039187
SSL7|CC5,R,0.26815974712371826, 0.1814856876929601
SSL7|CC5,Y,0.19748634099960327, 0.18160444332493675
SSL7|CC5,Y,0.17364129424095154, 0.1797816041443083
SSL7|CC5,S,0.15373267233371735, 0.1847317765156428
SSL7|CC5,S,0.18146958947181702, 0.18414322866333854
SSL7|CC5,E,0.20318302512168884, 0.16748500367005667
SSL7|CC5,S,0.16015155613422394, 0.15902022106779945
SSL7|CC5,F,0.14839260280132294, 0.15619896766212252
SSL7|CC5,E,0.17107222974300385, 0.14815651542610592
SSL7|CC5,F,0.11823572218418121, 0.1435598052210278
SSL7|CC5,S,0.12130329757928848, 0.12962843726078668
SSL7|CC5,N,0.148250013589859, 0.12658454229434332
SSL7|CC5,I,0.08135060220956802, 0.11855736705991957
SSL7|CC5,S,0.1400991976261139, 0.12083569334612952
SSL7|CC5,G,0.07780071347951889, 0.13187407122717965
SSL7|CC5,K,0.13275650143623352, 0.14088986234532463
SSL7|CC5,V,0.07614802569150925, 0.15725953959756428
SSL7|CC5,E,0.19157716631889343, 0.17227916419506073
SSL7|CC5,N,0.2175811231136322, 0.1784652719895045
SSL7|CC5,Y,0.20244541764259338, 0.18087780641184914
SSL7|CC5,N,0.29557710886001587, 0.17585547847880256
SSL7|CC5,G,0.21652722358703613, 0.17211571749713686
SSL7|CC5,S,0.1957741677761078, 0.16513901038302314
SSL7|CC5,N,0.09951352328062057, 0.1483391515082783
SSL7|CC5,V,0.08755555003881454, 0.143456246289942
SSL7|CC5,V,0.04249017685651779, 0.12477364556656943
SSL7|CC5,R,0.12878680229187012, 0.12981438719564015
SSL7|CC5,F,0.06638239324092865, 0.14033779253562292
SSL7|CC5,N,0.15849927067756653, 0.15463712811470032
SSL7|CC5,Q,0.12743370234966278, 0.17036750664313635
SSL7|CC5,E,0.2618938982486725, 0.17678948822948667
SSL7|CC5,K,0.29048481583595276, 0.18305133200354046
SSL7|CC5,Q,0.2282075434923172, 0.18194940065344176
SSL7|CC5,N,0.22912895679473877, 0.1857041356464227
SSL7|CC5,H,0.1002880111336708, 0.17974570186601746
SSL7|CC5,Q,0.1851433962583542, 0.17534157426820862
SSL7|CC5,L,0.05646501109004021, 0.1637390318016211
SSL7|CC5,F,0.19229188561439514, 0.16008220074905288
SSL7|CC5,L,0.07380779832601547, 0.1487656662033664
SSL7|CC5,L,0.22225674986839294, 0.15244052683313689
SSL7|CC5,G,0.18606193363666534, 0.15340249778495896
SSL7|CC5,K,0.19529606401920319, 0.16506707088814843
SSL7|CC5,D,0.12728014588356018, 0.15434582034746805
SSL7|CC5,K,0.13336175680160522, 0.1642593832479583
SSL7|CC5,D,0.1938011348247528, 0.16296379847659004
SSL7|CC5,K,0.16144616901874542, 0.15896696266200808
SSL7|CC5,Y,0.09580063074827194, 0.14974120342069203
SSL7|CC5,K,0.16302986443042755, 0.16059873749812445
SSL7|CC5,K,0.2105964869260788, 0.16584912521971595
SSL7|CC5,G,0.15009041130542755, 0.16719147480196422
SSL7|CC5,L,0.1122642308473587, 0.1673012168871032
SSL7|CC5,E,0.22499795258045197, 0.16341118266185126
SSL7|CC5,G,0.18061524629592896, 0.1571715697646141
SSL7|CC5,Q,0.20588228106498718, 0.14160085635052788
SSL7|CC5,N,0.16243384778499603, 0.13510628127389485
SSL7|CC5,V,0.060790322721004486, 0.1381464194920328
SSL7|CC5,F,0.10687334835529327, 0.13125751829809612
SSL7|CC5,V,0.07046006619930267, 0.1270370657245318
SSL7|CC5,V,0.09163923561573029, 0.1247243161002795
SSL7|CC5,K,0.13962547481060028, 0.13168893506129584
SSL7|CC5,E,0.16299784183502197, 0.14672345916430155
SSL7|CC5,L,0.1426311731338501, 0.1653186000055737
SSL7|CC5,I,0.1850675344467163, 0.17443286875883737
SSL7|CC5,D,0.22511541843414307, 0.19833252827326456
SSL7|CC5,P,0.19610103964805603, 0.2056046293841468
SSL7|CC5,N,0.27422961592674255, 0.20713485611809623
SSL7|CC5,G,0.15248848497867584, 0.20551532175805834
SSL7|CC5,R,0.30673617124557495, 0.2000288102361891
SSL7|CC5,L,0.20507438480854034, 0.18768784983290565
SSL7|CC5,S,0.17676988244056702, 0.17967082725630867
SSL7|CC5,T,0.1280553638935089, 0.16110781166288587
SSL7|CC5,V,0.1356889307498932, 0.16011045707596672
SSL7|CC5,G,0.11404677480459213, 0.14668734040525225
SSL7|CC5,G,0.12394783645868301, 0.1444194581773546
SSL7|CC5,V,0.1071624755859375, 0.15090043677224052
SSL7|CC5,T,0.1435122936964035, 0.1568703055381775
SSL7|CC5,K,0.1859281212091446, 0.16538633075025347
SSL7|CC5,K,0.18466344475746155, 0.17268461568488014
SSL7|CC5,N,0.2350986897945404, 0.1783554040723377
SSL7|CC5,N,0.18178418278694153, 0.19358287586106193
SSL7|CC5,K,0.21233315765857697, 0.19496743215454948
SSL7|CC5,S,0.1797313392162323, 0.19647125403086343
SSL7|CC5,S,0.17498493194580078, 0.18782454397943285
SSL7|CC5,E,0.24420972168445587, 0.17666622499624887
SSL7|CC5,T,0.15597330033779144, 0.1676360865434011
SSL7|CC5,N,0.19946251809597015, 0.15947658320267996
SSL7|CC5,T,0.10684305429458618, 0.1500703195730845
SSL7|CC5,H,0.1346738189458847, 0.1467822723918491
SSL7|CC5,L,0.10051293671131134, 0.1397660324970881
SSL7|CC5,F,0.1388976275920868, 0.13525294015804926
SSL7|CC5,V,0.09507496654987335, 0.13400652590725157
SSL7|CC5,N,0.145392507314682, 0.13969984071122277
SSL7|CC5,K,0.18106356263160706, 0.14070825195974773
SSL7|CC5,V,0.1153554692864418, 0.15276487751139534
SSL7|CC5,Y,0.1882447898387909, 0.15433088855610955
SSL7|CC5,G,0.15808288753032684, 0.16534618784983954
SSL7|CC5,G,0.14374952018260956, 0.16187991615798739
SSL7|CC5,N,0.20902256667613983, 0.1580884349015024
SSL7|CC5,L,0.15299172699451447, 0.15934932231903076
SSL7|CC5,D,0.1942126601934433, 0.1528149363067415
SSL7|CC5,A,0.1141960620880127, 0.14789334932963052
SSL7|CC5,S,0.1469402313232422, 0.13970336649152967
SSL7|CC5,I,0.12670345604419708, 0.1306824203994539
SSL7|CC5,D,0.12943531572818756, 0.12313795586427052
SSL7|CC5,S,0.11378860473632812, 0.11538270033068126
SSL7|CC5,F,0.07003967463970184, 0.12109147922860251
SSL7|CC5,L,0.12783405184745789, 0.12904058810737398
SSL7|CC5,I,0.08509154617786407, 0.1379753061466747
SSL7|CC5,N,0.12441536039113998, 0.13249474515517554
SSL7|CC5,K,0.1655750721693039, 0.13489822960562176
SSL7|CC5,E,0.21848221123218536, 0.1387313711974356
SSL7|CC5,E,0.20711591839790344, 0.143393750819895
SSL7|CC5,V,0.08011026680469513, 0.15132075796524683
SSL7|CC5,S,0.13541996479034424, 0.14232433256175783
SSL7|CC5,L,0.1045379489660263, 0.1366814581884278
SSL7|CC5,K,0.1697954684495926, 0.13097445418437323
SSL7|CC5,E,0.15643461048603058, 0.12134721626838048
SSL7|CC5,L,0.04344753175973892, 0.11946262998713388
SSL7|CC5,D,0.1147892028093338, 0.12315560463402006
SSL7|CC5,F,0.16711917519569397, 0.13023212800423303
SSL7|CC5,K,0.12047077715396881, 0.121235734058751
SSL7|CC5,I,0.06314899027347565, 0.1088348233865367
SSL7|CC5,R,0.16865673661231995, 0.12032745902736981
SSL7|CC5,K,0.16822665929794312, 0.1337697733607557
SSL7|CC5,Q,0.08882792294025421, 0.13451706328325802
SSL7|CC5,L,0.04482641443610191, 0.13953603100445536
SSL7|CC5,V,0.14688125252723694, 0.14676765890585053
SSL7|CC5,E,0.23577003180980682, 0.14240982756018639
SSL7|CC5,K,0.17384478449821472, 0.1490394833187262
SSL7|CC5,Y,0.16564148664474487, 0.16136191743943426
SSL7|CC5,G,0.1282336413860321, 0.17361365093125236
SSL7|CC5,L,0.12943625450134277, 0.18116198314560783
SSL7|CC5,Y,0.22789356112480164, 0.17221204108662075
SSL7|CC5,K,0.1997298300266266, 0.1769070045815574
SSL7|CC5,G,0.1550920158624649, 0.18270069195164573
SSL7|CC5,T,0.21481624245643616, 0.1770360933409797
SSL7|CC5,T,0.15522055327892303, 0.17958782613277435
SSL7|CC5,K,0.21609945595264435, 0.16023465618491173
SSL7|CC5,Y,0.21778467297554016, 0.1490580104291439
SSL7|CC5,G,0.07725225389003754, 0.13849978314505684
SSL7|CC5,K,0.1524018496274948, 0.12471859074301189
SSL7|CC5,I,0.05371503159403801, 0.12119913680685891
SSL7|CC5,T,0.09914001822471619, 0.11511103063821793
SSL7|CC5,I,0.06006797030568123, 0.11298731383350161
SSL7|CC5,N,0.09078551083803177, 0.1311485461062855
SSL7|CC5,L,0.12354546785354614, 0.13758058928781086
SSL7|CC5,K,0.1613065004348755, 0.15233507545457947
SSL7|CC5,D,0.19867122173309326, 0.16105013547672165
SSL7|CC5,E,0.24070334434509277, 0.16892301622364256
SSL7|CC5,K,0.21029023826122284, 0.17112972090641657
SSL7|CC5,K,0.18650540709495544, 0.17726700256268182
SSL7|CC5,E,0.17757555842399597, 0.1726267784833908
SSL7|CC5,V,0.13092389702796936, 0.1710649463865492
SSL7|CC5,I,0.1106458529829979, 0.16492064793904623
SSL7|CC5,D,0.17878100275993347, 0.16286496155791813
SSL7|CC5,L,0.11954448372125626, 0.1610268238517973
SSL7|CC5,G,0.18461473286151886, 0.1595270898607042
SSL7|CC5,D,0.18540465831756592, 0.1591404891676373
SSL7|CC5,K,0.19178906083106995, 0.16884800212250817
SSL7|CC5,L,0.16996216773986816, 0.1722039489282502
SSL7|CC5,Q,0.16407795250415802, 0.17105263471603394
SSL7|CC5,F,0.12744449079036713, 0.16621186335881552
SSL7|CC5,E,0.19801346957683563, 0.16523958411481646
SSL7|CC5,R,0.20898452401161194, 0.1570425315035714
SSL7|CC5,M,0.10918265581130981, 0.1479386000169648
SSL7|CC5,G,0.14104779064655304, 0.14775867015123367
SSL7|CC5,D,0.1766541451215744, 0.14734025796254477
SSL7|CC5,V,0.1180155873298645, 0.14324626160992515
SSL7|CC5,L,0.08802678436040878, 0.13693477544519636
SSL7|CC5,N,0.16245858371257782, 0.13397926919990116
SSL7|CC5,S,0.1236787810921669, 0.1320361321171125
SSL7|CC5,K,0.16116750240325928, 0.12959214796622595
SSL7|CC5,D,0.15218114852905273, 0.12280843655268352
SSL7|CC5,I,0.08258309960365295, 0.12256353431277806
SSL7|CC5,Q,0.12355955690145493, 0.1132901401983367
SSL7|CC5,N,0.15465828776359558, 0.11183980935149723
SSL7|CC5,I,0.056962184607982635, 0.10560671488444011
SSL7|CC5,A,0.08582266420125961, 0.10589911705917782
SSL7|CC5,V,0.07899803668260574, 0.11520550482802921
SSL7|CC5,T,0.11062580347061157, 0.11555593626366721
SSL7|CC5,I,0.10506965219974518, 0.09837168206771214
SSL7|CC5,N,0.1548127681016922, 0.09204255044460297
SSL7|CC5,Q,0.16634058952331543, 0.08250669886668523
SSL7|CC5,I,0.12671343982219696, 0.0737291392352846
SSL7|CC8,K,0.12544694542884827, 0.09579856362607744
SSL7|CC8,E,0.20798125863075256, 0.11798525684409672
SSL7|CC8,K,0.18783347308635712, 0.13192215230729845
SSL7|CC8,Q,0.1506914645433426, 0.1480090171098709
SSL7|CC8,E,0.19023393094539642, 0.16322436266475254
SSL7|CC8,R,0.19968023896217346, 0.1621687263250351
SSL7|CC8,V,0.1254320591688156, 0.15815964175595176
SSL7|CC8,Q,0.14478178322315216, 0.15294705662462446
SSL7|CC8,H,0.13693810999393463, 0.14908125168747371
SSL7|CC8,L,0.1159462183713913, 0.14851272106170654
SSL7|CC8,Y,0.17189949750900269, 0.14417415691746605
SSL7|CC8,D,0.14092020690441132, 0.14057746364010704
SSL7|CC8,I,0.1158992201089859, 0.14208684530523089
SSL7|CC8,K,0.18511715531349182, 0.154659950070911
SSL7|CC8,D,0.1606331616640091, 0.15988195108042824
SSL7|CC8,L,0.09306181967258453, 0.15854964819219378
SSL7|CC8,H,0.15836621820926666, 0.15790197915501064
SSL7|CC8,R,0.25009605288505554, 0.16288496222760943
SSL7|CC8,Y,0.1629442274570465, 0.16393782529566023
SSL7|CC8,Y,0.15990877151489258, 0.16305439670880637
SSL7|CC8,S,0.13509118556976318, 0.16752171681986916
SSL7|CC8,S,0.16074606776237488, 0.16785811384518942
SSL7|CC8,E,0.1945929229259491, 0.15100888245635563
SSL7|CC8,S,0.15268230438232422, 0.14582755830552843
SSL7|CC8,F,0.13326770067214966, 0.14109164973100027
SSL7|CC8,E,0.16139379143714905, 0.13329480919573042
SSL7|CC8,F,0.09845297038555145, 0.12946814629766676
SSL7|CC8,S,0.11631231009960175, 0.11438942038350636
SSL7|CC8,N,0.1172855943441391, 0.11286790420611699
SSL7|CC8,I,0.0649196207523346, 0.10672379285097122
SSL7|CC8,S,0.12630610167980194, 0.10657271494468053
SSL7|CC8,G,0.0588843896985054, 0.11590440322955449
SSL7|CC8,K,0.13898865878582, 0.12357802275154325
SSL7|CC8,V,0.07797069847583771, 0.13807316372791925
SSL7|CC8,E,0.16003409028053284, 0.149702288210392
SSL7|CC8,N,0.18243816494941711, 0.1535093295905325
SSL7|CC8,Y,0.1853748857975006, 0.15698250714275572
SSL7|CC8,N,0.24774186313152313, 0.14934482673803964
SSL7|CC8,G,0.16958174109458923, 0.1447505797776911
SSL7|CC8,S,0.1605694741010666, 0.13998965298136076
SSL7|CC8,N,0.09014298766851425, 0.1258071396085951
SSL7|CC8,V,0.0702495351433754, 0.12358450061745113
SSL7|CC8,V,0.03662247583270073, 0.10805136130915748
SSL7|CC8,R,0.11718574911355972, 0.11518962019019657
SSL7|CC8,F,0.05479554459452629, 0.12590346071455213
SSL7|CC8,N,0.1653711348772049, 0.1394614569014973
SSL7|CC8,Q,0.10794360935688019, 0.15659771859645844
SSL7|CC8,E,0.23382607102394104, 0.1630657965110408
SSL7|CC8,N,0.2569940388202667, 0.16928552877571848
SSL7|CC8,Q,0.2121649533510208, 0.1695445573164357
SSL7|CC8,N,0.2244758903980255, 0.1682213789059056
SSL7|CC8,H,0.09483517706394196, 0.16325224646263653
SSL7|CC8,Q,0.17316333949565887, 0.15550253002179992
SSL7|CC8,L,0.05712680146098137, 0.14126117072171634
SSL7|CC8,F,0.15346252918243408, 0.13575422805216578
SSL7|CC8,L,0.06322141736745834, 0.12298425162831943
SSL7|CC8,L,0.16407862305641174, 0.12746553578310543
SSL7|CC8,G,0.12882180511951447, 0.12927658814522955
SSL7|CC8,K,0.1626024693250656, 0.14074808690283033
SSL7|CC8,D,0.10954610258340836, 0.1351410299539566
SSL7|CC8,K,0.135166734457016, 0.14699390282233557
SSL7|CC8,E,0.189462810754776, 0.14805177433623207
SSL7|CC8,K,0.16037029027938843, 0.14689995762374666
SSL7|CC8,Y,0.1029990166425705, 0.14101198895110023
SSL7|CC8,K,0.16989727318286896, 0.15295790466997358
SSL7|CC8,E,0.1735994666814804, 0.15243306590451133
SSL7|CC8,G,0.11845545470714569, 0.15433767437934875
SSL7|CC8,I,0.10961075127124786, 0.15109389026959738
SSL7|CC8,E,0.21705934405326843, 0.14868513411945766
SSL7|CC8,G,0.13044318556785583, 0.1396704258190261
SSL7|CC8,K,0.20660428702831268, 0.1287322383787897
SSL7|CC8,D,0.13117623329162598, 0.12426459209786521
SSL7|CC8,V,0.08132021129131317, 0.1255471259355545
SSL7|CC8,F,0.08876489847898483, 0.11546548538737827
SSL7|CC8,V,0.07515577971935272, 0.1141304216451115
SSL7|CC8,V,0.07824663817882538, 0.11023492531643973
SSL7|CC8,K,0.12115355581045151, 0.1162996416290601
SSL7|CC8,E,0.1263245791196823, 0.12522240231434503
SSL7|CC8,L,0.11842761188745499, 0.14742622607284123
SSL7|CC8,I,0.17154482007026672, 0.15397074984179604
SSL7|CC8,D,0.18575868010520935, 0.1791154079967075
SSL7|CC8,P,0.16162505745887756, 0.18489451789193684
SSL7|CC8,N,0.28859931230545044, 0.18668926838371488
SSL7|CC8,G,0.13405649363994598, 0.1866442933678627
SSL7|CC8,R,0.30454856157302856, 0.18060550755924648
SSL7|CC8,L,0.17316554486751556, 0.17355050808853573
SSL7|CC8,S,0.14247733354568481, 0.1678760192460484
SSL7|CC8,T,0.11802283674478531, 0.1472493964764807
SSL7|CC8,V,0.1171957477927208, 0.14581698096460766
SSL7|CC8,G,0.12226368486881256, 0.12783988068501154
SSL7|CC8,G,0.11055465787649155, 0.12849790768490899
SSL7|CC8,V,0.10295970737934113, 0.13827445854743323
SSL7|CC8,T,0.12116475403308868, 0.1455520192782084
SSL7|CC8,K,0.1427546590566635, 0.15564022544357511
SSL7|CC8,K,0.1790877878665924, 0.16121035234795678
SSL7|CC8,N,0.23046629130840302, 0.16736047466595969
SSL7|CC8,N,0.18352088332176208, 0.18026372459199694
SSL7|CC8,K,0.20798960328102112, 0.18193321923414865
SSL7|CC8,S,0.17239482700824738, 0.18681166734960344
SSL7|CC8,S,0.16590575873851776, 0.17766543643342125
SSL7|CC8,E,0.21908895671367645, 0.16648883703682157
SSL7|CC8,T,0.13619020581245422, 0.1553030295504464
SSL7|CC8,N,0.18666069209575653, 0.1476072089539634
SSL7|CC8,T,0.0967717096209526, 0.1391897483004464
SSL7|CC8,H,0.12987689673900604, 0.1350037439001931
SSL7|CC8,L,0.08284861594438553, 0.12941438290807936
SSL7|CC8,F,0.13872721791267395, 0.126783001754019
SSL7|CC8,V,0.09663768112659454, 0.12806823352972665
SSL7|CC8,N,0.1282317191362381, 0.13229416559139887
SSL7|CC8,K,0.1687847077846527, 0.13280899243222344
SSL7|CC8,V,0.11250777542591095, 0.1465101291735967
SSL7|CC8,Y,0.19822777807712555, 0.1476851221587923
SSL7|CC8,G,0.1348050981760025, 0.15778854489326477
SSL7|CC8,G,0.134510338306427, 0.1523476176791721
SSL7|CC8,N,0.206158846616745, 0.15071851015090942
SSL7|CC8,L,0.1493021547794342, 0.1506257818804847
SSL7|CC8,D,0.18756848573684692, 0.1414451930258009
SSL7|CC8,A,0.07926337420940399, 0.1384855318400595
SSL7|CC8,S,0.1541227400302887, 0.13151438617044026
SSL7|CC8,I,0.11167322099208832, 0.12269776314496994
SSL7|CC8,D,0.11560247838497162, 0.11442967255910237
SSL7|CC8,S,0.10816814750432968, 0.10633735027578142
SSL7|CC8,F,0.07177002727985382, 0.11255102852980296
SSL7|CC8,S,0.1268092393875122, 0.11434808373451233
SSL7|CC8,I,0.07488933950662613, 0.12227839562628004
SSL7|CC8,N,0.11473758518695831, 0.1182711993654569
SSL7|CC8,K,0.13518647849559784, 0.11859808365503947
SSL7|CC8,E,0.17029623687267303, 0.11772941301266353
SSL7|CC8,E,0.18304602801799774, 0.1154884257250362
SSL7|CC8,V,0.07953771203756332, 0.11922997567388746
SSL7|CC8,S,0.11111010611057281, 0.11270733715759383
SSL7|CC8,L,0.0639519914984703, 0.11009732178515858
SSL7|CC8,K,0.10664035379886627, 0.10484646964404318
SSL7|CC8,E,0.10856328904628754, 0.09689468849036428
SSL7|CC8,L,0.05603383854031563, 0.09501054344905747
SSL7|CC8,D,0.11169634014368057, 0.10270675313141611
SSL7|CC8,F,0.12303856760263443, 0.10892443565858735
SSL7|CC8,K,0.1114799976348877, 0.10867742076516151
SSL7|CC8,I,0.062580406665802, 0.1045406274497509
SSL7|CC8,R,0.18037599325180054, 0.11754710723956426
SSL7|CC8,Q,0.11991113424301147, 0.12805484897560543
SSL7|CC8,H,0.10441721975803375, 0.13423829360140693
SSL7|CC8,L,0.07133214920759201, 0.14186009847455555
SSL7|CC8,V,0.17309215664863586, 0.15238615622123083
SSL7|CC8,K,0.20626601576805115, 0.1486060677303208
SSL7|CC8,N,0.17868956923484802, 0.15849677307738197
SSL7|CC8,Y,0.1800762414932251, 0.16764669699801338
SSL7|CC8,G,0.15731492638587952, 0.17660584217972225
SSL7|CC8,L,0.14635519683361053, 0.17701436910364363
SSL7|CC8,Y,0.2089274823665619, 0.16964401304721832
SSL7|CC8,K,0.18676653504371643, 0.16467945774396262
SSL7|CC8,G,0.1519644558429718, 0.16514654954274496
SSL7|CC8,T,0.17676889896392822, 0.1521500940952036
SSL7|CC8,T,0.1399328112602234, 0.15196981156865755
SSL7|CC8,K,0.13400857150554657, 0.1318118390109804
SSL7|CC8,Y,0.18428006768226624, 0.11772272570265664
SSL7|CC8,G,0.04034682735800743, 0.10516474023461342
SSL7|CC8,K,0.14473265409469604, 0.09579407299558322
SSL7|CC8,I,0.027505729347467422, 0.09234661319189602
SSL7|CC8,T,0.05996451526880264, 0.09197158904539214
SSL7|CC8,I,0.03894258663058281, 0.091810987641414
SSL7|CC8,N,0.0924328938126564, 0.10041720006201002
SSL7|CC8,L,0.10890567302703857, 0.1099717335568534
SSL7|CC8,K,0.13063335418701172, 0.1257559172809124
SSL7|CC8,D,0.182834655046463, 0.13453370042973095
SSL7|CC8,G,0.11780273914337158, 0.14932604879140854
SSL7|CC8,E,0.23072345554828644, 0.14954405360751682
SSL7|CC8,K,0.1695633828639984, 0.15927589767509037
SSL7|CC8,Q,0.13896456360816956, 0.15436558590994942
SSL7|CC8,E,0.17207372188568115, 0.1531781835688485
SSL7|CC8,I,0.09439493715763092, 0.16283666094144186
SSL7|CC8,D,0.1964922696352005, 0.1584012872642941
SSL7|CC8,L,0.0864405483007431, 0.16019358899858263
SSL7|CC8,G,0.17214803397655487, 0.16415446334415013
SSL7|CC8,D,0.20472903549671173, 0.16074288388093314
SSL7|CC8,K,0.1908050924539566, 0.1730783780415853
SSL7|CC8,L,0.18569409847259521, 0.1771488537391027
SSL7|CC8,Q,0.17461243271827698, 0.18507951498031616
SSL7|CC8,F,0.1413695067167282, 0.18157808979352316
SSL7|CC8,E,0.20541438460350037, 0.17753841976324716
SSL7|CC8,R,0.23312655091285706, 0.17153899206055534
SSL7|CC8,M,0.15781649947166443, 0.16123094078567293
SSL7|CC8,G,0.14063520729541779, 0.15882027397553125
SSL7|CC8,D,0.1683720052242279, 0.1537552351752917
SSL7|CC8,V,0.13681024312973022, 0.15070921099848217
SSL7|CC8,L,0.09292163699865341, 0.13929572287533018
SSL7|CC8,N,0.15291643142700195, 0.1288466826081276
SSL7|CC8,S,0.09578415751457214, 0.12407082815965016
SSL7|CC8,K,0.17800016701221466, 0.12084536419974433
SSL7|CC8,D,0.13040515780448914, 0.10990994092490938
SSL7|CC8,I,0.06377513706684113, 0.11581748889552222
SSL7|CC8,N,0.09765251725912094, 0.1030973485774464
SSL7|CC8,K,0.13934282958507538, 0.10400423490338856
SSL7|CC8,I,0.03839143365621567, 0.09629863914516237
SSL7|CC8,E,0.146089568734169, 0.10182553281386693
SSL7|CC8,V,0.03843516856431961, 0.115357782277796
SSL7|CC8,T,0.10394613444805145, 0.11772432095474666
SSL7|CC8,L,0.10864980518817902, 0.10224178433418274
SSL7|CC8,K,0.1801472008228302, 0.0979760694834921
SSL7|CC8,Q,0.18556538224220276, 0.08174389517969555
SSL7|CC8,I,0.11895136535167694, 0.07747332089477116
SSL7|CC22,A,0.13156047463417053, 0.11557100216547649
SSL7|CC22,E,0.2594195008277893, 0.14107229643397862
SSL7|CC22,K,0.24133308231830597, 0.1591935141219033
SSL7|CC22,Q,0.18906983733177185, 0.1823802242676417
SSL7|CC22,E,0.21875612437725067, 0.2011138548453649
SSL7|CC22,R,0.22951164841651917, 0.2045072896613015
SSL7|CC22,V,0.16309095919132233, 0.20003942979706657
SSL7|CC22,Q,0.2086803913116455, 0.19425100915961796
SSL7|CC22,H,0.16860267519950867, 0.18788547151618534
SSL7|CC22,L,0.1621013879776001, 0.19447749190860325
SSL7|CC22,H,0.219208762049675, 0.1911950707435608
SSL7|CC22,D,0.1892372965812683, 0.18999599251482222
SSL7|CC22,I,0.1317799985408783, 0.18676123023033142
SSL7|CC22,R,0.27808430790901184, 0.20230618450376722
SSL7|CC22,D,0.19996985793113708, 0.21075468262036642
SSL7|CC22,L,0.15229925513267517, 0.21135066284073722
SSL7|CC22,H,0.17956753075122833, 0.21389035218291813
SSL7|CC22,R,0.3085072636604309, 0.2180486735370424
SSL7|CC22,Y,0.2381378710269928, 0.20949887732664743
SSL7|CC22,Y,0.2245725840330124, 0.20921805500984192
SSL7|CC22,S,0.2120945006608963, 0.21619860000080532
SSL7|CC22,A,0.16920489072799683, 0.22233843472268847
SSL7|CC22,P,0.20113614201545715, 0.21063110563490126
SSL7|CC22,S,0.1974424570798874, 0.20155224204063416
SSL7|CC22,F,0.21512416005134583, 0.1991218543714947
SSL7|CC22,E,0.23482604324817657, 0.1862279193268882
SSL7|CC22,Y,0.20314130187034607, 0.1871950477361679
SSL7|CC22,S,0.15642809867858887, 0.17502967847718132
SSL7|CC22,N,0.20269909501075745, 0.17142676644855076
SSL7|CC22,I,0.09604908525943756, 0.15927093393272823
SSL7|CC22,S,0.17790904641151428, 0.15676680538389418
SSL7|CC22,G,0.09164781868457794, 0.16170981691943276
SSL7|CC22,K,0.16501624882221222, 0.16738229327731663
SSL7|CC22,V,0.10572166740894318, 0.17910309963756138
SSL7|CC22,E,0.21228888630867004, 0.1928644064399931
SSL7|CC22,N,0.24762840569019318, 0.1982919457885954
SSL7|CC22,Y,0.20748038589954376, 0.20278149346510568
SSL7|CC22,N,0.3081863522529602, 0.19544703347815406
SSL7|CC22,G,0.21990084648132324, 0.1901494413614273
SSL7|CC22,S,0.22675690054893494, 0.18729880452156067
SSL7|CC22,N,0.13205374777317047, 0.16988201273812187
SSL7|CC22,V,0.09900610893964767, 0.16733309626579285
SSL7|CC22,V,0.05804333835840225, 0.15215561125013563
SSL7|CC22,R,0.1866331547498703, 0.15772305925687155
SSL7|CC22,F,0.09087727963924408, 0.1645449764198727
SSL7|CC22,N,0.18454013764858246, 0.18086555434597862
SSL7|CC22,Q,0.1715889871120453, 0.20240610755152172
SSL7|CC22,K,0.2700078785419464, 0.21353892154163784
SSL7|CC22,D,0.28815415501594543, 0.217408643828498
SSL7|CC22,Q,0.2789389491081238, 0.21965880857573616
SSL7|CC22,N,0.2928710877895355, 0.22435927225483787
SSL7|CC22,H,0.15823866426944733, 0.21696211894353232
SSL7|CC22,Q,0.22146065533161163, 0.21103237734900582
SSL7|CC22,L,0.11112876236438751, 0.20037076705031925
SSL7|CC22,F,0.22684431076049805, 0.19392644862333933
SSL7|CC22,L,0.1050146073102951, 0.18270506958166757
SSL7|CC22,L,0.21664020419120789, 0.18519202868143717
SSL7|CC22,G,0.19219966232776642, 0.18891568813059065
SSL7|CC22,K,0.22094008326530457, 0.2055630154079861
SSL7|CC22,D,0.19187867641448975, 0.1977448562781016
SSL7|CC22,K,0.18062129616737366, 0.2096324364344279
SSL7|CC22,E,0.2549735903739929, 0.21496321757634482
SSL7|CC22,E,0.26095470786094666, 0.21159303353892434
SSL7|CC22,Y,0.15648087859153748, 0.20285003715091282
SSL7|CC22,K,0.21200282871723175, 0.20994098318947685
SSL7|CC22,E,0.2646172344684601, 0.2130099485317866
SSL7|CC22,G,0.16186800599098206, 0.21080775227811602
SSL7|CC22,L,0.142253115773201, 0.2039632929695977
SSL7|CC22,Q,0.25569719076156616, 0.19665259371201196
SSL7|CC22,G,0.20824198424816132, 0.19059434947040346
SSL7|CC22,Q,0.23515382409095764, 0.17170981814463934
SSL7|CC22,N,0.19935457408428192, 0.1682865031891399
SSL7|CC22,V,0.09068458527326584, 0.1689490204056104
SSL7|CC22,F,0.15747863054275513, 0.16267132510741553
SSL7|CC22,V,0.09465645253658295, 0.15875407639476988
SSL7|CC22,V,0.13105817139148712, 0.15543892565700743
SSL7|CC22,Q,0.14821577072143555, 0.16047919044891992
SSL7|CC22,E,0.1991979330778122, 0.1734882245461146
SSL7|CC22,L,0.17298674583435059, 0.19113407697942522
SSL7|CC22,I,0.20531746745109558, 0.1986144052611457
SSL7|CC22,D,0.24471695721149445, 0.21913232571548885
SSL7|CC22,P,0.20776589214801788, 0.22379141880406273
SSL7|CC22,N,0.31629130244255066, 0.22153130008114708
SSL7|CC22,G,0.16197940707206726, 0.2192542470163769
SSL7|CC22,R,0.31571945548057556, 0.21317904690901437
SSL7|CC22,L,0.19014760851860046, 0.2053846021493276
SSL7|CC22,S,0.17885686457157135, 0.20050003793504503
SSL7|CC22,T,0.15249326825141907, 0.18256761299239266
SSL7|CC22,V,0.15064066648483276, 0.1859996947977278
SSL7|CC22,G,0.17456695437431335, 0.17641832762294346
SSL7|CC22,G,0.1638048142194748, 0.18293223943975237
SSL7|CC22,V,0.1548994779586792, 0.19295312960942587
SSL7|CC22,T,0.19286814332008362, 0.20402314596705967
SSL7|CC22,K,0.22948715090751648, 0.21911056174172294
SSL7|CC22,N,0.24877281486988068, 0.2241460813416375
SSL7|CC22,N,0.2690448760986328, 0.22933857639630637
SSL7|CC22,N,0.2521234154701233, 0.24334866139623854
SSL7|CC22,K,0.28642740845680237, 0.24179756310251024
SSL7|CC22,T,0.2198866307735443, 0.2428907553354899
SSL7|CC22,S,0.21053726971149445, 0.23186804354190826
SSL7|CC22,E,0.28099024295806885, 0.2196015003654692
SSL7|CC22,T,0.17890825867652893, 0.20313530249728096
SSL7|CC22,K,0.2393258810043335, 0.1873107941614257
SSL7|CC22,T,0.14956840872764587, 0.1759572939740287
SSL7|CC22,Q,0.15864598751068115, 0.17068269848823547
SSL7|CC22,L,0.10392763465642929, 0.16347306966781616
SSL7|CC22,V,0.14400683343410492, 0.160882121986813
SSL7|CC22,V,0.11770512908697128, 0.15964548952049679
SSL7|CC22,N,0.16306591033935547, 0.16193569368786281
SSL7|CC22,K,0.21610358357429504, 0.1657160288757748
SSL7|CC22,V,0.1555897295475006, 0.17763031605217192
SSL7|CC22,D,0.2281961888074875, 0.17550444768534768
SSL7|CC22,G,0.17018024623394012, 0.18503639019197887
SSL7|CC22,G,0.19266900420188904, 0.1822795925868882
SSL7|CC22,D,0.2111562192440033, 0.1715117452873124
SSL7|CC22,L,0.12487401813268661, 0.16545890354447895
SSL7|CC22,H,0.20349261164665222, 0.1593035732706388
SSL7|CC22,A,0.13825473189353943, 0.15572024964623982
SSL7|CC22,S,0.11919295787811279, 0.14631619469987023
SSL7|CC22,I,0.10111415386199951, 0.1384768792324596
SSL7|CC22,D,0.17279821634292603, 0.14486989875634512
SSL7|CC22,S,0.13793033361434937, 0.1443005601565043
SSL7|CC22,F,0.10803250968456268, 0.15259278813997904
SSL7|CC22,L,0.14060238003730774, 0.1665727181567086
SSL7|CC22,I,0.18241119384765625, 0.18440464635690054
SSL7|CC22,Q,0.19836856424808502, 0.17850441071722242
SSL7|CC22,K,0.212884783744812, 0.17854265206389958
SSL7|CC22,E,0.2450123280286789, 0.18132733636432224
SSL7|CC22,E,0.2616015076637268, 0.18899347550339168
SSL7|CC22,I,0.11969609558582306, 0.18794427646530998
SSL7|CC22,S,0.13827450573444366, 0.1745394633875953
SSL7|CC22,L,0.1330946683883667, 0.16648328635427687
SSL7|CC22,K,0.2095976322889328, 0.16284355190065172
SSL7|CC22,E,0.17296840250492096, 0.15074668493535784
SSL7|CC22,L,0.07772524654865265, 0.14603405280245674
SSL7|CC22,D,0.1403791904449463, 0.15174915972683165
SSL7|CC22,F,0.21225471794605255, 0.1556725659304195
SSL7|CC22,K,0.15272970497608185, 0.1462000384926796
SSL7|CC22,I,0.07728240638971329, 0.1347381298740705
SSL7|CC22,R,0.18971046805381775, 0.14628862920734617
SSL7|CC22,Q,0.16840532422065735, 0.15946717311938605
SSL7|CC22,Q,0.12434488534927368, 0.15526174257198969
SSL7|CC22,L,0.06981122493743896, 0.15651550971799427
SSL7|CC22,V,0.18167974054813385, 0.16270111501216888
SSL7|CC22,N,0.25898608565330505, 0.1591941151354048
SSL7|CC22,N,0.17440584301948547, 0.16326717535654703
SSL7|CC22,Y,0.16401360929012299, 0.17167085740301344
SSL7|CC22,G,0.13295285403728485, 0.1833587239185969
SSL7|CC22,L,0.15814746916294098, 0.18526892529593575
SSL7|CC22,Y,0.2050628662109375, 0.17577822340859306
SSL7|CC22,K,0.1999780237674713, 0.18343275454309252
SSL7|CC22,G,0.17500202357769012, 0.19029437336656782
SSL7|CC22,T,0.19887155294418335, 0.18620971590280533
SSL7|CC22,S,0.17356976866722107, 0.18499170492092767
SSL7|CC22,K,0.24329662322998047, 0.16840126862128577
SSL7|CC22,Y,0.22576817870140076, 0.15860317978594038
SSL7|CC22,G,0.0961909368634224, 0.1454507609208425
SSL7|CC22,K,0.14718537032604218, 0.1370655753546291
SSL7|CC22,I,0.055748939514160156, 0.13047295643223655
SSL7|CC22,I,0.11179522424936295, 0.1259574575556649
SSL7|CC22,I,0.05663025379180908, 0.12801769706938002
SSL7|CC22,N,0.12340488284826279, 0.14601869963937336
SSL7|CC22,L,0.11423619836568832, 0.14731938391923904
SSL7|CC22,K,0.20265713334083557, 0.15931209673484167
SSL7|CC22,D,0.24431033432483673, 0.15616711229085922
SSL7|CC22,E,0.2581999599933624, 0.1699124202132225
SSL7|CC22,N,0.15889152884483337, 0.162941116011805
SSL7|CC22,K,0.16368335485458374, 0.16593101330929333
SSL7|CC22,V,0.08349036425352097, 0.15313508320185873
SSL7|CC22,E,0.1803380250930786, 0.14813876358999145
SSL7|CC22,I,0.060663145035505295, 0.1409161558581723
SSL7|CC22,D,0.1411452740430832, 0.14544733406768906
SSL7|CC22,L,0.08749376237392426, 0.14931116377313933
SSL7|CC22,S,0.1993434578180313, 0.15715379806028473
SSL7|CC22,D,0.19319649040699005, 0.150839038607147
SSL7|CC22,K,0.199672132730484, 0.17025279998779297
SSL7|CC22,L,0.19845782220363617, 0.17955239944987827
SSL7|CC22,Q,0.1540740728378296, 0.18113650464349323
SSL7|CC22,F,0.12350519001483917, 0.17489543308814368
SSL7|CC22,E,0.23538699746131897, 0.17387660592794418
SSL7|CC22,R,0.2248416692018509, 0.16448315150207943
SSL7|CC22,M,0.10175070911645889, 0.15231954471932518
SSL7|CC22,G,0.14317381381988525, 0.15832200563616222
SSL7|CC22,D,0.1840270459651947, 0.15907464010847938
SSL7|CC22,V,0.11513104289770126, 0.15355639573600557
SSL7|CC22,L,0.08898536115884781, 0.1496054008603096
SSL7|CC22,N,0.2080962210893631, 0.1488793906238344
SSL7|CC22,S,0.13027890026569366, 0.16101518107785118
SSL7|CC22,K,0.18572279810905457, 0.154847158326043
SSL7|CC22,D,0.18928271532058716, 0.1509452255235778
SSL7|CC22,I,0.09521661698818207, 0.15316557635863623
SSL7|CC22,R,0.2523959279060364, 0.13856014774905312
SSL7|CC22,G,0.1285148411989212, 0.1377080496814516
SSL7|CC22,I,0.08001364767551422, 0.12918654498126772
SSL7|CC22,A,0.10896851867437363, 0.12720076657003826
SSL7|CC22,V,0.07664736360311508, 0.13613274776273304
SSL7|CC22,T,0.12261001765727997, 0.12244178934229745
SSL7|CC22,I,0.10902925580739975, 0.10816236254241732
SSL7|CC22,N,0.1714107096195221, 0.09927195724513796
SSL7|CC22,Q,0.175604447722435, 0.08716434405909644
SSL7|CC22,I,0.1291773021221161, 0.07864797032541698
SSL7|CC30,A,0.13836628198623657, 0.11229160593615638
SSL7|CC30,E,0.25161266326904297, 0.1362000521686342
SSL7|CC30,K,0.22900104522705078, 0.1529741171333525
SSL7|CC30,Q,0.18595285713672638, 0.17483753628200954
SSL7|CC30,E,0.2056916058063507, 0.1925520681672626
SSL7|CC30,R,0.21517601609230042, 0.19362960424688128
SSL7|CC30,V,0.1509665846824646, 0.18831370770931244
SSL7|CC30,Q,0.1967707723379135, 0.18219353258609772
SSL7|CC30,H,0.15943078696727753, 0.1742673913637797
SSL7|CC30,L,0.14806410670280457, 0.17988668216599357
SSL7|CC30,H,0.20376959443092346, 0.176226450337304
SSL7|CC30,D,0.1739194691181183, 0.1734357691473431
SSL7|CC30,I,0.11461758613586426, 0.16883688502841526
SSL7|CC30,R,0.25626522302627563, 0.18378505607446036
SSL7|CC30,D,0.18223392963409424, 0.1909967843029234
SSL7|CC30,L,0.12585045397281647, 0.18964387310875785
SSL7|CC30,H,0.15538081526756287, 0.18928561939133537
SSL7|CC30,R,0.29396432638168335, 0.1986186984512541
SSL7|CC30,Y,0.21296966075897217, 0.19457714921898311
SSL7|CC30,Y,0.19159339368343353, 0.19482863114939797
SSL7|CC30,S,0.17069518566131592, 0.20026800864272648
SSL7|CC30,S,0.19861529767513275, 0.20574145846896702
SSL7|CC30,E,0.2198912799358368, 0.1917670319477717
SSL7|CC30,S,0.18449726700782776, 0.18194462524520028
SSL7|CC30,F,0.17480485141277313, 0.17870700359344482
SSL7|CC30,E,0.20464186370372772, 0.16843033499187893
SSL7|CC30,Y,0.1681944876909256, 0.163104847073555
SSL7|CC30,S,0.12456800043582916, 0.14710724933279884
SSL7|CC30,N,0.16245479881763458, 0.14206774946716097
SSL7|CC30,V,0.0782051682472229, 0.1331272100408872
SSL7|CC30,S,0.15068590641021729, 0.13227631068891949
SSL7|CC30,G,0.07591290026903152, 0.1415427252650261
SSL7|CC30,K,0.1391417682170868, 0.1490813766916593
SSL7|CC30,V,0.0943399965763092, 0.16483018381728065
SSL7|CC30,E,0.19698376953601837, 0.18079027781883875
SSL7|CC30,N,0.251592218875885, 0.18819311343961292
SSL7|CC30,Y,0.19241586327552795, 0.19470157557063633
SSL7|CC30,N,0.30419406294822693, 0.18898946212397683
SSL7|CC30,G,0.22184601426124573, 0.18426846050553852
SSL7|CC30,S,0.21731142699718475, 0.18053614348173141
SSL7|CC30,N,0.1344890594482422, 0.1605623902546035
SSL7|CC30,V,0.08773274719715118, 0.15683775560723412
SSL7|CC30,V,0.05185098201036453, 0.1404295770658387
SSL7|CC30,R,0.16339291632175446, 0.1423626153005494
SSL7|CC30,F,0.0718284398317337, 0.14358961499399608
SSL7|CC30,N,0.1588941514492035, 0.15857248422172335
SSL7|CC30,P,0.15652045607566833, 0.18074628131257164
SSL7|CC30,K,0.23924335837364197, 0.19175487260023752
SSL7|CC30,D,0.22835442423820496, 0.19535345666938358
SSL7|CC30,Q,0.2693348824977875, 0.2002930094798406
SSL7|CC30,N,0.28729692101478577, 0.2046154091755549
SSL7|CC30,H,0.1509283035993576, 0.19738116612037024
SSL7|CC30,Q,0.1957801729440689, 0.19238192256953981
SSL7|CC30,L,0.11628441512584686, 0.18468181706137127
SSL7|CC30,F,0.19779574871063232, 0.1762327974041303
SSL7|CC30,L,0.0914122685790062, 0.16220153288708794
SSL7|CC30,L,0.1942501664161682, 0.16367170131868786
SSL7|CC30,G,0.1590534746646881, 0.16757480220662224
SSL7|CC30,K,0.1932937055826187, 0.17686577720774543
SSL7|CC30,D,0.16101554036140442, 0.17000530080662835
SSL7|CC30,K,0.16415981948375702, 0.18143287466631997
SSL7|CC30,E,0.2309080809354782, 0.1864702651898066
SSL7|CC30,Q,0.1999031901359558, 0.1851963864432441
SSL7|CC30,Y,0.1360514611005783, 0.17760682851076126
SSL7|CC30,K,0.19426043331623077, 0.1868869736790657
SSL7|CC30,E,0.23958668112754822, 0.1904991658197509
SSL7|CC30,G,0.1475885659456253, 0.1897993576195505
SSL7|CC30,L,0.12498768419027328, 0.18919300784667334
SSL7|CC30,Q,0.2445368468761444, 0.18285938849051794
SSL7|CC30,G,0.1966695487499237, 0.1775483845008744
SSL7|CC30,Q,0.22460980713367462, 0.1607035216357973
SSL7|CC30,N,0.19444604218006134, 0.15745458751916885
SSL7|CC30,V,0.07904888689517975, 0.15886537730693817
SSL7|CC30,F,0.1464613974094391, 0.15219718714555105
SSL7|CC30,V,0.0879829153418541, 0.14859708150227866
SSL7|CC30,V,0.11834815889596939, 0.14477854635980394
SSL7|CC30,Q,0.13768479228019714, 0.15017800364229414
SSL7|CC30,E,0.18452313542366028, 0.16401140557395089
SSL7|CC30,L,0.1642685979604721, 0.1815799673398336
SSL7|CC30,I,0.19024299085140228, 0.18923637022574744
SSL7|CC30,D,0.24304115772247314, 0.2102146115567949
SSL7|CC30,P,0.20354950428009033, 0.21699107355541652
SSL7|CC30,N,0.3045784533023834, 0.2154863112502628
SSL7|CC30,G,0.15689054131507874, 0.2134380903508928
SSL7|CC30,R,0.30715233087539673, 0.2082832935783598
SSL7|CC30,L,0.19867295026779175, 0.19865289992756313
SSL7|CC30,S,0.1709802746772766, 0.19355817635854086
SSL7|CC30,T,0.14583460986614227, 0.17427661683824328
SSL7|CC30,V,0.14384981989860535, 0.17485961649152967
SSL7|CC30,G,0.15636761486530304, 0.1618257032500373
SSL7|CC30,G,0.15769699215888977, 0.16508508225282034
SSL7|CC30,V,0.1310444176197052, 0.17586554918024275
SSL7|CC30,T,0.16213753819465637, 0.18710261914465162
SSL7|CC30,K,0.18984711170196533, 0.2021598352326287
SSL7|CC30,K,0.22800736129283905, 0.20905058748192257
SSL7|CC30,N,0.26800447702407837, 0.21740403274695078
SSL7|CC30,N,0.24696823954582214, 0.23673802117506662
SSL7|CC30,K,0.27936476469039917, 0.23860184682740104
SSL7|CC30,T,0.21838438510894775, 0.24607462022039625
SSL7|CC30,S,0.23287799954414368, 0.23771401246388754
SSL7|CC30,E,0.3050503134727478, 0.2275833653079139
SSL7|CC30,T,0.1789119690656662, 0.21612014869848886
SSL7|CC30,N,0.2571020722389221, 0.2031540423631668
SSL7|CC30,T,0.15276189148426056, 0.19305100540320078
SSL7|CC30,P,0.17682865262031555, 0.18452410731050703
SSL7|CC30,L,0.143799290060997, 0.17309613360299003
SSL7|CC30,F,0.1626698076725006, 0.1695877429511812
SSL7|CC30,V,0.12745705246925354, 0.16596759690178764
SSL7|CC30,N,0.1561359167098999, 0.16872643927733103
SSL7|CC30,K,0.2021985501050949, 0.17854375806119707
SSL7|CC30,V,0.1473364531993866, 0.1838839285903507
SSL7|CC30,N,0.2245207577943802, 0.1779019037882487
SSL7|CC30,G,0.177591472864151, 0.18666081296073067
SSL7|CC30,E,0.26518452167510986, 0.18319368527995217
SSL7|CC30,D,0.19186082482337952, 0.17446009897523457
SSL7|CC30,L,0.10883158445358276, 0.17065213372310004
SSL7|CC30,D,0.2062872350215912, 0.16410416778590944
SSL7|CC30,A,0.12493176758289337, 0.1591699810491668
SSL7|CC30,S,0.12359627336263657, 0.1412993280424012
SSL7|CC30,I,0.11306476593017578, 0.1352340935005082
SSL7|CC30,D,0.16558906435966492, 0.14151235338714388
SSL7|CC30,S,0.1331837922334671, 0.138275892370277
SSL7|CC30,F,0.10434864461421967, 0.14635268929931852
SSL7|CC30,L,0.13727371394634247, 0.15796366168393028
SSL7|CC30,I,0.16533592343330383, 0.1720284107658598
SSL7|CC30,Q,0.17715908586978912, 0.16590318746036953
SSL7|CC30,K,0.19762293994426727, 0.16577732894155714
SSL7|CC30,E,0.22809502482414246, 0.1682643857267168
SSL7|CC30,E,0.2396475076675415, 0.17541924284564125
SSL7|CC30,I,0.11046205461025238, 0.1755016181204054
SSL7|CC30,S,0.13205106556415558, 0.16423209839397007
SSL7|CC30,L,0.12673215568065643, 0.15715911818875206
SSL7|CC30,K,0.2016674280166626, 0.1535078833500544
SSL7|CC30,E,0.16607730090618134, 0.14272736012935638
SSL7|CC30,L,0.07573340833187103, 0.13889683451917437
SSL7|CC30,D,0.1339661180973053, 0.14366443620787728
SSL7|CC30,F,0.19523391127586365, 0.14617395235432518
SSL7|CC30,K,0.14262279868125916, 0.13699775603082445
SSL7|CC30,I,0.0759873241186142, 0.12598041941722235
SSL7|CC30,R,0.1749594807624817, 0.13646929214398065
SSL7|CC30,Q,0.14931780099868774, 0.1485047083761957
SSL7|CC30,Q,0.11908166110515594, 0.1460810030500094
SSL7|CC30,L,0.06692127138376236, 0.14786876655287212
SSL7|CC30,V,0.17013326287269592, 0.15321597125795153
SSL7|CC30,N,0.2422848641872406, 0.15078344610002306
SSL7|CC30,N,0.17342056334018707, 0.15617855224344465
SSL7|CC30,Y,0.15871267020702362, 0.16426591078440347
SSL7|CC30,G,0.12411216646432877, 0.17661265946096844
SSL7|CC30,L,0.1530667543411255, 0.17884917805592218
SSL7|CC30,Y,0.19787375628948212, 0.17105843043989605
SSL7|CC30,K,0.1918678879737854, 0.17763203961981666
SSL7|CC30,G,0.17804200947284698, 0.18491720904906592
SSL7|CC30,T,0.19026193022727966, 0.18124614490403068
SSL7|CC30,S,0.17216813564300537, 0.18019170893563163
SSL7|CC30,K,0.23258304595947266, 0.1639603968295786
SSL7|CC30,Y,0.22427919507026672, 0.15495307122667631
SSL7|CC30,G,0.09107258915901184, 0.14112951647904184
SSL7|CC30,K,0.14357683062553406, 0.13297760031289524
SSL7|CC30,I,0.051791947335004807, 0.1257468681368563
SSL7|CC30,I,0.11080195754766464, 0.12128039076924324
SSL7|CC30,I,0.05363001674413681, 0.12193646737270886
SSL7|CC30,N,0.1168946847319603, 0.14012772548529837
SSL7|CC30,L,0.10709154605865479, 0.14203120147188505
SSL7|CC30,K,0.1923847496509552, 0.15445691595474878
SSL7|CC30,D,0.23018388450145721, 0.15183877117104
SSL7|CC30,E,0.2547939121723175, 0.16638717303673425
SSL7|CC30,N,0.16070811450481415, 0.16152804593245187
SSL7|CC30,K,0.1636233776807785, 0.16844635208447775
SSL7|CC30,V,0.08723865449428558, 0.15983898523781034
SSL7|CC30,E,0.18456563353538513, 0.15735281755526861
SSL7|CC30,I,0.07316254079341888, 0.15092204593949848
SSL7|CC30,D,0.1693563014268875, 0.15358325921826893
SSL7|CC30,L,0.11491844803094864, 0.15364576296673882
SSL7|CC30,G,0.20780837535858154, 0.1625227853655815
SSL7|CC30,D,0.19691696763038635, 0.15574228101306492
SSL7|CC30,K,0.18465903401374817, 0.17125313811832005
SSL7|CC30,L,0.16418591141700745, 0.17757744756009844
SSL7|CC30,Q,0.16713185608386993, 0.1779006545742353
SSL7|CC30,F,0.12354109436273575, 0.17270138445827696
SSL7|CC30,E,0.21276025474071503, 0.17138132701317468
SSL7|CC30,R,0.22627508640289307, 0.16476545648442376
SSL7|CC30,M,0.11782731115818024, 0.15726173586315578
SSL7|CC30,G,0.16101494431495667, 0.15954694151878357
SSL7|CC30,D,0.18503645062446594, 0.1591282586256663
SSL7|CC30,V,0.12511619925498962, 0.15497556825478873
SSL7|CC30,L,0.09665242582559586, 0.14987946881188285
SSL7|CC30,N,0.18769870698451996, 0.14632565279801688
SSL7|CC30,S,0.11977294832468033, 0.1556972927517361
SSL7|CC30,K,0.17538604140281677, 0.14854767007960212
SSL7|CC30,D,0.18041019141674042, 0.14280419879489475
SSL7|CC30,I,0.08584296703338623, 0.14635685665739906
SSL7|CC30,R,0.24535970389842987, 0.13342536323600346
SSL7|CC30,G,0.12068984657526016, 0.1335112452507019
SSL7|CC30,I,0.07342495769262314, 0.1255903657939699
SSL7|CC30,S,0.12862634658813477, 0.12348911497328016
SSL7|CC30,V,0.07131526619195938, 0.1332755900091595
SSL7|CC30,T,0.1205458864569664, 0.1203386320008172
SSL7|CC30,I,0.1040981262922287, 0.10692864904801051
SSL7|CC30,N,0.16149893403053284, 0.09877032041549683
SSL7|CC30,Q,0.17392124235630035, 0.08447850412792629
SSL7|CC30,I,0.128927081823349, 0.07655458566215304
SSL7|CC93,K,0.17185711860656738, 0.11639182766278584
SSL7|CC93,D,0.2473047524690628, 0.13943145506911808
SSL7|CC93,K,0.217088982462883, 0.15385688675774467
SSL7|CC93,Q,0.1888449639081955, 0.17237607306904262
SSL7|CC93,E,0.22243063151836395, 0.1893909109963311
SSL7|CC93,R,0.20735664665699005, 0.1838296734624439
SSL7|CC93,V,0.12982888519763947, 0.17840332951810625
SSL7|CC93,Q,0.16667267680168152, 0.17401381664805943
SSL7|CC93,H,0.1531335413455963, 0.1684078656964832
SSL7|CC93,L,0.12180598080158234, 0.1674122860034307
SSL7|CC93,Y,0.1984676569700241, 0.16685936682754093
SSL7|CC93,D,0.17758336663246155, 0.167895237604777
SSL7|CC93,I,0.1383914053440094, 0.1696170601579878
SSL7|CC93,K,0.21347041428089142, 0.18339402145809597
SSL7|CC93,D,0.20238037407398224, 0.19077331986692217
SSL7|CC93,L,0.13915172219276428, 0.19052116407288444
SSL7|CC93,H,0.1821690797805786, 0.1909483853313658
SSL7|CC93,R,0.2771261930465698, 0.19059313502576616
SSL7|CC93,Y,0.18821966648101807, 0.18505381047725677
SSL7|CC93,Y,0.1961982548236847, 0.18188993136088052
SSL7|CC93,S,0.18142835795879364, 0.18622324036227333
SSL7|CC93,A,0.13519415259361267, 0.1862310916185379
SSL7|CC93,P,0.16361649334430695, 0.1737861434618632
SSL7|CC93,S,0.17390546202659607, 0.16611188650131226
SSL7|CC93,F,0.17815150320529938, 0.16308046049541897
SSL7|CC93,E,0.18223974108695984, 0.15379252036412558
SSL7|CC93,Y,0.1651216596364975, 0.1602160632610321
SSL7|CC93,S,0.11915135383605957, 0.15055738968981636
SSL7|CC93,N,0.16891542077064514, 0.1530027629600631
SSL7|CC93,I,0.09783689677715302, 0.1465267390012741
SSL7|CC93,N,0.19300603866577148, 0.1467907875776291
SSL7|CC93,G,0.07668843120336533, 0.15496934122509426
SSL7|CC93,K,0.19591382145881653, 0.1611470960908466
SSL7|CC93,V,0.11986728757619858, 0.17147629294130537
SSL7|CC93,E,0.18461617827415466, 0.18162227008077833
SSL7|CC93,N,0.23872864246368408, 0.18104971945285797
SSL7|CC93,Y,0.1747511476278305, 0.18661139325963128
SSL7|CC93,N,0.26187819242477417, 0.1735028185778194
SSL7|CC93,G,0.18915069103240967, 0.16607408515281147
SSL7|CC93,S,0.18785308301448822, 0.16130999682678115
SSL7|CC93,N,0.12674349546432495, 0.1432042374379105
SSL7|CC93,V,0.07793664932250977, 0.1430092193186283
SSL7|CC93,V,0.05300868675112724, 0.12922587701016003
SSL7|CC93,R,0.1417393833398819, 0.13391862023207876
SSL7|CC93,F,0.07577680796384811, 0.14190865432222685
SSL7|CC93,E,0.17299598455429077, 0.1542318599919478
SSL7|CC93,Q,0.13782811164855957, 0.17484409320685598
SSL7|CC93,K,0.23138538002967834, 0.18579675671127108
SSL7|CC93,D,0.2597633898258209, 0.18951407157712513
SSL7|CC93,Q,0.23765234649181366, 0.19145681295129988
SSL7|CC93,N,0.26344674825668335, 0.19149904118643868
SSL7|CC93,H,0.15158265829086304, 0.1869212347600195
SSL7|CC93,Q,0.17519521713256836, 0.18015217863851124
SSL7|CC93,L,0.0932614803314209, 0.16931039177709156
SSL7|CC93,F,0.17337603867053986, 0.16335308303435644
SSL7|CC93,L,0.0966278538107872, 0.15269714014397728
SSL7|CC93,L,0.17046387493610382, 0.1546515996257464
SSL7|CC93,G,0.16218730807304382, 0.16250432282686234
SSL7|CC93,K,0.18403656780719757, 0.17725298388136757
SSL7|CC93,D,0.16754326224327087, 0.17213880932993358
SSL7|CC93,K,0.16917279362678528, 0.18261477682325575
SSL7|CC93,E,0.2458697259426117, 0.18854053484068978
SSL7|CC93,E,0.22599942982196808, 0.18651960790157318
SSL7|CC93,Y,0.12734846770763397, 0.17969457474019793
SSL7|CC93,K,0.19091156125068665, 0.1867900076839659
SSL7|CC93,E,0.22379569709300995, 0.1889593568113115
SSL7|CC93,G,0.14399896562099457, 0.1839932550986608
SSL7|CC93,L,0.12261126935482025, 0.17847707702053917
SSL7|CC93,K,0.23140215873718262, 0.17377946608596379
SSL7|CC93,G,0.1886969357728958, 0.16739014950063494
SSL7|CC93,Q,0.2011748105287552, 0.15292244156201681
SSL7|CC93,N,0.1763538271188736, 0.1506937328312132
SSL7|CC93,V,0.08506996929645538, 0.15034129470586777
SSL7|CC93,F,0.13340771198272705, 0.14322069535652796
SSL7|CC93,V,0.09358632564544678, 0.13830506884389454
SSL7|CC93,V,0.12394058704376221, 0.13493866639004815
SSL7|CC93,Q,0.11943932622671127, 0.13938259333372116
SSL7|CC93,E,0.1673167645931244, 0.15021225064992905
SSL7|CC93,L,0.14445629715919495, 0.16705983794397777
SSL7|CC93,I,0.17087718844413757, 0.17201327366961372
SSL7|CC93,D,0.21634916961193085, 0.19165346440341738
SSL7|CC93,P,0.18253688514232635, 0.19708258575863308
SSL7|CC93,N,0.28503599762916565, 0.19534309208393097
SSL7|CC93,G,0.13816724717617035, 0.19381027751498753
SSL7|CC93,R,0.300702303647995, 0.1897939211792416
SSL7|CC93,L,0.16830141842365265, 0.1820103642013338
SSL7|CC93,S,0.15166132152080536, 0.17701920204692417
SSL7|CC93,T,0.13066096603870392, 0.15928880704773796
SSL7|CC93,V,0.13472998142242432, 0.15988446606530082
SSL7|CC93,G,0.1462971568107605, 0.1473097867435879
SSL7|CC93,G,0.13761642575263977, 0.15302611556318071
SSL7|CC93,V,0.12546244263648987, 0.1641793880197737
SSL7|CC93,T,0.14352817833423615, 0.1727903038263321
SSL7|CC93,K,0.18753018975257874, 0.18317093782954746
SSL7|CC93,K,0.2197483777999878, 0.18829625017113155
SSL7|CC93,N,0.2520407736301422, 0.19365580876668295
SSL7|CC93,N,0.2081592082977295, 0.20720243122842577
SSL7|CC93,K,0.2281556874513626, 0.20865737398465475
SSL7|CC93,S,0.1924249678850174, 0.2103426373667187
SSL7|CC93,S,0.18585245311260223, 0.1983617196480433
SSL7|CC93,E,0.2473820447921753, 0.18613050878047943
SSL7|CC93,T,0.15662266314029694, 0.17514579908715355
SSL7|CC93,N,0.20269756019115448, 0.1670161642962032
SSL7|CC93,T,0.11192011833190918, 0.1586154086722268
SSL7|CC93,H,0.14195987582206726, 0.15572109487321642
SSL7|CC93,L,0.10929682105779648, 0.14955774115191567
SSL7|CC93,F,0.15498897433280945, 0.14749523997306824
SSL7|CC93,V,0.11681816726922989, 0.14713159865803188
SSL7|CC93,N,0.1598036289215088, 0.1531420217620002
SSL7|CC93,K,0.19191186130046844, 0.15318537420696682
SSL7|CC93,V,0.13806015253067017, 0.16360262450244692
SSL7|CC93,Y,0.19942478835582733, 0.16381019436650807
SSL7|CC93,G,0.1660139262676239, 0.17092945178349814
SSL7|CC93,G,0.14235004782676697, 0.16347614096270668
SSL7|CC93,N,0.2030520737171173, 0.15786979264683193
SSL7|CC93,L,0.15685710310935974, 0.15402891321314705
SSL7|CC93,D,0.1808914840221405, 0.14376027468178007
SSL7|CC93,A,0.09272383153438568, 0.13587550901704365
SSL7|CC93,S,0.14145472645759583, 0.1260298854774899
SSL7|CC93,I,0.10349223762750626, 0.116030253469944
SSL7|CC93,D,0.10700704157352448, 0.10572729756434758
SSL7|CC93,S,0.09505103528499603, 0.09718379461103016
SSL7|CC93,F,0.053739435970783234, 0.10409111860725614
SSL7|CC93,L,0.11305538564920425, 0.11179014460908042
SSL7|CC93,I,0.064130499958992, 0.12110420233673519
SSL7|CC93,N,0.10399995744228363, 0.11666839487022823
SSL7|CC93,K,0.15488974750041962, 0.12075078156259325
SSL7|CC93,E,0.21074596047401428, 0.12391344789001676
SSL7|CC93,E,0.18731875717639923, 0.12832850714524588
SSL7|CC93,V,0.06708477437496185, 0.13698586655987632
SSL7|CC93,S,0.13179251551628113, 0.12976769399311808
SSL7|CC93,L,0.08220343291759491, 0.12553922293914688
SSL7|CC93,K,0.15279091894626617, 0.11890439647767279
SSL7|CC93,E,0.1420467346906662, 0.1111930331422223
SSL7|CC93,L,0.039036404341459274, 0.11016825959086418
SSL7|CC93,D,0.11683350801467896, 0.11419982835650444
SSL7|CC93,F,0.15103252232074738, 0.12411230264438523
SSL7|CC93,K,0.11791648715734482, 0.11728412699368265
SSL7|CC93,I,0.0578618124127388, 0.10671395063400269
SSL7|CC93,R,0.16807663440704346, 0.11977449266446961
SSL7|CC93,K,0.17141570150852203, 0.1340248804125521
SSL7|CC93,Q,0.09133733808994293, 0.1368859795232614
SSL7|CC93,L,0.046915147453546524, 0.14316806321342787
SSL7|CC93,V,0.15658128261566162, 0.15234002181225353
SSL7|CC93,E,0.24508699774742126, 0.1494151639441649
SSL7|CC93,K,0.17678241431713104, 0.1574053139322334
SSL7|CC93,Y,0.17445524036884308, 0.1707947307990657
SSL7|CC93,G,0.1404094398021698, 0.18449883825249142
SSL7|CC93,L,0.1417529135942459, 0.19068896604908836
SSL7|CC93,Y,0.2433270514011383, 0.17968756788306767
SSL7|CC93,K,0.21184208989143372, 0.179943162533972
SSL7|CC93,G,0.17025211453437805, 0.18250583277808297
SSL7|CC93,T,0.21229243278503418, 0.17346233377854028
SSL7|CC93,T,0.14607441425323486, 0.1726858756608433
SSL7|CC93,K,0.17908276617527008, 0.14937270432710648
SSL7|CC93,Y,0.19751927256584167, 0.1338266266716851
SSL7|CC93,G,0.05901794880628586, 0.11990452392233743
SSL7|CC93,K,0.13476479053497314, 0.10437189125352436
SSL7|CC93,I,0.033508509397506714, 0.10025099996063444
SSL7|CC93,T,0.07192739099264145, 0.09763152483436796
SSL7|CC93,I,0.04495318979024887, 0.095702539715502
SSL7|CC93,N,0.07249873876571655, 0.11504870818720923
SSL7|CC93,L,0.10898639261722565, 0.122739863064554
SSL7|CC93,K,0.15550749003887177, 0.13779952625433603
SSL7|CC93,D,0.18015840649604797, 0.14788927220635945
SSL7|CC93,E,0.233133465051651, 0.15595915416876474
SSL7|CC93,K,0.20398518443107605, 0.15858407898081672
SSL7|CC93,K,0.16904547810554504, 0.16482828805843988
SSL7|CC93,E,0.16273510456085205, 0.15889372924963632
SSL7|CC93,V,0.11758212745189667, 0.16047191123167673
SSL7|CC93,I,0.09612306207418442, 0.156690819395913
SSL7|CC93,D,0.16518427431583405, 0.15609910587469736
SSL7|CC93,L,0.10209646075963974, 0.1584946248266432
SSL7|CC93,G,0.19436204433441162, 0.15841212537553576
SSL7|CC93,D,0.19910363852977753, 0.1595637450615565
SSL7|CC93,K,0.1986597627401352, 0.17111767745680279
SSL7|CC93,L,0.19060514867305756, 0.1766098365187645
SSL7|CC93,Q,0.161992609500885, 0.17566904508405262
SSL7|CC93,F,0.12794670462608337, 0.1673432480957773
SSL7|CC93,E,0.20010845363140106, 0.16301292926073074
SSL7|CC93,R,0.21461370587348938, 0.15253090278969872
SSL7|CC93,M,0.09362933784723282, 0.13932020299964482
SSL7|CC93,G,0.11942987143993378, 0.1376545081535975
SSL7|CC93,D,0.16013076901435852, 0.1352021089858479
SSL7|CC93,V,0.10432152450084686, 0.13063195596138635
SSL7|CC93,L,0.07170885056257248, 0.12166067709525426
SSL7|CC93,N,0.14700135588645935, 0.11797562034593688
SSL7|CC93,S,0.10587511211633682, 0.11673495628767544
SSL7|CC93,K,0.15897707641124725, 0.11446464020344946
SSL7|CC93,D,0.13387219607830048, 0.10840799866451158
SSL7|CC93,I,0.06046382710337639, 0.10984839705957307
SSL7|CC93,Q,0.10826389491558075, 0.10043415799736977
SSL7|CC93,N,0.13969792425632477, 0.10102800983521673
SSL7|CC93,I,0.049811750650405884, 0.09573274147179392
SSL7|CC93,A,0.08467243611812592, 0.09777878514594501
SSL7|CC93,V,0.06227320432662964, 0.10995927784177992
SSL7|CC93,T,0.11121977865695953, 0.11240787472989824
SSL7|CC93,I,0.1113196611404419, 0.09688588314586216
SSL7|CC93,N,0.1522865891456604, 0.09135124418470594
SSL7|CC93,Q,0.1700882613658905, 0.0819431957271364
SSL7|CC93,I,0.13030126690864563, 0.07502395080195533
SSL11|CC1,I,0.10046205669641495, 0.09801053586933348
SSL11|CC1,E,0.21281962096691132, 0.11021976586845186
SSL11|CC1,Q,0.1659630537033081, 0.1311705998248524
SSL11|CC1,S,0.12890946865081787, 0.14246711052126354
SSL11|CC1,R,0.2739406228065491, 0.16006670312749016
SSL11|CC1,L,0.10988306999206543, 0.1680925057993995
SSL11|CC1,S,0.18855750560760498, 0.16708419720331827
SSL11|CC1,V,0.1016685962677002, 0.16896994577513802
SSL11|CC1,T,0.15839633345603943, 0.17207077973418766
SSL11|CC1,S,0.17269428074359894, 0.1644578195280499
SSL11|CC1,K,0.20374484360218048, 0.17787164946397147
SSL11|CC1,D,0.18293479084968567, 0.16642772323555416
SSL11|CC1,T,0.1568169742822647, 0.18170940544870165
SSL11|CC1,Q,0.2054239809513092, 0.1897450370921029
SSL11|CC1,E,0.2306075394153595, 0.19374500711758932
SSL11|CC1,L,0.08556216955184937, 0.18872536056571537
SSL11|CC1,K,0.23920373618602753, 0.19415029883384705
SSL11|CC1,K,0.2307170182466507, 0.20139923691749573
SSL11|CC1,Y,0.20869401097297668, 0.2042949100335439
SSL11|CC1,Y,0.15856802463531494, 0.20340997146235573
SSL11|CC1,S,0.2317592352628708, 0.2204356955157386
SSL11|CC1,G,0.22205741703510284, 0.2219747089677387
SSL11|CC1,T,0.2314850389957428, 0.2183421038919025
SSL11|CC1,G,0.22264309227466583, 0.22153000864717695
SSL11|CC1,Y,0.23879368603229523, 0.23089652591281468
SSL11|CC1,N,0.2530548572540283, 0.21703365527921253
SSL11|CC1,F,0.19802357256412506, 0.21618590669499504
SSL11|CC1,Q,0.23738515377044678, 0.20305922793017495
SSL11|CC1,N,0.24286668002605438, 0.21023246977064344
SSL11|CC1,V,0.10699339956045151, 0.2152224298980501
SSL11|CC1,S,0.21442767977714539, 0.22105692327022552
SSL11|CC1,G,0.11334493011236191, 0.22159949938456217
SSL11|CC1,Y,0.28720226883888245, 0.22189868324332768
SSL11|CC1,R,0.2837033271789551, 0.2178714093234804
SSL11|CC1,E,0.3055652976036072, 0.21773644619517857
SSL11|CC1,G,0.2029067575931549, 0.2149815691841973
SSL11|CC1,N,0.24007780849933624, 0.21692107369502386
SSL11|CC1,K,0.2066212147474289, 0.20874343232976067
SSL11|CC1,M,0.10577873140573502, 0.20180690868033302
SSL11|CC1,N,0.1896337866783142, 0.1873699716395802
SSL11|CC1,I,0.13080047070980072, 0.1972031651271714
SSL11|CC1,I,0.21360349655151367, 0.20574510842561722
SSL11|CC1,D,0.22127461433410645, 0.2079361072844929
SSL11|CC1,G,0.17563286423683167, 0.22156360579861534
SSL11|CC1,P,0.29140549898147583, 0.21738112966219583
SSL11|CC1,Q,0.3169552981853485, 0.21881020896964604
SSL11|CC1,L,0.22634020447731018, 0.21229093273480734
SSL11|CC1,N,0.22842621803283691, 0.20107644465234545
SSL11|CC1,V,0.15199150145053864, 0.20481271710660723
SSL11|CC1,V,0.14366218447685242, 0.1931488679514991
SSL11|CC1,T,0.1549300104379654, 0.17815678980615404
SSL11|CC1,L,0.12034422159194946, 0.17385769221517774
SSL11|CC1,L,0.20925931632518768, 0.16978349950578478
SSL11|CC1,G,0.18643085658550262, 0.17991850939061907
SSL11|CC1,T,0.18202659487724304, 0.19706298079755571
SSL11|CC1,D,0.18764832615852356, 0.19597856203715006
SSL11|CC1,K,0.19175848364830017, 0.2081442524989446
SSL11|CC1,E,0.24320659041404724, 0.2101401603884167
SSL11|CC1,R,0.2979624271392822, 0.21550377872255114
SSL11|CC1,F,0.14517024159431458, 0.22663789656427172
SSL11|CC1,K,0.22983543574810028, 0.2322716944747501
SSL11|CC1,D,0.2272224873304367, 0.2324054092168808
SSL11|CC1,D,0.2347034215927124, 0.23083969122833675
SSL11|CC1,E,0.28223365545272827, 0.2126650098297331
SSL11|CC1,D,0.23835250735282898, 0.2106129676103592
SSL11|CC1,Y,0.1929619163274765, 0.20335316989156935
SSL11|CC1,E,0.22911512851715088, 0.1842685081064701
SSL11|CC1,G,0.13439029455184937, 0.17460145263208282
SSL11|CC1,L,0.12670186161994934, 0.15212148221002686
SSL11|CC1,D,0.1644972562789917, 0.13741967288984192
SSL11|CC1,V,0.05546053126454353, 0.14410356721944279
SSL11|CC1,F,0.14769992232322693, 0.14729614100522465
SSL11|CC1,V,0.0799139216542244, 0.15410266692439714
SSL11|CC1,V,0.1060362234711647, 0.17291954863402578
SSL11|CC1,R,0.2531169652938843, 0.1774383323887984
SSL11|CC1,E,0.2578482925891876, 0.20847808486885494
SSL11|CC1,G,0.19564902782440186, 0.22508046527703604
SSL11|CC1,S,0.29605379700660706, 0.23873119801282883
SSL11|CC1,G,0.2051663100719452, 0.2511136167579227
SSL11|CC1,K,0.3348183035850525, 0.2506101081768672
SSL11|CC1,H,0.2971213459968567, 0.2343818661239412
SSL11|CC1,A,0.20277051627635956, 0.23362621665000916
SSL11|CC1,D,0.21747799217700958, 0.2136092633008957
SSL11|CC1,N,0.24858538806438446, 0.2062899818023046
SSL11|CC1,I,0.111794114112854, 0.18332518968317243
SSL11|CC1,S,0.18884818255901337, 0.16292332112789154
SSL11|CC1,I,0.11590121686458588, 0.1560046292013592
SSL11|CC1,G,0.13929277658462524, 0.15181453194883135
SSL11|CC1,G,0.12813517451286316, 0.14553145070870718
SSL11|CC1,I,0.11350452899932861, 0.1599635531504949
SSL11|CC1,T,0.14050228893756866, 0.16500560111469692
SSL11|CC1,K,0.17976711690425873, 0.18278285364309946
SSL11|CC1,T,0.1920376569032669, 0.18955200579431322
SSL11|CC1,N,0.24168303608894348, 0.19710983335971832
SSL11|CC1,K,0.23422661423683167, 0.21066334346930185
SSL11|CC1,N,0.27589648962020874, 0.21330074469248453
SSL11|CC1,Q,0.200215145945549, 0.21100040111276838
SSL11|CC1,Y,0.1961556226015091, 0.20816520518726772
SSL11|CC1,K,0.23548611998558044, 0.20070182283719382
SSL11|CC1,D,0.16423889994621277, 0.1951775865422355
SSL11|CC1,P,0.15906402468681335, 0.1747567786110772
SSL11|CC1,V,0.166520893573761, 0.17170684867435032
SSL11|CC1,Q,0.1745125949382782, 0.16259043332603243
SSL11|CC1,N,0.18450848758220673, 0.15551497290531793
SSL11|CC1,V,0.09210921823978424, 0.15639301389455795
SSL11|CC1,N,0.17276577651500702, 0.15883594337436888
SSL11|CC1,L,0.1141078844666481, 0.16799335264497334
SSL11|CC1,L,0.17180697619915009, 0.17604033235046598
SSL11|CC1,T,0.17214126884937286, 0.18904336873028013
SSL11|CC1,S,0.1810503900051117, 0.20255215383238262
SSL11|CC1,K,0.24893757700920105, 0.2142482027411461
SSL11|CC1,S,0.2469354122877121, 0.22781237132019466
SSL11|CC1,N,0.30153581500053406, 0.22831197910838658
SSL11|CC1,G,0.21368828415870667, 0.2234519405497445
SSL11|CC1,Q,0.2780302166938782, 0.22439643575085533
SSL11|CC1,N,0.23618540167808533, 0.21086553401417202
SSL11|CC1,T,0.1763034462928772, 0.20458724432521397
SSL11|CC1,A,0.12840092182159424, 0.1894366360372967
SSL11|CC1,S,0.18955084681510925, 0.18960631059275734
SSL11|CC1,V,0.1271594613790512, 0.18256211280822754
SSL11|CC1,T,0.19043080508708954, 0.17095386816395652
SSL11|CC1,S,0.16518034040927887, 0.16928544640541077
SSL11|CC1,E,0.21521535515785217, 0.16803214450677237
SSL11|CC1,Y,0.21463243663311005, 0.1669914937681622
SSL11|CC1,Y,0.1317111998796463, 0.1746985763311386
SSL11|CC1,S,0.16128765046596527, 0.17753961516751182
SSL11|CC1,I,0.11712120473384857, 0.1851356195078956
SSL11|CC1,N,0.1801849901676178, 0.17449913008345497
SSL11|CC1,K,0.19652320444583893, 0.1689185673991839
SSL11|CC1,E,0.21600015461444855, 0.16478399849600261
SSL11|CC1,E,0.23354437947273254, 0.16619982735978234
SSL11|CC1,I,0.11948695033788681, 0.1734644596775373
SSL11|CC1,S,0.1644073724746704, 0.1626911403404342
SSL11|CC1,L,0.09450007975101471, 0.16153046737114587
SSL11|CC1,K,0.1740301102399826, 0.1606428763932652
SSL11|CC1,E,0.1825028955936432, 0.1546526840991444
SSL11|CC1,L,0.08322511613368988, 0.1535053468412823
SSL11|CC1,D,0.18607714772224426, 0.15389829708470237
SSL11|CC1,F,0.20801183581352234, 0.16548284557130602
SSL11|CC1,K,0.17963264882564545, 0.16064864893754324
SSL11|CC1,L,0.10916091501712799, 0.15044213665856254
SSL11|CC1,R,0.16794392466545105, 0.1613032122453054
SSL11|CC1,K,0.1987610161304474, 0.16962269941965738
SSL11|CC1,Q,0.13052234053611755, 0.16424627602100372
SSL11|CC1,L,0.09064428508281708, 0.1603063874774509
SSL11|CC1,I,0.1809747964143753, 0.17879015372859108
SSL11|CC1,D,0.26095253229141235, 0.17852429880036247
SSL11|CC1,K,0.15962402522563934, 0.18682599398824903
SSL11|CC1,H,0.14417365193367004, 0.1971264448430803
SSL11|CC1,D,0.2755148112773895, 0.20927760998408
SSL11|CC1,L,0.16555123031139374, 0.21256864898734623
SSL11|CC1,Y,0.2734762728214264, 0.19790661334991455
SSL11|CC1,K,0.223226398229599, 0.20371193852689531
SSL11|CC1,T,0.20000477135181427, 0.21009699669149187
SSL11|CC1,E,0.21059414744377136, 0.18666774696773952
SSL11|CC1,P,0.12899421155452728, 0.1863899677991867
SSL11|CC1,K,0.2118719518184662, 0.15865647689335877
SSL11|CC1,D,0.20163917541503906, 0.1478027128097084
SSL11|CC1,S,0.06465156376361847, 0.1285067196521494
SSL11|CC1,K,0.16305121779441833, 0.12427395375238524
SSL11|CC1,I,0.023874854668974876, 0.12434096427427398
SSL11|CC1,K,0.1255425214767456, 0.12257026425666279
SSL11|CC1,V,0.02634083293378353, 0.12868844924701583
SSL11|CC1,S,0.17249925434589386, 0.14282911808954346
SSL11|CC1,M,0.12959730625152588, 0.14990992306007278
SSL11|CC1,K,0.19593565165996552, 0.17224899658726323
SSL11|CC1,N,0.25670284032821655, 0.17655213735997677
SSL11|CC1,G,0.19191758334636688, 0.18780461781554753
SSL11|CC1,G,0.22677846252918243, 0.17624669935968187
SSL11|CC1,Y,0.22492651641368866, 0.1877219875653585
SSL11|CC1,Y,0.1642707884311676, 0.17422124412324694
SSL11|CC1,T,0.1276131570339203, 0.170142263174057
SSL11|CC1,F,0.06847798824310303, 0.1743696845240063
SSL11|CC1,E,0.23287490010261536, 0.1775896218087938
SSL11|CC1,L,0.07442896068096161, 0.16819221278031668
SSL11|CC1,N,0.2199920117855072, 0.17477659384409586
SSL11|CC1,K,0.22996437549591064, 0.17220905919869742
SSL11|CC1,K,0.2557578980922699, 0.1851655360725191
SSL11|CC1,L,0.1403498351573944, 0.18849166068765852
SSL11|CC1,Q,0.22353021800518036, 0.2066344916820526
SSL11|CC1,P,0.10450534522533417, 0.20272363225618997
SSL11|CC1,H,0.18508628010749817, 0.20269033643934461
SSL11|CC1,R,0.26281002163887024, 0.1959752059645123
SSL11|CC1,M,0.23771443963050842, 0.19128837519221836
SSL11|CC1,G,0.18479427695274353, 0.18814379307958815
SSL11|CC1,D,0.22966471314430237, 0.18787180052863228
SSL11|CC1,T,0.195321723818779, 0.19549906253814697
SSL11|CC1,I,0.09816835820674896, 0.1899042311641905
SSL11|CC1,D,0.19522897899150848, 0.1691859621140692
SSL11|CC1,S,0.10205741226673126, 0.16436840842167535
SSL11|CC1,R,0.2537316381931305, 0.1522974893450737
SSL11|CC1,N,0.21245653927326202, 0.1338658065845569
SSL11|CC1,I,0.051250018179416656, 0.1382871251553297
SSL11|CC1,K,0.14143629372119904, 0.12111751052240531
SSL11|CC1,K,0.12102644145488739, 0.12844817650814852
SSL11|CC1,I,0.02943657897412777, 0.1096862775997983
SSL11|CC1,E,0.13796022534370422, 0.08607999545832475
SSL11|CC1,V,0.040702447295188904, 0.08038554899394512
SSL11|CC1,N,0.1680334061384201, 0.06467040524714524
SSL11|CC1,L,0.08487454801797867, 0.05122302286326885
SSL11|CC5,S,0.1294732391834259, 0.10069758858945635
SSL11|CC5,T,0.2003314197063446, 0.12590256498919594
SSL11|CC5,L,0.2051447629928589, 0.14908172190189362
SSL11|CC5,E,0.24338078498840332, 0.17026416626241472
SSL11|CC5,V,0.1279480904340744, 0.1814492808447944
SSL11|CC5,R,0.22684478759765625, 0.18585548798243204
SSL11|CC5,S,0.20861241221427917, 0.1844586713446511
SSL11|CC5,Q,0.19064199924468994, 0.18122259113523695
SSL11|CC5,A,0.10066603124141693, 0.16186060508092245
SSL11|CC5,T,0.16912910342216492, 0.16429568496015337
SSL11|CC5,Q,0.18776006996631622, 0.16278400189346737
SSL11|CC5,D,0.1760200411081314, 0.16110601193375057
SSL11|CC5,L,0.06912291049957275, 0.15093592802683511
SSL11|CC5,S,0.1498638093471527, 0.16460114551915062
SSL11|CC5,E,0.2132396399974823, 0.1664779997534222
SSL11|CC5,Y,0.193510502576828, 0.17055904699696434
SSL11|CC5,Y,0.09911124408245087, 0.166045551498731
SSL11|CC5,K,0.22365298867225647, 0.16948261774248546
SSL11|CC5,G,0.18602079153060913, 0.17542675385872522
SSL11|CC5,R,0.2244894951581955, 0.16258067886034647
SSL11|CC5,G,0.13539858162403107, 0.16263367401229012
SSL11|CC5,F,0.10005650669336319, 0.1697288023100959
SSL11|CC5,E,0.20336103439331055, 0.15800321929984623
SSL11|CC5,L,0.09762496501207352, 0.15791768663459355
SSL11|CC5,T,0.19398745894432068, 0.14893158939149645
SSL11|CC5,N,0.16296739876270294, 0.16200034651491377
SSL11|CC5,V,0.11812274158000946, 0.1853478956553671
SSL11|CC5,T,0.18525099754333496, 0.19581001417504418
SSL11|CC5,G,0.14361461997032166, 0.20483463009198508
SSL11|CC5,Y,0.253017395734787, 0.19729509949684143
SSL11|CC5,K,0.31018444895744324, 0.19435499277379778
SSL11|CC5,Y,0.29752010107040405, 0.1869303339885341
SSL11|CC5,G,0.17884650826454163, 0.1762400786909792
SSL11|CC5,N,0.12613168358802795, 0.16800375738077694
SSL11|CC5,K,0.13650643825531006, 0.15732753235432836
SSL11|CC5,V,0.051300812512636185, 0.14348458871245384
SSL11|CC5,T,0.08903869986534119, 0.14346136939194468
SSL11|CC5,F,0.06948772817850113, 0.15554648265242577
SSL11|CC5,I,0.15693137049674988, 0.1692705067495505
SSL11|CC5,D,0.1855979561805725, 0.18234493459264436
SSL11|CC5,N,0.29731112718582153, 0.19661494344472885
SSL11|CC5,S,0.28761252760887146, 0.20619643645154107
SSL11|CC5,Q,0.24964790046215057, 0.2075953765047921
SSL11|CC5,Q,0.2541762888431549, 0.21131479740142822
SSL11|CC5,I,0.17973089218139648, 0.20261484550105202
SSL11|CC5,D,0.175272136926651, 0.1970361653301451
SSL11|CC5,V,0.08207818865776062, 0.1877785904539956
SSL11|CC5,T,0.19040615856647491, 0.18955094284481472
SSL11|CC5,L,0.10729838907718658, 0.1830882430076599
SSL11|CC5,T,0.2471030056476593, 0.19132938649919298
SSL11|CC5,G,0.204294353723526, 0.18896287348535326
SSL11|CC5,N,0.2655990719795227, 0.2027373645040724
SSL11|CC5,E,0.1960119903087616, 0.1988665842347675
SSL11|CC5,K,0.2539011836051941, 0.21461654040548536
SSL11|CC5,L,0.1539735198020935, 0.21526660521825156
SSL11|CC5,T,0.2060486078262329, 0.2226659423775143
SSL11|CC5,V,0.1555691361427307, 0.2221244772275289
SSL11|CC5,K,0.24904799461364746, 0.23140347003936768
SSL11|CC5,D,0.25295358896255493, 0.2212881694237391
SSL11|CC5,D,0.27088838815689087, 0.2270655400223202
SSL11|CC5,D,0.26072588562965393, 0.23294307125939262
SSL11|CC5,E,0.27952292561531067, 0.2253938482867347
SSL11|CC5,V,0.16286347806453705, 0.22171256277296278
SSL11|CC5,S,0.20596985518932343, 0.2031648556391398
SSL11|CC5,N,0.25894638895988464, 0.1974967039293713
SSL11|CC5,V,0.0876261293888092, 0.18507340550422668
SSL11|CC5,D,0.21591642498970032, 0.17321744561195374
SSL11|CC5,V,0.0860242247581482, 0.1837233023511039
SSL11|CC5,F,0.2198750227689743, 0.18999731540679932
SSL11|CC5,V,0.14891619980335236, 0.18462801641888088
SSL11|CC5,V,0.17281928658485413, 0.20388306180636087
SSL11|CC5,R,0.2574161887168884, 0.20796427461836073
SSL11|CC5,E,0.2624359726905823, 0.2266412079334259
SSL11|CC5,G,0.21062269806861877, 0.22286249697208405
SSL11|CC5,S,0.26092153787612915, 0.22580840521388584
SSL11|CC5,D,0.252647340297699, 0.22393489546245998
SSL11|CC5,K,0.25411662459373474, 0.21775665051407284
SSL11|CC5,S,0.18586662411689758, 0.2042726394202974
SSL11|CC5,A,0.17542937397956848, 0.1992452409532335
SSL11|CC5,I,0.15595769882202148, 0.18951155576441023
SSL11|CC5,T,0.2018119841814041, 0.1832981357971827
SSL11|CC5,T,0.1410798728466034, 0.1745332876841227
SSL11|CC5,S,0.16537611186504364, 0.17592856619093153
SSL11|CC5,I,0.17331837117671967, 0.1769088175561693
SSL11|CC5,G,0.19672656059265137, 0.1868704789214664
SSL11|CC5,G,0.17523299157619476, 0.18739527960618338
SSL11|CC5,I,0.19842413067817688, 0.20604714585675132
SSL11|CC5,T,0.18425163626670837, 0.2096860392226113
SSL11|CC5,K,0.24561265110969543, 0.2197279930114746
SSL11|CC5,T,0.2065351903438568, 0.2286687129073673
SSL11|CC5,N,0.3089466691017151, 0.2356128990650177
SSL11|CC5,G,0.1981261521577835, 0.244561192062166
SSL11|CC5,T,0.26369595527648926, 0.24572333362367418
SSL11|CC5,Q,0.2771930396556854, 0.23928587635358176
SSL11|CC5,H,0.23773066699504852, 0.2398697485526403
SSL11|CC5,K,0.2789587676525116, 0.2305496848291821
SSL11|CC5,D,0.19471091032028198, 0.23504159185621473
SSL11|CC5,T,0.18767553567886353, 0.22150465514924791
SSL11|CC5,V,0.2117900401353836, 0.21937288840611777
SSL11|CC5,Q,0.22506609559059143, 0.20914250281121996
SSL11|CC5,N,0.23855331540107727, 0.20188040865792167
SSL11|CC5,V,0.14186352491378784, 0.19889581865734524
SSL11|CC5,N,0.25800713896751404, 0.2028458168109258
SSL11|CC5,L,0.14565719664096832, 0.20894916852315268
SSL11|CC5,S,0.21359992027282715, 0.21088319851292503
SSL11|CC5,V,0.167849600315094, 0.21658238603009117
SSL11|CC5,S,0.22322551906108856, 0.22367587520016563
SSL11|CC5,K,0.2667202055454254, 0.22767813503742218
SSL11|CC5,S,0.24247236549854279, 0.2363608396715588
SSL11|CC5,T,0.2898460030555725, 0.23724064727624258
SSL11|CC5,G,0.205704927444458, 0.23543869786792332
SSL11|CC5,Q,0.2940274775028229, 0.2327434735165702
SSL11|CC5,H,0.22380153834819794, 0.22363461057345072
SSL11|CC5,T,0.22151818871498108, 0.22378834750917223
SSL11|CC5,T,0.15163205564022064, 0.21534002820650736
SSL11|CC5,S,0.19896849989891052, 0.2230396436320411
SSL11|CC5,V,0.18474043905735016, 0.22402441501617432
SSL11|CC5,T,0.24385599792003632, 0.2300969643725289
SSL11|CC5,S,0.21381112933158875, 0.2299598885907067
SSL11|CC5,E,0.2750014662742615, 0.23411854439311558
SSL11|CC5,Y,0.302890419960022, 0.24129423830244276
SSL11|CC5,Y,0.2784544825553894, 0.24422140419483185
SSL11|CC5,S,0.22028450667858124, 0.2409082767036226
SSL11|CC5,I,0.18905995786190033, 0.24309429195192125
SSL11|CC5,Y,0.2635497450828552, 0.22505518628491294
SSL11|CC5,K,0.21108493208885193, 0.21179005172517565
SSL11|CC5,E,0.21403785049915314, 0.1928004026412964
SSL11|CC5,E,0.23348526656627655, 0.18946421146392822
SSL11|CC5,I,0.11264951527118683, 0.18892853127585518
SSL11|CC5,S,0.18350420892238617, 0.16819593807061514
SSL11|CC5,L,0.10754764080047607, 0.16307691236337027
SSL11|CC5,K,0.19025878608226776, 0.1597819444206026
SSL11|CC5,E,0.18423883616924286, 0.15261514319313896
SSL11|CC5,L,0.07695640623569489, 0.1486737330754598
SSL11|CC5,D,0.16501370072364807, 0.14989611672030556
SSL11|CC5,F,0.18438313901424408, 0.1582270877228843
SSL11|CC5,K,0.168984055519104, 0.15134354929129282
SSL11|CC5,L,0.07717682421207428, 0.14149629241890377
SSL11|CC5,R,0.19450566172599792, 0.15717970000372994
SSL11|CC5,K,0.1825263798236847, 0.16775676276948717
SSL11|CC5,H,0.12830694019794464, 0.16768057975504133
SSL11|CC5,L,0.0956135243177414, 0.1675521946615643
SSL11|CC5,I,0.21810707449913025, 0.1899572710196177
SSL11|CC5,D,0.26020726561546326, 0.18837298618422615
SSL11|CC5,K,0.18369749188423157, 0.19760123557514614
SSL11|CC5,H,0.16782858967781067, 0.20872597065236834
SSL11|CC5,D,0.27882251143455505, 0.21847717629538643
SSL11|CC5,L,0.18024709820747375, 0.21614765458636814
SSL11|CC5,Y,0.2655806243419647, 0.20188818706406486
SSL11|CC5,K,0.22842955589294434, 0.20636618302928078
SSL11|CC5,T,0.18337437510490417, 0.21131865845786202
SSL11|CC5,E,0.1971413791179657, 0.18745512598090702
SSL11|CC5,P,0.1318720579147339, 0.18843375311957467
SSL11|CC5,K,0.22399945557117462, 0.1611471033344666
SSL11|CC5,D,0.2124008685350418, 0.15338081680238247
SSL11|CC5,S,0.06405071914196014, 0.13570130264593494
SSL11|CC5,K,0.18905474245548248, 0.12975679400066534
SSL11|CC5,I,0.020000776275992393, 0.12958687937094104
SSL11|CC5,R,0.158532977104187, 0.12712964146501488
SSL11|CC5,I,0.024258747696876526, 0.13016914224459064
SSL11|CC5,T,0.14364080131053925, 0.14182572128872076
SSL11|CC5,M,0.13034282624721527, 0.14607533543474144
SSL11|CC5,K,0.20188431441783905, 0.17362695766819847
SSL11|CC5,N,0.23975637555122375, 0.17820149825678933
SSL11|CC5,G,0.16895993053913116, 0.19693630768193138
SSL11|CC5,G,0.22730126976966858, 0.19064375758171082
SSL11|CC5,Y,0.2679653763771057, 0.20455780790911782
SSL11|CC5,Y,0.19970384240150452, 0.1917732200688786
SSL11|CC5,T,0.1928720325231552, 0.1930476369129287
SSL11|CC5,F,0.08700785040855408, 0.20084407180547714
SSL11|CC5,E,0.2555692791938782, 0.2067131358716223
SSL11|CC5,L,0.08682302385568619, 0.19316687103774813
SSL11|CC5,N,0.25122612714767456, 0.19940835154718822
SSL11|CC5,K,0.23912784457206726, 0.1908011751042472
SSL11|CC5,K,0.280122846364975, 0.20417884157763588
SSL11|CC5,L,0.14604899287223816, 0.20963073935773638
SSL11|CC5,Q,0.25587716698646545, 0.2295432695084148
SSL11|CC5,P,0.11540744453668594, 0.2218639941679107
SSL11|CC5,H,0.20740684866905212, 0.2204787110288938
SSL11|CC5,R,0.3046363592147827, 0.2117901618282
SSL11|CC5,M,0.266035795211792, 0.20588532669676674
SSL11|CC5,G,0.1821126490831375, 0.20211560444699395
SSL11|CC5,D,0.22666029632091522, 0.20107952091428968
SSL11|CC5,T,0.20192590355873108, 0.20675439635912576
SSL11|CC5,I,0.09290547668933868, 0.19590785602728525
SSL11|CC5,D,0.22194966673851013, 0.17119958582851622
SSL11|CC5,S,0.10608269274234772, 0.167079020705488
SSL11|CC5,R,0.2584807276725769, 0.15627374996741614
SSL11|CC5,N,0.20701749622821808, 0.13723832017017734
SSL11|CC5,I,0.043661363422870636, 0.14106636059780917
SSL11|CC5,E,0.14502756297588348, 0.12055526777274078
SSL11|CC5,K,0.12941285967826843, 0.12849899236526754
SSL11|CC5,I,0.030607035383582115, 0.10992046880225341
SSL11|CC5,E,0.1273578405380249, 0.08691852477689584
SSL11|CC5,V,0.03734983131289482, 0.08206726217435466
SSL11|CC5,N,0.1775762140750885, 0.0659530885103676
SSL11|CC5,L,0.09127401560544968, 0.05157388187944889
SSL11|CC8,S,0.10336370766162872, 0.08429025361935298
SSL11|CC8,T,0.1697012186050415, 0.1178014154235522
SSL11|CC8,L,0.12813226878643036, 0.135197504527039
SSL11|CC8,E,0.2574216425418854, 0.1586326915356848
SSL11|CC8,V,0.09999344497919083, 0.17641288455989626
SSL11|CC8,R,0.30160045623779297, 0.1913811754849222
SSL11|CC8,S,0.15656480193138123, 0.19857898934019935
SSL11|CC8,Q,0.2109166830778122, 0.212736786239677
SSL11|CC8,A,0.16002173721790314, 0.20343048787779278
SSL11|CC8,T,0.23807832598686218, 0.22198963165283203
SSL11|CC8,Q,0.234481543302536, 0.2188489536444346
SSL11|CC8,D,0.2555524408817291, 0.2272494633992513
SSL11|CC8,L,0.17366495728492737, 0.2313058508767022
SSL11|CC8,S,0.26702573895454407, 0.23714173005686867
SSL11|CC8,E,0.2733343541622162, 0.23891379601425594
SSL11|CC8,Y,0.23216938972473145, 0.22957977818118203
SSL11|CC8,Y,0.2474241703748703, 0.22359981801774767
SSL11|CC8,N,0.21254464983940125, 0.22352098921934763
SSL11|CC8,R,0.2540269196033478, 0.21886585818396675
SSL11|CC8,P,0.1504753828048706, 0.21327879197067684
SSL11|CC8,F,0.20173279941082, 0.21159450047545963
SSL11|CC8,F,0.1729554980993271, 0.21270106236139932
SSL11|CC8,E,0.22512955963611603, 0.21790115369690788
SSL11|CC8,Y,0.22305075824260712, 0.22211101651191711
SSL11|CC8,T,0.2170107662677765, 0.2293788128428989
SSL11|CC8,N,0.25738322734832764, 0.24287879963715872
SSL11|CC8,Q,0.25934547185897827, 0.251490549908744
SSL11|CC8,S,0.2919156849384308, 0.2499470909436544
SSL11|CC8,G,0.21588554978370667, 0.2561473498741786
SSL11|CC8,Y,0.3232326805591583, 0.24352216720581055
SSL11|CC8,K,0.25046125054359436, 0.23811750610669455
SSL11|CC8,E,0.21123842895030975, 0.21918227771917978
SSL11|CC8,E,0.27885308861732483, 0.2031781723101934
SSL11|CC8,G,0.1033841222524643, 0.19014885856045616
SSL11|CC8,K,0.20874127745628357, 0.17303961680995095
SSL11|CC8,V,0.08892841637134552, 0.16003548602263132
SSL11|CC8,T,0.1478787362575531, 0.1569905678431193
SSL11|CC8,F,0.09862172603607178, 0.14369179639551374
SSL11|CC8,T,0.1692495048046112, 0.14223136752843857
SSL11|CC8,P,0.1334240734577179, 0.13167884283595616
SSL11|CC8,N,0.18383416533470154, 0.1288606963223881
SSL11|CC8,Y,0.15916414558887482, 0.12809083610773087
SSL11|CC8,Q,0.09024026244878769, 0.12308154379328091
SSL11|CC8,L,0.1137685552239418, 0.1200919503139125
SSL11|CC8,I,0.06356509774923325, 0.11458369468649228
SSL11|CC8,D,0.14094999432563782, 0.11599112426241238
SSL11|CC8,V,0.05353809520602226, 0.1111692376434803
SSL11|CC8,T,0.1423431634902954, 0.12212414004736477
SSL11|CC8,L,0.08384977281093597, 0.13048521553476652
SSL11|CC8,T,0.19650103151798248, 0.152147911902931
SSL11|CC8,G,0.11576716601848602, 0.16317616692847675
SSL11|CC8,N,0.18883438408374786, 0.1831778734922409
SSL11|CC8,E,0.18901823461055756, 0.18312261336379582
SSL11|CC8,K,0.2585293650627136, 0.1918177472220527
SSL11|CC8,Q,0.24020428955554962, 0.19935827950636545
SSL11|CC8,N,0.2335534542798996, 0.2119508468442493
SSL11|CC8,F,0.14184582233428955, 0.20104812333981195
SSL11|CC8,G,0.1621059775352478, 0.1988920213447677
SSL11|CC8,E,0.2643658220767975, 0.19357796096139485
SSL11|CC8,D,0.2291002720594406, 0.17384094496568045
SSL11|CC8,I,0.0907098725438118, 0.16945333116584355
SSL11|CC8,S,0.169613316655159, 0.1600198352502452
SSL11|CC8,N,0.2107028216123581, 0.16090178862214088
SSL11|CC8,V,0.06257114559412003, 0.13890988586677444
SSL11|CC8,D,0.1940649300813675, 0.12777341198590067
SSL11|CC8,I,0.056944359093904495, 0.1366377112766107
SSL11|CC8,F,0.17004355788230896, 0.13578525392545593
SSL11|CC8,V,0.0664386972784996, 0.1350530025859674
SSL11|CC8,V,0.12887200713157654, 0.15249706928928694
SSL11|CC8,R,0.17048856616020203, 0.15968987801008755
SSL11|CC8,E,0.16194120049476624, 0.19086895634730658
SSL11|CC8,N,0.20411255955696106, 0.20578218085898292
SSL11|CC8,S,0.21956774592399597, 0.22269555760754478
SSL11|CC8,D,0.258800208568573, 0.24179810451136696
SSL11|CC8,R,0.33755606412887573, 0.24806737734211814
SSL11|CC8,S,0.30426257848739624, 0.2471948911746343
SSL11|CC8,G,0.21865908801555634, 0.24985097348690033
SSL11|CC8,N,0.30079492926597595, 0.2438230961561203
SSL11|CC8,T,0.2269120216369629, 0.23706046243508658
SSL11|CC8,A,0.1540888249874115, 0.2204692545864317
SSL11|CC8,S,0.22801730036735535, 0.20587775111198425
SSL11|CC8,I,0.1653168499469757, 0.20321630272600386
SSL11|CC8,G,0.1979365050792694, 0.1955109934012095
SSL11|CC8,G,0.18823519349098206, 0.19457715253035227
SSL11|CC8,I,0.17293904721736908, 0.2110486643181907
SSL11|CC8,T,0.1947060525417328, 0.20980825026830038
SSL11|CC8,K,0.23144714534282684, 0.22529845436414084
SSL11|CC8,T,0.21850745379924774, 0.23096615241633522
SSL11|CC8,N,0.30233243107795715, 0.23969835539658865
SSL11|CC8,G,0.2168535739183426, 0.2443112697866228
SSL11|CC8,S,0.3047286868095398, 0.2436280283663008
SSL11|CC8,N,0.24894578754901886, 0.24207884901099735
SSL11|CC8,Y,0.26682502031326294, 0.2368286136123869
SSL11|CC8,I,0.2144552767276764, 0.2305603242582745
SSL11|CC8,D,0.18855687975883484, 0.22983956336975098
SSL11|CC8,K,0.21750453114509583, 0.21272610624631247
SSL11|CC8,V,0.17125533521175385, 0.21171197129620445
SSL11|CC8,K,0.24591782689094543, 0.19469885362519157
SSL11|CC8,D,0.21036672592163086, 0.19442519545555115
SSL11|CC8,V,0.15070757269859314, 0.19087162779437172
SSL11|CC8,N,0.23981857299804688, 0.18722771108150482
SSL11|CC8,L,0.11370696127414703, 0.18689519498083326
SSL11|CC8,I,0.21199235320091248, 0.18555247121387058
SSL11|CC8,I,0.1565747708082199, 0.18186639746030173
SSL11|CC8,T,0.18470928072929382, 0.1872317377063963
SSL11|CC8,K,0.16826269030570984, 0.18326561318503487
SSL11|CC8,N,0.23383331298828125, 0.19067048529783884
SSL11|CC8,I,0.1771920621395111, 0.19311800433529747
SSL11|CC8,D,0.19899563491344452, 0.19665667083528307
SSL11|CC8,S,0.20412345230579376, 0.20319182839658526
SSL11|CC8,V,0.18035081028938293, 0.21025607817702824
SSL11|CC8,T,0.23402002453804016, 0.21024972862667507
SSL11|CC8,S,0.1884227693080902, 0.21648897892898983
SSL11|CC8,T,0.2435256987810135, 0.2127386728922526
SSL11|CC8,S,0.23184093832969666, 0.20985832975970375
SSL11|CC8,T,0.23377616703510284, 0.20814521941873762
SSL11|CC8,S,0.23334531486034393, 0.2024360497792562
SSL11|CC8,S,0.16524288058280945, 0.19548849927054512
SSL11|CC8,T,0.178200364112854, 0.19207557373576695
SSL11|CC8,Y,0.16493281722068787, 0.1860247684849633
SSL11|CC8,T,0.18263749778270721, 0.18300277325842115
SSL11|CC8,I,0.12589481472969055, 0.1867391351196501
SSL11|CC8,N,0.21280936896800995, 0.18593886494636536
SSL11|CC8,K,0.177383691072464, 0.18654845986101362
SSL11|CC8,E,0.20657820999622345, 0.1809862239493264
SSL11|CC8,E,0.2669725716114044, 0.181348098648919
SSL11|CC8,I,0.15804044902324677, 0.19270859162012735
SSL11|CC8,S,0.18368671834468842, 0.17909766319725248
SSL11|CC8,L,0.11487269401550293, 0.18075145367119047
SSL11|CC8,K,0.18589437007904053, 0.17293912917375565
SSL11|CC8,E,0.2281392514705658, 0.16573821422126558
SSL11|CC8,L,0.09031101316213608, 0.1578800090485149
SSL11|CC8,D,0.19226780533790588, 0.1656965571973059
SSL11|CC8,F,0.13626728951931, 0.17320577717489666
SSL11|CC8,K,0.20216433703899384, 0.17008589622047213
SSL11|CC8,L,0.0873166024684906, 0.15640012174844742
SSL11|CC8,R,0.2540356516838074, 0.16519386735227373
SSL11|CC8,K,0.18245567381381989, 0.17041942642794716
SSL11|CC8,H,0.15781544148921967, 0.1789003610610962
SSL11|CC8,L,0.10496728122234344, 0.1740214940574434
SSL11|CC8,I,0.16945472359657288, 0.19545631441805097
SSL11|CC8,D,0.23929783701896667, 0.18842192987600961
SSL11|CC8,K,0.21259570121765137, 0.19908882511986625
SSL11|CC8,H,0.15825453400611877, 0.2069703522655699
SSL11|CC8,N,0.28022998571395874, 0.21934293707211813
SSL11|CC8,L,0.19072619080543518, 0.22696590920289358
SSL11|CC8,Y,0.27845773100852966, 0.21727202832698822
SSL11|CC8,K,0.22874918580055237, 0.22184688680701786
SSL11|CC8,T,0.21632054448127747, 0.22730259762869942
SSL11|CC8,E,0.23806147277355194, 0.20294371826781166
SSL11|CC8,P,0.15205290913581848, 0.20518777685032952
SSL11|CC8,K,0.2537694275379181, 0.176880260101623
SSL11|CC8,D,0.20735593140125275, 0.1778702899399731
SSL11|CC8,S,0.061000071465969086, 0.15790766042967638
SSL11|CC8,K,0.2109227180480957, 0.14725098241534498
SSL11|CC8,I,0.023690080270171165, 0.14384598429832193
SSL11|CC8,R,0.23765945434570312, 0.14156321249902248
SSL11|CC8,I,0.036656878888607025, 0.14339439467423493
SSL11|CC8,T,0.1421513706445694, 0.1544007391979297
SSL11|CC8,M,0.12140792608261108, 0.15426508233779007
SSL11|CC8,K,0.23322448134422302, 0.17818149344788659
SSL11|CC8,D,0.22383657097816467, 0.17335907204283607
SSL11|CC8,G,0.1600571721792221, 0.1889321373568641
SSL11|CC8,G,0.209701806306839, 0.18575471805201638
SSL11|CC8,F,0.23893778026103973, 0.1976779450972875
SSL11|CC8,Y,0.19425766170024872, 0.18128983593649334
SSL11|CC8,T,0.176814466714859, 0.1806281382838885
SSL11|CC8,F,0.11355459690093994, 0.18344550910923216
SSL11|CC8,E,0.22871696949005127, 0.1860036262207561
SSL11|CC8,L,0.08573149889707565, 0.1807235504190127
SSL11|CC8,N,0.21788129210472107, 0.18310603582196766
SSL11|CC8,K,0.18541350960731506, 0.18210853222343656
SSL11|CC8,K,0.2327248603105545, 0.19030960980388853
SSL11|CC8,L,0.19141709804534912, 0.20110183540317747
SSL11|CC8,Q,0.21570003032684326, 0.21746566063827938
SSL11|CC8,T,0.16783693432807922, 0.220292490389612
SSL11|CC8,H,0.18736429512500763, 0.22122717069254982
SSL11|CC8,R,0.32584699988365173, 0.2173151671886444
SSL11|CC8,M,0.23300592601299286, 0.2091412925057941
SSL11|CC8,G,0.24332275986671448, 0.2055112404955758
SSL11|CC8,D,0.1938256323337555, 0.1968343729774157
SSL11|CC8,V,0.19751682877540588, 0.20601950999763277
SSL11|CC8,I,0.11785222589969635, 0.18805793838368523
SSL11|CC8,D,0.18302956223487854, 0.17094676858848995
SSL11|CC8,G,0.08974512666463852, 0.1626248839828703
SSL11|CC8,R,0.27003052830696106, 0.16054721838898128
SSL11|CC8,N,0.16419285535812378, 0.1442127815551228
SSL11|CC8,I,0.0790053978562355, 0.15283427221907508
SSL11|CC8,E,0.1684257984161377, 0.13883317303326395
SSL11|CC8,K,0.17512664198875427, 0.1512370974653297
SSL11|CC8,I,0.050506897270679474, 0.13042392374740708
SSL11|CC8,E,0.19544564187526703, 0.11218027315205997
SSL11|CC8,V,0.0570196695625782, 0.10340189561247826
SSL11|CC8,N,0.20138044655323029, 0.08468791801068518
SSL11|CC8,L,0.08271196484565735, 0.06522940223415692
SSL11|CC22,S,0.08584219217300415, 0.10575032399760352
SSL11|CC22,T,0.17896541953086853, 0.12875542541344961
SSL11|CC22,L,0.23924970626831055, 0.1512447264459398
SSL11|CC22,E,0.2708740234375, 0.1732944498459498
SSL11|CC22,V,0.17682157456874847, 0.18274055421352386
SSL11|CC22,R,0.20704591274261475, 0.18682967291937935
SSL11|CC22,S,0.2024037092924118, 0.19049231542481315
SSL11|CC22,Q,0.19844751060009003, 0.1852601816256841
SSL11|CC22,A,0.0850149393081665, 0.16117515539129576
SSL11|CC22,T,0.12264426052570343, 0.15994790237810877
SSL11|CC22,Q,0.21192920207977295, 0.1656068004667759
SSL11|CC22,D,0.192160502076149, 0.16744155892067486
SSL11|CC22,L,0.05410878732800484, 0.1599375361369716
SSL11|CC22,K,0.1657762974500656, 0.17815534811880854
SSL11|CC22,D,0.2579759955406189, 0.18643655255436897
SSL11|CC22,Y,0.21891653537750244, 0.18712689355015755
SSL11|CC22,Y,0.13091130554676056, 0.18847466384371123
SSL11|CC22,K,0.2489752471446991, 0.19301003962755203
SSL11|CC22,G,0.19717510044574738, 0.20432053920295504
SSL11|CC22,Q,0.21814227104187012, 0.18510309027300942
SSL11|CC22,S,0.20429043471813202, 0.18924042085806528
SSL11|CC22,F,0.09492716938257217, 0.19499640001191032
SSL11|CC22,D,0.2675707936286926, 0.18796221084064907
SSL11|CC22,L,0.08501895517110825, 0.185911120639907
SSL11|CC22,K,0.25615251064300537, 0.17340764237774742
SSL11|CC22,N,0.18271511793136597, 0.1785450213485294
SSL11|CC22,I,0.18566754460334778, 0.18658373836014006
SSL11|CC22,G,0.1787152886390686, 0.17981839759482277
SSL11|CC22,G,0.10561096668243408, 0.1861059996816847
SSL11|CC22,Y,0.2505268454551697, 0.1760161452823215
SSL11|CC22,K,0.16727562248706818, 0.17227752341164482
SSL11|CC22,E,0.2066827267408371, 0.15697361073560184
SSL11|CC22,G,0.1416073739528656, 0.15136687664522064
SSL11|CC22,N,0.16534382104873657, 0.1472823309401671
SSL11|CC22,K,0.14906752109527588, 0.13475859041015306
SSL11|CC22,V,0.04793233051896095, 0.1314694123963515
SSL11|CC22,T,0.12825468182563782, 0.13503182803591093
SSL11|CC22,F,0.06885005533695221, 0.13512535269061723
SSL11|CC22,I,0.13781318068504333, 0.14719646548231444
SSL11|CC22,Y,0.137673020362854, 0.15708337931169403
SSL11|CC22,H,0.23874446749687195, 0.1789101461569468
SSL11|CC22,N,0.14244909584522247, 0.19865396287706164
SSL11|CC22,Q,0.27398383617401123, 0.20822164913018545
SSL11|CC22,Q,0.23804974555969238, 0.21541236175431144
SSL11|CC22,I,0.24437323212623596, 0.21284619139300454
SSL11|CC22,D,0.30594903230667114, 0.20796356764104632
SSL11|CC22,V,0.15495923161506653, 0.20596880631314385
SSL11|CC22,T,0.20252959430217743, 0.1955567126472791
SSL11|CC22,L,0.11457748711109161, 0.17856324464082718
SSL11|CC22,T,0.19480085372924805, 0.16944408002826902
SSL11|CC22,G,0.12449624389410019, 0.1415979117155075
SSL11|CC22,N,0.18027499318122864, 0.14460250735282898
SSL11|CC22,E,0.08510853350162506, 0.1321055649055375
SSL11|CC22,K,0.16230075061321259, 0.13809438629282844
SSL11|CC22,L,0.055333517491817474, 0.14421008278926215
SSL11|CC22,E,0.18200059235095978, 0.1634743611017863
SSL11|CC22,F,0.09005711227655411, 0.1531854983833101
SSL11|CC22,N,0.1684768795967102, 0.16800762712955475
SSL11|CC22,D,0.24984212219715118, 0.15597708109352323
SSL11|CC22,D,0.2978747487068176, 0.1648534420463774
SSL11|CC22,G,0.08767522871494293, 0.1644658711221483
SSL11|CC22,E,0.21850769221782684, 0.16368884841601053
SSL11|CC22,I,0.054025836288928986, 0.17003032068411508
SSL11|CC22,S,0.13522076606750488, 0.15114572809802163
SSL11|CC22,N,0.17851245403289795, 0.1451855351527532
SSL11|CC22,V,0.08306390792131424, 0.15211143096288046
SSL11|CC22,D,0.22555013000965118, 0.14410877227783203
SSL11|CC22,V,0.07988078892230988, 0.16996782273054123
SSL11|CC22,F,0.24423301219940186, 0.17457031127479342
SSL11|CC22,V,0.15000829100608826, 0.17963743954896927
SSL11|CC22,V,0.14648376405239105, 0.1957511736287011
SSL11|CC22,R,0.28675729036331177, 0.20014186865753597
SSL11|CC22,E,0.17664316296577454, 0.22972217202186584
SSL11|CC22,N,0.22411660850048065, 0.23202940821647644
SSL11|CC22,S,0.22808751463890076, 0.23835369447867075
SSL11|CC22,D,0.26506638526916504, 0.24675921433501774
SSL11|CC22,R,0.3461035192012787, 0.24067814648151398
SSL11|CC22,S,0.2649981379508972, 0.24366146491633522
SSL11|CC22,G,0.2069268673658371, 0.24450303779708016
SSL11|CC22,I,0.22213344275951385, 0.25347880522410077
SSL11|CC22,T,0.23202767968177795, 0.24963575767146218
SSL11|CC22,S,0.20349302887916565, 0.2335040784544415
SSL11|CC22,S,0.23169076442718506, 0.2275350723001692
SSL11|CC22,N,0.3088694214820862, 0.2274002813630634
SSL11|CC22,G,0.23047895729541779, 0.22337563501463997
SSL11|CC22,G,0.20091840624809265, 0.21660412516858843
SSL11|CC22,I,0.2112770825624466, 0.21680092646016014
SSL11|CC22,T,0.20571374893188477, 0.21416004333231184
SSL11|CC22,T,0.185911625623703, 0.20309155186017355
SSL11|CC22,S,0.17108409106731415, 0.19803367058436075
SSL11|CC22,N,0.20526424050331116, 0.18803410563204023
SSL11|CC22,K,0.2079228162765503, 0.17817249811357921
SSL11|CC22,Q,0.2092529982328415, 0.17313872360520893
SSL11|CC22,D,0.18495802581310272, 0.16501923402150473
SSL11|CC22,I,0.11092232167720795, 0.1533447785509957
SSL11|CC22,I,0.12252261489629745, 0.15304311944378746
SSL11|CC22,D,0.16040977835655212, 0.14512115882502663
SSL11|CC22,N,0.11283621937036514, 0.12799180754356915
SSL11|CC22,V,0.06601399183273315, 0.1302534362508191
SSL11|CC22,K,0.2025493085384369, 0.12365694799356991
SSL11|CC22,S,0.13662517070770264, 0.12927404253019226
SSL11|CC22,V,0.0550888366997242, 0.12168714942203628
SSL11|CC22,N,0.20531268417835236, 0.12675388115975592
SSL11|CC22,M,0.05155392736196518, 0.13712076139118937
SSL11|CC22,Q,0.17307646572589874, 0.13990284792251056
SSL11|CC22,I,0.0921277403831482, 0.15213186335232523
SSL11|CC22,T,0.15843680500984192, 0.1790786377257771
SSL11|CC22,K,0.15931591391563416, 0.19086289488606983
SSL11|CC22,K,0.22758808732032776, 0.22142783304055533
SSL11|CC22,T,0.24668630957603455, 0.23205506139331394
SSL11|CC22,S,0.297609806060791, 0.25724273920059204
SSL11|CC22,S,0.31137099862098694, 0.26147157450517017
SSL11|CC22,N,0.3266383707523346, 0.26649849613507587
SSL11|CC22,T,0.2687215209007263, 0.2644495103094313
SSL11|CC22,E,0.3188168406486511, 0.2577892425987456
SSL11|CC22,T,0.19649632275104523, 0.24353449212180245
SSL11|CC22,V,0.20455820858478546, 0.24036530984772575
SSL11|CC22,T,0.20914721488952637, 0.2251169350412157
SSL11|CC22,S,0.18674390017986298, 0.2176530361175537
SSL11|CC22,S,0.16931705176830292, 0.196023720006148
SSL11|CC22,Y,0.2828483581542969, 0.19349079247978
SSL11|CC22,Y,0.1894029974937439, 0.18423475490676033
SSL11|CC22,S,0.20154643058776855, 0.18375934494866264
SSL11|CC22,I,0.12415299564599991, 0.18759802480538687
SSL11|CC22,S,0.1736999750137329, 0.1833284960852729
SSL11|CC22,K,0.12125387042760849, 0.16857955190870497
SSL11|CC22,E,0.20486852526664734, 0.15773981395694944
SSL11|CC22,N,0.22129201889038086, 0.15169131010770798
SSL11|CC22,I,0.13089129328727722, 0.1555115713013543
SSL11|CC22,S,0.15010786056518555, 0.14419658316506279
SSL11|CC22,L,0.09184535592794418, 0.14887821425994238
SSL11|CC22,K,0.14710989594459534, 0.14551151212718752
SSL11|CC22,E,0.15853534638881683, 0.13928719609975815
SSL11|CC22,L,0.07186508178710938, 0.13511537263790765
SSL11|CC22,D,0.16338855028152466, 0.14478709548711777
SSL11|CC22,F,0.17456820607185364, 0.15634455614619786
SSL11|CC22,K,0.16527317464351654, 0.1563764446311527
SSL11|CC22,L,0.09334488213062286, 0.15204324987199572
SSL11|CC22,R,0.23715336620807648, 0.16397195392184788
SSL11|CC22,K,0.19586250185966492, 0.17055348389678532
SSL11|CC22,H,0.14739689230918884, 0.17295558750629425
SSL11|CC22,L,0.11953659355640411, 0.18203744623396131
SSL11|CC22,I,0.1792234182357788, 0.19063522418340048
SSL11|CC22,D,0.2226223200559616, 0.1935393363237381
SSL11|CC22,K,0.19618713855743408, 0.2014989372756746
SSL11|CC22,N,0.24700990319252014, 0.2105781055159039
SSL11|CC22,G,0.17072488367557526, 0.21667654315630594
SSL11|CC22,L,0.2632903754711151, 0.21982787218358782
SSL11|CC22,Y,0.2674989104270935, 0.20893863671355778
SSL11|CC22,K,0.22910940647125244, 0.20983814034197065
SSL11|CC22,T,0.17442253232002258, 0.2060932351483239
SSL11|CC22,E,0.2075853794813156, 0.1929191951122549
SSL11|CC22,P,0.12461920082569122, 0.18224614072177145
SSL11|CC22,K,0.20428267121315002, 0.15512783639132977
SSL11|CC22,N,0.2133057564496994, 0.15359758647779623
SSL11|CC22,S,0.052158523350954056, 0.13712037810020977
SSL11|CC22,K,0.16723288595676422, 0.13127868581149313
SSL11|CC22,I,0.023434171453118324, 0.12797286816769177
SSL11|CC22,R,0.21533715724945068, 0.12698480528261927
SSL11|CC22,V,0.026127656921744347, 0.12162077965007888
SSL11|CC22,T,0.1550101488828659, 0.13127532435788047
SSL11|CC22,M,0.09486684203147888, 0.13292409479618073
SSL11|CC22,E,0.19539010524749756, 0.15654031828873688
SSL11|CC22,D,0.16502952575683594, 0.1520700460920731
SSL11|CC22,G,0.13904942572116852, 0.1677178144454956
SSL11|CC22,G,0.18207181990146637, 0.16009843018319872
SSL11|CC22,F,0.23598018288612366, 0.17485640115208095
SSL11|CC22,Y,0.17510470747947693, 0.1621425731314553
SSL11|CC22,T,0.1669575721025467, 0.1677477310101191
SSL11|CC22,F,0.08643569052219391, 0.17760607600212097
SSL11|CC22,E,0.22768858075141907, 0.18577891091505686
SSL11|CC22,L,0.08096565306186676, 0.1770868781540129
SSL11|CC22,N,0.21547594666481018, 0.18334829145007664
SSL11|CC22,K,0.22777453064918518, 0.18023852672841814
SSL11|CC22,K,0.2556273341178894, 0.19641572071446312
SSL11|CC22,L,0.1577518880367279, 0.20319520930449167
SSL11|CC22,Q,0.2314574271440506, 0.2211136586136288
SSL11|CC22,T,0.13896968960762024, 0.2161705063449012
SSL11|CC22,N,0.23203043639659882, 0.21101764837900797
SSL11|CC22,R,0.288703978061676, 0.20127973126040566
SSL11|CC22,M,0.24223169684410095, 0.19794259468714395
SSL11|CC22,G,0.1709875762462616, 0.19312775962882572
SSL11|CC22,D,0.18139880895614624, 0.1883590834008323
SSL11|CC22,V,0.16798608005046844, 0.18047123650709787
SSL11|CC22,I,0.12771765887737274, 0.1669991927014457
SSL11|CC22,D,0.1881239116191864, 0.14782486855983734
SSL11|CC22,G,0.09605160355567932, 0.14630454613102806
SSL11|CC22,T,0.1610398143529892, 0.14816479053762224
SSL11|CC22,K,0.16745558381080627, 0.1346017730732759
SSL11|CC22,I,0.06966277956962585, 0.13752872372666994
SSL11|CC22,K,0.15730467438697815, 0.12096719195445378
SSL11|CC22,E,0.19814100861549377, 0.13438714295625687
SSL11|CC22,I,0.04591892287135124, 0.1264328642023934
SSL11|CC22,N,0.1540602147579193, 0.12244919935862224
SSL11|CC22,V,0.03907012566924095, 0.11470889051755269
SSL11|CC22,E,0.21683116257190704, 0.09723059336344402
SSL11|CC22,L,0.08945130556821823, 0.07521492573950025
SSL11|CC22,N,0.13160260021686554, 0.07011282319823901
SSL11|CC30,S,0.10057089477777481, 0.0992769342329767
SSL11|CC30,E,0.22493645548820496, 0.11093128224213918
SSL11|CC30,Q,0.16687068343162537, 0.13126609226067862
SSL11|CC30,S,0.14672252535820007, 0.14331569191482332
SSL11|CC30,R,0.2543918490409851, 0.16049381345510483
SSL11|CC30,L,0.10488913208246231, 0.16816521518760258
SSL11|CC30,S,0.18301329016685486, 0.1668887154923545
SSL11|CC30,V,0.1084463968873024, 0.16888585024409825
SSL11|CC30,T,0.15460309386253357, 0.17238513959778679
SSL11|CC30,S,0.16961351037025452, 0.1676236887772878
SSL11|CC30,N,0.2134479582309723, 0.1794355089465777
SSL11|CC30,D,0.18484489619731903, 0.1700292651851972
SSL11|CC30,T,0.1782161295413971, 0.18294640050994027
SSL11|CC30,Q,0.21153879165649414, 0.18978874716493818
SSL11|CC30,E,0.21119551360607147, 0.19185284939077166
SSL11|CC30,L,0.09835709631443024, 0.18570365839534336
SSL11|CC30,K,0.22470061480998993, 0.18735564086172316
SSL11|CC30,K,0.21618421375751495, 0.18916939364539254
SSL11|CC30,Y,0.18819043040275574, 0.19059843156072828
SSL11|CC30,Y,0.15810523927211761, 0.18873662915494707
SSL11|CC30,S,0.19971273839473724, 0.20044333239396414
SSL11|CC30,G,0.1945399045944214, 0.1985404243071874
SSL11|CC30,T,0.224400132894516, 0.19383428162998623
SSL11|CC30,G,0.19443929195404053, 0.19509605897797477
SSL11|CC30,Y,0.2037174254655838, 0.20247494677702585
SSL11|CC30,N,0.20757444202899933, 0.19368803169992235
SSL11|CC30,F,0.17382892966270447, 0.1966740290323893
SSL11|CC30,Q,0.1995464265346527, 0.18642233808835348
SSL11|CC30,N,0.22451522946357727, 0.19129473136530983
SSL11|CC30,V,0.12063050270080566, 0.20001326004664102
SSL11|CC30,S,0.22141388058662415, 0.2078076120879915
SSL11|CC30,G,0.13213491439819336, 0.21959642072518668
SSL11|CC30,Y,0.23829083144664764, 0.2205850879351298
SSL11|CC30,R,0.2821841835975647, 0.21997776130835214
SSL11|CC30,E,0.27772361040115356, 0.22380582325988346
SSL11|CC30,K,0.27992820739746094, 0.22183732191721597
SSL11|CC30,D,0.20844443142414093, 0.22250626815689933
SSL11|CC30,K,0.21904928982257843, 0.21423464020093283
SSL11|CC30,M,0.1550830602645874, 0.2067605819967058
SSL11|CC30,N,0.20369736850261688, 0.19324755834208596
SSL11|CC30,I,0.13815543055534363, 0.18320736123455894
SSL11|CC30,I,0.1638461798429489, 0.1872630218664805
SSL11|CC30,D,0.21491765975952148, 0.17767732507652706
SSL11|CC30,G,0.1561063975095749, 0.181355787648095
SSL11|CC30,T,0.18956643342971802, 0.17118572526507908
SSL11|CC30,Q,0.24494537711143494, 0.17104593912760416
SSL11|CC30,L,0.13277801871299744, 0.1672208176718818
SSL11|CC30,N,0.18818922340869904, 0.15614312721623314
SSL11|CC30,V,0.11216680705547333, 0.16195293598704869
SSL11|CC30,V,0.13689735531806946, 0.16185729536745283
SSL11|CC30,T,0.12942008674144745, 0.15506544543637168
SSL11|CC30,L,0.11521844565868378, 0.15947841438982222
SSL11|CC30,L,0.20839467644691467, 0.15857287247975668
SSL11|CC30,G,0.1887056678533554, 0.1711703489224116
SSL11|CC30,T,0.1838187277317047, 0.1880844814909829
SSL11|CC30,D,0.17249473929405212, 0.1910613112979465
SSL11|CC30,K,0.18003934621810913, 0.20631495283709633
SSL11|CC30,E,0.22554409503936768, 0.2111201071076923
SSL11|CC30,R,0.2891245484352112, 0.21443070471286774
SSL11|CC30,F,0.15621155500411987, 0.21980578203996023
SSL11|CC30,K,0.2525012195110321, 0.22685592042075264
SSL11|CC30,D,0.25164106488227844, 0.23120736247963375
SSL11|CC30,Y,0.2185010462999344, 0.23021594683329263
SSL11|CC30,D,0.2321944236755371, 0.2250172131591373
SSL11|CC30,Y,0.23594598472118378, 0.2249998797972997
SSL11|CC30,D,0.21920232474803925, 0.2129577679766549
SSL11|CC30,Y,0.21662135422229767, 0.20434162351820204
SSL11|CC30,E,0.2423359453678131, 0.18757346189684337
SSL11|CC30,G,0.15605555474758148, 0.17690759814447826
SSL11|CC30,L,0.14412221312522888, 0.16095205479198033
SSL11|CC30,D,0.1740957647562027, 0.15053893129030863
SSL11|CC30,V,0.06758759170770645, 0.15190697378582424
SSL11|CC30,F,0.1362016499042511, 0.15216829048262703
SSL11|CC30,V,0.09234609454870224, 0.15591634147697025
SSL11|CC30,V,0.12548421323299408, 0.16957611673408085
SSL11|CC30,R,0.22893373668193817, 0.17210380567444694
SSL11|CC30,E,0.24468779563903809, 0.19790571514103147
SSL11|CC30,G,0.18978801369667053, 0.2128715275062455
SSL11|CC30,S,0.26706019043922424, 0.2187852164109548
SSL11|CC30,G,0.19684496521949768, 0.22942360407776302
SSL11|CC30,K,0.29980477690696716, 0.23010588188966116
SSL11|CC30,Q,0.27089396119117737, 0.21421636972162458
SSL11|CC30,A,0.14556929469108582, 0.2147780160109202
SSL11|CC30,E,0.2212297022342682, 0.19878804021411473
SSL11|CC30,N,0.2350742369890213, 0.19529198275672066
SSL11|CC30,I,0.10168218612670898, 0.17738576730092367
SSL11|CC30,S,0.19484283030033112, 0.16491087277730307
SSL11|CC30,I,0.12315040826797485, 0.16709987984763253
SSL11|CC30,G,0.16538044810295105, 0.16791177458233303
SSL11|CC30,G,0.1386488378047943, 0.16203679806656307
SSL11|CC30,I,0.15861991047859192, 0.17304969992902544
SSL11|CC30,T,0.1652703583240509, 0.17794766359859043
SSL11|CC30,K,0.22853675484657288, 0.1980742613474528
SSL11|CC30,T,0.18219944834709167, 0.2013524274031321
SSL11|CC30,N,0.20079830288887024, 0.207727720340093
SSL11|CC30,K,0.23892450332641602, 0.21588170362843406
SSL11|CC30,N,0.3042897880077362, 0.21517016821437412
SSL11|CC30,D,0.19488394260406494, 0.20740240315596262
SSL11|CC30,Y,0.19602647423744202, 0.20644689434104496
SSL11|CC30,K,0.2320057600736618, 0.2095426403813892
SSL11|CC30,D,0.1588665395975113, 0.20399618645509085
SSL11|CC30,F,0.15862686932086945, 0.18513798713684082
SSL11|CC30,V,0.17359986901283264, 0.1837040020359887
SSL11|CC30,N,0.22866001725196838, 0.17518375317255655
SSL11|CC30,N,0.18900641798973083, 0.17430609299076927
SSL11|CC30,V,0.13456599414348602, 0.17010541839732063
SSL11|CC30,G,0.18197807669639587, 0.17554041660494274
SSL11|CC30,L,0.11934423446655273, 0.18529673003488117
SSL11|CC30,E,0.2241068184375763, 0.1823834338121944
SSL11|CC30,I,0.12106046825647354, 0.1948188700609737
SSL11|CC30,T,0.20754185318946838, 0.20887530263927248
SSL11|CC30,K,0.26140668988227844, 0.22345645311805937
SSL11|CC30,P,0.20244035124778748, 0.24511813869078955
SSL11|CC30,T,0.3009253442287445, 0.24787387831343544
SSL11|CC30,G,0.26107388734817505, 0.26244136525524986
SSL11|CC30,H,0.3132084310054779, 0.2662770135535134
SSL11|CC30,N,0.31429940462112427, 0.27234669029712677
SSL11|CC30,T,0.24890847504138947, 0.28022291097376084
SSL11|CC30,A,0.25216785073280334, 0.26439329981803894
SSL11|CC30,T,0.24206268787384033, 0.257360835870107
SSL11|CC30,R,0.3160337805747986, 0.24018711182806227
SSL11|CC30,Q,0.2733263373374939, 0.21987123621834648
SSL11|CC30,A,0.15845884382724762, 0.22110379238923392
SSL11|CC30,E,0.19778171181678772, 0.2042871688803037
SSL11|CC30,T,0.1586449146270752, 0.19628342903322643
SSL11|CC30,Y,0.13145652413368225, 0.17970236225260627
SSL11|CC30,R,0.2600014805793762, 0.17210138920280668
SSL11|CC30,I,0.10081823915243149, 0.1800749260518286
SSL11|CC30,N,0.17002902925014496, 0.16958150102032554
SSL11|CC30,K,0.16680417954921722, 0.16826996372805703
SSL11|CC30,E,0.20491757988929749, 0.16213376075029373
SSL11|CC30,E,0.23022067546844482, 0.1483688230315844
SSL11|CC30,I,0.10334088653326035, 0.15321235027578142
SSL11|CC30,S,0.14684107899665833, 0.14144127567609152
SSL11|CC30,L,0.07623069733381271, 0.1379800902472602
SSL11|CC30,K,0.13611704111099243, 0.13101227415932548
SSL11|CC30,E,0.14440998435020447, 0.11964236199855804
SSL11|CC30,L,0.06408935785293579, 0.11561407066053814
SSL11|CC30,D,0.1356535106897354, 0.1220015295677715
SSL11|CC30,F,0.14220723509788513, 0.13026785022682613
SSL11|CC30,K,0.12789146602153778, 0.12786355283525255
SSL11|CC30,L,0.06708626449108124, 0.12124431464407179
SSL11|CC30,R,0.20432820916175842, 0.1379898322953118
SSL11|CC30,K,0.15062758326530457, 0.14859124024709067
SSL11|CC30,H,0.11447836458683014, 0.1512374911043379
SSL11|CC30,L,0.08483684062957764, 0.16030754148960114
SSL11|CC30,I,0.21479901671409607, 0.18453380465507507
SSL11|CC30,E,0.23106618225574493, 0.18232584827476078
SSL11|CC30,N,0.16602349281311035, 0.1890506645043691
SSL11|CC30,H,0.20952191948890686, 0.19942193229993185
SSL11|CC30,E,0.2851226329803467, 0.21199939648310342
SSL11|CC30,L,0.18445660173892975, 0.21301347017288208
SSL11|CC30,Y,0.21115092933177948, 0.20266082717312706
SSL11|CC30,K,0.20781977474689484, 0.20777295364273918
SSL11|CC30,T,0.19803401827812195, 0.20775971313317618
SSL11|CC30,E,0.22392567992210388, 0.18105582892894745
SSL11|CC30,P,0.13789239525794983, 0.17916580041249594
SSL11|CC30,K,0.21203263103961945, 0.15826726580659548
SSL11|CC30,D,0.20940275490283966, 0.15441067640980086
SSL11|CC30,G,0.04478767514228821, 0.13567809677786297
SSL11|CC30,K,0.1674463450908661, 0.12845625231663385
SSL11|CC30,I,0.02306411787867546, 0.12758097797632217
SSL11|CC30,R,0.1731104701757431, 0.12915661517116758
SSL11|CC30,I,0.029440801590681076, 0.13335269937912622
SSL11|CC30,T,0.15892907977104187, 0.1526452990041839
SSL11|CC30,M,0.13001492619514465, 0.16543510804573694
SSL11|CC30,K,0.22621336579322815, 0.19280634779069158
SSL11|CC30,G,0.24716751277446747, 0.1965043375061618
SSL11|CC30,G,0.218421071767807, 0.2145936737457911
SSL11|CC30,G,0.28255462646484375, 0.20956706007321677
SSL11|CC30,Y,0.2694052755832672, 0.22375980019569397
SSL11|CC30,Y,0.20639237761497498, 0.20652176522546345
SSL11|CC30,T,0.19224482774734497, 0.20432844509681067
SSL11|CC30,F,0.11368955671787262, 0.20472725646363366
SSL11|CC30,E,0.2577495872974396, 0.20267322080002892
SSL11|CC30,L,0.07107105106115341, 0.18968091987901264
SSL11|CC30,N,0.2274276316165924, 0.19160242792632845
SSL11|CC30,K,0.22201037406921387, 0.18376181688573626
SSL11|CC30,K,0.2640683054924011, 0.1923294034269121
SSL11|CC30,L,0.1524745672941208, 0.19386396474308437
SSL11|CC30,Q,0.22368595004081726, 0.20962357934978273
SSL11|CC30,P,0.12167932838201523, 0.20332413497898313
SSL11|CC30,H,0.1907978355884552, 0.20342273430691826
SSL11|CC30,R,0.2715606391429901, 0.19456872095664343
SSL11|CC30,M,0.2129075825214386, 0.18851511842674679
SSL11|CC30,G,0.17073263227939606, 0.18409102161725363
SSL11|CC30,D,0.22289776802062988, 0.1788032427430153
SSL11|CC30,V,0.18438218533992767, 0.18776854624350867
SSL11|CC30,I,0.09799214452505112, 0.17988253715965483
SSL11|CC30,D,0.18386907875537872, 0.1622426915499899
SSL11|CC30,G,0.07408931851387024, 0.15991999953985214
SSL11|CC30,R,0.2714855670928955, 0.15009058266878128
SSL11|CC30,N,0.20058655738830566, 0.13366654556658533
SSL11|CC30,I,0.054148972034454346, 0.14036015793681145
SSL11|CC30,E,0.14982840418815613, 0.12416490291555722
SSL11|CC30,K,0.13443301618099213, 0.13640531938936976
SSL11|CC30,I,0.03656585142016411, 0.11594564591844876
SSL11|CC30,E,0.15823465585708618, 0.11251097462243503
SSL11|CC30,V,0.03811178356409073, 0.10649442217416233
SSL11|CC30,D,0.18425306677818298, 0.08984682170881166
SSL11|CC30,L,0.08734850585460663, 0.07490981991092364
SSL11|CC30,Y,0.16967451572418213, 0.07084694753090541
SSL11|CC93,I,0.10260890424251556, 0.08890803075499004
SSL11|CC93,E,0.1876341700553894, 0.09807847854163912
SSL11|CC93,Q,0.15474283695220947, 0.11672157297531764
SSL11|CC93,S,0.1025509461760521, 0.12662774986690944
SSL11|CC93,R,0.2526354193687439, 0.14302917155954573
SSL11|CC93,L,0.08253403007984161, 0.146408897307184
SSL11|CC93,S,0.1677878499031067, 0.1466581854555342
SSL11|CC93,V,0.08915559202432632, 0.1519845575094223
SSL11|CC93,T,0.1476127952337265, 0.15946205374267367
SSL11|CC93,S,0.13302643597126007, 0.15775388893153933
SSL11|CC93,K,0.18987776339054108, 0.17599530766407648
SSL11|CC93,D,0.20268018543720245, 0.17093216710620457
SSL11|CC93,T,0.16984841227531433, 0.18591766307751337
SSL11|CC93,Q,0.23726193606853485, 0.18924325621790355
SSL11|CC93,E,0.2467067986726761, 0.19445404493146473
SSL11|CC93,L,0.12221958488225937, 0.19397402720318901
SSL11|CC93,K,0.22402505576610565, 0.19277548541625342
SSL11|CC93,S,0.17754313349723816, 0.19597733269135156
SSL11|CC93,Y,0.17992353439331055, 0.19226702799399695
SSL11|CC93,Y,0.18555760383605957, 0.1869849438468615
SSL11|CC93,S,0.1918933093547821, 0.1944637265470293
SSL11|CC93,G,0.19866503775119781, 0.19633890026145512
SSL11|CC93,T,0.20386919379234314, 0.19793801009655
SSL11|CC93,G,0.19916804134845734, 0.20253066221872965
SSL11|CC93,F,0.18952862918376923, 0.2068274368842443
SSL11|CC93,N,0.2409016191959381, 0.2013206101126141
SSL11|CC93,F,0.19193512201309204, 0.20480004946390787
SSL11|CC93,Q,0.22125740349292755, 0.1984961364004347
SSL11|CC93,N,0.22422857582569122, 0.2034930537144343
SSL11|CC93,V,0.14233186841011047, 0.21570703718397352
SSL11|CC93,S,0.2299799919128418, 0.21995004349284702
SSL11|CC93,G,0.1471339762210846, 0.23127559158537123
SSL11|CC93,Y,0.24414029717445374, 0.23176382978757223
SSL11|CC93,R,0.2994544804096222, 0.23269258108403948
SSL11|CC93,E,0.27908867597579956, 0.23359578847885132
SSL11|CC93,E,0.29386505484580994, 0.23086940248807272
SSL11|CC93,N,0.2256515473127365, 0.22810116989745033
SSL11|CC93,K,0.23258733749389648, 0.22027809338437188
SSL11|CC93,M,0.15046073496341705, 0.20507977488968107
SSL11|CC93,N,0.20544251799583435, 0.19375341716739866
SSL11|CC93,V,0.12221988290548325, 0.18190724071529177
SSL11|CC93,I,0.17373260855674744, 0.18334059831168917
SSL11|CC93,V,0.1626696139574051, 0.1738541763689783
SSL11|CC93,G,0.17715145647525787, 0.17753098325596917
SSL11|CC93,Q,0.18724946677684784, 0.16720373845762676
SSL11|CC93,Q,0.2385517656803131, 0.1702745391262902
SSL11|CC93,L,0.1472095400094986, 0.17032913201385075
SSL11|CC93,N,0.18355199694633484, 0.1663874453968472
SSL11|CC93,V,0.11249731481075287, 0.16457575890753004
SSL11|CC93,I,0.14985708892345428, 0.1644118825594584
SSL11|CC93,S,0.17422394454479218, 0.15852572355005476
SSL11|CC93,L,0.12719443440437317, 0.1634826792611016
SSL11|CC93,L,0.1608462780714035, 0.1641680184337828
SSL11|CC93,G,0.18577457964420319, 0.1771975209315618
SSL11|CC93,S,0.18557633459568024, 0.19331837031576368
SSL11|CC93,D,0.1918221414089203, 0.1945049911737442
SSL11|CC93,K,0.1897200495004654, 0.20774727563063303
SSL11|CC93,E,0.22976283729076385, 0.21371226178275216
SSL11|CC93,R,0.29494473338127136, 0.2142642405298021
SSL11|CC93,F,0.18490353226661682, 0.22410295241408879
SSL11|CC93,D,0.24637499451637268, 0.23030182056956822
SSL11|CC93,D,0.21453115344047546, 0.23180386424064636
SSL11|CC93,G,0.1907423883676529, 0.2278907530837589
SSL11|CC93,K,0.27412474155426025, 0.21753388974401686
SSL11|CC93,D,0.24761195480823517, 0.20968097034427854
SSL11|CC93,Y,0.20323844254016876, 0.20218424250682196
SSL11|CC93,N,0.19454483687877655, 0.18617112851805157
SSL11|CC93,N,0.20173296332359314, 0.18190255678362316
SSL11|CC93,L,0.11422725766897202, 0.16150005658467612
SSL11|CC93,D,0.1789044439792633, 0.1482959207561281
SSL11|CC93,V,0.07041312754154205, 0.14907006091541714
SSL11|CC93,F,0.15232524275779724, 0.15373999211523268
SSL11|CC93,V,0.09050223976373672, 0.15579070813126034
SSL11|CC93,V,0.1287747323513031, 0.17338061912192237
SSL11|CC93,R,0.21020570397377014, 0.17722358885738584
SSL11|CC93,E,0.2365742176771164, 0.20219656907849842
SSL11|CC93,G,0.2201894074678421, 0.21779273367590374
SSL11|CC93,S,0.2725364565849304, 0.2287062688006295
SSL11|CC93,G,0.21349117159843445, 0.2341756522655487
SSL11|CC93,K,0.2951699495315552, 0.23643551601303947
SSL11|CC93,Q,0.2926907241344452, 0.2236178211039967
SSL11|CC93,A,0.18872405588626862, 0.22115251504712635
SSL11|CC93,D,0.17799918353557587, 0.20413398494323096
SSL11|CC93,N,0.23054447770118713, 0.1958805513050821
SSL11|CC93,I,0.12121496349573135, 0.179202638566494
SSL11|CC93,S,0.1980016529560089, 0.15747754193014568
SSL11|CC93,I,0.11936968564987183, 0.1552485285533799
SSL11|CC93,G,0.1392102688550949, 0.1563664683037334
SSL11|CC93,G,0.14506873488426208, 0.14907716628577974
SSL11|CC93,I,0.09716485440731049, 0.16178835266166264
SSL11|CC93,T,0.1686629354953766, 0.16662600305345324
SSL11|CC93,K,0.18806064128875732, 0.17973346345954472
SSL11|CC93,T,0.1649407595396042, 0.18748584555255043
SSL11|CC93,N,0.23561564087867737, 0.1866125547223621
SSL11|CC93,E,0.24154050648212433, 0.19596509801016915
SSL11|CC93,N,0.23733682930469513, 0.18960852010382545
SSL11|CC93,K,0.2089817076921463, 0.18550431645578808
SSL11|CC93,Y,0.13720911741256714, 0.18376722352372277
SSL11|CC93,K,0.18133774399757385, 0.18147815018892288
SSL11|CC93,D,0.11145373433828354, 0.17643722146749496
SSL11|CC93,T,0.1511228084564209, 0.16298093067275154
SSL11|CC93,V,0.14930692315101624, 0.16205974419911703
SSL11|CC93,K,0.21501398086547852, 0.15744084285365212
SSL11|CC93,H,0.19617214798927307, 0.1594795303212272
SSL11|CC93,V,0.11623021215200424, 0.16242140448755688
SSL11|CC93,N,0.20069102942943573, 0.1740797749823994
SSL11|CC93,M,0.09563900530338287, 0.1872053402993414
SSL11|CC93,F,0.1996859312057495, 0.19135531369182798
SSL11|CC93,I,0.13793060183525085, 0.19776729328764808
SSL11|CC93,Y,0.25604814291000366, 0.21595846944385105
SSL11|CC93,R,0.26743701100349426, 0.2252990785572264
SSL11|CC93,N,0.25236374139785767, 0.2456822560893165
SSL11|CC93,T,0.25387996435165405, 0.24731911387708452
SSL11|CC93,S,0.2799507975578308, 0.2542957564194997
SSL11|CC93,H,0.28475651144981384, 0.2472781671418084
SSL11|CC93,N,0.2790876030921936, 0.23662071261141035
SSL11|CC93,T,0.21441765129566193, 0.23646770417690277
SSL11|CC93,T,0.2007203847169876, 0.22412366502814823
SSL11|CC93,T,0.19288983941078186, 0.21182848844263288
SSL11|CC93,V,0.1715199202299118, 0.20193693704075283
SSL11|CC93,K,0.25098666548728943, 0.19516215059492323
SSL11|CC93,S,0.14278361201286316, 0.19474987354543474
SSL11|CC93,T,0.16929420828819275, 0.18967342211140525
SSL11|CC93,F,0.19573254883289337, 0.19402121173010933
SSL11|CC93,H,0.21811452507972717, 0.19765474564499325
SSL11|CC93,N,0.2107071578502655, 0.1917202290561464
SSL11|CC93,I,0.15503232181072235, 0.20214735799365574
SSL11|CC93,Y,0.23201994597911835, 0.19507687787214914
SSL11|CC93,K,0.2042217254638672, 0.19063611659738752
SSL11|CC93,E,0.19757601618766785, 0.17613133622540367
SSL11|CC93,E,0.23662777245044708, 0.16943416827254826
SSL11|CC93,I,0.10565988719463348, 0.16971509820885128
SSL11|CC93,S,0.15576569736003876, 0.1540508833196428
SSL11|CC93,L,0.08757150173187256, 0.15126873718367684
SSL11|CC93,K,0.15043264627456665, 0.14668850600719452
SSL11|CC93,E,0.15756069123744965, 0.13758865164385903
SSL11|CC93,L,0.09104201197624207, 0.13688701639572778
SSL11|CC93,D,0.17918241024017334, 0.13871696674161488
SSL11|CC93,F,0.1563539355993271, 0.1460939289795028
SSL11|CC93,K,0.15472908318042755, 0.14362194554673302
SSL11|CC93,L,0.09934516996145248, 0.13710549308194053
SSL11|CC93,R,0.17223525047302246, 0.14954244593779245
SSL11|CC93,K,0.15396416187286377, 0.15583143300480312
SSL11|CC93,Q,0.12818479537963867, 0.1574202858739429
SSL11|CC93,L,0.09891261905431747, 0.16255048910776773
SSL11|CC93,I,0.2029745876789093, 0.1828394043776724
SSL11|CC93,D,0.23578329384326935, 0.184966209034125
SSL11|CC93,N,0.17065361142158508, 0.1931580114695761
SSL11|CC93,H,0.20090091228485107, 0.20415614462561077
SSL11|CC93,D,0.2819454073905945, 0.21311083932717642
SSL11|CC93,L,0.1913764923810959, 0.2125219057003657
SSL11|CC93,Y,0.22769038379192352, 0.20074772172504002
SSL11|CC93,K,0.2271679937839508, 0.20211206873257956
SSL11|CC93,T,0.1795048713684082, 0.20291384392314488
SSL11|CC93,E,0.19767418503761292, 0.17808257788419724
SSL11|CC93,P,0.12981563806533813, 0.17494474268621868
SSL11|CC93,K,0.18293273448944092, 0.15286892569727367
SSL11|CC93,D,0.20811688899993896, 0.14269153028726578
SSL11|CC93,S,0.058464013040065765, 0.12724623539381558
SSL11|CC93,K,0.16313597559928894, 0.12318276489774387
SSL11|CC93,I,0.029008030891418457, 0.12266847946577603
SSL11|CC93,T,0.1355714350938797, 0.12137005685104264
SSL11|CC93,V,0.04049721732735634, 0.12515937578346994
SSL11|CC93,T,0.16110295057296753, 0.13618620940380627
SSL11|CC93,M,0.12518706917762756, 0.14428197551104757
SSL11|CC93,N,0.17124693095684052, 0.16833173111081123
SSL11|CC93,N,0.24222075939178467, 0.17602846730086538
SSL11|CC93,G,0.15770551562309265, 0.18561815884378222
SSL11|CC93,G,0.23599787056446075, 0.1813101296623548
SSL11|CC93,Y,0.24545583128929138, 0.19473944190475675
SSL11|CC93,Y,0.20484206080436707, 0.18632508317629495
SSL11|CC93,T,0.1268044412136078, 0.18160755766762626
SSL11|CC93,F,0.1223306879401207, 0.18821843134032357
SSL11|CC93,E,0.2460508793592453, 0.19044758048322466
SSL11|CC93,L,0.09551770240068436, 0.18541825811068216
SSL11|CC93,N,0.19976302981376648, 0.18750144044558206
SSL11|CC93,K,0.21720337867736816, 0.19801856908533308
SSL11|CC93,K,0.2560602128505707, 0.20123184637890923
SSL11|CC93,L,0.200191929936409, 0.20504502207040787
SSL11|CC93,Q,0.2235907018184662, 0.21350373658869
SSL11|CC93,E,0.22145859897136688, 0.20849047601222992
SSL11|CC93,H,0.1512501835823059, 0.20672565864192116
SSL11|CC93,R,0.28036946058273315, 0.1983842303355535
SSL11|CC93,M,0.1716461330652237, 0.19126346872912514
SSL11|CC93,G,0.1546436846256256, 0.1871991770135032
SSL11|CC93,D,0.20132002234458923, 0.17392988668547738
SSL11|CC93,V,0.18098735809326172, 0.18018355468908945
SSL11|CC93,I,0.13610507547855377, 0.1708124296532737
SSL11|CC93,D,0.18701207637786865, 0.16072609855069053
SSL11|CC93,G,0.10203498601913452, 0.16007031169202593
SSL11|CC93,T,0.20753319561481476, 0.15689171850681305
SSL11|CC93,K,0.19602933526039124, 0.14225173617402712
SSL11|CC93,I,0.0808691531419754, 0.14316998049616814
SSL11|CC93,K,0.14874160289764404, 0.12801464978191587
SSL11|CC93,E,0.17271268367767334, 0.13635088586144978
SSL11|CC93,I,0.0492275170981884, 0.12487785104248258
SSL11|CC93,N,0.14436927437782288, 0.11734727438953188
SSL11|CC93,V,0.05061409994959831, 0.10836181292931239
SSL11|CC93,E,0.17706111073493958, 0.0918349681629075
SSL11|CC93,L,0.10427588224411011, 0.07264466997649935
SSL11|CC93,N,0.12825414538383484, 0.06717494585447842
ACL82857.1 carbamate kinase partial [Staphylococcus aureus],L,0.06503455340862274, 0.06606910046603945
ACL82857.1 carbamate kinase partial [Staphylococcus aureus],L,0.08967749029397964, 0.0772124355038007
ACL82857.1 carbamate kinase partial [Staphylococcus aureus],I,0.11873285472393036, 0.10036068078544405
ACL82857.1 carbamate kinase partial [Staphylococcus aureus],Q,0.15562120079994202, 0.12152479175064299
ACL82857.1 carbamate kinase partial [Staphylococcus aureus],Q,0.16555580496788025, 0.14340203752120337
ACL82857.1 carbamate kinase partial [Staphylococcus aureus],A,0.10029001533985138, 0.15574346896674898
ACL82857.1 carbamate kinase partial [Staphylococcus aureus],K,0.20833420753479004, 0.17136295470926496
ACL82857.1 carbamate kinase partial [Staphylococcus aureus],S,0.19047699868679047, 0.18173226714134216
ACL82857.1 carbamate kinase partial [Staphylococcus aureus],N,0.19689521193504333, 0.1874406701988644
ACL82857.1 carbamate kinase partial [Staphylococcus aureus],S,0.17610743641853333, 0.1940892587105433
ACL82857.1 carbamate kinase partial [Staphylococcus aureus],D,0.23025286197662354, 0.20840828120708466
ACL82857.1 carbamate kinase partial [Staphylococcus aureus],T,0.21205666661262512, 0.2057035333580441
ACL82857.1 carbamate kinase partial [Staphylococcus aureus],T,0.2069968283176422, 0.20432268579800925
ACL82857.1 carbamate kinase partial [Staphylococcus aureus],P,0.22539310157299042, 0.20184288753403556
ACL82857.1 carbamate kinase partial [Staphylococcus aureus],A,0.22916121780872345, 0.2065792994366752
ACL82857.1 carbamate kinase partial [Staphylococcus aureus],M,0.183991476893425, 0.19922413759761387
ACL82857.1 carbamate kinase partial [Staphylococcus aureus],P,0.17804937064647675, 0.18913409858942032
ACL82857.1 carbamate kinase partial [Staphylococcus aureus],L,0.1745770275592804, 0.18235544115304947
ACL82857.1 carbamate kinase partial [Staphylococcus aureus],D,0.21873514354228973, 0.17061681797107062
ACL82857.1 carbamate kinase partial [Staphylococcus aureus],T,0.16405640542507172, 0.15989505665169823
ACL82857.1 carbamate kinase partial [Staphylococcus aureus],C,0.12124631553888321, 0.15261200815439224
ACL82857.1 carbamate kinase partial [Staphylococcus aureus],G,0.14598891139030457, 0.14664292087157568
ACL82857.1 carbamate kinase partial [Staphylococcus aureus],A,0.11974549293518066, 0.1420756553610166
ACL82857.1 carbamate kinase partial [Staphylococcus aureus],M,0.13266536593437195, 0.13082319415277904
ACL82857.1 carbamate kinase partial [Staphylococcus aureus],S,0.1184440404176712, 0.1268442380759451
ACL82857.1 carbamate kinase partial [Staphylococcus aureus],Q,0.12432758510112762, 0.12290377500984404
ACL82857.1 carbamate kinase partial [Staphylococcus aureus],G,0.13347163796424866, 0.12013649857706493
ACL82857.1 carbamate kinase partial [Staphylococcus aureus],M,0.11746299266815186, 0.12148377713229921
ACL82857.1 carbamate kinase partial [Staphylococcus aureus],I,0.12824580073356628, 0.11202713516023424
ACL82857.1 carbamate kinase partial [Staphylococcus aureus],G,0.08578214794397354, 0.10792026586002773
ACL82857.1 carbamate kinase partial [Staphylococcus aureus],Y,0.12108342349529266, 0.10492674178547329
ACL82857.1 carbamate kinase partial [Staphylococcus aureus],W,0.13187099993228912, 0.10207889642980364
ACL82857.1 carbamate kinase partial [Staphylococcus aureus],L,0.0475555881857872, 0.09396911826398638
ACL82857.1 carbamate kinase partial [Staphylococcus aureus],E,0.08148221671581268, 0.09100255370140076
ACL82857.1 carbamate kinase partial [Staphylococcus aureus],T,0.09738586843013763, 0.09563593483633465
ACL82857.1 carbamate kinase partial [Staphylococcus aureus],E,0.10784102976322174, 0.09188237537940343
ACL82857.1 carbamate kinase partial [Staphylococcus aureus],I,0.04447498917579651, 0.08334576586882274
ACL82857.1 carbamate kinase partial [Staphylococcus aureus],N,0.10154671967029572, 0.09750302549865511
ACL82857.1 carbamate kinase partial [Staphylococcus aureus],R,0.1274825781583786, 0.10810010052389568
ACL82857.1 carbamate kinase partial [Staphylococcus aureus],I,0.08730138838291168, 0.1108678388926718
ACL82857.1 carbamate kinase partial [Staphylococcus aureus],L,0.055041514337062836, 0.1178765089975463
ACL82857.1 carbamate kinase partial [Staphylococcus aureus],T,0.17497092485427856, 0.13115895870659086
ACL82857.1 carbamate kinase partial [Staphylococcus aureus],E,0.1768558919429779, 0.1442393668823772
ACL82857.1 carbamate kinase partial [Staphylococcus aureus],M,0.12229551374912262, 0.14717433270480898
ACL82857.1 carbamate kinase partial [Staphylococcus aureus],N,0.17091906070709229, 0.15368867168823877
ACL82857.1 carbamate kinase partial [Staphylococcus aureus],S,0.16401703655719757, 0.15586216747760773
ACL82857.1 carbamate kinase partial [Staphylococcus aureus],D,0.21927039325237274, 0.14508374283711115
ACL82857.1 carbamate kinase partial [Staphylococcus aureus],R,0.1538972705602646, 0.13430223117272058
ACL82857.1 carbamate kinase partial [Staphylococcus aureus],T,0.1459304392337799, 0.1296531003382471
ACL82857.1 carbamate kinase partial [Staphylococcus aureus],V,0.07460297644138336, 0.12324445694684982
ACL82857.1 carbamate kinase partial [Staphylococcus aureus],G,0.07796510308980942, 0.11289856748448478
ACL82857.1 carbamate kinase partial [Staphylococcus aureus],T,0.07982228696346283, 0.11006457027461794
ACL82857.1 carbamate kinase partial [Staphylococcus aureus],I,0.08045333623886108, 0.10312295456727345
ACL82857.1 carbamate kinase partial [Staphylococcus aureus],V,0.1132412701845169, 0.108034771349695
ACL82857.1 carbamate kinase partial [Staphylococcus aureus],T,0.07090403139591217, 0.1131679614384969
ACL82857.1 carbamate kinase partial [Staphylococcus aureus],R,0.19376441836357117, 0.12580018490552902
ACL82857.1 carbamate kinase partial [Staphylococcus aureus],V,0.09142272919416428, 0.1443224259548717
ACL82857.1 carbamate kinase partial [Staphylococcus aureus],E,0.19013679027557373, 0.16302920960717732
ACL82857.1 carbamate kinase partial [Staphylococcus aureus],V,0.12080168724060059, 0.17256679385900497
ACL82857.1 carbamate kinase partial [Staphylococcus aureus],D,0.19165511429309845, 0.18568363206254113
ACL82857.1 carbamate kinase partial [Staphylococcus aureus],K,0.246522456407547, 0.1926845121714804
ACL82857.1 carbamate kinase partial [Staphylococcus aureus],D,0.2488143891096115, 0.20284036133024427
ACL82857.1 carbamate kinase partial [Staphylococcus aureus],D,0.19907952845096588, 0.20834608210457695
ACL82857.1 carbamate kinase partial [Staphylococcus aureus],P,0.18895557522773743, 0.21859794358412424
ACL82857.1 carbamate kinase partial [Staphylococcus aureus],R,0.25677233934402466, 0.21796764102247027
ACL82857.1 carbamate kinase partial [Staphylococcus aureus],F,0.18282537162303925, 0.2129110660817888
ACL82857.1 carbamate kinase partial [Staphylococcus aureus],N,0.23968827724456787, 0.2085910654730267
ACL82857.1 carbamate kinase partial [Staphylococcus aureus],N,0.21306844055652618, 0.20377151999208662
ACL82857.1 carbamate kinase partial [Staphylococcus aureus],P,0.18598239123821259, 0.19240676942798826
ACL82857.1 carbamate kinase partial [Staphylococcus aureus],T,0.20101328194141388, 0.1760704591870308
ACL82857.1 carbamate kinase partial [Staphylococcus aureus],K,0.20993438363075256, 0.17278266532553566
ACL82857.1 carbamate kinase partial [Staphylococcus aureus],P,0.1557036191225052, 0.15468175957600275
ACL82857.1 carbamate kinase partial [Staphylococcus aureus],I,0.0866728201508522, 0.13971924367878172
ACL82857.1 carbamate kinase partial [Staphylococcus aureus],G,0.10974554717540741, 0.12927628888024223
ACL82857.1 carbamate kinase partial [Staphylococcus aureus],P,0.15323522686958313, 0.12317995230356853
ACL82857.1 carbamate kinase partial [Staphylococcus aureus],F,0.07678012549877167, 0.11880587703651851
ACL82857.1 carbamate kinase partial [Staphylococcus aureus],Y,0.07840579748153687, 0.11711720128854115
ACL82857.1 carbamate kinase partial [Staphylococcus aureus],T,0.09199579805135727, 0.1123430406053861
ACL82857.1 carbamate kinase partial [Staphylococcus aureus],K,0.1461462527513504, 0.11811055656936434
ACL82857.1 carbamate kinase partial [Staphylococcus aureus],E,0.17056770622730255, 0.11950371248854531
ACL82857.1 carbamate kinase partial [Staphylococcus aureus],E,0.14050553739070892, 0.12110832002427843
ACL82857.1 carbamate kinase partial [Staphylococcus aureus],V,0.043705374002456665, 0.12875035405158997
ACL82857.1 carbamate kinase partial [Staphylococcus aureus],E,0.16165319085121155, 0.1427208027905888
ACL82857.1 carbamate kinase partial [Staphylococcus aureus],E,0.16577363014221191, 0.15026293777757221
ACL82857.1 carbamate kinase partial [Staphylococcus aureus],L,0.09122159332036972, 0.1487633908788363
ACL82857.1 carbamate kinase partial [Staphylococcus aureus],Q,0.1471841037273407, 0.15435958322551516
ACL82857.1 carbamate kinase partial [Staphylococcus aureus],K,0.2177298367023468, 0.1726897433400154
ACL82857.1 carbamate kinase partial [Staphylococcus aureus],E,0.21402546763420105, 0.1686399852236112
ACL82857.1 carbamate kinase partial [Staphylococcus aureus],Q,0.1570717841386795, 0.16500469462739098
ACL82857.1 carbamate kinase partial [Staphylococcus aureus],P,0.19087126851081848, 0.16537319040960735
ACL82857.1 carbamate kinase partial [Staphylococcus aureus],D,0.20867681503295898, 0.1639234431915813
ACL82857.1 carbamate kinase partial [Staphylococcus aureus],S,0.1252053678035736, 0.15674776583909988
ACL82857.1 carbamate kinase partial [Staphylococcus aureus],V,0.13305601477622986, 0.1505508232447836
ACL82857.1 carbamate kinase partial [Staphylococcus aureus],F,0.09453805536031723, 0.1564054795437389
ACL82857.1 carbamate kinase partial [Staphylococcus aureus],K,0.1341363787651062, 0.15368036843008465
ACL82857.1 carbamate kinase partial [Staphylococcus aureus],E,0.15314874053001404, 0.16360646900203493
ACL82857.1 carbamate kinase partial [Staphylococcus aureus],D,0.15825298428535461, 0.16729692700836393
ACL82857.1 carbamate kinase partial [Staphylococcus aureus],A,0.20976369082927704, 0.17411633415354622
ACL82857.1 carbamate kinase partial [Staphylococcus aureus],G,0.1663452684879303, 0.1793433560265435
ACL82857.1 carbamate kinase partial [Staphylococcus aureus],R,0.2980117201805115, 0.17583060512940088
ACL82857.1 carbamate kinase partial [Staphylococcus aureus],G,0.15841948986053467, 0.1653661181529363
ACL82857.1 carbamate kinase partial [Staphylococcus aureus],Y,0.19443067908287048, 0.16041172130240333
ACL82857.1 carbamate kinase partial [Staphylococcus aureus],R,0.14158125221729279, 0.14679605762163797
ACL82857.1 carbamate kinase partial [Staphylococcus aureus],K,0.1025216206908226, 0.14314526981777614
ACL82857.1 carbamate kinase partial [Staphylococcus aureus],V,0.05896835774183273, 0.12806081937419045
ACL82857.1 carbamate kinase partial [Staphylococcus aureus],V,0.11366341263055801, 0.1319717135694292
ACL82857.1 carbamate kinase partial [Staphylococcus aureus],A,0.08722271770238876, 0.12211145543389851
ACL82857.1 carbamate kinase partial [Staphylococcus aureus],S,0.13348817825317383, 0.12280335277318954
ACL82857.1 carbamate kinase partial [Staphylococcus aureus],P,0.16225166618824005, 0.12646719151073033
ACL82857.1 carbamate kinase partial [Staphylococcus aureus],L,0.1936175376176834, 0.12831771870454153
ACL82857.1 carbamate kinase partial [Staphylococcus aureus],P,0.10568835586309433, 0.12243274061216249
ACL82857.1 carbamate kinase partial [Staphylococcus aureus],Q,0.14780832827091217, 0.12384909681147999
ACL82857.1 carbamate kinase partial [Staphylococcus aureus],S,0.13549616932868958, 0.1238018882771333
ACL82857.1 carbamate kinase partial [Staphylococcus aureus],I,0.07562310248613358, 0.128619278056754
ACL82857.1 carbamate kinase partial [Staphylococcus aureus],L,0.06069860979914665, 0.11376424796051449
ACL82857.1 carbamate kinase partial [Staphylococcus aureus],E,0.09996992349624634, 0.10533557625280486
ACL82857.1 carbamate kinase partial [Staphylococcus aureus],H,0.13306330144405365, 0.10146256246500546
ACL82857.1 carbamate kinase partial [Staphylococcus aureus],Q,0.20560817420482635, 0.1000727725525697
ACL82857.1 carbamate kinase partial [Staphylococcus aureus],L,0.059922266751527786, 0.0968668477402793
ACL82857.1 carbamate kinase partial [Staphylococcus aureus],I,0.029830310493707657, 0.09694517362448904
ACL82857.1 carbamate kinase partial [Staphylococcus aureus],R,0.11295120418071747, 0.10766692169838482
ACL82857.1 carbamate kinase partial [Staphylococcus aureus],T,0.12298806011676788, 0.10722053754660818
ACL82857.1 carbamate kinase partial [Staphylococcus aureus],L,0.04676977917551994, 0.10156582999560568
ACL82857.1 carbamate kinase partial [Staphylococcus aureus],A,0.0614035427570343, 0.10998016264703539
ACL82857.1 carbamate kinase partial [Staphylococcus aureus],D,0.1964656561613083, 0.11098163161012861
ACL82857.1 carbamate kinase partial [Staphylococcus aureus],G,0.12904584407806396, 0.10151648355854882
ACL82857.1 carbamate kinase partial [Staphylococcus aureus],K,0.15471580624580383, 0.09132818091246817
ACL82857.1 carbamate kinase partial [Staphylococcus aureus],N,0.13565126061439514, 0.08938407608204418
ACL82857.1 carbamate kinase partial [Staphylococcus aureus],I,0.03884353116154671, 0.09153484428922336
ACL82857.1 carbamate kinase partial [Staphylococcus aureus],V,0.02776487171649933, 0.08200580750902493
ACL82857.1 carbamate kinase partial [Staphylococcus aureus],I,0.03129333630204201, 0.08519291753570239
ACL82857.1 carbamate kinase partial [Staphylococcus aureus],A,0.029272835701704025, 0.08048807953794797
ACL82857.1 carbamate kinase partial [Staphylococcus aureus],C,0.08076045662164688, 0.07324440653125446
ACL82857.1 carbamate kinase partial [Staphylococcus aureus],G,0.11070432513952255, 0.07821193834145863
ACL82857.1 carbamate kinase partial [Staphylococcus aureus],G,0.157729834318161, 0.08313482254743576
ACL82857.1 carbamate kinase partial [Staphylococcus aureus],G,0.1123722642660141, 0.08498940823806657
ACL82857.1 carbamate kinase partial [Staphylococcus aureus],G,0.07045820355415344, 0.09009035676717758
ACL82857.1 carbamate kinase partial [Staphylococcus aureus],I,0.0835513174533844, 0.09923987256156074
ACL82857.1 carbamate kinase partial [Staphylococcus aureus],P,0.07207082957029343, 0.10964446514844894
ACL82857.1 carbamate kinase partial [Staphylococcus aureus],V,0.04798460751771927, 0.11198719259765413
ACL82857.1 carbamate kinase partial [Staphylococcus aureus],I,0.07518137246370316, 0.12042489233944151
ACL82857.1 carbamate kinase partial [Staphylococcus aureus],K,0.16310609877109528, 0.1302385355035464
ACL82857.1 carbamate kinase partial [Staphylococcus aureus],K,0.20434565842151642, 0.14206896473964056
ACL82857.1 carbamate kinase partial [Staphylococcus aureus],E,0.1788143813610077, 0.15185226003328958
ACL82857.1 carbamate kinase partial [Staphylococcus aureus],N,0.18831156194210052, 0.1597667775220341
ACL82857.1 carbamate kinase partial [Staphylococcus aureus],T,0.1587809920310974, 0.16204682406451967
ACL82857.1 carbamate kinase partial [Staphylococcus aureus],Y,0.1900251805782318, 0.15660195383760664
ACL82857.1 carbamate kinase partial [Staphylococcus aureus],E,0.16012048721313477, 0.14050084228316942
ACL82857.1 carbamate kinase partial [Staphylococcus aureus],G,0.11921526491641998, 0.12063257768750191
ACL82857.1 carbamate kinase partial [Staphylococcus aureus],V,0.09570179134607315, 0.09970907080504629
ACL82857.1 carbamate kinase partial [Staphylococcus aureus],E,0.11410226672887802, 0.08206673835714658
ACL82857.1 carbamate kinase partial [Staphylococcus aureus],A,0.0594356544315815, 0.060952829404009715
YP_499715.1 guanylate kinase [Staphylococcus aureus subsp. aureus NCTC 8325],M,0.1288646012544632, 0.08831019699573517
YP_499715.1 guanylate kinase [Staphylococcus aureus subsp. aureus NCTC 8325],D,0.18137380480766296, 0.09269654129942258
YP_499715.1 guanylate kinase [Staphylococcus aureus subsp. aureus NCTC 8325],N,0.16854563355445862, 0.09981119591328833
YP_499715.1 guanylate kinase [Staphylococcus aureus subsp. aureus NCTC 8325],E,0.16307255625724792, 0.10162532495127784
YP_499715.1 guanylate kinase [Staphylococcus aureus subsp. aureus NCTC 8325],K,0.1529351770877838, 0.10280594436658753
YP_499715.1 guanylate kinase [Staphylococcus aureus subsp. aureus NCTC 8325],G,0.03947709873318672, 0.08979388150489992
YP_499715.1 guanylate kinase [Staphylococcus aureus subsp. aureus NCTC 8325],L,0.06403189152479172, 0.07045423477474186
YP_499715.1 guanylate kinase [Staphylococcus aureus subsp. aureus NCTC 8325],L,0.016327161341905594, 0.05403985238323609
YP_499715.1 guanylate kinase [Staphylococcus aureus subsp. aureus NCTC 8325],I,0.010625574737787247, 0.03820238045106331
YP_499715.1 guanylate kinase [Staphylococcus aureus subsp. aureus NCTC 8325],V,0.01175603549927473, 0.024081093466116324
YP_499715.1 guanylate kinase [Staphylococcus aureus subsp. aureus NCTC 8325],L,0.007316984236240387, 0.0289592274154226
YP_499715.1 guanylate kinase [Staphylococcus aureus subsp. aureus NCTC 8325],S,0.020816192030906677, 0.026448410314818222
YP_499715.1 guanylate kinase [Staphylococcus aureus subsp. aureus NCTC 8325],G,0.020535308867692947, 0.02709042601701286
YP_499715.1 guanylate kinase [Staphylococcus aureus subsp. aureus NCTC 8325],P,0.02584359422326088, 0.02939213512258397
YP_499715.1 guanylate kinase [Staphylococcus aureus subsp. aureus NCTC 8325],S,0.0833803042769432, 0.03909861627552244
YP_499715.1 guanylate kinase [Staphylococcus aureus subsp. aureus NCTC 8325],G,0.04143453761935234, 0.04856666260295444
YP_499715.1 guanylate kinase [Staphylococcus aureus subsp. aureus NCTC 8325],V,0.022105302661657333, 0.0561224048336347
YP_499715.1 guanylate kinase [Staphylococcus aureus subsp. aureus NCTC 8325],G,0.031340956687927246, 0.05487120596485005
YP_499715.1 guanylate kinase [Staphylococcus aureus subsp. aureus NCTC 8325],K,0.09911436587572098, 0.05575958008153571
YP_499715.1 guanylate kinase [Staphylococcus aureus subsp. aureus NCTC 8325],G,0.09252940118312836, 0.057940875800947346
YP_499715.1 guanylate kinase [Staphylococcus aureus subsp. aureus NCTC 8325],T,0.08881787210702896, 0.061871728031999536
YP_499715.1 guanylate kinase [Staphylococcus aureus subsp. aureus NCTC 8325],V,0.009274519048631191, 0.06090310226298041
YP_499715.1 guanylate kinase [Staphylococcus aureus subsp. aureus NCTC 8325],R,0.03383896127343178, 0.06407252875053221
YP_499715.1 guanylate kinase [Staphylococcus aureus subsp. aureus NCTC 8325],K,0.10301196575164795, 0.06776312666220798
YP_499715.1 guanylate kinase [Staphylococcus aureus subsp. aureus NCTC 8325],R,0.07681220769882202, 0.0646961224782798
YP_499715.1 guanylate kinase [Staphylococcus aureus subsp. aureus NCTC 8325],I,0.013387670740485191, 0.0665434633071224
YP_499715.1 guanylate kinase [Staphylococcus aureus subsp. aureus NCTC 8325],F,0.0598657950758934, 0.08549765187005202
YP_499715.1 guanylate kinase [Staphylococcus aureus subsp. aureus NCTC 8325],E,0.13232974708080292, 0.08658687252965239
YP_499715.1 guanylate kinase [Staphylococcus aureus subsp. aureus NCTC 8325],D,0.06492636352777481, 0.09201524468759696
YP_499715.1 guanylate kinase [Staphylococcus aureus subsp. aureus NCTC 8325],P,0.10544393956661224, 0.08783883456554678
YP_499715.1 guanylate kinase [Staphylococcus aureus subsp. aureus NCTC 8325],S,0.17986221611499786, 0.10138155395785968
YP_499715.1 guanylate kinase [Staphylococcus aureus subsp. aureus NCTC 8325],T,0.04364194720983505, 0.10575382287303607
YP_499715.1 guanylate kinase [Staphylococcus aureus subsp. aureus NCTC 8325],S,0.1518673151731491, 0.09698635753658083
YP_499715.1 guanylate kinase [Staphylococcus aureus subsp. aureus NCTC 8325],Y,0.03922451660037041, 0.09529514983296394
YP_499715.1 guanylate kinase [Staphylococcus aureus subsp. aureus NCTC 8325],K,0.13527214527130127, 0.09318693023588923
YP_499715.1 guanylate kinase [Staphylococcus aureus subsp. aureus NCTC 8325],Y,0.09921621531248093, 0.0774663711587588
YP_499715.1 guanylate kinase [Staphylococcus aureus subsp. aureus NCTC 8325],S,0.053422559052705765, 0.08171738684177399
YP_499715.1 guanylate kinase [Staphylococcus aureus subsp. aureus NCTC 8325],I,0.049705494195222855, 0.07375479241212209
YP_499715.1 guanylate kinase [Staphylococcus aureus subsp. aureus NCTC 8325],S,0.08646996319293976, 0.08353838531507386
YP_499715.1 guanylate kinase [Staphylococcus aureus subsp. aureus NCTC 8325],M,0.03837718442082405, 0.09116693213582039
YP_499715.1 guanylate kinase [Staphylococcus aureus subsp. aureus NCTC 8325],T,0.08190108835697174, 0.10113898871673478
YP_499715.1 guanylate kinase [Staphylococcus aureus subsp. aureus NCTC 8325],T,0.08020396530628204, 0.11962787061929703
YP_499715.1 guanylate kinase [Staphylococcus aureus subsp. aureus NCTC 8325],R,0.12727685272693634, 0.14226932202776274
YP_499715.1 guanylate kinase [Staphylococcus aureus subsp. aureus NCTC 8325],Q,0.20392906665802002, 0.15237408586674267
YP_499715.1 guanylate kinase [Staphylococcus aureus subsp. aureus NCTC 8325],M,0.18896472454071045, 0.1587738444407781
YP_499715.1 guanylate kinase [Staphylococcus aureus subsp. aureus NCTC 8325],R,0.219822496175766, 0.17035098208321464
YP_499715.1 guanylate kinase [Staphylococcus aureus subsp. aureus NCTC 8325],E,0.2534785568714142, 0.1782446735435062
YP_499715.1 guanylate kinase [Staphylococcus aureus subsp. aureus NCTC 8325],G,0.17741283774375916, 0.17580543955167136
YP_499715.1 guanylate kinase [Staphylococcus aureus subsp. aureus NCTC 8325],E,0.09597501158714294, 0.18368846509191725
YP_499715.1 guanylate kinase [Staphylococcus aureus subsp. aureus NCTC 8325],V,0.18609532713890076, 0.1792568200164371
YP_499715.1 guanylate kinase [Staphylococcus aureus subsp. aureus NCTC 8325],D,0.15124718844890594, 0.16188549995422363
YP_499715.1 guanylate kinase [Staphylococcus aureus subsp. aureus NCTC 8325],G,0.10532374680042267, 0.14364135844839943
YP_499715.1 guanylate kinase [Staphylococcus aureus subsp. aureus NCTC 8325],V,0.27487629652023315, 0.13037368241283628
YP_499715.1 guanylate kinase [Staphylococcus aureus subsp. aureus NCTC 8325],D,0.14907991886138916, 0.13370161006848016
YP_499715.1 guanylate kinase [Staphylococcus aureus subsp. aureus NCTC 8325],Y,0.06348061561584473, 0.12497348503934012
YP_499715.1 guanylate kinase [Staphylococcus aureus subsp. aureus NCTC 8325],F,0.08928128331899643, 0.1409476109676891
YP_499715.1 guanylate kinase [Staphylococcus aureus subsp. aureus NCTC 8325],F,0.058003753423690796, 0.14545968257718617
YP_499715.1 guanylate kinase [Staphylococcus aureus subsp. aureus NCTC 8325],K,0.12592636048793793, 0.1269402959280544
YP_499715.1 guanylate kinase [Staphylococcus aureus subsp. aureus NCTC 8325],T,0.10754220187664032, 0.11262783449557093
YP_499715.1 guanylate kinase [Staphylococcus aureus subsp. aureus NCTC 8325],R,0.29501432180404663, 0.12307450547814369
YP_499715.1 guanylate kinase [Staphylococcus aureus subsp. aureus NCTC 8325],D,0.1459323912858963, 0.12343673201070891
YP_499715.1 guanylate kinase [Staphylococcus aureus subsp. aureus NCTC 8325],A,0.10820181667804718, 0.12178956841429074
YP_499715.1 guanylate kinase [Staphylococcus aureus subsp. aureus NCTC 8325],F,0.02026776596903801, 0.1180526643163628
YP_499715.1 guanylate kinase [Staphylococcus aureus subsp. aureus NCTC 8325],E,0.15750065445899963, 0.1310226648218102
YP_499715.1 guanylate kinase [Staphylococcus aureus subsp. aureus NCTC 8325],A,0.09254132211208344, 0.11313011538651255
YP_499715.1 guanylate kinase [Staphylococcus aureus subsp. aureus NCTC 8325],L,0.04317928105592728, 0.10871768949760331
YP_499715.1 guanylate kinase [Staphylococcus aureus subsp. aureus NCTC 8325],I,0.09229422360658646, 0.1088327926894029
YP_499715.1 guanylate kinase [Staphylococcus aureus subsp. aureus NCTC 8325],K,0.2242722064256668, 0.10866953825785054
YP_499715.1 guanylate kinase [Staphylococcus aureus subsp. aureus NCTC 8325],D,0.1339813768863678, 0.09441401850846079
YP_499715.1 guanylate kinase [Staphylococcus aureus subsp. aureus NCTC 8325],D,0.1062205582857132, 0.0885299402806494
YP_499715.1 guanylate kinase [Staphylococcus aureus subsp. aureus NCTC 8325],Q,0.10923774540424347, 0.0943754944536421
YP_499715.1 guanylate kinase [Staphylococcus aureus subsp. aureus NCTC 8325],F,0.018798476085066795, 0.08974023039142291
YP_499715.1 guanylate kinase [Staphylococcus aureus subsp. aureus NCTC 8325],I,0.029200976714491844, 0.08157951343390676
YP_499715.1 guanylate kinase [Staphylococcus aureus subsp. aureus NCTC 8325],E,0.03958461806178093, 0.08665113358034028
YP_499715.1 guanylate kinase [Staphylococcus aureus subsp. aureus NCTC 8325],Y,0.09578926861286163, 0.091433753983842
YP_499715.1 guanylate kinase [Staphylococcus aureus subsp. aureus NCTC 8325],A,0.05057684704661369, 0.09558330517676142
YP_499715.1 guanylate kinase [Staphylococcus aureus subsp. aureus NCTC 8325],E,0.15082575380802155, 0.10517556861870819
YP_499715.1 guanylate kinase [Staphylococcus aureus subsp. aureus NCTC 8325],Y,0.1796259582042694, 0.11602264973852369
YP_499715.1 guanylate kinase [Staphylococcus aureus subsp. aureus NCTC 8325],V,0.1492641419172287, 0.11904792280660735
YP_499715.1 guanylate kinase [Staphylococcus aureus subsp. aureus NCTC 8325],G,0.1465837061405182, 0.11071838935216267
YP_499715.1 guanylate kinase [Staphylococcus aureus subsp. aureus NCTC 8325],N,0.10512884706258774, 0.10917637538578776
YP_499715.1 guanylate kinase [Staphylococcus aureus subsp. aureus NCTC 8325],Y,0.12682470679283142, 0.09944271751576
YP_499715.1 guanylate kinase [Staphylococcus aureus subsp. aureus NCTC 8325],Y,0.06681207567453384, 0.08567829761240217
YP_499715.1 guanylate kinase [Staphylococcus aureus subsp. aureus NCTC 8325],G,0.020823467522859573, 0.08744755718443128
YP_499715.1 guanylate kinase [Staphylococcus aureus subsp. aureus NCTC 8325],T,0.03669872134923935, 0.08609305653307173
YP_499715.1 guanylate kinase [Staphylococcus aureus subsp. aureus NCTC 8325],P,0.06322283297777176, 0.07606201008376148
YP_499715.1 guanylate kinase [Staphylococcus aureus subsp. aureus NCTC 8325],V,0.055746179074048996, 0.07774384454306629
YP_499715.1 guanylate kinase [Staphylococcus aureus subsp. aureus NCTC 8325],Q,0.16518747806549072, 0.08885664958506823
YP_499715.1 guanylate kinase [Staphylococcus aureus subsp. aureus NCTC 8325],Y,0.13439320027828217, 0.097531048891445
YP_499715.1 guanylate kinase [Staphylococcus aureus subsp. aureus NCTC 8325],V,0.01484942901879549, 0.09867053530696365
YP_499715.1 guanylate kinase [Staphylococcus aureus subsp. aureus NCTC 8325],K,0.1419612169265747, 0.11244098231610325
YP_499715.1 guanylate kinase [Staphylococcus aureus subsp. aureus NCTC 8325],D,0.16682732105255127, 0.1293754553836253
YP_499715.1 guanylate kinase [Staphylococcus aureus subsp. aureus NCTC 8325],T,0.09889306128025055, 0.12353438977152109
YP_499715.1 guanylate kinase [Staphylococcus aureus subsp. aureus NCTC 8325],M,0.04695409908890724, 0.12818147749122646
YP_499715.1 guanylate kinase [Staphylococcus aureus subsp. aureus NCTC 8325],D,0.18715685606002808, 0.13373023892442384
YP_499715.1 guanylate kinase [Staphylococcus aureus subsp. aureus NCTC 8325],E,0.20815643668174744, 0.12129687352312936
YP_499715.1 guanylate kinase [Staphylococcus aureus subsp. aureus NCTC 8325],G,0.11261788755655289, 0.10597703005704615
YP_499715.1 guanylate kinase [Staphylococcus aureus subsp. aureus NCTC 8325],H,0.1762169897556305, 0.10016442069576846
YP_499715.1 guanylate kinase [Staphylococcus aureus subsp. aureus NCTC 8325],D,0.06478828191757202, 0.11237980611622334
YP_499715.1 guanylate kinase [Staphylococcus aureus subsp. aureus NCTC 8325],V,0.03006092831492424, 0.09595491881999704
YP_499715.1 guanylate kinase [Staphylococcus aureus subsp. aureus NCTC 8325],F,0.02894872985780239, 0.08917354606091976
YP_499715.1 guanylate kinase [Staphylococcus aureus subsp. aureus NCTC 8325],L,0.04657957702875137, 0.08000378124415874
YP_499715.1 guanylate kinase [Staphylococcus aureus subsp. aureus NCTC 8325],E,0.1568925678730011, 0.07822003112071091
YP_499715.1 guanylate kinase [Staphylococcus aureus subsp. aureus NCTC 8325],I,0.03933287039399147, 0.07384101239343484
YP_499715.1 guanylate kinase [Staphylococcus aureus subsp. aureus NCTC 8325],E,0.14712408185005188, 0.07146959255139033
YP_499715.1 guanylate kinase [Staphylococcus aureus subsp. aureus NCTC 8325],V,0.030090004205703735, 0.07894528429541323
YP_499715.1 guanylate kinase [Staphylococcus aureus subsp. aureus NCTC 8325],E,0.16016323864459991, 0.0899808748314778
YP_499715.1 guanylate kinase [Staphylococcus aureus subsp. aureus NCTC 8325],G,0.02537711337208748, 0.0740803186264303
YP_499715.1 guanylate kinase [Staphylococcus aureus subsp. aureus NCTC 8325],A,0.008718149736523628, 0.0792456790804863
YP_499715.1 guanylate kinase [Staphylococcus aureus subsp. aureus NCTC 8325],K,0.09622995555400848, 0.08485007534424464
YP_499715.1 guanylate kinase [Staphylococcus aureus subsp. aureus NCTC 8325],Q,0.14589989185333252, 0.10191603584422006
YP_499715.1 guanylate kinase [Staphylococcus aureus subsp. aureus NCTC 8325],V,0.013787562027573586, 0.0924055419034428
YP_499715.1 guanylate kinase [Staphylococcus aureus subsp. aureus NCTC 8325],R,0.08582111448049545, 0.10288785108261639
YP_499715.1 guanylate kinase [Staphylococcus aureus subsp. aureus NCTC 8325],K,0.19756364822387695, 0.11344458928538693
YP_499715.1 guanylate kinase [Staphylococcus aureus subsp. aureus NCTC 8325],K,0.18368364870548248, 0.10498168671296702
YP_499715.1 guanylate kinase [Staphylococcus aureus subsp. aureus NCTC 8325],F,0.07456879317760468, 0.09323657076391909
YP_499715.1 guanylate kinase [Staphylococcus aureus subsp. aureus NCTC 8325],P,0.11971789598464966, 0.0958411805331707
YP_499715.1 guanylate kinase [Staphylococcus aureus subsp. aureus NCTC 8325],D,0.10372879356145859, 0.08716011528546612
YP_499715.1 guanylate kinase [Staphylococcus aureus subsp. aureus NCTC 8325],A,0.02006383240222931, 0.06702899379241797
YP_499715.1 guanylate kinase [Staphylococcus aureus subsp. aureus NCTC 8325],L,0.04019384831190109, 0.04769103886145684
YP_499715.1 guanylate kinase [Staphylococcus aureus subsp. aureus NCTC 8325],F,0.03722904995083809, 0.041585903563019305
YP_499715.1 guanylate kinase [Staphylococcus aureus subsp. aureus NCTC 8325],I,0.007691527251154184, 0.03102195609567894
YP_499715.1 guanylate kinase [Staphylococcus aureus subsp. aureus NCTC 8325],F,0.01638355478644371, 0.02663573141520222
YP_499715.1 guanylate kinase [Staphylococcus aureus subsp. aureus NCTC 8325],L,0.009642054326832294, 0.03186506959092286
YP_499715.1 guanylate kinase [Staphylococcus aureus subsp. aureus NCTC 8325],A,0.019622575491666794, 0.03470254787761304
YP_499715.1 guanylate kinase [Staphylococcus aureus subsp. aureus NCTC 8325],P,0.024642368778586388, 0.04452845925051305
YP_499715.1 guanylate kinase [Staphylococcus aureus subsp. aureus NCTC 8325],P,0.06425277143716812, 0.05551948677748442
YP_499715.1 guanylate kinase [Staphylococcus aureus subsp. aureus NCTC 8325],S,0.06712787598371506, 0.0562672425682346
YP_499715.1 guanylate kinase [Staphylococcus aureus subsp. aureus NCTC 8325],L,0.06573115289211273, 0.0726693972117371
YP_499715.1 guanylate kinase [Staphylococcus aureus subsp. aureus NCTC 8325],E,0.12566225230693817, 0.08908253163099289
YP_499715.1 guanylate kinase [Staphylococcus aureus subsp. aureus NCTC 8325],H,0.10661077499389648, 0.09687065850529405
YP_499715.1 guanylate kinase [Staphylococcus aureus subsp. aureus NCTC 8325],L,0.02311335690319538, 0.09378254310124451
YP_499715.1 guanylate kinase [Staphylococcus aureus subsp. aureus NCTC 8325],R,0.1572614461183548, 0.10544960676795906
YP_499715.1 guanylate kinase [Staphylococcus aureus subsp. aureus NCTC 8325],E,0.16734078526496887, 0.11095026280317041
YP_499715.1 guanylate kinase [Staphylococcus aureus subsp. aureus NCTC 8325],R,0.0947355106472969, 0.11842990728716056
YP_499715.1 guanylate kinase [Staphylococcus aureus subsp. aureus NCTC 8325],L,0.03645973280072212, 0.11453769997590119
YP_499715.1 guanylate kinase [Staphylococcus aureus subsp. aureus NCTC 8325],V,0.17213144898414612, 0.12924285605549812
YP_499715.1 guanylate kinase [Staphylococcus aureus subsp. aureus NCTC 8325],G,0.11523705720901489, 0.12134181087215741
YP_499715.1 guanylate kinase [Staphylococcus aureus subsp. aureus NCTC 8325],R,0.19297905266284943, 0.11589075500766437
YP_499715.1 guanylate kinase [Staphylococcus aureus subsp. aureus NCTC 8325],G,0.0715809091925621, 0.1306922564076053
YP_499715.1 guanylate kinase [Staphylococcus aureus subsp. aureus NCTC 8325],T,0.15545976161956787, 0.1491065894563993
YP_499715.1 guanylate kinase [Staphylococcus aureus subsp. aureus NCTC 8325],E,0.08615203946828842, 0.15095966474877465
YP_499715.1 guanylate kinase [Staphylococcus aureus subsp. aureus NCTC 8325],S,0.1182812824845314, 0.14445717425809967
YP_499715.1 guanylate kinase [Staphylococcus aureus subsp. aureus NCTC 8325],D,0.22794902324676514, 0.1394491075641579
YP_499715.1 guanylate kinase [Staphylococcus aureus subsp. aureus NCTC 8325],E,0.20218873023986816, 0.15395398810505867
YP_499715.1 guanylate kinase [Staphylococcus aureus subsp. aureus NCTC 8325],K,0.1888091266155243, 0.1505107983118958
YP_499715.1 guanylate kinase [Staphylococcus aureus subsp. aureus NCTC 8325],I,0.05671464279294014, 0.1446312309967147
YP_499715.1 guanylate kinase [Staphylococcus aureus subsp. aureus NCTC 8325],Q,0.14790645241737366, 0.14820646246274313
YP_499715.1 guanylate kinase [Staphylococcus aureus subsp. aureus NCTC 8325],S,0.20212483406066895, 0.1440625919236077
YP_499715.1 guanylate kinase [Staphylococcus aureus subsp. aureus NCTC 8325],R,0.12447105348110199, 0.12285651587363747
YP_499715.1 guanylate kinase [Staphylococcus aureus subsp. aureus NCTC 8325],I,0.033235933631658554, 0.11474256289915906
YP_499715.1 guanylate kinase [Staphylococcus aureus subsp. aureus NCTC 8325],N,0.15045836567878723, 0.13319180440157652
YP_499715.1 guanylate kinase [Staphylococcus aureus subsp. aureus NCTC 8325],E,0.1906541883945465, 0.12594968111564717
YP_499715.1 guanylate kinase [Staphylococcus aureus subsp. aureus NCTC 8325],A,0.01133404579013586, 0.10640081028557485
YP_499715.1 guanylate kinase [Staphylococcus aureus subsp. aureus NCTC 8325],R,0.11578354984521866, 0.11076407393233643
YP_499715.1 guanylate kinase [Staphylococcus aureus subsp. aureus NCTC 8325],K,0.22275781631469727, 0.11772653429458539
YP_499715.1 guanylate kinase [Staphylococcus aureus subsp. aureus NCTC 8325],E,0.0827273428440094, 0.10520941277758943
YP_499715.1 guanylate kinase [Staphylococcus aureus subsp. aureus NCTC 8325],V,0.026184996590018272, 0.09948536350081365
YP_499715.1 guanylate kinase [Staphylococcus aureus subsp. aureus NCTC 8325],E,0.16374042630195618, 0.11670759754876296
YP_499715.1 guanylate kinase [Staphylococcus aureus subsp. aureus NCTC 8325],M,0.09589807689189911, 0.11147238003710906
YP_499715.1 guanylate kinase [Staphylococcus aureus subsp. aureus NCTC 8325],M,0.03780427202582359, 0.09761146145562331
YP_499715.1 guanylate kinase [Staphylococcus aureus subsp. aureus NCTC 8325],N,0.13913774490356445, 0.09465755915476216
YP_499715.1 guanylate kinase [Staphylococcus aureus subsp. aureus NCTC 8325],L,0.1663341522216797, 0.0944489294456111
YP_499715.1 guanylate kinase [Staphylococcus aureus subsp. aureus NCTC 8325],Y,0.06866659224033356, 0.07828250444597668
YP_499715.1 guanylate kinase [Staphylococcus aureus subsp. aureus NCTC 8325],D,0.09800954908132553, 0.07719090084234874
YP_499715.1 guanylate kinase [Staphylococcus aureus subsp. aureus NCTC 8325],Y,0.05614222213625908, 0.08040165942576197
YP_499715.1 guanylate kinase [Staphylococcus aureus subsp. aureus NCTC 8325],V,0.024307329207658768, 0.08166538882586691
YP_499715.1 guanylate kinase [Staphylococcus aureus subsp. aureus NCTC 8325],V,0.018242601305246353, 0.08581057066718738
YP_499715.1 guanylate kinase [Staphylococcus aureus subsp. aureus NCTC 8325],V,0.08607364445924759, 0.08519808989432123
YP_499715.1 guanylate kinase [Staphylococcus aureus subsp. aureus NCTC 8325],N,0.06670109927654266, 0.09375660411185688
YP_499715.1 guanylate kinase [Staphylococcus aureus subsp. aureus NCTC 8325],D,0.15051130950450897, 0.10713502930270301
YP_499715.1 guanylate kinase [Staphylococcus aureus subsp. aureus NCTC 8325],E,0.20364078879356384, 0.10697705609103043
YP_499715.1 guanylate kinase [Staphylococcus aureus subsp. aureus NCTC 8325],V,0.06315426528453827, 0.11273476998839113
YP_499715.1 guanylate kinase [Staphylococcus aureus subsp. aureus NCTC 8325],E,0.17503617703914642, 0.12046345509588718
YP_499715.1 guanylate kinase [Staphylococcus aureus subsp. aureus NCTC 8325],L,0.1765480488538742, 0.12778139217860168
YP_499715.1 guanylate kinase [Staphylococcus aureus subsp. aureus NCTC 8325],A,0.02288557030260563, 0.11192155044732822
YP_499715.1 guanylate kinase [Staphylococcus aureus subsp. aureus NCTC 8325],K,0.07006202638149261, 0.09791970247816709
YP_499715.1 guanylate kinase [Staphylococcus aureus subsp. aureus NCTC 8325],N,0.15563181042671204, 0.1007306293791367
YP_499715.1 guanylate kinase [Staphylococcus aureus subsp. aureus NCTC 8325],R,0.1325625330209732, 0.08329178760242131
YP_499715.1 guanylate kinase [Staphylococcus aureus subsp. aureus NCTC 8325],I,0.007772733923047781, 0.06592860253941682
YP_499715.1 guanylate kinase [Staphylococcus aureus subsp. aureus NCTC 8325],Q,0.07762415707111359, 0.07673895933354895
YP_499715.1 guanylate kinase [Staphylococcus aureus subsp. aureus NCTC 8325],C,0.08845260739326477, 0.07230381848704484
YP_499715.1 guanylate kinase [Staphylococcus aureus subsp. aureus NCTC 8325],I,0.018086601048707962, 0.05904634933297833
YP_499715.1 guanylate kinase [Staphylococcus aureus subsp. aureus NCTC 8325],V,0.020279383286833763, 0.054522052976406284
YP_499715.1 guanylate kinase [Staphylococcus aureus subsp. aureus NCTC 8325],E,0.12017878144979477, 0.06415806710720062
YP_499715.1 guanylate kinase [Staphylococcus aureus subsp. aureus NCTC 8325],A,0.030145758762955666, 0.06550737056467268
YP_499715.1 guanylate kinase [Staphylococcus aureus subsp. aureus NCTC 8325],E,0.03631458804011345, 0.06553114453951518
YP_499715.1 guanylate kinase [Staphylococcus aureus subsp. aureus NCTC 8325],H,0.0918438658118248, 0.07773724156949255
YP_499715.1 guanylate kinase [Staphylococcus aureus subsp. aureus NCTC 8325],L,0.09449686110019684, 0.08485754475825363
YP_499715.1 guanylate kinase [Staphylococcus aureus subsp. aureus NCTC 8325],K,0.08976788818836212, 0.07828945687247647
YP_499715.1 guanylate kinase [Staphylococcus aureus subsp. aureus NCTC 8325],R,0.08866657316684723, 0.08745889531241523
YP_499715.1 guanylate kinase [Staphylococcus aureus subsp. aureus NCTC 8325],E,0.12794147431850433, 0.09309774761398633
YP_499715.1 guanylate kinase [Staphylococcus aureus subsp. aureus NCTC 8325],R,0.08436211198568344, 0.09639290016558436
YP_499715.1 guanylate kinase [Staphylococcus aureus subsp. aureus NCTC 8325],V,0.06106599047780037, 0.0947266812953684
YP_499715.1 guanylate kinase [Staphylococcus aureus subsp. aureus NCTC 8325],E,0.11267070472240448, 0.09896202012896538
YP_499715.1 guanylate kinase [Staphylococcus aureus subsp. aureus NCTC 8325],A,0.08706425875425339, 0.10817314146293534
YP_499715.1 guanylate kinase [Staphylococcus aureus subsp. aureus NCTC 8325],K,0.12150023877620697, 0.10459132368365924
YP_499715.1 guanylate kinase [Staphylococcus aureus subsp. aureus NCTC 8325],Y,0.07950089126825333, 0.10004225745797157
YP_499715.1 guanylate kinase [Staphylococcus aureus subsp. aureus NCTC 8325],R,0.12788593769073486, 0.10473572380012935
YP_499715.1 guanylate kinase [Staphylococcus aureus subsp. aureus NCTC 8325],K,0.1715666651725769, 0.10873726175891028
YP_499715.1 guanylate kinase [Staphylococcus aureus subsp. aureus NCTC 8325],M,0.09570511430501938, 0.10781047658787833
YP_499715.1 guanylate kinase [Staphylococcus aureus subsp. aureus NCTC 8325],I,0.043420515954494476, 0.10601123091247347
YP_499715.1 guanylate kinase [Staphylococcus aureus subsp. aureus NCTC 8325],L,0.10330718755722046, 0.1116752756966485
YP_499715.1 guanylate kinase [Staphylococcus aureus subsp. aureus NCTC 8325],E,0.1486845463514328, 0.09746572706434461
YP_499715.1 guanylate kinase [Staphylococcus aureus subsp. aureus NCTC 8325],A,0.07872319221496582, 0.07840276426739162
YP_499715.1 guanylate kinase [Staphylococcus aureus subsp. aureus NCTC 8325],K,0.10530702769756317, 0.06776886267794503
YP_499715.1 guanylate kinase [Staphylococcus aureus subsp. aureus NCTC 8325],K,0.13047729432582855, 0.06294436090522343
WP_000666757.1 MULTISPECIES: shikimate dehydrogenase [Staphylococcus],M,0.04321395605802536, 0.025032295741968684
WP_000666757.1 MULTISPECIES: shikimate dehydrogenase [Staphylococcus],K,0.11269386857748032, 0.026527523580524657
WP_000666757.1 MULTISPECIES: shikimate dehydrogenase [Staphylococcus],F,0.03509727120399475, 0.029189287374416988
WP_000666757.1 MULTISPECIES: shikimate dehydrogenase [Staphylococcus],A,0.017129387706518173, 0.041917711082432
WP_000666757.1 MULTISPECIES: shikimate dehydrogenase [Staphylococcus],V,0.017156178131699562, 0.052782745410998665
WP_000666757.1 MULTISPECIES: shikimate dehydrogenase [Staphylococcus],I,0.013457050547003746, 0.05404904153611925
WP_000666757.1 MULTISPECIES: shikimate dehydrogenase [Staphylococcus],G,0.023955874145030975, 0.05336734321382311
WP_000666757.1 MULTISPECIES: shikimate dehydrogenase [Staphylococcus],N,0.11455581337213516, 0.05933605796760983
WP_000666757.1 MULTISPECIES: shikimate dehydrogenase [Staphylococcus],P,0.09778530895709991, 0.06402249758442242
WP_000666757.1 MULTISPECIES: shikimate dehydrogenase [Staphylococcus],I,0.05461062118411064, 0.06831320230331686
WP_000666757.1 MULTISPECIES: shikimate dehydrogenase [Staphylococcus],S,0.10655858367681503, 0.07270103693008423
WP_000666757.1 MULTISPECIES: shikimate dehydrogenase [Staphylococcus],H,0.08881570398807526, 0.07632241853409344
WP_000666757.1 MULTISPECIES: shikimate dehydrogenase [Staphylococcus],S,0.059307344257831573, 0.07630036481552654
WP_000666757.1 MULTISPECIES: shikimate dehydrogenase [Staphylococcus],L,0.05577252060174942, 0.0674743087341388
WP_000666757.1 MULTISPECIES: shikimate dehydrogenase [Staphylococcus],S,0.05294756218791008, 0.06333670516808827
WP_000666757.1 MULTISPECIES: shikimate dehydrogenase [Staphylococcus],P,0.056548308581113815, 0.06502295285463333
WP_000666757.1 MULTISPECIES: shikimate dehydrogenase [Staphylococcus],V,0.11435732990503311, 0.05892979933155908
WP_000666757.1 MULTISPECIES: shikimate dehydrogenase [Staphylococcus],M,0.01835080422461033, 0.05584221498833762
WP_000666757.1 MULTISPECIES: shikimate dehydrogenase [Staphylococcus],H,0.017372189089655876, 0.05192783350745837
WP_000666757.1 MULTISPECIES: shikimate dehydrogenase [Staphylococcus],R,0.12173481285572052, 0.062011640104982585
WP_000666757.1 MULTISPECIES: shikimate dehydrogenase [Staphylococcus],A,0.03397732228040695, 0.06389337985052003
WP_000666757.1 MULTISPECIES: shikimate dehydrogenase [Staphylococcus],N,0.0315190851688385, 0.05703938711020681
WP_000666757.1 MULTISPECIES: shikimate dehydrogenase [Staphylococcus],F,0.020543087273836136, 0.06350999511778355
WP_000666757.1 MULTISPECIES: shikimate dehydrogenase [Staphylococcus],N,0.14370182156562805, 0.0674677114519808
WP_000666757.1 MULTISPECIES: shikimate dehydrogenase [Staphylococcus],S,0.07348396629095078, 0.06908829717172517
WP_000666757.1 MULTISPECIES: shikimate dehydrogenase [Staphylococcus],L,0.0526713952422142, 0.07101298164990213
WP_000666757.1 MULTISPECIES: shikimate dehydrogenase [Staphylococcus],G,0.0765862762928009, 0.0785139687359333
WP_000666757.1 MULTISPECIES: shikimate dehydrogenase [Staphylococcus],L,0.05299163609743118, 0.08148340384165446
WP_000666757.1 MULTISPECIES: shikimate dehydrogenase [Staphylococcus],D,0.1363200843334198, 0.07402653247117996
WP_000666757.1 MULTISPECIES: shikimate dehydrogenase [Staphylococcus],D,0.051299482583999634, 0.07435107976198196
WP_000666757.1 MULTISPECIES: shikimate dehydrogenase [Staphylococcus],T,0.09902796894311905, 0.07625211940871345
WP_000666757.1 MULTISPECIES: shikimate dehydrogenase [Staphylococcus],Y,0.04726800322532654, 0.08437917961014642
WP_000666757.1 MULTISPECIES: shikimate dehydrogenase [Staphylococcus],E,0.07658997923135757, 0.08511403451363246
WP_000666757.1 MULTISPECIES: shikimate dehydrogenase [Staphylococcus],A,0.07640489190816879, 0.08255786448717117
WP_000666757.1 MULTISPECIES: shikimate dehydrogenase [Staphylococcus],L,0.06978075206279755, 0.09089607579840554
WP_000666757.1 MULTISPECIES: shikimate dehydrogenase [Staphylococcus],N,0.14972981810569763, 0.10130061209201813
WP_000666757.1 MULTISPECIES: shikimate dehydrogenase [Staphylococcus],I,0.05960533022880554, 0.11322936250103845
WP_000666757.1 MULTISPECIES: shikimate dehydrogenase [Staphylococcus],P,0.11331455409526825, 0.11364193674590853
WP_000666757.1 MULTISPECIES: shikimate dehydrogenase [Staphylococcus],I,0.12634338438510895, 0.12420310080051422
WP_000666757.1 MULTISPECIES: shikimate dehydrogenase [Staphylococcus],E,0.19266879558563232, 0.13503667877780068
WP_000666757.1 MULTISPECIES: shikimate dehydrogenase [Staphylococcus],D,0.1546267569065094, 0.12239475465483135
WP_000666757.1 MULTISPECIES: shikimate dehydrogenase [Staphylococcus],F,0.0803031474351883, 0.12666336612568962
WP_000666757.1 MULTISPECIES: shikimate dehydrogenase [Staphylococcus],H,0.17145536839962006, 0.13162975923882592
WP_000666757.1 MULTISPECIES: shikimate dehydrogenase [Staphylococcus],L,0.16728295385837555, 0.1255959595243136
WP_000666757.1 MULTISPECIES: shikimate dehydrogenase [Staphylococcus],I,0.035952500998973846, 0.10631569909552734
WP_000666757.1 MULTISPECIES: shikimate dehydrogenase [Staphylococcus],K,0.09802283346652985, 0.1036104644752211
WP_000666757.1 MULTISPECIES: shikimate dehydrogenase [Staphylococcus],E,0.15801209211349487, 0.10866062198248175
WP_000666757.1 MULTISPECIES: shikimate dehydrogenase [Staphylococcus],I,0.07203918695449829, 0.101908130157325
WP_000666757.1 MULTISPECIES: shikimate dehydrogenase [Staphylococcus],I,0.019146451726555824, 0.09849146939814091
WP_000666757.1 MULTISPECIES: shikimate dehydrogenase [Staphylococcus],S,0.13027964532375336, 0.0984111860808399
WP_000666757.1 MULTISPECIES: shikimate dehydrogenase [Staphylococcus],K,0.12575456500053406, 0.10033126610020797
WP_000666757.1 MULTISPECIES: shikimate dehydrogenase [Staphylococcus],K,0.11068294197320938, 0.08479306598504384
WP_000666757.1 MULTISPECIES: shikimate dehydrogenase [Staphylococcus],E,0.1365330070257187, 0.0783150110186802
WP_000666757.1 MULTISPECIES: shikimate dehydrogenase [Staphylococcus],L,0.03522995114326477, 0.08104609977453947
WP_000666757.1 MULTISPECIES: shikimate dehydrogenase [Staphylococcus],D,0.11530355364084244, 0.0678784984888302
WP_000666757.1 MULTISPECIES: shikimate dehydrogenase [Staphylococcus],G,0.018168291077017784, 0.06014346383098099
WP_000666757.1 MULTISPECIES: shikimate dehydrogenase [Staphylococcus],F,0.013736692257225513, 0.05346380639821291
WP_000666757.1 MULTISPECIES: shikimate dehydrogenase [Staphylococcus],N,0.043726250529289246, 0.045502207034991846
WP_000666757.1 MULTISPECIES: shikimate dehydrogenase [Staphylococcus],I,0.01177123375236988, 0.04953230555272765
WP_000666757.1 MULTISPECIES: shikimate dehydrogenase [Staphylococcus],T,0.056139253079891205, 0.04500033592598306
WP_000666757.1 MULTISPECIES: shikimate dehydrogenase [Staphylococcus],I,0.05056602507829666, 0.04933465303232273
WP_000666757.1 MULTISPECIES: shikimate dehydrogenase [Staphylococcus],P,0.06487861275672913, 0.06277808195186986
WP_000666757.1 MULTISPECIES: shikimate dehydrogenase [Staphylococcus],H,0.07150083780288696, 0.05922777464406358
WP_000666757.1 MULTISPECIES: shikimate dehydrogenase [Staphylococcus],K,0.07451582700014114, 0.060583959333598614
WP_000666757.1 MULTISPECIES: shikimate dehydrogenase [Staphylococcus],E,0.05717714503407478, 0.06837572105642822
WP_000666757.1 MULTISPECIES: shikimate dehydrogenase [Staphylococcus],R,0.13472755253314972, 0.07029489044927889
WP_000666757.1 MULTISPECIES: shikimate dehydrogenase [Staphylococcus],I,0.011773484759032726, 0.06454906995511717
WP_000666757.1 MULTISPECIES: shikimate dehydrogenase [Staphylococcus],I,0.023976895958185196, 0.06673102132562134
WP_000666757.1 MULTISPECIES: shikimate dehydrogenase [Staphylococcus],P,0.12626510858535767, 0.0710583259868953
WP_000666757.1 MULTISPECIES: shikimate dehydrogenase [Staphylococcus],Y,0.06783854961395264, 0.06767777322481076
WP_000666757.1 MULTISPECIES: shikimate dehydrogenase [Staphylococcus],L,0.01316622830927372, 0.060048123718135886
WP_000666757.1 MULTISPECIES: shikimate dehydrogenase [Staphylococcus],D,0.09113840013742447, 0.06824140933652718
WP_000666757.1 MULTISPECIES: shikimate dehydrogenase [Staphylococcus],Y,0.11346156895160675, 0.07225143599013488
WP_000666757.1 MULTISPECIES: shikimate dehydrogenase [Staphylococcus],V,0.02675217017531395, 0.05975123132682509
WP_000666757.1 MULTISPECIES: shikimate dehydrogenase [Staphylococcus],D,0.06606070697307587, 0.06752839570658074
WP_000666757.1 MULTISPECIES: shikimate dehydrogenase [Staphylococcus],E,0.08551305532455444, 0.078876458418866
WP_000666757.1 MULTISPECIES: shikimate dehydrogenase [Staphylococcus],Q,0.06006713584065437, 0.0706097815806667
WP_000666757.1 MULTISPECIES: shikimate dehydrogenase [Staphylococcus],A,0.013763266615569592, 0.06423090160306957
WP_000666757.1 MULTISPECIES: shikimate dehydrogenase [Staphylococcus],I,0.13783302903175354, 0.06422003306862381
WP_000666757.1 MULTISPECIES: shikimate dehydrogenase [Staphylococcus],N,0.115298792719841, 0.05878126362545623
WP_000666757.1 MULTISPECIES: shikimate dehydrogenase [Staphylococcus],A,0.01673830859363079, 0.055525173226164445
WP_000666757.1 MULTISPECIES: shikimate dehydrogenase [Staphylococcus],G,0.056051649153232574, 0.05151426326483488
WP_000666757.1 MULTISPECIES: shikimate dehydrogenase [Staphylococcus],A,0.026654353365302086, 0.05081037457825409
WP_000666757.1 MULTISPECIES: shikimate dehydrogenase [Staphylococcus],V,0.017111781984567642, 0.044477707240730524
WP_000666757.1 MULTISPECIES: shikimate dehydrogenase [Staphylococcus],N,0.05620824173092842, 0.04178626861216293
WP_000666757.1 MULTISPECIES: shikimate dehydrogenase [Staphylococcus],T,0.023968946188688278, 0.061374634969979525
WP_000666757.1 MULTISPECIES: shikimate dehydrogenase [Staphylococcus],V,0.007428268436342478, 0.07453307804341118
WP_000666757.1 MULTISPECIES: shikimate dehydrogenase [Staphylococcus],L,0.08083902299404144, 0.0828953971568909
WP_000666757.1 MULTISPECIES: shikimate dehydrogenase [Staphylococcus],I,0.0910758450627327, 0.09738780749547812
WP_000666757.1 MULTISPECIES: shikimate dehydrogenase [Staphylococcus],K,0.1930336058139801, 0.09522917851184805
WP_000666757.1 MULTISPECIES: shikimate dehydrogenase [Staphylococcus],D,0.17447763681411743, 0.1023475157821344
WP_000666757.1 MULTISPECIES: shikimate dehydrogenase [Staphylococcus],G,0.10191522538661957, 0.10242495302938753
WP_000666757.1 MULTISPECIES: shikimate dehydrogenase [Staphylococcus],K,0.14754347503185272, 0.10230913292616606
WP_000666757.1 MULTISPECIES: shikimate dehydrogenase [Staphylococcus],W,0.03678058087825775, 0.09856211011194521
WP_000666757.1 MULTISPECIES: shikimate dehydrogenase [Staphylococcus],I,0.08803398162126541, 0.07944296952337027
WP_000666757.1 MULTISPECIES: shikimate dehydrogenase [Staphylococcus],G,0.008125203661620617, 0.06753845254166259
WP_000666757.1 MULTISPECIES: shikimate dehydrogenase [Staphylococcus],Y,0.07979664206504822, 0.058547712965971895
WP_000666757.1 MULTISPECIES: shikimate dehydrogenase [Staphylococcus],N,0.057352639734745026, 0.0478248932502336
WP_000666757.1 MULTISPECIES: shikimate dehydrogenase [Staphylococcus],T,0.02096134051680565, 0.04603860703193479
WP_000666757.1 MULTISPECIES: shikimate dehydrogenase [Staphylococcus],D,0.06733698397874832, 0.038777928695910506
WP_000666757.1 MULTISPECIES: shikimate dehydrogenase [Staphylococcus],G,0.020998569205403328, 0.040347725359929934
WP_000666757.1 MULTISPECIES: shikimate dehydrogenase [Staphylococcus],I,0.051038097590208054, 0.04147208502723111
WP_000666757.1 MULTISPECIES: shikimate dehydrogenase [Staphylococcus],G,0.020704004913568497, 0.03734159159163634
WP_000666757.1 MULTISPECIES: shikimate dehydrogenase [Staphylococcus],Y,0.022687876597046852, 0.0357530455932849
WP_000666757.1 MULTISPECIES: shikimate dehydrogenase [Staphylococcus],V,0.02225337363779545, 0.037300548567954034
WP_000666757.1 MULTISPECIES: shikimate dehydrogenase [Staphylococcus],K,0.08991587907075882, 0.041771778371185064
WP_000666757.1 MULTISPECIES: shikimate dehydrogenase [Staphylococcus],G,0.02017819881439209, 0.04431242676865724
WP_000666757.1 MULTISPECIES: shikimate dehydrogenase [Staphylococcus],L,0.006664426531642675, 0.0512690094506575
WP_000666757.1 MULTISPECIES: shikimate dehydrogenase [Staphylococcus],H,0.08126451075077057, 0.06310804058901137
WP_000666757.1 MULTISPECIES: shikimate dehydrogenase [Staphylococcus],S,0.061239637434482574, 0.08337712386209103
WP_000666757.1 MULTISPECIES: shikimate dehydrogenase [Staphylococcus],V,0.07390393316745758, 0.07718678372394708
WP_000666757.1 MULTISPECIES: shikimate dehydrogenase [Staphylococcus],Y,0.08331324905157089, 0.09187462486119734
WP_000666757.1 MULTISPECIES: shikimate dehydrogenase [Staphylococcus],P,0.12923915684223175, 0.10362549333108796
WP_000666757.1 MULTISPECIES: shikimate dehydrogenase [Staphylococcus],D,0.2046751230955124, 0.10178895832763778
WP_000666757.1 MULTISPECIES: shikimate dehydrogenase [Staphylococcus],L,0.03420281782746315, 0.10744296635190646
WP_000666757.1 MULTISPECIES: shikimate dehydrogenase [Staphylococcus],E,0.15236876904964447, 0.10164317157533434
WP_000666757.1 MULTISPECIES: shikimate dehydrogenase [Staphylococcus],N,0.11242224276065826, 0.0936239982644717
WP_000666757.1 MULTISPECIES: shikimate dehydrogenase [Staphylococcus],A,0.06473569571971893, 0.08071142569598225
WP_000666757.1 MULTISPECIES: shikimate dehydrogenase [Staphylococcus],Y,0.1121257096529007, 0.05964873586263922
WP_000666757.1 MULTISPECIES: shikimate dehydrogenase [Staphylococcus],I,0.021705780178308487, 0.05958598665893078
WP_000666757.1 MULTISPECIES: shikimate dehydrogenase [Staphylococcus],L,0.011140689253807068, 0.04586919583380222
WP_000666757.1 MULTISPECIES: shikimate dehydrogenase [Staphylococcus],I,0.01302600372582674, 0.03706769086420536
WP_000666757.1 MULTISPECIES: shikimate dehydrogenase [Staphylococcus],L,0.015110914595425129, 0.034610581687755056
WP_000666757.1 MULTISPECIES: shikimate dehydrogenase [Staphylococcus],G,0.03363807499408722, 0.024179368590315182
WP_000666757.1 MULTISPECIES: shikimate dehydrogenase [Staphylococcus],A,0.028917651623487473, 0.02369313769870334
WP_000666757.1 MULTISPECIES: shikimate dehydrogenase [Staphylococcus],G,0.0332086980342865, 0.02986790405379401
WP_000666757.1 MULTISPECIES: shikimate dehydrogenase [Staphylococcus],G,0.042621713131666183, 0.03049590904265642
WP_000666757.1 MULTISPECIES: shikimate dehydrogenase [Staphylococcus],A,0.01824479177594185, 0.02998965202520291
WP_000666757.1 MULTISPECIES: shikimate dehydrogenase [Staphylococcus],S,0.017329702153801918, 0.027668567684789497
WP_000666757.1 MULTISPECIES: shikimate dehydrogenase [Staphylococcus],K,0.06671358644962311, 0.030079729130698576
WP_000666757.1 MULTISPECIES: shikimate dehydrogenase [Staphylococcus],G,0.018678048625588417, 0.031725644340945616
WP_000666757.1 MULTISPECIES: shikimate dehydrogenase [Staphylococcus],I,0.010554601438343525, 0.02840736580805646
WP_000666757.1 MULTISPECIES: shikimate dehydrogenase [Staphylococcus],A,0.012748315930366516, 0.03210775378263659
WP_000666757.1 MULTISPECIES: shikimate dehydrogenase [Staphylococcus],Y,0.05061810463666916, 0.04571363878332906
WP_000666757.1 MULTISPECIES: shikimate dehydrogenase [Staphylococcus],E,0.04802193492650986, 0.050453406758606434
WP_000666757.1 MULTISPECIES: shikimate dehydrogenase [Staphylococcus],L,0.012757206335663795, 0.060924375533229776
WP_000666757.1 MULTISPECIES: shikimate dehydrogenase [Staphylococcus],A,0.05154828354716301, 0.07898329426017073
WP_000666757.1 MULTISPECIES: shikimate dehydrogenase [Staphylococcus],K,0.13978266716003418, 0.0862566570027007
WP_000666757.1 MULTISPECIES: shikimate dehydrogenase [Staphylococcus],F,0.10937149822711945, 0.10043726012938553
WP_000666757.1 MULTISPECIES: shikimate dehydrogenase [Staphylococcus],V,0.11291676759719849, 0.09777412253121535
WP_000666757.1 MULTISPECIES: shikimate dehydrogenase [Staphylococcus],K,0.17308486998081207, 0.10059780130783717
WP_000666757.1 MULTISPECIES: shikimate dehydrogenase [Staphylococcus],P,0.07820858061313629, 0.09742738140953912
WP_000666757.1 MULTISPECIES: shikimate dehydrogenase [Staphylococcus],K,0.17824353277683258, 0.08293672723488675
WP_000666757.1 MULTISPECIES: shikimate dehydrogenase [Staphylococcus],L,0.024053696542978287, 0.0779825613523523
WP_000666757.1 MULTISPECIES: shikimate dehydrogenase [Staphylococcus],T,0.03817031532526016, 0.07515618856996298
WP_000666757.1 MULTISPECIES: shikimate dehydrogenase [Staphylococcus],V,0.023014504462480545, 0.06203531918840276
WP_000666757.1 MULTISPECIES: shikimate dehydrogenase [Staphylococcus],A,0.009366779588162899, 0.06748050979028146
WP_000666757.1 MULTISPECIES: shikimate dehydrogenase [Staphylococcus],N,0.06478400528430939, 0.05943853853063451
WP_000666757.1 MULTISPECIES: shikimate dehydrogenase [Staphylococcus],R,0.08747941255569458, 0.07262298123290141
WP_000666757.1 MULTISPECIES: shikimate dehydrogenase [Staphylococcus],T,0.054997045546770096, 0.07231424407412608
WP_000666757.1 MULTISPECIES: shikimate dehydrogenase [Staphylococcus],M,0.12721529603004456, 0.08824197730670373
WP_000666757.1 MULTISPECIES: shikimate dehydrogenase [Staphylococcus],A,0.10586579144001007, 0.10543530972467528
WP_000666757.1 MULTISPECIES: shikimate dehydrogenase [Staphylococcus],R,0.14271368086338043, 0.10977053435312377
WP_000666757.1 MULTISPECIES: shikimate dehydrogenase [Staphylococcus],F,0.035391680896282196, 0.11852302940355407
WP_000666757.1 MULTISPECIES: shikimate dehydrogenase [Staphylococcus],E,0.16636410355567932, 0.1276217210623953
WP_000666757.1 MULTISPECIES: shikimate dehydrogenase [Staphylococcus],S,0.16410677134990692, 0.13159308582544327
WP_000666757.1 MULTISPECIES: shikimate dehydrogenase [Staphylococcus],W,0.10380102694034576, 0.12573817744851112
WP_000666757.1 MULTISPECIES: shikimate dehydrogenase [Staphylococcus],N,0.16625186800956726, 0.12824969035055903
WP_000666757.1 MULTISPECIES: shikimate dehydrogenase [Staphylococcus],L,0.13688527047634125, 0.13356084417965677
WP_000666757.1 MULTISPECIES: shikimate dehydrogenase [Staphylococcus],N,0.1629575788974762, 0.1213832435508569
WP_000666757.1 MULTISPECIES: shikimate dehydrogenase [Staphylococcus],I,0.05317161604762077, 0.11294235909978549
WP_000666757.1 MULTISPECIES: shikimate dehydrogenase [Staphylococcus],N,0.16531729698181152, 0.10710315282146136
WP_000666757.1 MULTISPECIES: shikimate dehydrogenase [Staphylococcus],Q,0.08319206535816193, 0.09898411441180441
WP_000666757.1 MULTISPECIES: shikimate dehydrogenase [Staphylococcus],I,0.05676569789648056, 0.09474687816368209
WP_000666757.1 MULTISPECIES: shikimate dehydrogenase [Staphylococcus],S,0.08813881129026413, 0.07795695236159696
WP_000666757.1 MULTISPECIES: shikimate dehydrogenase [Staphylococcus],L,0.05124817043542862, 0.08199562608367866
WP_000666757.1 MULTISPECIES: shikimate dehydrogenase [Staphylococcus],A,0.09318052232265472, 0.07833393725256126
WP_000666757.1 MULTISPECIES: shikimate dehydrogenase [Staphylococcus],D,0.09875014424324036, 0.08007758669555187
WP_000666757.1 MULTISPECIES: shikimate dehydrogenase [Staphylococcus],A,0.011848246678709984, 0.07608616703914271
WP_000666757.1 MULTISPECIES: shikimate dehydrogenase [Staphylococcus],E,0.0895196795463562, 0.07332579232752323
WP_000666757.1 MULTISPECIES: shikimate dehydrogenase [Staphylococcus],K,0.13236209750175476, 0.08188964281645086
WP_000666757.1 MULTISPECIES: shikimate dehydrogenase [Staphylococcus],Y,0.09888491034507751, 0.07669997732672426
WP_000666757.1 MULTISPECIES: shikimate dehydrogenase [Staphylococcus],L,0.02084292098879814, 0.07609954248699877
WP_000666757.1 MULTISPECIES: shikimate dehydrogenase [Staphylococcus],A,0.06329543888568878, 0.07712190991474523
WP_000666757.1 MULTISPECIES: shikimate dehydrogenase [Staphylococcus],E,0.12832282483577728, 0.06874671723279688
WP_000666757.1 MULTISPECIES: shikimate dehydrogenase [Staphylococcus],F,0.046473532915115356, 0.05575948622491625
WP_000666757.1 MULTISPECIES: shikimate dehydrogenase [Staphylococcus],D,0.09334623068571091, 0.04906411386198468
WP_000666757.1 MULTISPECIES: shikimate dehydrogenase [Staphylococcus],I,0.021049553528428078, 0.049823335061470665
WP_000666757.1 MULTISPECIES: shikimate dehydrogenase [Staphylococcus],V,0.014142945408821106, 0.050687790330913335
WP_000666757.1 MULTISPECIES: shikimate dehydrogenase [Staphylococcus],I,0.015477018430829048, 0.04521834146645334
WP_000666757.1 MULTISPECIES: shikimate dehydrogenase [Staphylococcus],N,0.03862655907869339, 0.04624199287758933
WP_000666757.1 MULTISPECIES: shikimate dehydrogenase [Staphylococcus],T,0.027675911784172058, 0.04556537005636427
WP_000666757.1 MULTISPECIES: shikimate dehydrogenase [Staphylococcus],T,0.07107553631067276, 0.06079949831797017
WP_000666757.1 MULTISPECIES: shikimate dehydrogenase [Staphylococcus],P,0.07909778505563736, 0.0756264997439252
WP_000666757.1 MULTISPECIES: shikimate dehydrogenase [Staphylococcus],A,0.05568639561533928, 0.08802304872208172
WP_000666757.1 MULTISPECIES: shikimate dehydrogenase [Staphylococcus],G,0.08725662529468536, 0.10708198737767008
WP_000666757.1 MULTISPECIES: shikimate dehydrogenase [Staphylococcus],M,0.15815670788288116, 0.12440888376699553
WP_000666757.1 MULTISPECIES: shikimate dehydrogenase [Staphylococcus],A,0.14758595824241638, 0.1364011950790882
WP_000666757.1 MULTISPECIES: shikimate dehydrogenase [Staphylococcus],G,0.12704595923423767, 0.13979250813523927
WP_000666757.1 MULTISPECIES: shikimate dehydrogenase [Staphylococcus],N,0.21015700697898865, 0.14745596134000355
WP_000666757.1 MULTISPECIES: shikimate dehydrogenase [Staphylococcus],N,0.1836179792881012, 0.1420164273844825
WP_000666757.1 MULTISPECIES: shikimate dehydrogenase [Staphylococcus],E,0.17900633811950684, 0.13404814567830828
WP_000666757.1 MULTISPECIES: shikimate dehydrogenase [Staphylococcus],S,0.10961960256099701, 0.12199259259634548
WP_000666757.1 MULTISPECIES: shikimate dehydrogenase [Staphylococcus],I,0.12465747445821762, 0.12467184952563709
WP_000666757.1 MULTISPECIES: shikimate dehydrogenase [Staphylococcus],I,0.03830081969499588, 0.11144104889697498
WP_000666757.1 MULTISPECIES: shikimate dehydrogenase [Staphylococcus],N,0.08644217252731323, 0.09426478772527641
WP_000666757.1 MULTISPECIES: shikimate dehydrogenase [Staphylococcus],L,0.039085980504751205, 0.08206229305101766
WP_000666757.1 MULTISPECIES: shikimate dehydrogenase [Staphylococcus],K,0.15115927159786224, 0.08030630379087395
WP_000666757.1 MULTISPECIES: shikimate dehydrogenase [Staphylococcus],H,0.09107980132102966, 0.08294355848597156
WP_000666757.1 MULTISPECIES: shikimate dehydrogenase [Staphylococcus],L,0.029031628742814064, 0.08294997260802323
WP_000666757.1 MULTISPECIES: shikimate dehydrogenase [Staphylococcus],S,0.06918388605117798, 0.07746017206874159
WP_000666757.1 MULTISPECIES: shikimate dehydrogenase [Staphylococcus],P,0.09381569921970367, 0.07473641354590654
WP_000666757.1 MULTISPECIES: shikimate dehydrogenase [Staphylococcus],N,0.14839276671409607, 0.059940266215966806
WP_000666757.1 MULTISPECIES: shikimate dehydrogenase [Staphylococcus],T,0.038358546793460846, 0.05546751918478145
WP_000666757.1 MULTISPECIES: shikimate dehydrogenase [Staphylococcus],L,0.037033967673778534, 0.05649620035870208
WP_000666757.1 MULTISPECIES: shikimate dehydrogenase [Staphylococcus],M,0.01457215379923582, 0.05551339261647728
WP_000666757.1 MULTISPECIES: shikimate dehydrogenase [Staphylococcus],S,0.017993945628404617, 0.05909257040669521
WP_000666757.1 MULTISPECIES: shikimate dehydrogenase [Staphylococcus],D,0.050825078040361404, 0.059853105805814266
WP_000666757.1 MULTISPECIES: shikimate dehydrogenase [Staphylococcus],I,0.03828975930809975, 0.07094495815949307
WP_000666757.1 MULTISPECIES: shikimate dehydrogenase [Staphylococcus],V,0.060338616371154785, 0.08858481121973859
WP_000666757.1 MULTISPECIES: shikimate dehydrogenase [Staphylococcus],Y,0.12602829933166504, 0.09619715271724595
WP_000666757.1 MULTISPECIES: shikimate dehydrogenase [Staphylococcus],I,0.1552375853061676, 0.09918956499960688
WP_000666757.1 MULTISPECIES: shikimate dehydrogenase [Staphylococcus],P,0.13818521797657013, 0.10490314745240742
WP_000666757.1 MULTISPECIES: shikimate dehydrogenase [Staphylococcus],Y,0.19579264521598816, 0.10386902300847901
WP_000666757.1 MULTISPECIES: shikimate dehydrogenase [Staphylococcus],K,0.08308322727680206, 0.09897659884558783
WP_000666757.1 MULTISPECIES: shikimate dehydrogenase [Staphylococcus],T,0.04492565616965294, 0.09595511605342229
WP_000666757.1 MULTISPECIES: shikimate dehydrogenase [Staphylococcus],P,0.10224732011556625, 0.08593701819578807
WP_000666757.1 MULTISPECIES: shikimate dehydrogenase [Staphylococcus],I,0.02898263931274414, 0.072249214992755
WP_000666757.1 MULTISPECIES: shikimate dehydrogenase [Staphylococcus],L,0.0163067989051342, 0.0643739877268672
WP_000666757.1 MULTISPECIES: shikimate dehydrogenase [Staphylococcus],E,0.09883495420217514, 0.07198663666430447
WP_000666757.1 MULTISPECIES: shikimate dehydrogenase [Staphylococcus],E,0.06507470458745956, 0.07660960147364272
WP_000666757.1 MULTISPECIES: shikimate dehydrogenase [Staphylococcus],A,0.014994989149272442, 0.07279935717168781
WP_000666757.1 MULTISPECIES: shikimate dehydrogenase [Staphylococcus],E,0.12491559982299805, 0.07455618089685838
WP_000666757.1 MULTISPECIES: shikimate dehydrogenase [Staphylococcus],R,0.1515970677137375, 0.09099873186399539
WP_000666757.1 MULTISPECIES: shikimate dehydrogenase [Staphylococcus],K,0.0865323394536972, 0.08484122229533063
WP_000666757.1 MULTISPECIES: shikimate dehydrogenase [Staphylococcus],G,0.0679551213979721, 0.08439048948801225
WP_000666757.1 MULTISPECIES: shikimate dehydrogenase [Staphylococcus],N,0.044794052839279175, 0.09261748401655091
WP_000666757.1 MULTISPECIES: shikimate dehydrogenase [Staphylococcus],H,0.16428975760936737, 0.08253299900227123
WP_000666757.1 MULTISPECIES: shikimate dehydrogenase [Staphylococcus],I,0.043417368084192276, 0.07097991224792269
WP_000666757.1 MULTISPECIES: shikimate dehydrogenase [Staphylococcus],Y,0.06101810932159424, 0.06809048685762617
WP_000666757.1 MULTISPECIES: shikimate dehydrogenase [Staphylococcus],N,0.0890379399061203, 0.06290271029704148
WP_000666757.1 MULTISPECIES: shikimate dehydrogenase [Staphylococcus],G,0.034155234694480896, 0.060794251039624214
WP_000666757.1 MULTISPECIES: shikimate dehydrogenase [Staphylococcus],L,0.0476192869246006, 0.04355380042559571
WP_000666757.1 MULTISPECIES: shikimate dehydrogenase [Staphylococcus],D,0.060527510941028595, 0.0430545217047135
WP_000666757.1 MULTISPECIES: shikimate dehydrogenase [Staphylococcus],M,0.02126513235270977, 0.04221474648349815
WP_000666757.1 MULTISPECIES: shikimate dehydrogenase [Staphylococcus],F,0.02581791952252388, 0.033316374859876104
WP_000666757.1 MULTISPECIES: shikimate dehydrogenase [Staphylococcus],V,0.00912570208311081, 0.030804512401421864
WP_000666757.1 MULTISPECIES: shikimate dehydrogenase [Staphylococcus],Y,0.03892385959625244, 0.0292408164176676
WP_000666757.1 MULTISPECIES: shikimate dehydrogenase [Staphylococcus],Q,0.05346013233065605, 0.02405555670460065
WP_000666757.1 MULTISPECIES: shikimate dehydrogenase [Staphylococcus],G,0.008952595293521881, 0.022997221185101405
WP_000666757.1 MULTISPECIES: shikimate dehydrogenase [Staphylococcus],A,0.011548472568392754, 0.02844267048769527
WP_000666757.1 MULTISPECIES: shikimate dehydrogenase [Staphylococcus],E,0.033546023070812225, 0.03444827886091338
WP_000666757.1 MULTISPECIES: shikimate dehydrogenase [Staphylococcus],S,0.013860173523426056, 0.03534246194693777
WP_000666757.1 MULTISPECIES: shikimate dehydrogenase [Staphylococcus],F,0.01174011267721653, 0.034901992314391665
WP_000666757.1 MULTISPECIES: shikimate dehydrogenase [Staphylococcus],K,0.07482696324586868, 0.04397173557016584
WP_000666757.1 MULTISPECIES: shikimate dehydrogenase [Staphylococcus],I,0.06317617744207382, 0.0558909982856777
WP_000666757.1 MULTISPECIES: shikimate dehydrogenase [Staphylococcus],W,0.046971507370471954, 0.06677589668995804
WP_000666757.1 MULTISPECIES: shikimate dehydrogenase [Staphylococcus],T,0.04949590563774109, 0.06643840877546205
WP_000666757.1 MULTISPECIES: shikimate dehydrogenase [Staphylococcus],N,0.0905802845954895, 0.07107773112754028
WP_000666757.1 MULTISPECIES: shikimate dehydrogenase [Staphylococcus],K,0.11882183700799942, 0.06827817381256157
WP_000666757.1 MULTISPECIES: shikimate dehydrogenase [Staphylococcus],D,0.13151010870933533, 0.07208688743412495
WP_000666757.1 MULTISPECIES: shikimate dehydrogenase [Staphylococcus],A,0.010822782292962074, 0.07102156740923722
WP_000666757.1 MULTISPECIES: shikimate dehydrogenase [Staphylococcus],D,0.05349401384592056, 0.06634688755083415
WP_000666757.1 MULTISPECIES: shikimate dehydrogenase [Staphylococcus],I,0.04963094741106033, 0.06611316780456239
WP_000666757.1 MULTISPECIES: shikimate dehydrogenase [Staphylococcus],N,0.09745460003614426, 0.061783322495304875
WP_000666757.1 MULTISPECIES: shikimate dehydrogenase [Staphylococcus],S,0.03738362714648247, 0.04963912571676903
WP_000666757.1 MULTISPECIES: shikimate dehydrogenase [Staphylococcus],M,0.007423786912113428, 0.04962755082589057
WP_000666757.1 MULTISPECIES: shikimate dehydrogenase [Staphylococcus],K,0.08847680687904358, 0.056375082220054336
WP_000666757.1 MULTISPECIES: shikimate dehydrogenase [Staphylococcus],T,0.07985322922468185, 0.06048202354253994
WP_000666757.1 MULTISPECIES: shikimate dehydrogenase [Staphylococcus],A,0.02221233770251274, 0.05759153189137578
WP_000666757.1 MULTISPECIES: shikimate dehydrogenase [Staphylococcus],V,0.010718608275055885, 0.05935148899960849
WP_000666757.1 MULTISPECIES: shikimate dehydrogenase [Staphylococcus],L,0.11422179639339447, 0.07171827327046129
WP_000666757.1 MULTISPECIES: shikimate dehydrogenase [Staphylococcus],Q,0.08659341931343079, 0.07356179774635369
WP_000666757.1 MULTISPECIES: shikimate dehydrogenase [Staphylococcus],Q,0.07144017517566681, 0.07428652648296621
WP_000666757.1 MULTISPECIES: shikimate dehydrogenase [Staphylococcus],L,0.05322324112057686, 0.07181848896046479
WP_000666757.1 MULTISPECIES: shikimate dehydrogenase [Staphylococcus],K,0.11872484534978867, 0.07062753248545858
WP_000666757.1 MULTISPECIES: shikimate dehydrogenase [Staphylococcus],G,0.10506852716207504, 0.057936221775081426
WP_000666757.1 MULTISPECIES: shikimate dehydrogenase [Staphylococcus],E,0.08637578785419464, 0.04831473074025578
ACL82859.1 glycerol kinase partial [Staphylococcus aureus],G,0.05607170611619949, 0.04092525069912275
ACL82859.1 glycerol kinase partial [Staphylococcus aureus],A,0.05733077600598335, 0.04868497078617414
ACL82859.1 glycerol kinase partial [Staphylococcus aureus],D,0.09852007776498795, 0.05619073369436794
ACL82859.1 glycerol kinase partial [Staphylococcus aureus],W,0.10085992515087128, 0.058214480264319315
ACL82859.1 glycerol kinase partial [Staphylococcus aureus],I,0.05554477125406265, 0.06018117463423146
ACL82859.1 glycerol kinase partial [Staphylococcus aureus],V,0.06983748078346252, 0.05601377288500468
ACL82859.1 glycerol kinase partial [Staphylococcus aureus],I,0.0675518661737442, 0.05792621316181289
ACL82859.1 glycerol kinase partial [Staphylococcus aureus],T,0.018213719129562378, 0.048974128233061895
ACL82859.1 glycerol kinase partial [Staphylococcus aureus],A,0.017700249329209328, 0.03936170507222414
ACL82859.1 glycerol kinase partial [Staphylococcus aureus],G,0.018565090373158455, 0.034856708720326424
ACL82859.1 glycerol kinase partial [Staphylococcus aureus],W,0.07454273849725723, 0.031183798073066607
ACL82859.1 glycerol kinase partial [Staphylococcus aureus],G,0.01795131340622902, 0.02510128863569763
ACL82859.1 glycerol kinase partial [Staphylococcus aureus],L,0.01434811670333147, 0.024618907417688105
ACL82859.1 glycerol kinase partial [Staphylococcus aureus],A,0.014999804086983204, 0.024823120174308617
ACL82859.1 glycerol kinase partial [Staphylococcus aureus],V,0.03678128495812416, 0.026860594232049253
ACL82859.1 glycerol kinase partial [Staphylococcus aureus],T,0.01280928123742342, 0.022157926836775407
ACL82859.1 glycerol kinase partial [Staphylococcus aureus],M,0.013872288167476654, 0.022036480717360973
ACL82859.1 glycerol kinase partial [Staphylococcus aureus],G,0.019538164138793945, 0.023051990196108818
ACL82859.1 glycerol kinase partial [Staphylococcus aureus],V,0.03690235689282417, 0.03040737420734432
ACL82859.1 glycerol kinase partial [Staphylococcus aureus],F,0.03221873193979263, 0.03520082402974367
ACL82859.1 glycerol kinase partial [Staphylococcus aureus],A,0.0168582983314991, 0.04035454326205783
ACL82859.1 glycerol kinase partial [Staphylococcus aureus],V,0.023487702012062073, 0.04221801149348418
ACL82859.1 glycerol kinase partial [Staphylococcus aureus],G,0.08119826018810272, 0.04657852711776892
ACL82859.1 glycerol kinase partial [Staphylococcus aureus],Q,0.07992233335971832, 0.04408279351062245
ACL82859.1 glycerol kinase partial [Staphylococcus aureus],F,0.059192754328250885, 0.04491163252128495
ACL82859.1 glycerol kinase partial [Staphylococcus aureus],S,0.03064350225031376, 0.04440095637821489
ACL82859.1 glycerol kinase partial [Staphylococcus aureus],G,0.058782804757356644, 0.046853764500055045
ACL82859.1 glycerol kinase partial [Staphylococcus aureus],A,0.014440754428505898, 0.04139324805388848
ACL82859.1 glycerol kinase partial [Staphylococcus aureus],H,0.03967828303575516, 0.034013069027827844
ACL82859.1 glycerol kinase partial [Staphylococcus aureus],L,0.012262213043868542, 0.029917083370188873
ACL82859.1 glycerol kinase partial [Staphylococcus aureus],N,0.045562975108623505, 0.03434218083404832
ACL82859.1 glycerol kinase partial [Staphylococcus aureus],P,0.03205361217260361, 0.028799704586466152
ACL82859.1 glycerol kinase partial [Staphylococcus aureus],A,0.013500722125172615, 0.03109452211194568
ACL82859.1 glycerol kinase partial [Staphylococcus aureus],V,0.022328883409500122, 0.03494115173816681
ACL82859.1 glycerol kinase partial [Staphylococcus aureus],S,0.07046937942504883, 0.036524795099265046
ACL82859.1 glycerol kinase partial [Staphylococcus aureus],L,0.008900518529117107, 0.03366324440058735
ACL82859.1 glycerol kinase partial [Staphylococcus aureus],A,0.035094112157821655, 0.039475805747012295
ACL82859.1 glycerol kinase partial [Staphylococcus aureus],L,0.0742979496717453, 0.04451526359965404
ACL82859.1 glycerol kinase partial [Staphylococcus aureus],A,0.02651500329375267, 0.0601299519961079
ACL82859.1 glycerol kinase partial [Staphylococcus aureus],L,0.019809018820524216, 0.05902587529271841
ACL82859.1 glycerol kinase partial [Staphylococcus aureus],D,0.08436666429042816, 0.06662691839867169
ACL82859.1 glycerol kinase partial [Staphylococcus aureus],G,0.05885584279894829, 0.0683527650932471
ACL82859.1 glycerol kinase partial [Staphylococcus aureus],S,0.16286107897758484, 0.07076056177417438
ACL82859.1 glycerol kinase partial [Staphylococcus aureus],F,0.06053268909454346, 0.07516245626740986
ACL82859.1 glycerol kinase partial [Staphylococcus aureus],D,0.07730990648269653, 0.07479020642737548
ACL82859.1 glycerol kinase partial [Staphylococcus aureus],W,0.0506267324090004, 0.06989384463263883
ACL82859.1 glycerol kinase partial [Staphylococcus aureus],S,0.09596811980009079, 0.06846371727685134
ACL82859.1 glycerol kinase partial [Staphylococcus aureus],L,0.06613205373287201, 0.05375992403262191
ACL82859.1 glycerol kinase partial [Staphylococcus aureus],V,0.016458770260214806, 0.048346803109678954
ACL82859.1 glycerol kinase partial [Staphylococcus aureus],P,0.04029940813779831, 0.04173698783334759
ACL82859.1 glycerol kinase partial [Staphylococcus aureus],G,0.045984696596860886, 0.03798418626603153
ACL82859.1 glycerol kinase partial [Staphylococcus aureus],Y,0.030526939779520035, 0.03174047927475638
ACL82859.1 glycerol kinase partial [Staphylococcus aureus],I,0.01181460078805685, 0.02639667493187719
ACL82859.1 glycerol kinase partial [Staphylococcus aureus],V,0.017821568995714188, 0.02621330041438341
ACL82859.1 glycerol kinase partial [Staphylococcus aureus],A,0.0168515183031559, 0.02327743245081769
ACL82859.1 glycerol kinase partial [Staphylococcus aureus],Q,0.039774756878614426, 0.020002091406948037
ACL82859.1 glycerol kinase partial [Staphylococcus aureus],M,0.018037814646959305, 0.01855112560507324
ACL82859.1 glycerol kinase partial [Staphylococcus aureus],L,0.014808399602770805, 0.019124825588530965
ACL82859.1 glycerol kinase partial [Staphylococcus aureus],G,0.013876596465706825, 0.01938711106777191
ACL82859.1 glycerol kinase partial [Staphylococcus aureus],A,0.016506627202033997, 0.019424987335999806
ACL82859.1 glycerol kinase partial [Staphylococcus aureus],I,0.017468247562646866, 0.017884366007314786
ACL82859.1 glycerol kinase partial [Staphylococcus aureus],V,0.01697790063917637, 0.018238927341169782
ACL82859.1 glycerol kinase partial [Staphylococcus aureus],G,0.020182138308882713, 0.018727018394403987
ACL82859.1 glycerol kinase partial [Staphylococcus aureus],A,0.017192404717206955, 0.028119920442501705
ACL82859.1 glycerol kinase partial [Staphylococcus aureus],T,0.025909164920449257, 0.03137585644920667
ACL82859.1 glycerol kinase partial [Staphylococcus aureus],I,0.021228866651654243, 0.036978349917464785
ACL82859.1 glycerol kinase partial [Staphylococcus aureus],V,0.019201219081878662, 0.045910984070764646
ACL82859.1 glycerol kinase partial [Staphylococcus aureus],W,0.09841271489858627, 0.05512352536122004
ACL82859.1 glycerol kinase partial [Staphylococcus aureus],L,0.04581005126237869, 0.06276940844125217
ACL82859.1 glycerol kinase partial [Staphylococcus aureus],M,0.06789068877696991, 0.0770161956962612
ACL82859.1 glycerol kinase partial [Staphylococcus aureus],Y,0.09737160801887512, 0.0809038703640302
ACL82859.1 glycerol kinase partial [Staphylococcus aureus],L,0.10309500992298126, 0.09727005577749676
ACL82859.1 glycerol kinase partial [Staphylococcus aureus],P,0.08600535243749619, 0.0998634464210934
ACL82859.1 glycerol kinase partial [Staphylococcus aureus],H,0.1541302502155304, 0.10503524790207545
ACL82859.1 glycerol kinase partial [Staphylococcus aureus],W,0.05621793866157532, 0.1175838667485449
ACL82859.1 glycerol kinase partial [Staphylococcus aureus],K,0.1664968878030777, 0.12053229825364219
ACL82859.1 glycerol kinase partial [Staphylococcus aureus],A,0.12175323069095612, 0.12646684795618057
ACL82859.1 glycerol kinase partial [Staphylococcus aureus],T,0.09235626459121704, 0.1326304574807485
ACL82859.1 glycerol kinase partial [Staphylococcus aureus],E,0.180828258395195, 0.1299548629257414
ACL82859.1 glycerol kinase partial [Staphylococcus aureus],E,0.12390749156475067, 0.1411560078461965
ACL82859.1 glycerol kinase partial [Staphylococcus aureus],A,0.15650595724582672, 0.13552267187171513
ACL82859.1 glycerol kinase partial [Staphylococcus aureus],G,0.14147783815860748, 0.13210872312386832
ACL82859.1 glycerol kinase partial [Staphylococcus aureus],A,0.1300498992204666, 0.127161910964383
ACL82859.1 glycerol kinase partial [Staphylococcus aureus],K,0.15702824294567108, 0.11459471450911628
ACL82859.1 glycerol kinase partial [Staphylococcus aureus],L,0.11579686403274536, 0.10665020843346913
ACL82859.1 glycerol kinase partial [Staphylococcus aureus],G,0.09102769196033478, 0.09592899142040147
ACL82859.1 glycerol kinase partial [Staphylococcus aureus],V,0.04783495515584946, 0.08815829745597309
ACL82859.1 glycerol kinase partial [Staphylococcus aureus],F,0.06772349029779434, 0.0817901264462206
ACL82859.1 glycerol kinase partial [Staphylococcus aureus],S,0.05240693688392639, 0.07357639777991506
ACL82859.1 glycerol kinase partial [Staphylococcus aureus],T,0.0600150041282177, 0.07189807668328285
ACL82859.1 glycerol kinase partial [Staphylococcus aureus],A,0.07154159247875214, 0.0802919322417842
ACL82859.1 glycerol kinase partial [Staphylococcus aureus],P,0.07273636013269424, 0.08600889601641232
ACL82859.1 glycerol kinase partial [Staphylococcus aureus],A,0.0831046849489212, 0.08915731269452307
ACL82859.1 glycerol kinase partial [Staphylococcus aureus],I,0.10069197416305542, 0.0896303661995464
ACL82859.1 glycerol kinase partial [Staphylococcus aureus],K,0.16657239198684692, 0.08880025438136524
ACL82859.1 glycerol kinase partial [Staphylococcus aureus],N,0.09928762912750244, 0.08536510003937615
ACL82859.1 glycerol kinase partial [Staphylococcus aureus],Y,0.09605924040079117, 0.07901637473454078
ACL82859.1 glycerol kinase partial [Staphylococcus aureus],F,0.056664418429136276, 0.0726533295172784
ACL82859.1 glycerol kinase partial [Staphylococcus aureus],A,0.0525439977645874, 0.0648105073099335
ACL82859.1 glycerol kinase partial [Staphylococcus aureus],N,0.040625203400850296, 0.05326659263422092
ACL82859.1 glycerol kinase partial [Staphylococcus aureus],F,0.015597832389175892, 0.04344274279557996
ACL82859.1 glycerol kinase partial [Staphylococcus aureus],L,0.025837277993559837, 0.03414385051776966
ACL82859.1 glycerol kinase partial [Staphylococcus aureus],S,0.030106574296951294, 0.030468051735725667
ACL82859.1 glycerol kinase partial [Staphylococcus aureus],E,0.06267715990543365, 0.02715130015793774
ACL82859.1 glycerol kinase partial [Staphylococcus aureus],I,0.010872980579733849, 0.02402092030064927
ACL82859.1 glycerol kinase partial [Staphylococcus aureus],I,0.01236920990049839, 0.024387291943033535
ACL82859.1 glycerol kinase partial [Staphylococcus aureus],G,0.023582229390740395, 0.02842231136229303
ACL82859.1 glycerol kinase partial [Staphylococcus aureus],T,0.02269323356449604, 0.026461409818794992
ACL82859.1 glycerol kinase partial [Staphylococcus aureus],M,0.012451784685254097, 0.02101751644578245
ACL82859.1 glycerol kinase partial [Staphylococcus aureus],A,0.01889517717063427, 0.022841029283073213
ACL82859.1 glycerol kinase partial [Staphylococcus aureus],L,0.062152452766895294, 0.024591926899221208
ACL82859.1 glycerol kinase partial [Staphylococcus aureus],T,0.01245846040546894, 0.02567532306743993
ACL82859.1 glycerol kinase partial [Staphylococcus aureus],L,0.01368211954832077, 0.02842096984386444
ACL82859.1 glycerol kinase partial [Staphylococcus aureus],G,0.027284596115350723, 0.03223384896086322
ACL82859.1 glycerol kinase partial [Staphylococcus aureus],I,0.028127288445830345, 0.03739781098233329
ACL82859.1 glycerol kinase partial [Staphylococcus aureus],L,0.03333279490470886, 0.03960894876056247
ACL82859.1 glycerol kinase partial [Staphylococcus aureus],F,0.047404054552316666, 0.051796740748816066
ACL82859.1 glycerol kinase partial [Staphylococcus aureus],I,0.0467676967382431, 0.06588518350488609
ACL82859.1 glycerol kinase partial [Staphylococcus aureus],G,0.0653708353638649, 0.07769219432440069
ACL82859.1 glycerol kinase partial [Staphylococcus aureus],V,0.08205269277095795, 0.08748292881581518
ACL82859.1 glycerol kinase partial [Staphylococcus aureus],N,0.12214858829975128, 0.10263928398489952
ACL82859.1 glycerol kinase partial [Staphylococcus aureus],K,0.14047810435295105, 0.10782810383372837
ACL82859.1 glycerol kinase partial [Staphylococcus aureus],I,0.13354769349098206, 0.11034371869431601
ACL82859.1 glycerol kinase partial [Staphylococcus aureus],A,0.11624389886856079, 0.12209764619668324
ACL82859.1 glycerol kinase partial [Staphylococcus aureus],D,0.1697399914264679, 0.12115738375319375
ACL82859.1 glycerol kinase partial [Staphylococcus aureus],G,0.09410343319177628, 0.10939033039742047
ACL82859.1 glycerol kinase partial [Staphylococcus aureus],L,0.06940823048353195, 0.09930269875460201
ACL82859.1 glycerol kinase partial [Staphylococcus aureus],N,0.17115618288516998, 0.09386445871657795
ACL82859.1 glycerol kinase partial [Staphylococcus aureus],P,0.07359033077955246, 0.08694438015421231
ACL82859.1 glycerol kinase partial [Staphylococcus aureus],L,0.016245108097791672, 0.06946595944464207
ACL82859.1 glycerol kinase partial [Staphylococcus aureus],I,0.04968941956758499, 0.061794412011901535
ACL82859.1 glycerol kinase partial [Staphylococcus aureus],V,0.08460353314876556, 0.05855984675387541
ACL82859.1 glycerol kinase partial [Staphylococcus aureus],G,0.05396319180727005, 0.04113000103582939
ACL82859.1 glycerol kinase partial [Staphylococcus aureus],A,0.012434205040335655, 0.034837545516590275
ACL82859.1 glycerol kinase partial [Staphylococcus aureus],L,0.02505950629711151, 0.036871684818632074
ACL82859.1 glycerol kinase partial [Staphylococcus aureus],I,0.040297143161296844, 0.036155626074307494
ACL82859.1 glycerol kinase partial [Staphylococcus aureus],V,0.014287571422755718, 0.028728360413677163
ACL82859.1 glycerol kinase partial [Staphylococcus aureus],A,0.01695823110640049, 0.025314149860706594
ACL82859.1 glycerol kinase partial [Staphylococcus aureus],I,0.03455236181616783, 0.02833173455049594
ACL82859.1 glycerol kinase partial [Staphylococcus aureus],G,0.04324489086866379, 0.030412225156194635
ACL82859.1 glycerol kinase partial [Staphylococcus aureus],L,0.017758142203092575, 0.02959438816954692
ACL82859.1 glycerol kinase partial [Staphylococcus aureus],S,0.023235296830534935, 0.03240244545870357
ACL82859.1 glycerol kinase partial [Staphylococcus aureus],L,0.03959246724843979, 0.034112570393416614
ACL82859.1 glycerol kinase partial [Staphylococcus aureus],G,0.043783921748399734, 0.034477572681175336
ACL82859.1 glycerol kinase partial [Staphylococcus aureus],G,0.03293661028146744, 0.03715389490955406
ACL82859.1 glycerol kinase partial [Staphylococcus aureus],A,0.03956008702516556, 0.039830905488795705
ACL82859.1 glycerol kinase partial [Staphylococcus aureus],T,0.0323493555188179, 0.03885748258067502
ACL82859.1 glycerol kinase partial [Staphylococcus aureus],G,0.03783738240599632, 0.039383512197269335
ACL82859.1 glycerol kinase partial [Staphylococcus aureus],Y,0.06733179092407227, 0.03815603111353186
ACL82859.1 glycerol kinase partial [Staphylococcus aureus],A,0.041851237416267395, 0.036024837754666805
ACL82859.1 glycerol kinase partial [Staphylococcus aureus],I,0.014474490657448769, 0.036360654048621655
ACL82859.1 glycerol kinase partial [Staphylococcus aureus],N,0.04432673379778862, 0.03276628121319744
ACL82859.1 glycerol kinase partial [Staphylococcus aureus],P,0.03273659199476242, 0.028562127612531185
ACL82859.1 glycerol kinase partial [Staphylococcus aureus],A,0.013755870051681995, 0.02108081750985649
ACL82859.1 glycerol kinase partial [Staphylococcus aureus],R,0.0425824336707592, 0.01643068001916011
QZA65517.1 phosphate acetyltransferase [Staphylococcus aureus],M,0.07491276413202286, 0.04358163227637609
QZA65517.1 phosphate acetyltransferase [Staphylococcus aureus],A,0.1143849715590477, 0.05948577241765128
QZA65517.1 phosphate acetyltransferase [Staphylococcus aureus],D,0.09867330640554428, 0.07263538075817956
QZA65517.1 phosphate acetyltransferase [Staphylococcus aureus],L,0.04414167255163193, 0.07463844327463044
QZA65517.1 phosphate acetyltransferase [Staphylococcus aureus],L,0.06012197583913803, 0.08599445016847716
QZA65517.1 phosphate acetyltransferase [Staphylococcus aureus],N,0.14313726127147675, 0.09591932801736726
QZA65517.1 phosphate acetyltransferase [Staphylococcus aureus],V,0.11834647506475449, 0.09304456536968549
QZA65517.1 phosphate acetyltransferase [Staphylococcus aureus],L,0.018027562648057938, 0.08492692684133847
QZA65517.1 phosphate acetyltransferase [Staphylococcus aureus],K,0.10220406204462051, 0.10238011305530866
QZA65517.1 phosphate acetyltransferase [Staphylococcus aureus],D,0.1642366647720337, 0.11465609446167946
QZA65517.1 phosphate acetyltransferase [Staphylococcus aureus],K,0.0885121077299118, 0.1168680228292942
QZA65517.1 phosphate acetyltransferase [Staphylococcus aureus],L,0.025614559650421143, 0.12495648322833909
QZA65517.1 phosphate acetyltransferase [Staphylococcus aureus],S,0.2012203484773636, 0.13126357975933287
QZA65517.1 phosphate acetyltransferase [Staphylococcus aureus],G,0.17060580849647522, 0.1290163372953733
QZA65517.1 phosphate acetyltransferase [Staphylococcus aureus],K,0.16304461658000946, 0.11165498279862934
QZA65517.1 phosphate acetyltransferase [Staphylococcus aureus],N,0.19114261865615845, 0.10261358724286158
QZA65517.1 phosphate acetyltransferase [Staphylococcus aureus],V,0.07479143142700195, 0.10181899979296657
QZA65517.1 phosphate acetyltransferase [Staphylococcus aureus],K,0.08197887986898422, 0.08477283672740062
QZA65517.1 phosphate acetyltransferase [Staphylococcus aureus],I,0.007984474301338196, 0.07492766270620956
QZA65517.1 phosphate acetyltransferase [Staphylococcus aureus],V,0.007139547728002071, 0.0595814808168345
QZA65517.1 phosphate acetyltransferase [Staphylococcus aureus],L,0.018463272601366043, 0.047553234526680574
QZA65517.1 phosphate acetyltransferase [Staphylococcus aureus],P,0.047804880887269974, 0.04705415490186877
QZA65517.1 phosphate acetyltransferase [Staphylococcus aureus],E,0.08199924230575562, 0.052162295310861535
QZA65517.1 phosphate acetyltransferase [Staphylococcus aureus],G,0.024928979575634003, 0.061052722132040396
QZA65517.1 phosphate acetyltransferase [Staphylococcus aureus],E,0.0828884020447731, 0.06129589293979936
QZA65517.1 phosphate acetyltransferase [Staphylococcus aureus],D,0.07029971480369568, 0.06035731525884734
QZA65517.1 phosphate acetyltransferase [Staphylococcus aureus],E,0.12795214354991913, 0.06609801451365153
QZA65517.1 phosphate acetyltransferase [Staphylococcus aureus],R,0.08799831569194794, 0.05838722073369556
QZA65517.1 phosphate acetyltransferase [Staphylococcus aureus],V,0.009328084997832775, 0.05681548619435893
QZA65517.1 phosphate acetyltransferase [Staphylococcus aureus],L,0.01001607347279787, 0.05558487628069189
QZA65517.1 phosphate acetyltransferase [Staphylococcus aureus],T,0.09947117418050766, 0.06188888702955511
QZA65517.1 phosphate acetyltransferase [Staphylococcus aureus],A,0.012602098286151886, 0.04944655092226134
QZA65517.1 phosphate acetyltransferase [Staphylococcus aureus],A,0.010783368721604347, 0.05040080472826958
QZA65517.1 phosphate acetyltransferase [Staphylococcus aureus],T,0.07181291282176971, 0.06688857999526793
QZA65517.1 phosphate acetyltransferase [Staphylococcus aureus],Q,0.12703581154346466, 0.07707646033830112
QZA65517.1 phosphate acetyltransferase [Staphylococcus aureus],L,0.015971118584275246, 0.0812590979039669
QZA65517.1 phosphate acetyltransferase [Staphylococcus aureus],Q,0.09658659994602203, 0.08772821848591168
QZA65517.1 phosphate acetyltransferase [Staphylococcus aureus],A,0.15771806240081787, 0.08857805592318375
QZA65517.1 phosphate acetyltransferase [Staphylococcus aureus],T,0.10170699656009674, 0.09890970484250122
QZA65517.1 phosphate acetyltransferase [Staphylococcus aureus],D,0.13711491227149963, 0.08789813642700513
QZA65517.1 phosphate acetyltransferase [Staphylococcus aureus],Y,0.07082418352365494, 0.09205852717989021
QZA65517.1 phosphate acetyltransferase [Staphylococcus aureus],V,0.018431905657052994, 0.0826992600535353
QZA65517.1 phosphate acetyltransferase [Staphylococcus aureus],T,0.16479775309562683, 0.06638652707139651
QZA65517.1 phosphate acetyltransferase [Staphylococcus aureus],P,0.0279316958039999, 0.05694432556629181
QZA65517.1 phosphate acetyltransferase [Staphylococcus aureus],I,0.053414635360240936, 0.05111052758163876
QZA65517.1 phosphate acetyltransferase [Staphylococcus aureus],V,0.012353195808827877, 0.055290992061297096
QZA65517.1 phosphate acetyltransferase [Staphylococcus aureus],L,0.010903465561568737, 0.06973345867461628
QZA65517.1 phosphate acetyltransferase [Staphylococcus aureus],G,0.016727183014154434, 0.06403320075737105
QZA65517.1 phosphate acetyltransferase [Staphylococcus aureus],D,0.08461073040962219, 0.06206864397972822
QZA65517.1 phosphate acetyltransferase [Staphylococcus aureus],E,0.10844836384057999, 0.06812448168380393
QZA65517.1 phosphate acetyltransferase [Staphylococcus aureus],T,0.14841410517692566, 0.07677928565276994
QZA65517.1 phosphate acetyltransferase [Staphylococcus aureus],K,0.11349543184041977, 0.08070535968161291
QZA65517.1 phosphate acetyltransferase [Staphylococcus aureus],V,0.010250684805214405, 0.0809659149704708
QZA65517.1 phosphate acetyltransferase [Staphylococcus aureus],Q,0.1079171746969223, 0.09355352187736167
QZA65517.1 phosphate acetyltransferase [Staphylococcus aureus],S,0.09024643152952194, 0.10244143950856394
QZA65517.1 phosphate acetyltransferase [Staphylococcus aureus],L,0.04623813182115555, 0.09583104681223631
QZA65517.1 phosphate acetyltransferase [Staphylococcus aureus],A,0.01907218061387539, 0.10514333792444733
QZA65517.1 phosphate acetyltransferase [Staphylococcus aureus],Q,0.19789919257164001, 0.11315321901606189
QZA65517.1 phosphate acetyltransferase [Staphylococcus aureus],K,0.18843962252140045, 0.11892891406185097
QZA65517.1 phosphate acetyltransferase [Staphylococcus aureus],L,0.08892057090997696, 0.11511955348153909
QZA65517.1 phosphate acetyltransferase [Staphylococcus aureus],D,0.1973060518503189, 0.12479188479483128
QZA65517.1 phosphate acetyltransferase [Staphylococcus aureus],L,0.08233961462974548, 0.13917549492584336
QZA65517.1 phosphate acetyltransferase [Staphylococcus aureus],D,0.15989843010902405, 0.12185869241754214
QZA65517.1 phosphate acetyltransferase [Staphylococcus aureus],I,0.05596218630671501, 0.12841865047812462
QZA65517.1 phosphate acetyltransferase [Staphylococcus aureus],S,0.13328911364078522, 0.12500671297311783
QZA65517.1 phosphate acetyltransferase [Staphylococcus aureus],N,0.148524671792984, 0.11002893580330743
QZA65517.1 phosphate acetyltransferase [Staphylococcus aureus],I,0.04204796999692917, 0.11729324857393901
QZA65517.1 phosphate acetyltransferase [Staphylococcus aureus],E,0.24747924506664276, 0.10531538600722949
QZA65517.1 phosphate acetyltransferase [Staphylococcus aureus],L,0.05821313336491585, 0.10722293539179696
QZA65517.1 phosphate acetyltransferase [Staphylococcus aureus],I,0.0625060573220253, 0.1036655381321907
QZA65517.1 phosphate acetyltransferase [Staphylococcus aureus],N,0.1477184295654297, 0.09476362582710054
QZA65517.1 phosphate acetyltransferase [Staphylococcus aureus],P,0.05209766700863838, 0.10917437738842434
QZA65517.1 phosphate acetyltransferase [Staphylococcus aureus],A,0.07313013076782227, 0.08888200836049186
QZA65517.1 phosphate acetyltransferase [Staphylococcus aureus],T,0.10127253830432892, 0.09063778031203482
QZA65517.1 phosphate acetyltransferase [Staphylococcus aureus],S,0.06840746104717255, 0.0965539196299182
QZA65517.1 phosphate acetyltransferase [Staphylococcus aureus],E,0.17174473404884338, 0.09482289312614335
QZA65517.1 phosphate acetyltransferase [Staphylococcus aureus],L,0.0648479238152504, 0.09093526688714822
QZA65517.1 phosphate acetyltransferase [Staphylococcus aureus],K,0.07401508092880249, 0.08716868836846617
QZA65517.1 phosphate acetyltransferase [Staphylococcus aureus],A,0.11575131118297577, 0.09120469602445762
QZA65517.1 phosphate acetyltransferase [Staphylococcus aureus],E,0.132139191031456, 0.08854366238746378
QZA65517.1 phosphate acetyltransferase [Staphylococcus aureus],L,0.017109030857682228, 0.07293527387082577
QZA65517.1 phosphate acetyltransferase [Staphylococcus aureus],V,0.03923092409968376, 0.07277459630535708
QZA65517.1 phosphate acetyltransferase [Staphylococcus aureus],Q,0.13759660720825195, 0.08714792691171169
QZA65517.1 phosphate acetyltransferase [Staphylococcus aureus],S,0.04445815831422806, 0.08565290085971355
QZA65517.1 phosphate acetyltransferase [Staphylococcus aureus],F,0.03126923739910126, 0.08282008415295018
QZA65517.1 phosphate acetyltransferase [Staphylococcus aureus],V,0.06340182572603226, 0.11066110307971637
QZA65517.1 phosphate acetyltransferase [Staphylococcus aureus],E,0.20337505638599396, 0.11956878089242512
QZA65517.1 phosphate acetyltransferase [Staphylococcus aureus],R,0.10229607671499252, 0.1279170024726126
QZA65517.1 phosphate acetyltransferase [Staphylococcus aureus],R,0.10664384067058563, 0.12878921545214123
QZA65517.1 phosphate acetyltransferase [Staphylococcus aureus],K,0.2676782011985779, 0.14375519504149756
QZA65517.1 phosphate acetyltransferase [Staphylococcus aureus],G,0.1194000244140625, 0.1626967208253013
QZA65517.1 phosphate acetyltransferase [Staphylococcus aureus],K,0.21273060142993927, 0.16303836305936178
QZA65517.1 phosphate acetyltransferase [Staphylococcus aureus],A,0.05230807512998581, 0.17312082731061512
QZA65517.1 phosphate acetyltransferase [Staphylococcus aureus],T,0.1659630537033081, 0.16441697399649355
QZA65517.1 phosphate acetyltransferase [Staphylococcus aureus],E,0.2338755577802658, 0.14737633222507107
QZA65517.1 phosphate acetyltransferase [Staphylococcus aureus],E,0.20644983649253845, 0.1519597274147802
QZA65517.1 phosphate acetyltransferase [Staphylococcus aureus],Q,0.19303825497627258, 0.13820737786591053
QZA65517.1 phosphate acetyltransferase [Staphylococcus aureus],A,0.028309160843491554, 0.13503925812741122
QZA65517.1 phosphate acetyltransferase [Staphylococcus aureus],Q,0.11431242525577545, 0.12892883001930183
QZA65517.1 phosphate acetyltransferase [Staphylococcus aureus],E,0.1606505811214447, 0.11667394617365466
QZA65517.1 phosphate acetyltransferase [Staphylococcus aureus],L,0.0889594554901123, 0.09987582328418891
QZA65517.1 phosphate acetyltransferase [Staphylococcus aureus],L,0.023794997483491898, 0.08443148165113395
QZA65517.1 phosphate acetyltransferase [Staphylococcus aureus],N,0.11096920073032379, 0.08812478681405385
QZA65517.1 phosphate acetyltransferase [Staphylococcus aureus],N,0.12358160316944122, 0.07730964488453335
QZA65517.1 phosphate acetyltransferase [Staphylococcus aureus],V,0.05526673048734665, 0.06086496036085817
QZA65517.1 phosphate acetyltransferase [Staphylococcus aureus],N,0.054039180278778076, 0.05274298766420947
QZA65517.1 phosphate acetyltransferase [Staphylococcus aureus],Y,0.061548907309770584, 0.053621234786179334
QZA65517.1 phosphate acetyltransferase [Staphylococcus aureus],F,0.016976147890090942, 0.043488690008719764
QZA65517.1 phosphate acetyltransferase [Staphylococcus aureus],G,0.01264842040836811, 0.03218777084516154
QZA65517.1 phosphate acetyltransferase [Staphylococcus aureus],T,0.01586170122027397, 0.03749919289516078
QZA65517.1 phosphate acetyltransferase [Staphylococcus aureus],M,0.03169922158122063, 0.03631691986487971
QZA65517.1 phosphate acetyltransferase [Staphylococcus aureus],L,0.019776297733187675, 0.03530539799895552
QZA65517.1 phosphate acetyltransferase [Staphylococcus aureus],V,0.02187333069741726, 0.04741493922968706
QZA65517.1 phosphate acetyltransferase [Staphylococcus aureus],Y,0.10306952893733978, 0.047757189720869064
QZA65517.1 phosphate acetyltransferase [Staphylococcus aureus],A,0.043398723006248474, 0.05864115142159992
QZA65517.1 phosphate acetyltransferase [Staphylococcus aureus],G,0.05244521051645279, 0.057065407228138715
QZA65517.1 phosphate acetyltransferase [Staphylococcus aureus],K,0.1259620189666748, 0.05811008045242892
QZA65517.1 phosphate acetyltransferase [Staphylococcus aureus],A,0.015728674829006195, 0.05705378846161895
QZA65517.1 phosphate acetyltransferase [Staphylococcus aureus],D,0.11381735652685165, 0.050892924062079854
QZA65517.1 phosphate acetyltransferase [Staphylococcus aureus],G,0.01751752384006977, 0.050502220168709755
QZA65517.1 phosphate acetyltransferase [Staphylococcus aureus],L,0.029178356751799583, 0.04737375945680671
QZA65517.1 phosphate acetyltransferase [Staphylococcus aureus],V,0.012366702780127525, 0.0368215414798922
QZA65517.1 phosphate acetyltransferase [Staphylococcus aureus],S,0.047621749341487885, 0.04306332084039847
QZA65517.1 phosphate acetyltransferase [Staphylococcus aureus],G,0.03988238796591759, 0.03821931510335869
QZA65517.1 phosphate acetyltransferase [Staphylococcus aureus],A,0.02428906410932541, 0.040962989959451884
QZA65517.1 phosphate acetyltransferase [Staphylococcus aureus],A,0.0309920571744442, 0.04520396743383673
QZA65517.1 phosphate acetyltransferase [Staphylococcus aureus],H,0.07190468907356262, 0.05334683797425694
QZA65517.1 phosphate acetyltransferase [Staphylococcus aureus],S,0.07022130489349365, 0.05111630343728595
QZA65517.1 phosphate acetyltransferase [Staphylococcus aureus],T,0.042210597544908524, 0.04870649096038607
QZA65517.1 phosphate acetyltransferase [Staphylococcus aureus],G,0.06734715402126312, 0.05921617315875159
QZA65517.1 phosphate acetyltransferase [Staphylococcus aureus],D,0.08565253764390945, 0.05982690511478318
QZA65517.1 phosphate acetyltransferase [Staphylococcus aureus],T,0.027546938508749008, 0.05318474366019169
QZA65517.1 phosphate acetyltransferase [Staphylococcus aureus],V,0.018194075673818588, 0.04948671586397621
QZA65517.1 phosphate acetyltransferase [Staphylococcus aureus],R,0.11887620389461517, 0.051192276697191924
QZA65517.1 phosphate acetyltransferase [Staphylococcus aureus],P,0.036488644778728485, 0.046110672358837396
QZA65517.1 phosphate acetyltransferase [Staphylococcus aureus],A,0.012125235982239246, 0.039128730797933206
QZA65517.1 phosphate acetyltransferase [Staphylococcus aureus],L,0.03693905472755432, 0.04377439835419258
QZA65517.1 phosphate acetyltransferase [Staphylococcus aureus],Q,0.057560645043849945, 0.04672432535638412
QZA65517.1 phosphate acetyltransferase [Staphylococcus aureus],I,0.02161271497607231, 0.04236677713278267
QZA65517.1 phosphate acetyltransferase [Staphylococcus aureus],I,0.02281506359577179, 0.04930255158493916
QZA65517.1 phosphate acetyltransferase [Staphylococcus aureus],K,0.06935794651508331, 0.05609280905789799
QZA65517.1 phosphate acetyltransferase [Staphylococcus aureus],T,0.04474341869354248, 0.059071792082654104
QZA65517.1 phosphate acetyltransferase [Staphylococcus aureus],K,0.07965826988220215, 0.06431215297844675
QZA65517.1 phosphate acetyltransferase [Staphylococcus aureus],P,0.0989106148481369, 0.07033367786142561
QZA65517.1 phosphate acetyltransferase [Staphylococcus aureus],G,0.07323755323886871, 0.07056881404585308
QZA65517.1 phosphate acetyltransferase [Staphylococcus aureus],V,0.06374990195035934, 0.06612707260582182
QZA65517.1 phosphate acetyltransferase [Staphylococcus aureus],S,0.10472389310598373, 0.06574980831808513
QZA65517.1 phosphate acetyltransferase [Staphylococcus aureus],R,0.07580643892288208, 0.05830320301983091
QZA65517.1 phosphate acetyltransferase [Staphylococcus aureus],T,0.02493128925561905, 0.04911326554914316
QZA65517.1 phosphate acetyltransferase [Staphylococcus aureus],S,0.02938227355480194, 0.04184476658701897
QZA65517.1 phosphate acetyltransferase [Staphylococcus aureus],G,0.041348040103912354, 0.03676183790796333
QZA65517.1 phosphate acetyltransferase [Staphylococcus aureus],I,0.012638822197914124, 0.029617574272884264
QZA65517.1 phosphate acetyltransferase [Staphylococcus aureus],F,0.01620117761194706, 0.030858941997090977
QZA65517.1 phosphate acetyltransferase [Staphylococcus aureus],F,0.007821062579751015, 0.03719890262517664
QZA65517.1 phosphate acetyltransferase [Staphylococcus aureus],M,0.018003543838858604, 0.04772278149094847
QZA65517.1 phosphate acetyltransferase [Staphylococcus aureus],I,0.04042552039027214, 0.0563932481325335
QZA65517.1 phosphate acetyltransferase [Staphylococcus aureus],K,0.08697874844074249, 0.059975513360566564
QZA65517.1 phosphate acetyltransferase [Staphylococcus aureus],G,0.08199093490839005, 0.06296899004114999
QZA65517.1 phosphate acetyltransferase [Staphylococcus aureus],D,0.12409718334674835, 0.06283861103778084
QZA65517.1 phosphate acetyltransferase [Staphylococcus aureus],E,0.11938223987817764, 0.06187638273048732
QZA65517.1 phosphate acetyltransferase [Staphylococcus aureus],Q,0.044879209250211716, 0.05814242145667473
QZA65517.1 phosphate acetyltransferase [Staphylococcus aureus],Y,0.043142467737197876, 0.05215023778792885
QZA65517.1 phosphate acetyltransferase [Staphylococcus aureus],I,0.006647651549428701, 0.043885026334060565
QZA65517.1 phosphate acetyltransferase [Staphylococcus aureus],F,0.009343489073216915, 0.032593180528945394
QZA65517.1 phosphate acetyltransferase [Staphylococcus aureus],G,0.006819868925958872, 0.02057068215476142
QZA65517.1 phosphate acetyltransferase [Staphylococcus aureus],D,0.033049095422029495, 0.01839534379541874
QZA65517.1 phosphate acetyltransferase [Staphylococcus aureus],C,0.007604031823575497, 0.019587855993045702
QZA65517.1 phosphate acetyltransferase [Staphylococcus aureus],A,0.022470571100711823, 0.028476932862152655
QZA65517.1 phosphate acetyltransferase [Staphylococcus aureus],I,0.011179754510521889, 0.03223527776491311
QZA65517.1 phosphate acetyltransferase [Staphylococcus aureus],N,0.025301164016127586, 0.039657343075507216
QZA65517.1 phosphate acetyltransferase [Staphylococcus aureus],P,0.05387507751584053, 0.03979151644226578
QZA65517.1 phosphate acetyltransferase [Staphylococcus aureus],E,0.0866493433713913, 0.04797647355331315
QZA65517.1 phosphate acetyltransferase [Staphylococcus aureus],L,0.04316859319806099, 0.05269079117311372
QZA65517.1 phosphate acetyltransferase [Staphylococcus aureus],D,0.07361845672130585, 0.0523929927084181
QZA65517.1 phosphate acetyltransferase [Staphylococcus aureus],S,0.03425665572285652, 0.050585168310337596
QZA65517.1 phosphate acetyltransferase [Staphylococcus aureus],Q,0.08126864582300186, 0.04959293558365769
QZA65517.1 phosphate acetyltransferase [Staphylococcus aureus],G,0.06489942967891693, 0.04222608647412724
QZA65517.1 phosphate acetyltransferase [Staphylococcus aureus],L,0.008499568328261375, 0.03834994903041257
QZA65517.1 phosphate acetyltransferase [Staphylococcus aureus],A,0.009030744433403015, 0.03280963541732894
QZA65517.1 phosphate acetyltransferase [Staphylococcus aureus],E,0.04494498297572136, 0.034051177816258535
QZA65517.1 phosphate acetyltransferase [Staphylococcus aureus],I,0.020347701385617256, 0.02622359214971463
QZA65517.1 phosphate acetyltransferase [Staphylococcus aureus],A,0.008283356204628944, 0.020813404789401427
QZA65517.1 phosphate acetyltransferase [Staphylococcus aureus],V,0.0237556342035532, 0.029554670366148155
QZA65517.1 phosphate acetyltransferase [Staphylococcus aureus],E,0.045430537313222885, 0.031241295341816213
QZA65517.1 phosphate acetyltransferase [Staphylococcus aureus],S,0.010820374824106693, 0.027911930965880554
QZA65517.1 phosphate acetyltransferase [Staphylococcus aureus],A,0.0162077434360981, 0.041739092415405646
QZA65517.1 phosphate acetyltransferase [Staphylococcus aureus],K,0.08717095851898193, 0.05157570054547654
QZA65517.1 phosphate acetyltransferase [Staphylococcus aureus],S,0.02421036921441555, 0.05217439877904124
QZA65517.1 phosphate acetyltransferase [Staphylococcus aureus],A,0.014980703592300415, 0.05552567282898559
QZA65517.1 phosphate acetyltransferase [Staphylococcus aureus],L,0.14479215443134308, 0.059474469679925174
QZA65517.1 phosphate acetyltransferase [Staphylococcus aureus],S,0.09681282937526703, 0.07250586421125466
QZA65517.1 phosphate acetyltransferase [Staphylococcus aureus],F,0.029143918305635452, 0.06635171609620254
QZA65517.1 phosphate acetyltransferase [Staphylococcus aureus],G,0.07559200376272202, 0.0729241921669907
QZA65517.1 phosphate acetyltransferase [Staphylococcus aureus],M,0.04635954648256302, 0.0720984489760465
QZA65517.1 phosphate acetyltransferase [Staphylococcus aureus],D,0.13349029421806335, 0.0573130798422628
QZA65517.1 phosphate acetyltransferase [Staphylococcus aureus],P,0.03178362548351288, 0.04800349298036761
QZA65517.1 phosphate acetyltransferase [Staphylococcus aureus],K,0.0833626538515091, 0.046722279551128544
QZA65517.1 phosphate acetyltransferase [Staphylococcus aureus],V,0.007549014873802662, 0.04299407069467836
QZA65517.1 phosphate acetyltransferase [Staphylococcus aureus],A,0.011723832227289677, 0.043811260308656425
QZA65517.1 phosphate acetyltransferase [Staphylococcus aureus],M,0.013026547618210316, 0.03265551757067442
QZA65517.1 phosphate acetyltransferase [Staphylococcus aureus],L,0.017612997442483902, 0.0394443864416745
QZA65517.1 phosphate acetyltransferase [Staphylococcus aureus],S,0.042038124054670334, 0.04762425635837846
QZA65517.1 phosphate acetyltransferase [Staphylococcus aureus],F,0.05371425300836563, 0.05467583301166693
QZA65517.1 phosphate acetyltransferase [Staphylococcus aureus],S,0.03308860957622528, 0.06662922900997931
QZA65517.1 phosphate acetyltransferase [Staphylococcus aureus],T,0.09288344532251358, 0.06938809901475906
QZA65517.1 phosphate acetyltransferase [Staphylococcus aureus],K,0.1569814831018448, 0.08322039453519715
QZA65517.1 phosphate acetyltransferase [Staphylococcus aureus],G,0.0710132047533989, 0.09025494092040592
QZA65517.1 phosphate acetyltransferase [Staphylococcus aureus],S,0.11930439621210098, 0.09599845773643917
QZA65517.1 phosphate acetyltransferase [Staphylococcus aureus],A,0.03785637766122818, 0.10290906661086613
QZA65517.1 phosphate acetyltransferase [Staphylococcus aureus],K,0.1421036571264267, 0.09686318329638904
QZA65517.1 phosphate acetyltransferase [Staphylococcus aureus],S,0.10534904152154922, 0.09126673431860076
QZA65517.1 phosphate acetyltransferase [Staphylococcus aureus],D,0.10540590435266495, 0.09095283390747176
QZA65517.1 phosphate acetyltransferase [Staphylococcus aureus],D,0.09528408944606781, 0.07908677796108855
QZA65517.1 phosphate acetyltransferase [Staphylococcus aureus],V,0.038470495492219925, 0.08266058719406526
QZA65517.1 phosphate acetyltransferase [Staphylococcus aureus],T,0.10661344230175018, 0.07839453872293234
QZA65517.1 phosphate acetyltransferase [Staphylococcus aureus],K,0.06818810105323792, 0.06824218605955441
QZA65517.1 phosphate acetyltransferase [Staphylococcus aureus],V,0.01250989269465208, 0.0595829366809792
QZA65517.1 phosphate acetyltransferase [Staphylococcus aureus],Q,0.0700206607580185, 0.06429461100035244
QZA65517.1 phosphate acetyltransferase [Staphylococcus aureus],E,0.10370922088623047, 0.06674815714359283
QZA65517.1 phosphate acetyltransferase [Staphylococcus aureus],A,0.013977867551147938, 0.0564188151102927
QZA65517.1 phosphate acetyltransferase [Staphylococcus aureus],V,0.027472659945487976, 0.060263774978617825
QZA65517.1 phosphate acetyltransferase [Staphylococcus aureus],K,0.13768915832042694, 0.07849890428284804
QZA65517.1 phosphate acetyltransferase [Staphylococcus aureus],L,0.060552410781383514, 0.08483169745239946
QZA65517.1 phosphate acetyltransferase [Staphylococcus aureus],A,0.01364936400204897, 0.07639136910438538
QZA65517.1 phosphate acetyltransferase [Staphylococcus aureus],Q,0.10279273986816406, 0.10365745290699932
QZA65517.1 phosphate acetyltransferase [Staphylococcus aureus],Q,0.176626056432724, 0.12997932928717798
QZA65517.1 phosphate acetyltransferase [Staphylococcus aureus],K,0.12701579928398132, 0.13065170776098967
QZA65517.1 phosphate acetyltransferase [Staphylococcus aureus],A,0.02774626575410366, 0.1508307782933116
QZA65517.1 phosphate acetyltransferase [Staphylococcus aureus],E,0.25937262177467346, 0.15472992488907444
QZA65517.1 phosphate acetyltransferase [Staphylococcus aureus],E,0.26436954736709595, 0.17277935706079006
QZA65517.1 phosphate acetyltransferase [Staphylococcus aureus],E,0.14374056458473206, 0.15673592169251707
QZA65517.1 phosphate acetyltransferase [Staphylococcus aureus],K,0.24216404557228088, 0.15556018530494636
QZA65517.1 phosphate acetyltransferase [Staphylococcus aureus],L,0.04874168336391449, 0.15648517799046305
QZA65517.1 phosphate acetyltransferase [Staphylococcus aureus],E,0.26523762941360474, 0.13575463452272946
QZA65517.1 phosphate acetyltransferase [Staphylococcus aureus],A,0.03223513811826706, 0.10894804096056356
QZA65517.1 phosphate acetyltransferase [Staphylococcus aureus],I,0.11643417179584503, 0.10223435424268246
QZA65517.1 phosphate acetyltransferase [Staphylococcus aureus],I,0.03607119992375374, 0.07813163060281011
QZA65517.1 phosphate acetyltransferase [Staphylococcus aureus],D,0.0727977305650711, 0.08247405166427295
QZA65517.1 phosphate acetyltransferase [Staphylococcus aureus],G,0.023110205307602882, 0.057456422597169876
QZA65517.1 phosphate acetyltransferase [Staphylococcus aureus],E,0.08331738412380219, 0.06270430361231168
QZA65517.1 phosphate acetyltransferase [Staphylococcus aureus],F,0.025239532813429832, 0.05263896534840266
QZA65517.1 phosphate acetyltransferase [Staphylococcus aureus],Q,0.08782347291707993, 0.0502685122191906
QZA65517.1 phosphate acetyltransferase [Staphylococcus aureus],F,0.040078967809677124, 0.0470602520638042
QZA65517.1 phosphate acetyltransferase [Staphylococcus aureus],D,0.0794660672545433, 0.05244479556050566
QZA65517.1 phosphate acetyltransferase [Staphylococcus aureus],A,0.025846127420663834, 0.056857057536641754
QZA65517.1 phosphate acetyltransferase [Staphylococcus aureus],A,0.014737121760845184, 0.07328555567397012
QZA65517.1 phosphate acetyltransferase [Staphylococcus aureus],I,0.04392338916659355, 0.06959791978200276
QZA65517.1 phosphate acetyltransferase [Staphylococcus aureus],V,0.07157109677791595, 0.06788873631093237
QZA65517.1 phosphate acetyltransferase [Staphylococcus aureus],P,0.1230277419090271, 0.08065693287385835
QZA65517.1 phosphate acetyltransferase [Staphylococcus aureus],G,0.17309601604938507, 0.10195415218671162
QZA65517.1 phosphate acetyltransferase [Staphylococcus aureus],V,0.05463474988937378, 0.11503252469831043
QZA65517.1 phosphate acetyltransferase [Staphylococcus aureus],A,0.024696316570043564, 0.11545745697286394
QZA65517.1 phosphate acetyltransferase [Staphylococcus aureus],E,0.19437983632087708, 0.1308992968665229
QZA65517.1 phosphate acetyltransferase [Staphylococcus aureus],K,0.21752110123634338, 0.13498605291048685
QZA65517.1 phosphate acetyltransferase [Staphylococcus aureus],K,0.13244247436523438, 0.12555456161499023
QZA65517.1 phosphate acetyltransferase [Staphylococcus aureus],A,0.04774777963757515, 0.1421377807855606
QZA65517.1 phosphate acetyltransferase [Staphylococcus aureus],P,0.21054765582084656, 0.14607885562711292
QZA65517.1 phosphate acetyltransferase [Staphylococcus aureus],G,0.15980854630470276, 0.13802655620707405
QZA65517.1 phosphate acetyltransferase [Staphylococcus aureus],A,0.08821259438991547, 0.12259236723184586
QZA65517.1 phosphate acetyltransferase [Staphylococcus aureus],K,0.20388372242450714, 0.12216407805681229
QZA65517.1 phosphate acetyltransferase [Staphylococcus aureus],L,0.06016599014401436, 0.11985547116233243
QZA65517.1 phosphate acetyltransferase [Staphylococcus aureus],Q,0.12190914154052734, 0.10506032759116755
QZA65517.1 phosphate acetyltransferase [Staphylococcus aureus],G,0.07861340045928955, 0.08824287520514594
QZA65517.1 phosphate acetyltransferase [Staphylococcus aureus],D,0.12858787178993225, 0.08129134981168641
QZA65517.1 phosphate acetyltransferase [Staphylococcus aureus],A,0.02697031758725643, 0.059707173249787755
QZA65517.1 phosphate acetyltransferase [Staphylococcus aureus],N,0.0773913636803627, 0.05789016042318609
QZA65517.1 phosphate acetyltransferase [Staphylococcus aureus],V,0.008451474830508232, 0.05021533970203665
QZA65517.1 phosphate acetyltransferase [Staphylococcus aureus],F,0.02564886584877968, 0.04938222902516524
QZA65517.1 phosphate acetyltransferase [Staphylococcus aureus],V,0.009626133367419243, 0.045694248750805855
QZA65517.1 phosphate acetyltransferase [Staphylococcus aureus],F,0.04381287470459938, 0.054012380126449794
QZA65517.1 phosphate acetyltransferase [Staphylococcus aureus],P,0.05283575505018234, 0.04775664541456434
QZA65517.1 phosphate acetyltransferase [Staphylococcus aureus],S,0.0711154043674469, 0.050150218730171524
QZA65517.1 phosphate acetyltransferase [Staphylococcus aureus],L,0.09539604932069778, 0.055564341652724475
QZA65517.1 phosphate acetyltransferase [Staphylococcus aureus],E,0.10183349996805191, 0.05744734096030394
QZA65517.1 phosphate acetyltransferase [Staphylococcus aureus],A,0.02108975127339363, 0.054259134663475886
QZA65517.1 phosphate acetyltransferase [Staphylococcus aureus],G,0.029993634670972824, 0.054592465774880514
QZA65517.1 phosphate acetyltransferase [Staphylococcus aureus],N,0.07437597215175629, 0.05454059483276473
QZA65517.1 phosphate acetyltransferase [Staphylococcus aureus],I,0.026573127135634422, 0.04597307824426227
QZA65517.1 phosphate acetyltransferase [Staphylococcus aureus],G,0.015119018033146858, 0.0360092678003841
QZA65517.1 phosphate acetyltransferase [Staphylococcus aureus],Y,0.05583573505282402, 0.04243351560499933
QZA65517.1 phosphate acetyltransferase [Staphylococcus aureus],K,0.07064856588840485, 0.05241426908307605
QZA65517.1 phosphate acetyltransferase [Staphylococcus aureus],I,0.018288400024175644, 0.05063118909796079
QZA65517.1 phosphate acetyltransferase [Staphylococcus aureus],A,0.012159205973148346, 0.051431550126936704
QZA65517.1 phosphate acetyltransferase [Staphylococcus aureus],Q,0.07890798151493073, 0.05983048429091772
QZA65517.1 phosphate acetyltransferase [Staphylococcus aureus],R,0.11982041597366333, 0.05906722984380192
QZA65517.1 phosphate acetyltransferase [Staphylococcus aureus],L,0.05832825228571892, 0.06407335855894619
QZA65517.1 phosphate acetyltransferase [Staphylococcus aureus],G,0.03377637639641762, 0.06491192844178942
QZA65517.1 phosphate acetyltransferase [Staphylococcus aureus],G,0.09070942550897598, 0.07058465066883299
QZA65517.1 phosphate acetyltransferase [Staphylococcus aureus],Y,0.04896644502878189, 0.06521113589406013
QZA65517.1 phosphate acetyltransferase [Staphylococcus aureus],D,0.11570372432470322, 0.055999089032411575
QZA65517.1 phosphate acetyltransferase [Staphylococcus aureus],A,0.02583552896976471, 0.05148253548476431
QZA65517.1 phosphate acetyltransferase [Staphylococcus aureus],V,0.06321370601654053, 0.04910142668005493
QZA65517.1 phosphate acetyltransferase [Staphylococcus aureus],G,0.03054634854197502, 0.04322326131578949
QZA65517.1 phosphate acetyltransferase [Staphylococcus aureus],P,0.036911994218826294, 0.040219075667361416
QZA65517.1 phosphate acetyltransferase [Staphylococcus aureus],V,0.01767927035689354, 0.03109970533599456
QZA65517.1 phosphate acetyltransferase [Staphylococcus aureus],L,0.012346397154033184, 0.03696283542861541
QZA65517.1 phosphate acetyltransferase [Staphylococcus aureus],Q,0.037805937230587006, 0.04099321458488703
QZA65517.1 phosphate acetyltransferase [Staphylococcus aureus],G,0.021928774192929268, 0.042377771706216864
QZA65517.1 phosphate acetyltransferase [Staphylococcus aureus],L,0.033629391342401505, 0.0389907566520075
QZA65517.1 phosphate acetyltransferase [Staphylococcus aureus],N,0.07860369980335236, 0.03958614165377286
QZA65517.1 phosphate acetyltransferase [Staphylococcus aureus],S,0.09948711842298508, 0.043430566425538726
QZA65517.1 phosphate acetyltransferase [Staphylococcus aureus],P,0.04300736263394356, 0.04292563354182574
QZA65517.1 phosphate acetyltransferase [Staphylococcus aureus],V,0.006428858730942011, 0.04718670274855362
QZA65517.1 phosphate acetyltransferase [Staphylococcus aureus],N,0.023037735372781754, 0.056330932356003255
QZA65517.1 phosphate acetyltransferase [Staphylococcus aureus],D,0.046946220099925995, 0.05057620759018593
QZA65517.1 phosphate acetyltransferase [Staphylococcus aureus],L,0.03326154127717018, 0.04306207850782408
QZA65517.1 phosphate acetyltransferase [Staphylococcus aureus],S,0.06027839705348015, 0.04733429399008552
QZA65517.1 phosphate acetyltransferase [Staphylococcus aureus],R,0.11592745780944824, 0.0530649127645625
QZA65517.1 phosphate acetyltransferase [Staphylococcus aureus],G,0.026811176910996437, 0.06002989556226465
QZA65517.1 phosphate acetyltransferase [Staphylococcus aureus],C,0.03185995668172836, 0.06122180136541525
QZA65517.1 phosphate acetyltransferase [Staphylococcus aureus],S,0.08145730197429657, 0.05864770534551806
QZA65517.1 phosphate acetyltransferase [Staphylococcus aureus],I,0.05800442770123482, 0.0561707838334971
QZA65517.1 phosphate acetyltransferase [Staphylococcus aureus],E,0.08572258055210114, 0.04685213613427348
QZA65517.1 phosphate acetyltransferase [Staphylococcus aureus],D,0.0576733723282814, 0.04642322090350919
QZA65517.1 phosphate acetyltransferase [Staphylococcus aureus],V,0.010094677098095417, 0.04387087323185471
QZA65517.1 phosphate acetyltransferase [Staphylococcus aureus],Y,0.03798610344529152, 0.03710601261506478
QZA65517.1 phosphate acetyltransferase [Staphylococcus aureus],N,0.03205962851643562, 0.031471348367631435
QZA65517.1 phosphate acetyltransferase [Staphylococcus aureus],L,0.02295093983411789, 0.02362785829852025
QZA65517.1 phosphate acetyltransferase [Staphylococcus aureus],S,0.00888882763683796, 0.018423581599361367
QZA65517.1 phosphate acetyltransferase [Staphylococcus aureus],I,0.020573556423187256, 0.02067475041581525
QZA65517.1 phosphate acetyltransferase [Staphylococcus aureus],I,0.007292449474334717, 0.020224395932422742
QZA65517.1 phosphate acetyltransferase [Staphylococcus aureus],T,0.015131169930100441, 0.020757388116584882
QZA65517.1 phosphate acetyltransferase [Staphylococcus aureus],A,0.010834882035851479, 0.027154220682051446
QZA65517.1 phosphate acetyltransferase [Staphylococcus aureus],A,0.030355196446180344, 0.03196507857905494
QZA65517.1 phosphate acetyltransferase [Staphylococcus aureus],Q,0.03393291309475899, 0.029679127865367465
QZA65517.1 phosphate acetyltransferase [Staphylococcus aureus],A,0.03685655817389488, 0.028868855701552495
QZA65517.1 phosphate acetyltransferase [Staphylococcus aureus],L,0.08052243292331696, 0.027187614598208003
QZA65517.1 phosphate acetyltransferase [Staphylococcus aureus],Q,0.052186548709869385, 0.02598373881644673
AEO79032.1 triosephosphate isomerase partial [Staphylococcus aureus],H,0.06360287964344025, 0.0714896238512463
AEO79032.1 triosephosphate isomerase partial [Staphylococcus aureus],E,0.10549865663051605, 0.08901487125290765
AEO79032.1 triosephosphate isomerase partial [Staphylococcus aureus],T,0.14356788992881775, 0.09195844539337689
AEO79032.1 triosephosphate isomerase partial [Staphylococcus aureus],D,0.12157459557056427, 0.09895509522822168
AEO79032.1 triosephosphate isomerase partial [Staphylococcus aureus],E,0.20916259288787842, 0.11884226608607504
AEO79032.1 triosephosphate isomerase partial [Staphylococcus aureus],E,0.1577272266149521, 0.1216424989203612
AEO79032.1 triosephosphate isomerase partial [Staphylococcus aureus],I,0.0264921672642231, 0.11210431903600693
AEO79032.1 triosephosphate isomerase partial [Staphylococcus aureus],N,0.06296984851360321, 0.11132428132825428
AEO79032.1 triosephosphate isomerase partial [Staphylococcus aureus],K,0.17898453772068024, 0.10536751316653357
AEO79032.1 triosephosphate isomerase partial [Staphylococcus aureus],K,0.08880497515201569, 0.08554593183928066
AEO79032.1 triosephosphate isomerase partial [Staphylococcus aureus],A,0.01965503767132759, 0.07638030871748924
AEO79032.1 triosephosphate isomerase partial [Staphylococcus aureus],H,0.13654755055904388, 0.10093412217166689
AEO79032.1 triosephosphate isomerase partial [Staphylococcus aureus],A,0.06796368211507797, 0.10919550971852408
AEO79032.1 triosephosphate isomerase partial [Staphylococcus aureus],I,0.030768360942602158, 0.10119160927004284
AEO79032.1 triosephosphate isomerase partial [Staphylococcus aureus],F,0.07523661851882935, 0.09583418733543819
AEO79032.1 triosephosphate isomerase partial [Staphylococcus aureus],K,0.2474764883518219, 0.1034694260193242
AEO79032.1 triosephosphate isomerase partial [Staphylococcus aureus],H,0.137322336435318, 0.09718009291423692
AEO79032.1 triosephosphate isomerase partial [Staphylococcus aureus],G,0.10694943368434906, 0.09349411850174268
AEO79032.1 triosephosphate isomerase partial [Staphylococcus aureus],M,0.04058817774057388, 0.09281117344895999
AEO79032.1 triosephosphate isomerase partial [Staphylococcus aureus],T,0.08837218582630157, 0.0893233824107382
AEO79032.1 triosephosphate isomerase partial [Staphylococcus aureus],P,0.07994355261325836, 0.06690910706917445
AEO79032.1 triosephosphate isomerase partial [Staphylococcus aureus],I,0.03478991240262985, 0.059685900807380676
AEO79032.1 triosephosphate isomerase partial [Staphylococcus aureus],I,0.024621855467557907, 0.059426169428560466
AEO79032.1 triosephosphate isomerase partial [Staphylococcus aureus],C,0.0438464991748333, 0.0814274979962243
AEO79032.1 triosephosphate isomerase partial [Staphylococcus aureus],V,0.04574801027774811, 0.10105110704898834
AEO79032.1 triosephosphate isomerase partial [Staphylococcus aureus],G,0.07231348007917404, 0.12290056546529134
AEO79032.1 triosephosphate isomerase partial [Staphylococcus aureus],E,0.1046118512749672, 0.1381914723250601
AEO79032.1 triosephosphate isomerase partial [Staphylococcus aureus],T,0.23860013484954834, 0.15341704214612642
AEO79032.1 triosephosphate isomerase partial [Staphylococcus aureus],D,0.264984667301178, 0.18092197842068142
AEO79032.1 triosephosphate isomerase partial [Staphylococcus aureus],E,0.27658867835998535, 0.20182820989025962
AEO79032.1 triosephosphate isomerase partial [Staphylococcus aureus],E,0.1724080741405487, 0.21697160684400135
AEO79032.1 triosephosphate isomerase partial [Staphylococcus aureus],R,0.16165198385715485, 0.2364517715242174
AEO79032.1 triosephosphate isomerase partial [Staphylococcus aureus],E,0.29139092564582825, 0.21649257093667984
AEO79032.1 triosephosphate isomerase partial [Staphylococcus aureus],S,0.23390409350395203, 0.2112775949968232
AEO79032.1 triosephosphate isomerase partial [Staphylococcus aureus],G,0.20860405266284943, 0.19844939559698105
AEO79032.1 triosephosphate isomerase partial [Staphylococcus aureus],K,0.2799333333969116, 0.1892001007994016
AEO79032.1 triosephosphate isomerase partial [Staphylococcus aureus],A,0.05896732956171036, 0.17316256856752765
AEO79032.1 triosephosphate isomerase partial [Staphylococcus aureus],N,0.21804988384246826, 0.15271076787677076
AEO79032.1 triosephosphate isomerase partial [Staphylococcus aureus],D,0.16113488376140594, 0.1454253765857882
AEO79032.1 triosephosphate isomerase partial [Staphylococcus aureus],V,0.08916442096233368, 0.1304689502964417
AEO79032.1 triosephosphate isomerase partial [Staphylococcus aureus],V,0.01731419377028942, 0.1030126894927687
AEO79032.1 triosephosphate isomerase partial [Staphylococcus aureus],G,0.10732471942901611, 0.11778472467429107
AEO79032.1 triosephosphate isomerase partial [Staphylococcus aureus],E,0.16833557188510895, 0.10976417466170257
AEO79032.1 triosephosphate isomerase partial [Staphylococcus aureus],Q,0.07399621605873108, 0.09372519681023227
AEO79032.1 triosephosphate isomerase partial [Staphylococcus aureus],V,0.0328269861638546, 0.08950194571581152
AEO79032.1 triosephosphate isomerase partial [Staphylococcus aureus],K,0.19191564619541168, 0.10929293971922663
AEO79032.1 triosephosphate isomerase partial [Staphylococcus aureus],K,0.14586493372917175, 0.11089496521486177
AEO79032.1 triosephosphate isomerase partial [Staphylococcus aureus],A,0.01678408309817314, 0.10046037327912119
AEO79032.1 triosephosphate isomerase partial [Staphylococcus aureus],V,0.05115516111254692, 0.11635065368480152
AEO79032.1 triosephosphate isomerase partial [Staphylococcus aureus],A,0.1954331398010254, 0.14308721158239576
AEO79032.1 triosephosphate isomerase partial [Staphylococcus aureus],G,0.12174294888973236, 0.14517191880279118
AEO79032.1 triosephosphate isomerase partial [Staphylococcus aureus],L,0.07442424446344376, 0.14271096802420086
AEO79032.1 triosephosphate isomerase partial [Staphylococcus aureus],S,0.21700873970985413, 0.14634885638952255
AEO79032.1 triosephosphate isomerase partial [Staphylococcus aureus],E,0.27345600724220276, 0.17093965535362562
AEO79032.1 triosephosphate isomerase partial [Staphylococcus aureus],D,0.21067801117897034, 0.16265266098909908
AEO79032.1 triosephosphate isomerase partial [Staphylococcus aureus],Q,0.12371637672185898, 0.15197842609551218
AEO79032.1 triosephosphate isomerase partial [Staphylococcus aureus],L,0.049525078386068344, 0.14694822827974954
AEO79032.1 triosephosphate isomerase partial [Staphylococcus aureus],K,0.2724723517894745, 0.12530725904636913
AEO79032.1 triosephosphate isomerase partial [Staphylococcus aureus],S,0.12085019052028656, 0.09759758185181353
AEO79032.1 triosephosphate isomerase partial [Staphylococcus aureus],V,0.025674834847450256, 0.08378560282289982
AEO79032.1 triosephosphate isomerase partial [Staphylococcus aureus],V,0.029152464121580124, 0.08108536257512039
AEO79032.1 triosephosphate isomerase partial [Staphylococcus aureus],I,0.022240016609430313, 0.09116631311674912
AEO79032.1 triosephosphate isomerase partial [Staphylococcus aureus],A,0.024068912491202354, 0.07047460538645585
AEO79032.1 triosephosphate isomerase partial [Staphylococcus aureus],Y,0.08637019991874695, 0.06778963137831953
AEO79032.1 triosephosphate isomerase partial [Staphylococcus aureus],E,0.09941421449184418, 0.07429994539254242
AEO79032.1 triosephosphate isomerase partial [Staphylococcus aureus],P,0.14025363326072693, 0.0922649446874857
AEO79032.1 triosephosphate isomerase partial [Staphylococcus aureus],I,0.08624698221683502, 0.11378780069450538
AEO79032.1 triosephosphate isomerase partial [Staphylococcus aureus],W,0.09668542444705963, 0.13037460214561886
AEO79032.1 triosephosphate isomerase partial [Staphylococcus aureus],A,0.08426766097545624, 0.13839309248659346
AEO79032.1 triosephosphate isomerase partial [Staphylococcus aureus],I,0.19083745777606964, 0.15483857525719535
AEO79032.1 triosephosphate isomerase partial [Staphylococcus aureus],G,0.21594572067260742, 0.15006917218367258
AEO79032.1 triosephosphate isomerase partial [Staphylococcus aureus],T,0.17335012555122375, 0.14726284477445814
AEO79032.1 triosephosphate isomerase partial [Staphylococcus aureus],G,0.1585366129875183, 0.15894458525710636
AEO79032.1 triosephosphate isomerase partial [Staphylococcus aureus],K,0.24742355942726135, 0.16085601929161283
AEO79032.1 triosephosphate isomerase partial [Staphylococcus aureus],S,0.09732900559902191, 0.1659068258272277
AEO79032.1 triosephosphate isomerase partial [Staphylococcus aureus],S,0.06099003553390503, 0.16098378350337347
AEO79032.1 triosephosphate isomerase partial [Staphylococcus aureus],T,0.20182108879089355, 0.14371535326871607
AEO79032.1 triosephosphate isomerase partial [Staphylococcus aureus],S,0.10147056728601456, 0.13383801177971894
AEO79032.1 triosephosphate isomerase partial [Staphylococcus aureus],E,0.2362947165966034, 0.13023469079699782
AEO79032.1 triosephosphate isomerase partial [Staphylococcus aureus],D,0.1716383397579193, 0.12449950662751992
AEO79032.1 triosephosphate isomerase partial [Staphylococcus aureus],A,0.017934253439307213, 0.12094837509923512
AEO79032.1 triosephosphate isomerase partial [Staphylococcus aureus],N,0.06964053958654404, 0.11061789178185993
AEO79032.1 triosephosphate isomerase partial [Staphylococcus aureus],E,0.2149936705827713, 0.11101240830288993
AEO79032.1 triosephosphate isomerase partial [Staphylococcus aureus],M,0.04571234807372093, 0.08643419647382365
AEO79032.1 triosephosphate isomerase partial [Staphylococcus aureus],C,0.029029851779341698, 0.07354485885136658
AEO79032.1 triosephosphate isomerase partial [Staphylococcus aureus],A,0.1088467389345169, 0.09751968748039669
AEO79032.1 triosephosphate isomerase partial [Staphylococcus aureus],F,0.10502121597528458, 0.09779708749718136
AEO79032.1 triosephosphate isomerase partial [Staphylococcus aureus],V,0.015090810135006905, 0.07577784173190594
AEO79032.1 triosephosphate isomerase partial [Staphylococcus aureus],R,0.05563430115580559, 0.08258997090160847
AEO79032.1 triosephosphate isomerase partial [Staphylococcus aureus],Q,0.2337077111005783, 0.10575670128067334
AEO79032.1 triosephosphate isomerase partial [Staphylococcus aureus],T,0.07213713973760605, 0.10104900722702344
AEO79032.1 triosephosphate isomerase partial [Staphylococcus aureus],I,0.016820458695292473, 0.09842208648721378
AEO79032.1 triosephosphate isomerase partial [Staphylococcus aureus],A,0.1070215106010437, 0.11040930553442901
AEO79032.1 triosephosphate isomerase partial [Staphylococcus aureus],D,0.2375304251909256, 0.13578672355247867
AEO79032.1 triosephosphate isomerase partial [Staphylococcus aureus],L,0.06647749245166779, 0.1323572742856211
AEO79032.1 triosephosphate isomerase partial [Staphylococcus aureus],S,0.08137892931699753, 0.13522978271875116
AEO79032.1 triosephosphate isomerase partial [Staphylococcus aureus],S,0.12297578155994415, 0.14004272098342577
AEO79032.1 triosephosphate isomerase partial [Staphylococcus aureus],K,0.28403106331825256, 0.1590155450006326
AEO79032.1 triosephosphate isomerase partial [Staphylococcus aureus],E,0.20284266769886017, 0.1478911145693726
AEO79032.1 triosephosphate isomerase partial [Staphylococcus aureus],V,0.09798971563577652, 0.14583569558130371
AEO79032.1 triosephosphate isomerase partial [Staphylococcus aureus],S,0.06013690307736397, 0.14731757135854828
AEO79032.1 triosephosphate isomerase partial [Staphylococcus aureus],E,0.27777692675590515, 0.13782816670007175
AEO79032.1 triosephosphate isomerase partial [Staphylococcus aureus],A,0.13741055130958557, 0.11217161143819492
AEO79032.1 triosephosphate isomerase partial [Staphylococcus aureus],T,0.0479787215590477, 0.09803247244821654
AEO79032.1 triosephosphate isomerase partial [Staphylococcus aureus],R,0.09471581131219864, 0.09561737005909283
AEO79032.1 triosephosphate isomerase partial [Staphylococcus aureus],I,0.03757113963365555, 0.09729144473870595
AEO79032.1 triosephosphate isomerase partial [Staphylococcus aureus],Q,0.05312206596136093, 0.0812106662326389
AEO79032.1 triosephosphate isomerase partial [Staphylococcus aureus],Y,0.07559041678905487, 0.06802796468966538
AEO79032.1 triosephosphate isomerase partial [Staphylococcus aureus],G,0.07625379413366318, 0.08541675967474778
AEO79032.1 triosephosphate isomerase partial [Staphylococcus aureus],G,0.07520357519388199, 0.08973878435790539
AEO79032.1 triosephosphate isomerase partial [Staphylococcus aureus],S,0.13304992020130157, 0.12236314742929405
AEO79032.1 triosephosphate isomerase partial [Staphylococcus aureus],V,0.018766237422823906, 0.12718972543047535
AEO79032.1 triosephosphate isomerase partial [Staphylococcus aureus],K,0.20447787642478943, 0.12113222107291222
AEO79032.1 triosephosphate isomerase partial [Staphylococcus aureus],P,0.13361403346061707, 0.13227761661012968
AEO79032.1 triosephosphate isomerase partial [Staphylococcus aureus],N,0.33119040727615356, 0.1413154150876734
AEO79032.1 triosephosphate isomerase partial [Staphylococcus aureus],N,0.09656126797199249, 0.13251326026188004
AEO79032.1 triosephosphate isomerase partial [Staphylococcus aureus],I,0.021072877570986748, 0.13397574404047596
AEO79032.1 triosephosphate isomerase partial [Staphylococcus aureus],K,0.1765623539686203, 0.1271868362608883
AEO79032.1 triosephosphate isomerase partial [Staphylococcus aureus],E,0.1565437614917755, 0.1368585243407223
AEO79032.1 triosephosphate isomerase partial [Staphylococcus aureus],Y,0.053830526769161224, 0.11803770210180017
AEO79032.1 triosephosphate isomerase partial [Staphylococcus aureus],M,0.031928591430187225, 0.1185360432912906
AEO79032.1 triosephosphate isomerase partial [Staphylococcus aureus],A,0.14337770640850067, 0.12163976538512442
AEO79032.1 triosephosphate isomerase partial [Staphylococcus aureus],Q,0.22065922617912292, 0.11456508893105719
AEO79032.1 triosephosphate isomerase partial [Staphylococcus aureus],T,0.1618030071258545, 0.10445372801687983
AEO79032.1 triosephosphate isomerase partial [Staphylococcus aureus],D,0.10104633867740631, 0.10245074000623491
AEO79032.1 triosephosphate isomerase partial [Staphylococcus aureus],I,0.049006376415491104, 0.10473986466725667
AEO79032.1 triosephosphate isomerase partial [Staphylococcus aureus],D,0.11289026588201523, 0.09100738043586414
AEO79032.1 triosephosphate isomerase partial [Staphylococcus aureus],G,0.06554151326417923, 0.07569454486171405
AEO79032.1 triosephosphate isomerase partial [Staphylococcus aureus],A,0.03580363467335701, 0.06930381266607179
AEO79032.1 triosephosphate isomerase partial [Staphylococcus aureus],L,0.05253071337938309, 0.06388148375683361
AEO79032.1 triosephosphate isomerase partial [Staphylococcus aureus],V,0.01978534832596779, 0.05843633082177904
AEO79032.1 triosephosphate isomerase partial [Staphylococcus aureus],G,0.08284370601177216, 0.04589296794599957
AEO79032.1 triosephosphate isomerase partial [Staphylococcus aureus],G,0.10428641736507416, 0.03861057758331299
AEO79032.1 triosephosphate isomerase partial [Staphylococcus aureus],A,0.052245378494262695, 0.03463239595293999
XOL43459.1 acetyle coenzyme A acetyltransferase partial [Staphylococcus aureus],A,0.033396847546100616, 0.035740918997261256
XOL43459.1 acetyle coenzyme A acetyltransferase partial [Staphylococcus aureus],F,0.04385026544332504, 0.04591845845182737
XOL43459.1 acetyle coenzyme A acetyltransferase partial [Staphylococcus aureus],K,0.09595583379268646, 0.04907975263065762
XOL43459.1 acetyle coenzyme A acetyltransferase partial [Staphylococcus aureus],D,0.09572867304086685, 0.059092899991406336
XOL43459.1 acetyle coenzyme A acetyltransferase partial [Staphylococcus aureus],V,0.05273665115237236, 0.06834041658374998
XOL43459.1 acetyle coenzyme A acetyltransferase partial [Staphylococcus aureus],P,0.09159785509109497, 0.06637697459922896
XOL43459.1 acetyle coenzyme A acetyltransferase partial [Staphylococcus aureus],A,0.028451647609472275, 0.06314540312935908
XOL43459.1 acetyle coenzyme A acetyltransferase partial [Staphylococcus aureus],Y,0.09011832624673843, 0.05468064329276482
XOL43459.1 acetyle coenzyme A acetyltransferase partial [Staphylococcus aureus],D,0.08322764933109283, 0.05041353849487172
XOL43459.1 acetyle coenzyme A acetyltransferase partial [Staphylococcus aureus],L,0.015725869685411453, 0.04680779421081146
XOL43459.1 acetyle coenzyme A acetyltransferase partial [Staphylococcus aureus],G,0.014766122214496136, 0.03816736313617892
XOL43459.1 acetyle coenzyme A acetyltransferase partial [Staphylococcus aureus],A,0.01977299526333809, 0.04132847932891713
XOL43459.1 acetyle coenzyme A acetyltransferase partial [Staphylococcus aureus],T,0.05732472985982895, 0.03858431625283427
XOL43459.1 acetyle coenzyme A acetyltransferase partial [Staphylococcus aureus],L,0.020284952595829964, 0.0324545381590724
XOL43459.1 acetyle coenzyme A acetyltransferase partial [Staphylococcus aureus],I,0.013833975419402122, 0.035310628823935986
XOL43459.1 acetyle coenzyme A acetyltransferase partial [Staphylococcus aureus],E,0.05690169334411621, 0.04820985098679861
XOL43459.1 acetyle coenzyme A acetyltransferase partial [Staphylococcus aureus],H,0.06542085856199265, 0.05729054700997141
XOL43459.1 acetyle coenzyme A acetyltransferase partial [Staphylococcus aureus],I,0.028059646487236023, 0.05750988175471624
XOL43459.1 acetyle coenzyme A acetyltransferase partial [Staphylococcus aureus],I,0.04143068566918373, 0.06551675808926423
XOL43459.1 acetyle coenzyme A acetyltransferase partial [Staphylococcus aureus],K,0.1308591216802597, 0.07152003298203151
XOL43459.1 acetyle coenzyme A acetyltransferase partial [Staphylococcus aureus],E,0.10149925947189331, 0.07781396061182022
XOL43459.1 acetyle coenzyme A acetyltransferase partial [Staphylococcus aureus],T,0.059298742562532425, 0.07809178448385662
XOL43459.1 acetyle coenzyme A acetyltransferase partial [Staphylococcus aureus],G,0.09234683960676193, 0.0929863808883561
XOL43459.1 acetyle coenzyme A acetyltransferase partial [Staphylococcus aureus],L,0.06786344945430756, 0.09932172257039282
XOL43459.1 acetyle coenzyme A acetyltransferase partial [Staphylococcus aureus],N,0.11354704201221466, 0.08669054177072313
XOL43459.1 acetyle coenzyme A acetyltransferase partial [Staphylococcus aureus],P,0.06792127341032028, 0.08575853705406189
XOL43459.1 acetyle coenzyme A acetyltransferase partial [Staphylococcus aureus],S,0.16211101412773132, 0.08297118379010095
XOL43459.1 acetyle coenzyme A acetyltransferase partial [Staphylococcus aureus],E,0.09844876080751419, 0.07362945491655006
XOL43459.1 acetyle coenzyme A acetyltransferase partial [Staphylococcus aureus],I,0.017178494483232498, 0.0675552465642492
XOL43459.1 acetyle coenzyme A acetyltransferase partial [Staphylococcus aureus],D,0.09311121702194214, 0.05803457802782456
XOL43459.1 acetyle coenzyme A acetyltransferase partial [Staphylococcus aureus],E,0.034212563186883926, 0.05270847833404938
XOL43459.1 acetyle coenzyme A acetyltransferase partial [Staphylococcus aureus],V,0.008271279744803905, 0.038163268421259194
XOL43459.1 acetyle coenzyme A acetyltransferase partial [Staphylococcus aureus],I,0.013195574283599854, 0.02970125577929947
XOL43459.1 acetyle coenzyme A acetyltransferase partial [Staphylococcus aureus],I,0.02786102518439293, 0.03243904488368167
XOL43459.1 acetyle coenzyme A acetyltransferase partial [Staphylococcus aureus],G,0.01998637616634369, 0.028766361479130056
XOL43459.1 acetyle coenzyme A acetyltransferase partial [Staphylococcus aureus],N,0.03120412491261959, 0.02833625270674626
XOL43459.1 acetyle coenzyme A acetyltransferase partial [Staphylococcus aureus],V,0.02229064702987671, 0.0333516016188595
XOL43459.1 acetyle coenzyme A acetyltransferase partial [Staphylococcus aureus],L,0.04181859642267227, 0.039322276703185506
XOL43459.1 acetyle coenzyme A acetyltransferase partial [Staphylococcus aureus],Q,0.06005706638097763, 0.0407309393501944
XOL43459.1 acetyle coenzyme A acetyltransferase partial [Staphylococcus aureus],A,0.030341584235429764, 0.044187432155013084
XOL43459.1 acetyle coenzyme A acetyltransferase partial [Staphylococcus aureus],G,0.05340941995382309, 0.045461265163289175
XOL43459.1 acetyle coenzyme A acetyltransferase partial [Staphylococcus aureus],Q,0.06693165004253387, 0.04883076291945246
XOL43459.1 acetyle coenzyme A acetyltransferase partial [Staphylococcus aureus],G,0.04053898900747299, 0.04572682848407163
XOL43459.1 acetyle coenzyme A acetyltransferase partial [Staphylococcus aureus],Q,0.05109481140971184, 0.045288150302237935
XOL43459.1 acetyle coenzyme A acetyltransferase partial [Staphylococcus aureus],N,0.042668621987104416, 0.04861436763571368
XOL43459.1 acetyle coenzyme A acetyltransferase partial [Staphylococcus aureus],P,0.05261612683534622, 0.04403006906310717
XOL43459.1 acetyle coenzyme A acetyltransferase partial [Staphylococcus aureus],A,0.013883186504244804, 0.038688145784868136
XOL43459.1 acetyle coenzyme A acetyltransferase partial [Staphylococcus aureus],R,0.05610896274447441, 0.04129233811464575
XOL43459.1 acetyle coenzyme A acetyltransferase partial [Staphylococcus aureus],I,0.0602775402367115, 0.04598725897570451
XOL43459.1 acetyle coenzyme A acetyltransferase partial [Staphylococcus aureus],A,0.012150732800364494, 0.04434463712904188
XOL43459.1 acetyle coenzyme A acetyltransferase partial [Staphylococcus aureus],A,0.01885434053838253, 0.04511150179637803
XOL43459.1 acetyle coenzyme A acetyltransferase partial [Staphylococcus aureus],M,0.0639767199754715, 0.04670371756785446
XOL43459.1 acetyle coenzyme A acetyltransferase partial [Staphylococcus aureus],K,0.09334909915924072, 0.04995285988681846
XOL43459.1 acetyle coenzyme A acetyltransferase partial [Staphylococcus aureus],G,0.02788502536714077, 0.06304348818957806
XOL43459.1 acetyle coenzyme A acetyltransferase partial [Staphylococcus aureus],G,0.059517908841371536, 0.07556736303700341
XOL43459.1 acetyle coenzyme A acetyltransferase partial [Staphylococcus aureus],L,0.028213128447532654, 0.07738265581429005
XOL43459.1 acetyle coenzyme A acetyltransferase partial [Staphylococcus aureus],P,0.08535124361515045, 0.07658083716200458
XOL43459.1 acetyle coenzyme A acetyltransferase partial [Staphylococcus aureus],E,0.17809319496154785, 0.06737772778918345
XOL43459.1 acetyle coenzyme A acetyltransferase partial [Staphylococcus aureus],T,0.12486560642719269, 0.06772742389390866
XOL43459.1 acetyle coenzyme A acetyltransferase partial [Staphylococcus aureus],V,0.03519197553396225, 0.06476326048788097
XOL43459.1 acetyle coenzyme A acetyltransferase partial [Staphylococcus aureus],P,0.05676035210490227, 0.06296448616517915
XOL43459.1 acetyle coenzyme A acetyltransferase partial [Staphylococcus aureus],A,0.01052111480385065, 0.0600577514204714
XOL43459.1 acetyle coenzyme A acetyltransferase partial [Staphylococcus aureus],F,0.031032290309667587, 0.04867847884694735
XOL43459.1 acetyle coenzyme A acetyltransferase partial [Staphylococcus aureus],T,0.032840438187122345, 0.03972462109393544
XOL43459.1 acetyle coenzyme A acetyltransferase partial [Staphylococcus aureus],V,0.012024159543216228, 0.0408524585266908
XOL43459.1 acetyle coenzyme A acetyltransferase partial [Staphylococcus aureus],N,0.05919063091278076, 0.03887105898724662
XOL43459.1 acetyle coenzyme A acetyltransferase partial [Staphylococcus aureus],K,0.07567974179983139, 0.04367392375651333
XOL43459.1 acetyle coenzyme A acetyltransferase partial [Staphylococcus aureus],V,0.04428088665008545, 0.043968316891955
XOL43459.1 acetyle coenzyme A acetyltransferase partial [Staphylococcus aureus],C,0.04534251242876053, 0.04285312081790633
XOL43459.1 acetyle coenzyme A acetyltransferase partial [Staphylococcus aureus],G,0.03892775624990463, 0.04758497638007005
XOL43459.1 acetyle coenzyme A acetyltransferase partial [Staphylococcus aureus],S,0.05374689772725105, 0.04287279024720192
XOL43459.1 acetyle coenzyme A acetyltransferase partial [Staphylococcus aureus],G,0.033681828528642654, 0.03548585416542159
XOL43459.1 acetyle coenzyme A acetyltransferase partial [Staphylococcus aureus],L,0.022803673520684242, 0.0352786858048704
XOL43459.1 acetyle coenzyme A acetyltransferase partial [Staphylococcus aureus],K,0.05461085960268974, 0.03433124845226606
XOL43459.1 acetyle coenzyme A acetyltransferase partial [Staphylococcus aureus],S,0.016780955716967583, 0.030859874044027593
XOL43459.1 acetyle coenzyme A acetyltransferase partial [Staphylococcus aureus],I,0.009197317063808441, 0.02964301583253675
XOL43459.1 acetyle coenzyme A acetyltransferase partial [Staphylococcus aureus],Q,0.042416371405124664, 0.03165672357297606
XOL43459.1 acetyle coenzyme A acetyltransferase partial [Staphylococcus aureus],L,0.0368155762553215, 0.033746525127854615
XOL43459.1 acetyle coenzyme A acetyltransferase partial [Staphylococcus aureus],A,0.007685386575758457, 0.03139918204396963
XOL43459.1 acetyle coenzyme A acetyltransferase partial [Staphylococcus aureus],Y,0.042795173823833466, 0.03765090979221794
XOL43459.1 acetyle coenzyme A acetyltransferase partial [Staphylococcus aureus],Q,0.051805198192596436, 0.04211147264060047
XOL43459.1 acetyle coenzyme A acetyltransferase partial [Staphylococcus aureus],S,0.04161188751459122, 0.04405029293977552
XOL43459.1 acetyle coenzyme A acetyltransferase partial [Staphylococcus aureus],I,0.033484771847724915, 0.04421124286535713
XOL43459.1 acetyle coenzyme A acetyltransferase partial [Staphylococcus aureus],V,0.07304650545120239, 0.049216822617583804
XOL43459.1 acetyle coenzyme A acetyltransferase partial [Staphylococcus aureus],T,0.049342382699251175, 0.058330622812112175
XOL43459.1 acetyle coenzyme A acetyltransferase partial [Staphylococcus aureus],G,0.05986575409770012, 0.05568435643282202
XOL43459.1 acetyle coenzyme A acetyltransferase partial [Staphylococcus aureus],E,0.03826412558555603, 0.052641546457178064
XOL43459.1 acetyle coenzyme A acetyltransferase partial [Staphylococcus aureus],N,0.05273560434579849, 0.050235309845043555
XOL43459.1 acetyle coenzyme A acetyltransferase partial [Staphylococcus aureus],D,0.12481937557458878, 0.042776768716673054
XOL43459.1 acetyle coenzyme A acetyltransferase partial [Staphylococcus aureus],I,0.027988800778985023, 0.038590808709462486
XOL43459.1 acetyle coenzyme A acetyltransferase partial [Staphylococcus aureus],V,0.014226597733795643, 0.033549103368487626
XOL43459.1 acetyle coenzyme A acetyltransferase partial [Staphylococcus aureus],L,0.011828642338514328, 0.0322189104432861
XOL43459.1 acetyle coenzyme A acetyltransferase partial [Staphylococcus aureus],A,0.00591963529586792, 0.0336990634807282
XOL43459.1 acetyle coenzyme A acetyltransferase partial [Staphylococcus aureus],G,0.011668742634356022, 0.02791285069866313
XOL43459.1 acetyle coenzyme A acetyltransferase partial [Staphylococcus aureus],G,0.014490406028926373, 0.029379602004256513
XOL43459.1 acetyle coenzyme A acetyltransferase partial [Staphylococcus aureus],M,0.026292389258742332, 0.03240964458220535
XOL43459.1 acetyle coenzyme A acetyltransferase partial [Staphylococcus aureus],E,0.0660569816827774, 0.03851266060438421
XOL43459.1 acetyle coenzyme A acetyltransferase partial [Staphylococcus aureus],N,0.07274346053600311, 0.0424050802571906
XOL43459.1 acetyle coenzyme A acetyltransferase partial [Staphylococcus aureus],M,0.041189562529325485, 0.04786208158151971
XOL43459.1 acetyle coenzyme A acetyltransferase partial [Staphylococcus aureus],S,0.04149698093533516, 0.054828839376568794
XOL43459.1 acetyle coenzyme A acetyltransferase partial [Staphylococcus aureus],Q,0.06675578653812408, 0.055592673106326
XOL43459.1 acetyle coenzyme A acetyltransferase partial [Staphylococcus aureus],S,0.04095141217112541, 0.052174809492296643
XOL43459.1 acetyle coenzyme A acetyltransferase partial [Staphylococcus aureus],P,0.060781754553318024, 0.05668023849527041
XOL43459.1 acetyle coenzyme A acetyltransferase partial [Staphylococcus aureus],M,0.07719122618436813, 0.0633889569176568
XOL43459.1 acetyle coenzyme A acetyltransferase partial [Staphylococcus aureus],L,0.03316689282655716, 0.06501627547873391
XOL43459.1 acetyle coenzyme A acetyltransferase partial [Staphylococcus aureus],V,0.035296209156513214, 0.07494488110144933
XOL43459.1 acetyle coenzyme A acetyltransferase partial [Staphylococcus aureus],N,0.11329232156276703, 0.08367549338274533
XOL43459.1 acetyle coenzyme A acetyltransferase partial [Staphylococcus aureus],N,0.10156802833080292, 0.0842539490097099
XOL43459.1 acetyle coenzyme A acetyltransferase partial [Staphylococcus aureus],S,0.05614284798502922, 0.08788543070356052
XOL43459.1 acetyle coenzyme A acetyltransferase partial [Staphylococcus aureus],R,0.15611323714256287, 0.09947163901395267
XOL43459.1 acetyle coenzyme A acetyltransferase partial [Staphylococcus aureus],F,0.1195269227027893, 0.10290908358163303
XOL43459.1 acetyle coenzyme A acetyltransferase partial [Staphylococcus aureus],G,0.06598785519599915, 0.09807945001456472
XOL43459.1 acetyle coenzyme A acetyltransferase partial [Staphylococcus aureus],F,0.10987456142902374, 0.09989252065618832
XOL43459.1 acetyle coenzyme A acetyltransferase partial [Staphylococcus aureus],K,0.13744276762008667, 0.10414259466860029
XOL43459.1 acetyle coenzyme A acetyltransferase partial [Staphylococcus aureus],M,0.06623321026563644, 0.09689221448368496
XOL43459.1 acetyle coenzyme A acetyltransferase partial [Staphylococcus aureus],G,0.06982561945915222, 0.09282333238257302
XOL43459.1 acetyle coenzyme A acetyltransferase partial [Staphylococcus aureus],H,0.11788566410541534, 0.09338297446568807
XOL43459.1 acetyle coenzyme A acetyltransferase partial [Staphylococcus aureus],Q,0.09439351409673691, 0.09221013966533873
XOL43459.1 acetyle coenzyme A acetyltransferase partial [Staphylococcus aureus],S,0.09085981547832489, 0.0815966824690501
XOL43459.1 acetyle coenzyme A acetyltransferase partial [Staphylococcus aureus],M,0.08290698379278183, 0.07889988521734874
XOL43459.1 acetyle coenzyme A acetyltransferase partial [Staphylococcus aureus],V,0.07102463394403458, 0.07746379532747799
XOL43459.1 acetyle coenzyme A acetyltransferase partial [Staphylococcus aureus],D,0.09931904822587967, 0.08195749546090762
XOL43459.1 acetyle coenzyme A acetyltransferase partial [Staphylococcus aureus],S,0.04192165285348892, 0.08037885485423936
XOL43459.1 acetyle coenzyme A acetyltransferase partial [Staphylococcus aureus],M,0.04196203500032425, 0.07421931996941566
XOL43459.1 acetyle coenzyme A acetyltransferase partial [Staphylococcus aureus],V,0.056900810450315475, 0.07050365209579468
XOL43459.1 acetyle coenzyme A acetyltransferase partial [Staphylococcus aureus],Y,0.15832896530628204, 0.06966757774353027
XOL43459.1 acetyle coenzyme A acetyltransferase partial [Staphylococcus aureus],D,0.08018574863672256, 0.06649299710988998
XOL43459.1 acetyle coenzyme A acetyltransferase partial [Staphylococcus aureus],G,0.03542400151491165, 0.0708682926164733
XOL43459.1 acetyle coenzyme A acetyltransferase partial [Staphylococcus aureus],L,0.04946597293019295, 0.08421342406007978
XOL43459.1 acetyle coenzyme A acetyltransferase partial [Staphylococcus aureus],T,0.06349996477365494, 0.09532128812538253
XOL43459.1 acetyle coenzyme A acetyltransferase partial [Staphylococcus aureus],D,0.07074782252311707, 0.09088150867157513
XOL43459.1 acetyle coenzyme A acetyltransferase partial [Staphylococcus aureus],V,0.0812993124127388, 0.09822890617781216
XOL43459.1 acetyle coenzyme A acetyltransferase partial [Staphylococcus aureus],F,0.1620682179927826, 0.10641278367903498
XOL43459.1 acetyle coenzyme A acetyltransferase partial [Staphylococcus aureus],N,0.15687158703804016, 0.10945298357142343
XOL43459.1 acetyle coenzyme A acetyltransferase partial [Staphylococcus aureus],Q,0.11837095022201538, 0.10603913416465123
XOL43459.1 acetyle coenzyme A acetyltransferase partial [Staphylococcus aureus],Y,0.14631232619285583, 0.10420334877239333
XOL43459.1 acetyle coenzyme A acetyltransferase partial [Staphylococcus aureus],H,0.10907889902591705, 0.09865975918041335
XOL43459.1 acetyle coenzyme A acetyltransferase partial [Staphylococcus aureus],M,0.076827771961689, 0.08231355156749487
XOL43459.1 acetyle coenzyme A acetyltransferase partial [Staphylococcus aureus],G,0.03277532011270523, 0.07056391228818232
XOL43459.1 acetyle coenzyme A acetyltransferase partial [Staphylococcus aureus],I,0.054225753992795944, 0.06548612140532997
XOL43459.1 acetyle coenzyme A acetyltransferase partial [Staphylococcus aureus],T,0.031407006084918976, 0.051288085161811776
XOL43459.1 acetyle coenzyme A acetyltransferase partial [Staphylococcus aureus],A,0.014952349476516247, 0.042053244490590364
XOL43459.1 acetyle coenzyme A acetyltransferase partial [Staphylococcus aureus],E,0.05112483352422714, 0.04501528820643822
XOL43459.1 acetyle coenzyme A acetyltransferase partial [Staphylococcus aureus],N,0.0726708322763443, 0.05716945096436474
XOL43459.1 acetyle coenzyme A acetyltransferase partial [Staphylococcus aureus],L,0.018530000001192093, 0.06311402128388484
XOL43459.1 acetyle coenzyme A acetyltransferase partial [Staphylococcus aureus],V,0.025965332984924316, 0.06628089222229189
XOL43459.1 acetyle coenzyme A acetyltransferase partial [Staphylococcus aureus],E,0.10348616540431976, 0.06811646247903506
XOL43459.1 acetyle coenzyme A acetyltransferase partial [Staphylococcus aureus],Q,0.14216278493404388, 0.07239643939667278
XOL43459.1 acetyle coenzyme A acetyltransferase partial [Staphylococcus aureus],Y,0.10772688686847687, 0.07874337873525089
XOL43459.1 acetyle coenzyme A acetyltransferase partial [Staphylococcus aureus],G,0.05990884453058243, 0.08845358424716526
XOL43459.1 acetyle coenzyme A acetyltransferase partial [Staphylococcus aureus],I,0.03147248178720474, 0.09324043492476146
XOL43459.1 acetyle coenzyme A acetyltransferase partial [Staphylococcus aureus],S,0.08964462578296661, 0.08269908227440384
XOL43459.1 acetyle coenzyme A acetyltransferase partial [Staphylococcus aureus],R,0.12979328632354736, 0.07087048339760965
XOL43459.1 acetyle coenzyme A acetyltransferase partial [Staphylococcus aureus],E,0.10592184960842133, 0.06616859914114077
XOL43459.1 acetyle coenzyme A acetyltransferase partial [Staphylococcus aureus],E,0.0690469890832901, 0.06387523385799593
XOL43459.1 acetyle coenzyme A acetyltransferase partial [Staphylococcus aureus],Q,0.008613991551101208, 0.06280481370372905
XOL43459.1 acetyle coenzyme A acetyltransferase partial [Staphylococcus aureus],D,0.03570539504289627, 0.057402051260901824
XOL43459.1 acetyle coenzyme A acetyltransferase partial [Staphylococcus aureus],T,0.06540992856025696, 0.05188286480390363
XOL43459.1 acetyle coenzyme A acetyltransferase partial [Staphylococcus aureus],F,0.039268556982278824, 0.04239174796061383
XOL43459.1 acetyle coenzyme A acetyltransferase partial [Staphylococcus aureus],A,0.021838700398802757, 0.03809810378071335
XOL43459.1 acetyle coenzyme A acetyltransferase partial [Staphylococcus aureus],V,0.04101976379752159, 0.047387014660570353
XOL43459.1 acetyle coenzyme A acetyltransferase partial [Staphylococcus aureus],N,0.08012060821056366, 0.05002026632428169
XOL43459.1 acetyle coenzyme A acetyltransferase partial [Staphylococcus aureus],S,0.020501798018813133, 0.046163955703377724
XOL43459.1 acetyle coenzyme A acetyltransferase partial [Staphylococcus aureus],Q,0.030404191464185715, 0.05065668933093548
XOL43459.1 acetyle coenzyme A acetyltransferase partial [Staphylococcus aureus],H,0.0922141894698143, 0.06465508457687166
XOL43459.1 acetyle coenzyme A acetyltransferase partial [Staphylococcus aureus],K,0.059404660016298294, 0.06606845226552752
XOL43459.1 acetyle coenzyme A acetyltransferase partial [Staphylococcus aureus],A,0.03070313297212124, 0.06888069543573591
XOL43459.1 acetyle coenzyme A acetyltransferase partial [Staphylococcus aureus],V,0.07970315963029861, 0.07530047847992843
XOL43459.1 acetyle coenzyme A acetyltransferase partial [Staphylococcus aureus],R,0.1478242576122284, 0.0719222349839078
XOL43459.1 acetyle coenzyme A acetyltransferase partial [Staphylococcus aureus],A,0.05374007299542427, 0.06167621393170622
XOL43459.1 acetyle coenzyme A acetyltransferase partial [Staphylococcus aureus],Q,0.10543079674243927, 0.05507569615211752
XOL43459.1 acetyle coenzyme A acetyltransferase partial [Staphylococcus aureus],Q,0.07827984541654587, 0.051664236932992935