Accession,Residue,BepiPred-3.0 score,BepiPred-3.0 linear epitope score
SSL3|CC1,Q,0.11920052766799927, 0.08663819564713372
SSL3|CC1,A,0.11088018119335175, 0.10656768911414677
SSL3|CC1,Q,0.15492115914821625, 0.1321309722132153
SSL3|CC1,T,0.19634655117988586, 0.15179254611333212
SSL3|CC1,D,0.19839534163475037, 0.17461535003450182
SSL3|CC1,M,0.17936544120311737, 0.18894130322668287
SSL3|CC1,T,0.23006954789161682, 0.20166714489459991
SSL3|CC1,P,0.17695416510105133, 0.20260933372709486
SSL3|CC1,K,0.20540523529052734, 0.19391186949279574
SSL3|CC1,Y,0.24813410639762878, 0.20509060472249985
SSL3|CC1,E,0.2254127562046051, 0.2030539256003168
SSL3|CC1,D,0.16340085864067078, 0.19942736708455616
SSL3|CC1,L,0.1180693730711937, 0.2001496743824747
SSL3|CC1,R,0.2990039587020874, 0.19943536238537896
SSL3|CC1,A,0.16103532910346985, 0.19564810312456554
SSL3|CC1,Y,0.19743052124977112, 0.18926724046468735
SSL3|CC1,Y,0.18345493078231812, 0.1874073768655459
SSL3|CC1,T,0.19897642731666565, 0.195735365152359
SSL3|CC1,K,0.21404877305030823, 0.18128961821397147
SSL3|CC1,P,0.1679849922657013, 0.17677154309219784
SSL3|CC1,S,0.14666208624839783, 0.1739001108540429
SSL3|CC1,F,0.1930212676525116, 0.1817545791467031
SSL3|CC1,E,0.16899223625659943, 0.18519993291960823
SSL3|CC1,F,0.12037265300750732, 0.1816561453872257
SSL3|CC1,E,0.17158763110637665, 0.18159577084912193
SSL3|CC1,K,0.25414514541625977, 0.186876666214731
SSL3|CC1,Q,0.2299846112728119, 0.18838058246506584
SSL3|CC1,F,0.18215468525886536, 0.18319626649220785
SSL3|CC1,G,0.16744162142276764, 0.19334745738241407
SSL3|CC1,F,0.1941901445388794, 0.19611824386649662
SSL3|CC1,L,0.2065565139055252, 0.19536948535177442
SSL3|CC1,L,0.12233339250087738, 0.18482900659243265
SSL3|CC1,K,0.2117333710193634, 0.18654565181997088
SSL3|CC1,P,0.1965247094631195, 0.18127103481027815
SSL3|CC1,W,0.24740631878376007, 0.18901151584254372
SSL3|CC1,T,0.13512030243873596, 0.18522798518339792
SSL3|CC1,T,0.1976044923067093, 0.19409101539187962
SSL3|CC1,V,0.11997006833553314, 0.19748731123076546
SSL3|CC1,R,0.2638544738292694, 0.19448854525883993
SSL3|CC1,F,0.1725047379732132, 0.19716013967990875
SSL3|CC1,M,0.20210066437721252, 0.2084764407740699
SSL3|CC1,N,0.24230003356933594, 0.21081420282522836
SSL3|CC1,V,0.1695358157157898, 0.22560061348809135
SSL3|CC1,I,0.2714506685733795, 0.21388810210757786
SSL3|CC1,P,0.23696701228618622, 0.21489656468232474
SSL3|CC1,N,0.21864435076713562, 0.20317834946844313
SSL3|CC1,R,0.25304776430130005, 0.19658057226075065
SSL3|CC1,F,0.15844187140464783, 0.186859469446871
SSL3|CC1,I,0.18158090114593506, 0.172058819896645
SSL3|CC1,Y,0.09663672745227814, 0.15645838446087307
SSL3|CC1,K,0.18292003870010376, 0.15029606223106384
SSL3|CC1,I,0.08204589039087296, 0.1395392401350869
SSL3|CC1,A,0.13824482262134552, 0.14577251507176292
SSL3|CC1,L,0.09656309336423874, 0.1495110640923182
SSL3|CC1,V,0.16318345069885254, 0.17188558313581678
SSL3|CC1,G,0.15623636543750763, 0.18414423200819227
SSL3|CC1,K,0.21454134583473206, 0.2087363890475697
SSL3|CC1,D,0.21522784233093262, 0.22394098258680767
SSL3|CC1,E,0.29800739884376526, 0.2466568632258309
SSL3|CC1,K,0.29324787855148315, 0.25655734373463523
SSL3|CC1,K,0.3033753037452698, 0.25882162981563145
SSL3|CC1,Y,0.2750861644744873, 0.26358357734150356
SSL3|CC1,K,0.301006019115448, 0.26880133152008057
SSL3|CC1,D,0.25228777527809143, 0.2536564932929145
SSL3|CC1,G,0.1766149401664734, 0.24476021197107103
SSL3|CC1,P,0.2573988735675812, 0.22107848938968447
SSL3|CC1,Y,0.2621876299381256, 0.21030667506986195
SSL3|CC1,D,0.16170385479927063, 0.18188072534071076
SSL3|CC1,N,0.21318134665489197, 0.17595165760980713
SSL3|CC1,I,0.09023980051279068, 0.16317645377582973
SSL3|CC1,D,0.1781398355960846, 0.14676974879370797
SSL3|CC1,V,0.045172471553087234, 0.1323806643486023
SSL3|CC1,F,0.1989261656999588, 0.143376757701238
SSL3|CC1,I,0.061638105660676956, 0.15139993362956577
SSL3|CC1,V,0.10973852872848511, 0.1655321146051089
SSL3|CC1,L,0.13268586993217468, 0.16853733277983135
SSL3|CC1,E,0.26066869497299194, 0.18006563228037623
SSL3|CC1,D,0.2853899300098419, 0.18038725563221508
SSL3|CC1,N,0.21742942929267883, 0.18281018982330957
SSL3|CC1,K,0.20518679916858673, 0.19412376234928766
SSL3|CC1,Y,0.14892716705799103, 0.20385821080870098
SSL3|CC1,Q,0.20182077586650848, 0.1915522971087032
SSL3|CC1,L,0.0834445133805275, 0.17870801935593286
SSL3|CC1,K,0.2115606814622879, 0.16762137826946047
SSL3|CC1,K,0.22029590606689453, 0.1645532175898552
SSL3|CC1,Y,0.14991547167301178, 0.16745398690303168
SSL3|CC1,S,0.16979143023490906, 0.16537725345955956
SSL3|CC1,V,0.11764965951442719, 0.17683339284525978
SSL3|CC1,G,0.17757335305213928, 0.17769170800844827
SSL3|CC1,G,0.17503409087657928, 0.1731741809182697
SSL3|CC1,I,0.1831301748752594, 0.18412404590182835
SSL3|CC1,T,0.18654976785182953, 0.18618191613091362
SSL3|CC1,K,0.2192855179309845, 0.20025498999489677
SSL3|CC1,T,0.17963816225528717, 0.2055542899502648
SSL3|CC1,N,0.24846425652503967, 0.20590845081541273
SSL3|CC1,S,0.18831226229667664, 0.21228108141157362
SSL3|CC1,K,0.24430732429027557, 0.206033393740654
SSL3|CC1,K,0.22526705265045166, 0.2029792931344774
SSL3|CC1,V,0.17822153866291046, 0.1919078528881073
SSL3|CC1,N,0.2404838502407074, 0.1879481060637368
SSL3|CC1,H,0.13032057881355286, 0.17681173814667595
SSL3|CC1,K,0.1917986124753952, 0.16822441584534115
SSL3|CC1,V,0.07999520003795624, 0.15768677492936453
SSL3|CC1,E,0.21282653510570526, 0.1577586978673935
SSL3|CC1,L,0.08808495104312897, 0.15290193259716034
SSL3|CC1,S,0.16702142357826233, 0.16720287832948896
SSL3|CC1,I,0.130428284406662, 0.17460299862755668
SSL3|CC1,T,0.1788688451051712, 0.19770591954390207
SSL3|CC1,K,0.196772962808609, 0.20895617538028294
SSL3|CC1,K,0.2590290904045105, 0.22142073346508873
SSL3|CC1,D,0.25839969515800476, 0.2338562160730362
SSL3|CC1,N,0.2879214882850647, 0.24206938180658552
SSL3|CC1,Q,0.31407883763313293, 0.24675341612762874
SSL3|CC1,G,0.20026597380638123, 0.2514449424213833
SSL3|CC1,M,0.27894076704978943, 0.24565067225032383
SSL3|CC1,I,0.20434677600860596, 0.23596123523182339
SSL3|CC1,S,0.22102515399456024, 0.22643242279688516
SSL3|CC1,R,0.2389966994524002, 0.21716666056050193
SSL3|CC1,D,0.20688065886497498, 0.21911531521214378
SSL3|CC1,V,0.17119476199150085, 0.20812460945712197
SSL3|CC1,S,0.20216217637062073, 0.20324356688393486
SSL3|CC1,E,0.2306869775056839, 0.19854791131284502
SSL3|CC1,Y,0.21780386567115784, 0.19480693009164599
SSL3|CC1,M,0.1800244152545929, 0.19725184639294943
SSL3|CC1,I,0.16041739284992218, 0.20626277062628004
SSL3|CC1,T,0.1787642538547516, 0.19837546679708692
SSL3|CC1,K,0.2053278684616089, 0.19020595649878183
SSL3|CC1,E,0.22888490557670593, 0.1793120809727245
SSL3|CC1,E,0.25229308009147644, 0.1783390599820349
SSL3|CC1,I,0.1311764419078827, 0.18132865180571875
SSL3|CC1,S,0.1571613848209381, 0.17159646997849146
SSL3|CC1,L,0.1197589859366417, 0.16570335378249487
SSL3|CC1,K,0.17126722633838654, 0.1618104005853335
SSL3|CC1,E,0.18732371926307678, 0.15233496410979164
SSL3|CC1,L,0.09117461740970612, 0.14960125337044397
SSL3|CC1,D,0.15228982269763947, 0.15300537728601032
SSL3|CC1,F,0.19384832680225372, 0.16169184115197924
SSL3|CC1,K,0.16701415181159973, 0.15850781897703806
SSL3|CC1,L,0.10657304525375366, 0.14740369220574698
SSL3|CC1,R,0.18779850006103516, 0.15711790323257446
SSL3|CC1,K,0.19793716073036194, 0.1725629319747289
SSL3|CC1,Q,0.14261102676391602, 0.17553078797128466
SSL3|CC1,L,0.08738657832145691, 0.17561709715260398
SSL3|CC1,I,0.17860251665115356, 0.1940955569346746
SSL3|CC1,E,0.2912950813770294, 0.19336408376693726
SSL3|CC1,K,0.2205590307712555, 0.20784552892049155
SSL3|CC1,H,0.16779093444347382, 0.21268937322828504
SSL3|CC1,N,0.2728791832923889, 0.23429292771551344
SSL3|CC1,L,0.18121524155139923, 0.23887442549069723
SSL3|CC1,Y,0.32827016711235046, 0.221137758758333
SSL3|CC1,G,0.18620562553405762, 0.2192932516336441
SSL3|CC1,N,0.28181856870651245, 0.20936957001686096
SSL3|CC1,M,0.21983599662780762, 0.19791746139526367
SSL3|CC1,G,0.13166508078575134, 0.1817450030810303
SSL3|CC1,S,0.20395846664905548, 0.1565777249634266
SSL3|CC1,G,0.07847779989242554, 0.14146766687432924
SSL3|CC1,T,0.1698102056980133, 0.12744209460086292
SSL3|CC1,I,0.035663116723299026, 0.11841574269864294
SSL3|CC1,V,0.10176466405391693, 0.12653624638915062
SSL3|CC1,I,0.05021510273218155, 0.12769275862309667
SSL3|CC1,K,0.15558841824531555, 0.13621986202067798
SSL3|CC1,M,0.13859882950782776, 0.14160030707716942
SSL3|CC1,K,0.20474961400032043, 0.16380574388636482
SSL3|CC1,N,0.21436707675457, 0.17321552915705574
SSL3|CC1,G,0.15522173047065735, 0.18697991801632774
SSL3|CC1,G,0.21823421120643616, 0.1834796650542153
SSL3|CC1,K,0.23551204800605774, 0.20043916669156817
SSL3|CC1,Y,0.1864527314901352, 0.18913667400678
SSL3|CC1,T,0.17409460246562958, 0.194945697983106
SSL3|CC1,F,0.12408614158630371, 0.2073753128449122
SSL3|CC1,E,0.2912343442440033, 0.21363906231191424
SSL3|CC1,L,0.10302717983722687, 0.21348625090387133
SSL3|CC1,H,0.2666482925415039, 0.22361924747625986
SSL3|CC1,K,0.26708826422691345, 0.23292690184381273
SSL3|CC1,K,0.27460795640945435, 0.24342532787058088
SSL3|CC1,L,0.23413674533367157, 0.2433187117179235
SSL3|CC1,Q,0.2776497006416321, 0.2500731382105086
SSL3|CC1,E,0.25786349177360535, 0.23583900100655025
SSL3|CC1,H,0.2185719758272171, 0.22496794164180756
SSL3|CC1,R,0.29027479887008667, 0.21139958831999037
SSL3|CC1,M,0.16381701827049255, 0.19930096632904476
SSL3|CC1,A,0.1385410577058792, 0.18837681909402212
SSL3|CC1,D,0.16924872994422913, 0.1737227456437217
SSL3|CC1,V,0.15249277651309967, 0.17152880297766793
SSL3|CC1,I,0.12524914741516113, 0.1627260148525238
SSL3|CC1,D,0.17933237552642822, 0.1550021328859859
SSL3|CC1,G,0.1259768307209015, 0.15445545067389807
SSL3|CC1,T,0.19882649183273315, 0.1543685719370842
SSL3|CC1,N,0.21104970574378967, 0.1433469189537896
SSL3|CC1,I,0.09430208057165146, 0.15044155054622227
SSL3|CC1,D,0.13362091779708862, 0.13719355397754246
SSL3|CC1,N,0.16846682131290436, 0.14211954673131308
SSL3|CC1,I,0.053297899663448334, 0.13159662071201536
SSL3|CC1,E,0.18910083174705505, 0.1256332521637281
SSL3|CC1,V,0.060100406408309937, 0.11515524321132237
SSL3|CC1,N,0.17031076550483704, 0.1003084745672014
SSL3|CC1,I,0.1041201576590538, 0.08158993886576758
SSL3|CC1,K,0.1573793888092041, 0.07566795001427333
SSL3|CC5,Q,0.11317918449640274, 0.08580001609192954
SSL3|CC5,A,0.11221535503864288, 0.10586167126893997
SSL3|CC5,Q,0.15259142220020294, 0.13232342153787613
SSL3|CC5,T,0.1956954300403595, 0.1510937420858277
SSL3|CC5,D,0.1985187530517578, 0.17360348088873756
SSL3|CC5,M,0.18055489659309387, 0.18953967259989846
SSL3|CC5,T,0.23815575242042542, 0.20251385205321842
SSL3|CC5,P,0.16893288493156433, 0.20468217631181082
SSL3|CC5,K,0.20258764922618866, 0.19630012826787102
SSL3|CC5,Y,0.2566049098968506, 0.20840727206733492
SSL3|CC5,E,0.22898297011852264, 0.2070691908399264
SSL3|CC5,D,0.17210634052753448, 0.2031004321244028
SSL3|CC5,L,0.12025699764490128, 0.2053724005818367
SSL3|CC5,R,0.307483047246933, 0.20627118564314312
SSL3|CC5,A,0.16851216554641724, 0.20201303313175836
SSL3|CC5,Y,0.2024369239807129, 0.19606323457426494
SSL3|CC5,Y,0.18938060104846954, 0.19414504617452621
SSL3|CC5,T,0.21067671477794647, 0.2030522558424208
SSL3|CC5,K,0.21828153729438782, 0.18874967098236084
SSL3|CC5,P,0.17543478310108185, 0.18434915608829922
SSL3|CC5,S,0.15484264492988586, 0.18207965791225433
SSL3|CC5,F,0.20042188465595245, 0.1906836595800188
SSL3|CC5,E,0.17875978350639343, 0.1941941132148107
SSL3|CC5,F,0.12890753149986267, 0.19122156500816345
SSL3|CC5,E,0.1820114403963089, 0.1904007312324312
SSL3|CC5,K,0.2668166160583496, 0.1946702798207601
SSL3|CC5,Q,0.2422707974910736, 0.19633500277996063
SSL3|CC5,F,0.19152860343456268, 0.19113225075933668
SSL3|CC5,G,0.16804727911949158, 0.20186594294177163
SSL3|CC5,F,0.1932685822248459, 0.20446490082475874
SSL3|CC5,L,0.21540439128875732, 0.2034875469075309
SSL3|CC5,L,0.1319350153207779, 0.19168728755580056
SSL3|CC5,K,0.22551076114177704, 0.19352863729000092
SSL3|CC5,P,0.20540206134319305, 0.1890085687239965
SSL3|CC5,W,0.25802043080329895, 0.19881726635826957
SSL3|CC5,T,0.1360684633255005, 0.1951347159014808
SSL3|CC5,T,0.20810075104236603, 0.20396211743354797
SSL3|CC5,V,0.12736666202545166, 0.20633017520109811
SSL3|CC5,R,0.28154686093330383, 0.20286692016654545
SSL3|CC5,F,0.18226143717765808, 0.20489658415317535
SSL3|CC5,M,0.21138162910938263, 0.2163971182372835
SSL3|CC5,N,0.2468232810497284, 0.21836297710736594
SSL3|CC5,V,0.17423276603221893, 0.2323194510406918
SSL3|CC5,I,0.27628740668296814, 0.21852822105089822
SSL3|CC5,P,0.23957327008247375, 0.2186613099442588
SSL3|CC5,N,0.2257934808731079, 0.20561855369144016
SSL3|CC5,R,0.2529749274253845, 0.19903789460659027
SSL3|CC5,F,0.15742579102516174, 0.18901512771844864
SSL3|CC5,I,0.18345923721790314, 0.17426087872849572
SSL3|CC5,Y,0.09399682283401489, 0.15831859823730257
SSL3|CC5,K,0.1875973492860794, 0.15237164911296633
SSL3|CC5,I,0.08402786403894424, 0.14137624949216843
SSL3|CC5,A,0.14349916577339172, 0.14903294460641014
SSL3|CC5,L,0.09609274566173553, 0.15307319578197268
SSL3|CC5,V,0.17227093875408173, 0.176463197502825
SSL3|CC5,G,0.15401633083820343, 0.18908386015229756
SSL3|CC5,K,0.2263360470533371, 0.2143748485379749
SSL3|CC5,D,0.219821497797966, 0.22980956070952946
SSL3|CC5,E,0.3045068383216858, 0.25307225187619525
SSL3|CC5,K,0.3011833131313324, 0.2628904895650016
SSL3|CC5,K,0.3116467595100403, 0.2654726008574168
SSL3|CC5,Y,0.2824115753173828, 0.26866091125541264
SSL3|CC5,K,0.3054569661617279, 0.273993624581231
SSL3|CC5,D,0.2606350779533386, 0.25820572177569073
SSL3|CC5,G,0.17725533246994019, 0.2476118521557914
SSL3|CC5,P,0.2550308406352997, 0.2232347826162974
SSL3|CC5,Y,0.2678159177303314, 0.21118473841084373
SSL3|CC5,D,0.16241571307182312, 0.18204745567507213
SSL3|CC5,N,0.20583848655223846, 0.1758503723475668
SSL3|CC5,I,0.09225313365459442, 0.1627923734486103
SSL3|CC5,D,0.17396117746829987, 0.1467674784362316
SSL3|CC5,V,0.04322142153978348, 0.13206315661470094
SSL3|CC5,F,0.2048613280057907, 0.143475614902046
SSL3|CC5,I,0.05973334237933159, 0.1531395957701736
SSL3|CC5,V,0.11080678552389145, 0.16778437586294281
SSL3|CC5,L,0.13547702133655548, 0.17227549478411674
SSL3|CC5,E,0.26512783765792847, 0.1843656272523933
SSL3|CC5,D,0.29281431436538696, 0.18491115876370007
SSL3|CC5,N,0.2240561544895172, 0.18796865724855
SSL3|CC5,K,0.21438124775886536, 0.19979416661792332
SSL3|CC5,Y,0.15203261375427246, 0.21012310518158805
SSL3|CC5,Q,0.20977111160755157, 0.19765404197904798
SSL3|CC5,L,0.08725082874298096, 0.18454362783167097
SSL3|CC5,K,0.21723636984825134, 0.17374812066555023
SSL3|CC5,K,0.22843746840953827, 0.16942434344026777
SSL3|CC5,Y,0.15290626883506775, 0.17304038835896385
SSL3|CC5,S,0.17482058703899384, 0.17056862347655827
SSL3|CC5,V,0.12689658999443054, 0.18212549057271746
SSL3|CC5,G,0.17546725273132324, 0.18316461973720127
SSL3|CC5,G,0.18457701802253723, 0.17899959286053976
SSL3|CC5,I,0.18752522766590118, 0.19043354524506462
SSL3|CC5,T,0.1912626326084137, 0.19290432499514687
SSL3|CC5,K,0.22658853232860565, 0.2065319021542867
SSL3|CC5,T,0.19095222651958466, 0.21254700422286987
SSL3|CC5,N,0.2558118402957916, 0.21217105786005655
SSL3|CC5,S,0.1970576047897339, 0.21499061418904197
SSL3|CC5,K,0.24954478442668915, 0.20987193286418915
SSL3|CC5,K,0.22960317134857178, 0.2066726651456621
SSL3|CC5,V,0.1811935007572174, 0.19526365647713342
SSL3|CC5,D,0.21290123462677002, 0.18886443061961067
SSL3|CC5,H,0.14519450068473816, 0.17743102957805
SSL3|CC5,K,0.19779512286186218, 0.16666370050774681
SSL3|CC5,A,0.08827114850282669, 0.15345455623335308
SSL3|CC5,E,0.19821880757808685, 0.15124884164995617
SSL3|CC5,L,0.09415699541568756, 0.15052550120486152
SSL3|CC5,S,0.15263882279396057, 0.164529450237751
SSL3|CC5,V,0.11072087287902832, 0.17257074928945965
SSL3|CC5,T,0.1613420695066452, 0.19454598095681933
SSL3|CC5,K,0.20639117062091827, 0.2068108899725808
SSL3|CC5,K,0.2712300419807434, 0.21622846523920694
SSL3|CC5,D,0.27016681432724, 0.22857517997423807
SSL3|CC5,N,0.2860482335090637, 0.23411187695132363
SSL3|CC5,Q,0.3086029887199402, 0.24048072596391043
SSL3|CC5,G,0.17891517281532288, 0.23987108137872484
SSL3|CC5,M,0.2637592554092407, 0.23271679215961033
SSL3|CC5,I,0.16055114567279816, 0.2192646496825748
SSL3|CC5,S,0.21866171061992645, 0.2094213151269489
SSL3|CC5,R,0.20090436935424805, 0.20023859375052983
SSL3|CC5,D,0.20684143900871277, 0.20225146578417885
SSL3|CC5,V,0.1490975320339203, 0.19262379904588064
SSL3|CC5,S,0.19745822250843048, 0.1910276942782932
SSL3|CC5,E,0.22595849633216858, 0.18711690273549822
SSL3|CC5,Y,0.19703102111816406, 0.18707211977905697
SSL3|CC5,M,0.17711025476455688, 0.1894274635447396
SSL3|CC5,I,0.1461862027645111, 0.20153440203931597
SSL3|CC5,T,0.18346458673477173, 0.19442539744906956
SSL3|CC5,K,0.20050132274627686, 0.1876475214958191
SSL3|CC5,E,0.22803953289985657, 0.1796404230925772
SSL3|CC5,E,0.2580599784851074, 0.17958282513750923
SSL3|CC5,I,0.13347718119621277, 0.1847112617558903
SSL3|CC5,S,0.16495761275291443, 0.17524794737497965
SSL3|CC5,L,0.12496713548898697, 0.17070458167129093
SSL3|CC5,K,0.1765918731689453, 0.16728818913300833
SSL3|CC5,E,0.1923421323299408, 0.15748097002506256
SSL3|CC5,L,0.09829475730657578, 0.15526290982961655
SSL3|CC5,D,0.1596110314130783, 0.15830881976419026
SSL3|CC5,F,0.1972920000553131, 0.16579282449351418
SSL3|CC5,K,0.16979500651359558, 0.16230207516087425
SSL3|CC5,L,0.11351463943719864, 0.1514858537250095
SSL3|CC5,R,0.19237080216407776, 0.16091706769333947
SSL3|CC5,K,0.19232317805290222, 0.17625490741597283
SSL3|CC5,Q,0.14517512917518616, 0.17981678826941383
SSL3|CC5,L,0.0949961394071579, 0.17980197154813343
SSL3|CC5,I,0.1831756830215454, 0.1987624300850762
SSL3|CC5,E,0.29765158891677856, 0.19946909778647953
SSL3|CC5,K,0.22934892773628235, 0.2146486822101805
SSL3|CC5,H,0.16966165602207184, 0.2203040106428994
SSL3|CC5,N,0.28415876626968384, 0.24231125248803032
SSL3|CC5,L,0.19873081147670746, 0.24690185652838814
SSL3|CC5,Y,0.32893943786621094, 0.22932080924510956
SSL3|CC5,G,0.19607308506965637, 0.22643161316712698
SSL3|CC5,N,0.2930613160133362, 0.21617095337973702
SSL3|CC5,M,0.22449111938476562, 0.2044677519136005
SSL3|CC5,G,0.13942216336727142, 0.1864759454296695
SSL3|CC5,S,0.2033461630344391, 0.1619288536409537
SSL3|CC5,G,0.07731571793556213, 0.14610303358899224
SSL3|CC5,T,0.17882995307445526, 0.13183173454470104
SSL3|CC5,I,0.036804553121328354, 0.1239315743247668
SSL3|CC5,V,0.10801561176776886, 0.13182742148637772
SSL3|CC5,I,0.0536407046020031, 0.1348265599873331
SSL3|CC5,K,0.16461962461471558, 0.14460851500431696
SSL3|CC5,M,0.15338967740535736, 0.15024597032202613
SSL3|CC5,K,0.21048478782176971, 0.17249463953905636
SSL3|CC5,N,0.23033840954303741, 0.18385989094773927
SSL3|CC5,G,0.16535331308841705, 0.19815342128276825
SSL3|CC5,G,0.2295670509338379, 0.1955384628640281
SSL3|CC5,K,0.23704257607460022, 0.21231365534994337
SSL3|CC5,Y,0.21030287444591522, 0.20158200876580346
SSL3|CC5,T,0.1822824776172638, 0.20813885579506555
SSL3|CC5,F,0.14108499884605408, 0.2203643098473549
SSL3|CC5,E,0.30436640977859497, 0.2283276990056038
SSL3|CC5,L,0.11389996856451035, 0.22942933522992665
SSL3|CC5,H,0.2893500328063965, 0.23679106682538986
SSL3|CC5,K,0.275382399559021, 0.2447801422741678
SSL3|CC5,K,0.301237553358078, 0.2522854929169019
SSL3|CC5,L,0.24695730209350586, 0.24845911976363924
SSL3|CC5,Q,0.27655845880508423, 0.25185013976362014
SSL3|CC5,E,0.25418415665626526, 0.23468027512232462
SSL3|CC5,H,0.208633154630661, 0.22548386454582214
SSL3|CC5,R,0.26992905139923096, 0.2092103660106659
SSL3|CC5,M,0.14441914856433868, 0.1986441562573115
SSL3|CC5,A,0.13482125103473663, 0.1933193968402015
SSL3|CC5,D,0.19261470437049866, 0.18251971900463104
SSL3|CC5,V,0.15477606654167175, 0.18112528158558738
SSL3|CC5,I,0.15186141431331635, 0.17620032694604662
SSL3|CC5,E,0.22863562405109406, 0.17113041381041208
SSL3|CC5,G,0.1569870561361313, 0.17275399300787184
SSL3|CC5,T,0.1960832178592682, 0.17075227200984955
SSL3|CC5,N,0.22560445964336395, 0.15977901592850685
SSL3|CC5,I,0.09878993034362793, 0.1632837193707625
SSL3|CC5,D,0.1494334638118744, 0.144478732926978
SSL3|CC5,K,0.17459921538829803, 0.14818900782201025
SSL3|CC5,I,0.05601676180958748, 0.13930364325642586
SSL3|CC5,E,0.18340374529361725, 0.13161390730076367
SSL3|CC5,V,0.05939074605703354, 0.12063724837369388
SSL3|CC5,N,0.1903795301914215, 0.10403353017237452
SSL3|CC5,I,0.11611493676900864, 0.08463361735145251
SSL3|CC5,K,0.15639683604240417, 0.0784095327059428
SSL3|CC8,Q,0.12696754932403564, 0.09117583351002799
SSL3|CC8,A,0.1155920997262001, 0.11218579361836116
SSL3|CC8,Q,0.16233782470226288, 0.13861707929107878
SSL3|CC8,T,0.20555981993675232, 0.15953813244899115
SSL3|CC8,D,0.21012520790100098, 0.18358686318000159
SSL3|CC8,M,0.18908964097499847, 0.19779688202672535
SSL3|CC8,T,0.23788157105445862, 0.21106372276941934
SSL3|CC8,P,0.18828947842121124, 0.2118080109357834
SSL3|CC8,K,0.21643857657909393, 0.20263495213455623
SSL3|CC8,Y,0.25485771894454956, 0.21331350836488935
SSL3|CC8,E,0.23499366641044617, 0.2104197773668501
SSL3|CC8,D,0.16903641819953918, 0.20671608712938097
SSL3|CC8,L,0.12300229072570801, 0.2074094894859526
SSL3|CC8,R,0.306232213973999, 0.20674611628055573
SSL3|CC8,A,0.16304606199264526, 0.20328781339857313
SSL3|CC8,Y,0.20454835891723633, 0.19645010928312936
SSL3|CC8,Y,0.19453009963035583, 0.1940814173883862
SSL3|CC8,T,0.21046821773052216, 0.20332535107930502
SSL3|CC8,K,0.22373299300670624, 0.18922142187754312
SSL3|CC8,P,0.17345432937145233, 0.1850205676423179
SSL3|CC8,S,0.14771819114685059, 0.18241575194729698
SSL3|CC8,F,0.20619769394397736, 0.1902259902821647
SSL3|CC8,E,0.1792968511581421, 0.19351304901970756
SSL3|CC8,F,0.12523837387561798, 0.1904700150092443
SSL3|CC8,E,0.18110501766204834, 0.1908165928390291
SSL3|CC8,K,0.26482224464416504, 0.19734421206845176
SSL3|CC8,Q,0.2400517463684082, 0.20014312863349915
SSL3|CC8,F,0.19634568691253662, 0.19471183915932974
SSL3|CC8,G,0.17657352983951569, 0.20615953538152906
SSL3|CC8,F,0.20646676421165466, 0.20933051904042563
SSL3|CC8,M,0.2313879430294037, 0.20855646000968087
SSL3|CC8,L,0.13041524589061737, 0.19778898358345032
SSL3|CC8,K,0.228267639875412, 0.198366340663698
SSL3|CC8,P,0.2096438705921173, 0.19287661380238003
SSL3|CC8,W,0.25785571336746216, 0.1996429595682356
SSL3|CC8,T,0.14314445853233337, 0.19329547882080078
SSL3|CC8,T,0.20154190063476562, 0.2017062289847268
SSL3|CC8,V,0.1271659880876541, 0.20328587790330252
SSL3|CC8,R,0.26736387610435486, 0.19965628617339665
SSL3|CC8,F,0.17426061630249023, 0.20175100531842974
SSL3|CC8,M,0.20611199736595154, 0.2133914828300476
SSL3|CC8,N,0.24248448014259338, 0.21679077049096426
SSL3|CC8,V,0.17697754502296448, 0.23133108350965711
SSL3|CC8,I,0.27670818567276, 0.21998727487193215
SSL3|CC8,P,0.24790875613689423, 0.2211582511663437
SSL3|CC8,N,0.23213548958301544, 0.2093532590402497
SSL3|CC8,R,0.2580288052558899, 0.20290148175425
SSL3|CC8,F,0.16526959836483002, 0.19241105599535835
SSL3|CC8,I,0.1847994029521942, 0.17758810602956349
SSL3|CC8,Y,0.0998670682311058, 0.1614922798342175
SSL3|CC8,K,0.1844184845685959, 0.1550406234131919
SSL3|CC8,I,0.08256371319293976, 0.14501827127403683
SSL3|CC8,A,0.14330163598060608, 0.15138543645540872
SSL3|CC8,L,0.10304632037878036, 0.1555889281961653
SSL3|CC8,V,0.1740705817937851, 0.17768873191542095
SSL3|CC8,G,0.16782763600349426, 0.19074104809098774
SSL3|CC8,K,0.22257408499717712, 0.2163352312313186
SSL3|CC8,D,0.2226308286190033, 0.23175052553415298
SSL3|CC8,E,0.29876530170440674, 0.2545420742697186
SSL3|CC8,K,0.3018893301486969, 0.26500697599516976
SSL3|CC8,K,0.31291136145591736, 0.2667666044500139
SSL3|CC8,Y,0.2820392847061157, 0.27205156286557514
SSL3|CC8,K,0.30817025899887085, 0.27787630094422233
SSL3|CC8,D,0.26825469732284546, 0.2630538543065389
SSL3|CC8,G,0.18366429209709167, 0.2536358849869834
SSL3|CC8,P,0.2701387107372284, 0.22939942114883
SSL3|CC8,Y,0.275053471326828, 0.21746298670768738
SSL3|CC8,D,0.16536328196525574, 0.18822140701942974
SSL3|CC8,N,0.21712760627269745, 0.1805349476635456
SSL3|CC8,I,0.09478318691253662, 0.167087243249019
SSL3|CC8,D,0.17461137473583221, 0.14963551817668808
SSL3|CC8,V,0.04499604180455208, 0.13462239296899903
SSL3|CC8,F,0.1990765631198883, 0.1468184801439444
SSL3|CC8,I,0.06263495236635208, 0.15513683979709944
SSL3|CC8,V,0.1130731850862503, 0.1694622995952765
SSL3|CC8,L,0.13993534445762634, 0.17349559027287695
SSL3|CC8,E,0.2751280665397644, 0.18540897717078528
SSL3|CC8,D,0.29199284315109253, 0.18623708933591843
SSL3|CC8,N,0.22371232509613037, 0.18833765304750866
SSL3|CC8,K,0.21091099083423615, 0.19958342529005474
SSL3|CC8,Y,0.15221652388572693, 0.2091342815094524
SSL3|CC8,Q,0.20652957260608673, 0.19596096293793785
SSL3|CC8,L,0.08154002577066422, 0.18346712903843987
SSL3|CC8,K,0.21428513526916504, 0.172162726521492
SSL3|CC8,K,0.2258930504322052, 0.16983292831314933
SSL3|CC8,Y,0.15656819939613342, 0.17287546065118578
SSL3|CC8,S,0.17954833805561066, 0.1719902886284722
SSL3|CC8,V,0.1219727024435997, 0.18525934633281496
SSL3|CC8,G,0.18994280695915222, 0.18705895129177305
SSL3|CC8,G,0.1795993149280548, 0.18327298843198353
SSL3|CC8,I,0.19856302440166473, 0.19473648154073292
SSL3|CC8,T,0.20096154510974884, 0.19817342774735558
SSL3|CC8,K,0.2304815798997879, 0.21381442248821259
SSL3|CC8,T,0.19181938469409943, 0.22128027511967552
SSL3|CC8,N,0.25973963737487793, 0.223630729648802
SSL3|CC8,S,0.21048085391521454, 0.2328117075893614
SSL3|CC8,K,0.26274165511131287, 0.2275127801630232
SSL3|CC8,K,0.2571354806423187, 0.22601699663533104
SSL3|CC8,V,0.20075340569019318, 0.21578669713603127
SSL3|CC8,N,0.2811918258666992, 0.21286166376537746
SSL3|CC8,H,0.15327119827270508, 0.20098038680023617
SSL3|CC8,K,0.21701952815055847, 0.1926417781247033
SSL3|CC8,V,0.0997466892004013, 0.18041523628764683
SSL3|CC8,E,0.23341433703899384, 0.17913455267747244
SSL3|CC8,L,0.10354936122894287, 0.17183572550614676
SSL3|CC8,S,0.18769417703151703, 0.18398460249106088
SSL3|CC8,I,0.14709660410881042, 0.18930862181716496
SSL3|CC8,T,0.18922725319862366, 0.21005092395676506
SSL3|CC8,K,0.21550238132476807, 0.21974261436197493
SSL3|CC8,K,0.2626110911369324, 0.22972011731730568
SSL3|CC8,D,0.264935702085495, 0.2404421865940094
SSL3|CC8,N,0.28642740845680237, 0.24745819634861416
SSL3|CC8,Q,0.32063955068588257, 0.2525835351811515
SSL3|CC8,G,0.19334688782691956, 0.25692446861002183
SSL3|CC8,M,0.2841928005218506, 0.2524711506234275
SSL3|CC8,I,0.2102406919002533, 0.24506423539585537
SSL3|CC8,S,0.23535530269145966, 0.23801466657055748
SSL3|CC8,R,0.25457078218460083, 0.23109734886222416
SSL3|CC8,D,0.22253122925758362, 0.23615498509671953
SSL3|CC8,V,0.1982734650373459, 0.22765020032723746
SSL3|CC8,S,0.2229812890291214, 0.22321515613132054
SSL3|CC8,E,0.25838369131088257, 0.21654796434773338
SSL3|CC8,Y,0.23886561393737793, 0.211230198542277
SSL3|CC8,M,0.20764973759651184, 0.21071300738387638
SSL3|CC8,I,0.17032529413700104, 0.21551562349001566
SSL3|CC8,T,0.17535057663917542, 0.20533986058500078
SSL3|CC8,K,0.20671088993549347, 0.19333155784342024
SSL3|CC8,E,0.21787650883197784, 0.181219220161438
SSL3|CC8,E,0.2414970099925995, 0.17953524159060585
SSL3|CC8,I,0.13139942288398743, 0.1837141298585468
SSL3|CC8,S,0.15030896663665771, 0.17644097324874666
SSL3|CC8,L,0.12985457479953766, 0.1709730103611946
SSL3|CC8,K,0.19249393045902252, 0.17210020869970322
SSL3|CC8,E,0.20793528854846954, 0.16706289599339166
SSL3|CC8,L,0.10989216715097427, 0.16631274339225557
SSL3|CC8,D,0.15749922394752502, 0.17055023792717192
SSL3|CC8,F,0.2280212938785553, 0.1799518805411127
SSL3|CC8,K,0.1961611956357956, 0.17611686305867302
SSL3|CC8,L,0.12464804947376251, 0.16217577871349123
SSL3|CC8,R,0.18844641745090485, 0.1692977183394962
SSL3|CC8,K,0.21446935832500458, 0.18517546190155876
SSL3|CC8,Q,0.15797877311706543, 0.18406478232807583
SSL3|CC8,L,0.0824655294418335, 0.18130881587664285
SSL3|CC8,I,0.17398962378501892, 0.19666122562355465
SSL3|CC8,E,0.30039891600608826, 0.19689342214001548
SSL3|CC8,K,0.21802517771720886, 0.21049431628651089
SSL3|CC8,H,0.17135749757289886, 0.21458005905151367
SSL3|CC8,N,0.26281973719596863, 0.23752025100919935
SSL3|CC8,L,0.19053618609905243, 0.24640067749553257
SSL3|CC8,Y,0.33687740564346313, 0.22977729307280648
SSL3|CC8,G,0.19475045800209045, 0.23079540994432238
SSL3|CC8,N,0.28892725706100464, 0.22301392753918967
SSL3|CC8,M,0.2539134621620178, 0.21314189500278896
SSL3|CC8,G,0.15078845620155334, 0.1976312262316545
SSL3|CC8,S,0.22718822956085205, 0.1738416945768727
SSL3|CC8,G,0.1013241559267044, 0.15780079571737182
SSL3|CC8,T,0.17397144436836243, 0.14371315017342567
SSL3|CC8,I,0.05094016715884209, 0.13141737919714716
SSL3|CC8,V,0.12277162075042725, 0.13852414364616075
SSL3|CC8,I,0.05038236826658249, 0.14079242654972607
SSL3|CC8,K,0.1621384471654892, 0.14886126129163635
SSL3|CC8,M,0.14325152337551117, 0.15438278888662657
SSL3|CC8,K,0.21474933624267578, 0.17375379386875364
SSL3|CC8,N,0.24760277569293976, 0.17573756559027565
SSL3|CC8,G,0.1739436686038971, 0.18811189466052586
SSL3|CC8,G,0.22366519272327423, 0.18017619765467113
SSL3|CC8,K,0.22527921199798584, 0.19461297740538916
SSL3|CC8,Y,0.14062556624412537, 0.18308006392584908
SSL3|CC8,T,0.16175132989883423, 0.18450677560435402
SSL3|CC8,F,0.09071717411279678, 0.19308024479283226
SSL3|CC8,E,0.27318254113197327, 0.19697548614607918
SSL3|CC8,L,0.11095311492681503, 0.19604026608996922
SSL3|CC8,H,0.26044318079948425, 0.21113459600342643
SSL3|CC8,K,0.2511048913002014, 0.223608093129264
SSL3|CC8,K,0.25872236490249634, 0.2370781178275744
SSL3|CC8,L,0.21686223149299622, 0.2444455565677749
SSL3|CC8,Q,0.2764745354652405, 0.26086437205473584
SSL3|CC8,E,0.27401280403137207, 0.2552294184764226
SSL3|CC8,H,0.21194739639759064, 0.2508223404486974
SSL3|CC8,R,0.33948948979377747, 0.24434463348653582
SSL3|CC8,M,0.2587224543094635, 0.24616811176141104
SSL3|CC8,A,0.20972859859466553, 0.23011229601171282
SSL3|CC8,G,0.21144118905067444, 0.22079412970277998
SSL3|CC8,T,0.200423002243042, 0.2221464084254371
SSL3|CC8,N,0.23327353596687317, 0.19422694047292074
SSL3|CC8,I,0.13197219371795654, 0.19182713826497397
SSL3|CC8,D,0.19014930725097656, 0.17795183095667097
SSL3|CC8,N,0.22411790490150452, 0.17595742477311027
SSL3|CC8,I,0.08821427822113037, 0.16770627432399327
SSL3|CC8,E,0.2371242344379425, 0.15963344110382927
SSL3|CC8,V,0.08485083281993866, 0.14496986402405632
SSL3|CC8,N,0.19349153339862823, 0.12384216321839227
SSL3|CC8,I,0.12616264820098877, 0.09894017378489177
SSL3|CC8,K,0.16061803698539734, 0.08913858731587727
SSL3|CC22,Q,0.12979111075401306, 0.09921166797478993
SSL3|CC22,A,0.12768276035785675, 0.11859724753432804
SSL3|CC22,Q,0.15649037063121796, 0.14804888599448734
SSL3|CC22,K,0.24212074279785156, 0.17173482312096489
SSL3|CC22,E,0.2368200272321701, 0.19865275422732034
SSL3|CC22,I,0.1744702160358429, 0.2080698311328888
SSL3|CC22,N,0.2650647461414337, 0.22307581537299687
SSL3|CC22,P,0.21317343413829803, 0.22849194871054757
SSL3|CC22,K,0.2422613799571991, 0.2161969410048591
SSL3|CC22,Y,0.21454480290412903, 0.2230831268760893
SSL3|CC22,K,0.26273661851882935, 0.2254528436395857
SSL3|CC22,D,0.2052355706691742, 0.21821866101688808
SSL3|CC22,L,0.13146567344665527, 0.2147423873345057
SSL3|CC22,R,0.2987957000732422, 0.210624517665969
SSL3|CC22,T,0.19579766690731049, 0.21384713053703308
SSL3|CC22,Y,0.19995710253715515, 0.20068795482317606
SSL3|CC22,Y,0.1818869709968567, 0.19217298593786028
SSL3|CC22,T,0.20520055294036865, 0.199053684870402
SSL3|CC22,K,0.24354831874370575, 0.18512694703208077
SSL3|CC22,P,0.1443040370941162, 0.1753245782521036
SSL3|CC22,S,0.1286008507013321, 0.1719377562403679
SSL3|CC22,L,0.19339196383953094, 0.18095647874805662
SSL3|CC22,E,0.17345505952835083, 0.1835572843750318
SSL3|CC22,F,0.10757634788751602, 0.176680622001489
SSL3|CC22,E,0.1694757044315338, 0.18081281334161758
SSL3|CC22,K,0.2630554735660553, 0.1893537152144644
SSL3|CC22,Q,0.22860780358314514, 0.1917105573746893
SSL3|CC22,F,0.18165835738182068, 0.1863165928257836
SSL3|CC22,G,0.18149375915527344, 0.19894079781240886
SSL3|CC22,F,0.20546896755695343, 0.20433161076572207
SSL3|CC22,M,0.21460354328155518, 0.20460524575577843
SSL3|CC22,L,0.12490937858819962, 0.1930743215812577
SSL3|CC22,K,0.22119419276714325, 0.19452864345577028
SSL3|CC22,P,0.21799302101135254, 0.18668565733565223
SSL3|CC22,W,0.2655181884765625, 0.1939580945505036
SSL3|CC22,T,0.1248294860124588, 0.18761838558647367
SSL3|CC22,T,0.19474725425243378, 0.19647667639785343
SSL3|CC22,V,0.11090688407421112, 0.19481546348995632
SSL3|CC22,R,0.27092090249061584, 0.18790608810053933
SSL3|CC22,F,0.15754616260528564, 0.18531822164853415
SSL3|CC22,M,0.20463399589061737, 0.19628817505306667
SSL3|CC22,N,0.20624327659606934, 0.20107234021027884
SSL3|CC22,V,0.15580864250659943, 0.2080072065194448
SSL3|CC22,I,0.24222739040851593, 0.1970944901307424
SSL3|CC22,P,0.22355906665325165, 0.198892366555002
SSL3|CC22,D,0.23780474066734314, 0.18895623005098766
SSL3|CC22,W,0.1733206808567047, 0.18553665694263247
SSL3|CC22,F,0.1727064549922943, 0.17638369815217125
SSL3|CC22,I,0.17372705042362213, 0.16275123837921354
SSL3|CC22,Y,0.11520876735448837, 0.14746642857789993
SSL3|CC22,K,0.1754671186208725, 0.13828443735837936
SSL3|CC22,I,0.07343201339244843, 0.13566474037037957
SSL3|CC22,A,0.11953525245189667, 0.1398664340376854
SSL3|CC22,L,0.08599577844142914, 0.1471710428595543
SSL3|CC22,V,0.15516681969165802, 0.16433504886097378
SSL3|CC22,G,0.14974340796470642, 0.17740725974241892
SSL3|CC22,K,0.21052169799804688, 0.20322921541002062
SSL3|CC22,D,0.2394685298204422, 0.21883523298634422
SSL3|CC22,D,0.2696848213672638, 0.2419900827937656
SSL3|CC22,K,0.2931170165538788, 0.25201329754458535
SSL3|CC22,K,0.30582961440086365, 0.25454258422056836
SSL3|CC22,Y,0.2599894106388092, 0.2614809291230308
SSL3|CC22,K,0.29438942670822144, 0.2651415997081333
SSL3|CC22,D,0.24537575244903564, 0.2549186646938324
SSL3|CC22,G,0.17250698804855347, 0.24449531568421257
SSL3|CC22,P,0.27296680212020874, 0.22068312846952015
SSL3|CC22,Y,0.27241456508636475, 0.2091790810227394
SSL3|CC22,D,0.1776784062385559, 0.18119311870800126
SSL3|CC22,N,0.19930687546730042, 0.17468326828545994
SSL3|CC22,I,0.09151992946863174, 0.1628690001865228
SSL3|CC22,D,0.1564529836177826, 0.1450453330245283
SSL3|CC22,V,0.04251576587557793, 0.13099918721450698
SSL3|CC22,F,0.18678709864616394, 0.14084390757812393
SSL3|CC22,I,0.0661785751581192, 0.15149277076125145
SSL3|CC22,V,0.11255379766225815, 0.16652865749266413
SSL3|CC22,L,0.1459992527961731, 0.1721368038819896
SSL3|CC22,E,0.2662808895111084, 0.18592500272724363
SSL3|CC22,D,0.295146644115448, 0.18776612397697237
SSL3|CC22,N,0.22684291005134583, 0.19029747777514988
SSL3|CC22,K,0.20692630112171173, 0.2005065754055977
SSL3|CC22,Y,0.16660955548286438, 0.2110847905278206
SSL3|CC22,Q,0.20335718989372253, 0.19709118124511507
SSL3|CC22,L,0.08896075934171677, 0.18384013987249798
SSL3|CC22,K,0.20443567633628845, 0.17207166304190954
SSL3|CC22,K,0.2412031888961792, 0.1686811571319898
SSL3|CC22,Y,0.14033840596675873, 0.17105844368537268
SSL3|CC22,S,0.17588727176189423, 0.16833847843938404
SSL3|CC22,V,0.1209266185760498, 0.17794176439444223
SSL3|CC22,G,0.17641174793243408, 0.17863047950797611
SSL3|CC22,G,0.18800513446331024, 0.1715500470664766
SSL3|CC22,I,0.17887750267982483, 0.1828575846221712
SSL3|CC22,T,0.1753903329372406, 0.1853660394748052
SSL3|CC22,K,0.21063411235809326, 0.1985505074262619
SSL3|CC22,T,0.17747929692268372, 0.20439581904146406
SSL3|CC22,N,0.24210624396800995, 0.20466900202963087
SSL3|CC22,S,0.19846336543560028, 0.2098389681842592
SSL3|CC22,K,0.23958683013916016, 0.20851123498545754
SSL3|CC22,K,0.22901955246925354, 0.21393475433190665
SSL3|CC22,V,0.19046378135681152, 0.20289993700053957
SSL3|CC22,D,0.2254071980714798, 0.2079104640417629
SSL3|CC22,H,0.1634407341480255, 0.1965321484539244
SSL3|CC22,K,0.25944578647613525, 0.18778609732786813
SSL3|CC22,A,0.0781659409403801, 0.17582543773783577
SSL3|CC22,R,0.2872009873390198, 0.17695353345738518
SSL3|CC22,I,0.09605852514505386, 0.1694919756717152
SSL3|CC22,S,0.16087237000465393, 0.1839558407664299
SSL3|CC22,I,0.12137361615896225, 0.18263762444257736
SSL3|CC22,T,0.20061664283275604, 0.20974614553981358
SSL3|CC22,K,0.15825317800045013, 0.2119814289940728
SSL3|CC22,E,0.29361552000045776, 0.22482558008697298
SSL3|CC22,D,0.2475818395614624, 0.23712292893065345
SSL3|CC22,E,0.322142630815506, 0.24821467366483477
SSL3|CC22,K,0.3073185384273529, 0.25238966941833496
SSL3|CC22,G,0.2116558849811554, 0.2707238412565655
SSL3|CC22,K,0.2715485095977783, 0.26309537059730953
SSL3|CC22,I,0.22119931876659393, 0.26761667761537766
SSL3|CC22,S,0.2381916046142578, 0.25468621485763127
SSL3|CC22,R,0.32326072454452515, 0.2538781348201964
SSL3|CC22,D,0.22495928406715393, 0.2531476467847824
SSL3|CC22,D,0.2882736027240753, 0.2509464803669188
SSL3|CC22,S,0.20576846599578857, 0.2411433309316635
SSL3|CC22,E,0.30004581809043884, 0.2374204827679528
SSL3|CC22,Y,0.2050814926624298, 0.22362589008278316
SSL3|CC22,K,0.2517380118370056, 0.22543020877573225
SSL3|CC22,I,0.13297097384929657, 0.22266538110044268
SSL3|CC22,T,0.2046859711408615, 0.2136370547943645
SSL3|CC22,K,0.19910939037799835, 0.19748174730274412
SSL3|CC22,E,0.24119815230369568, 0.18731862720515993
SSL3|CC22,E,0.2633901536464691, 0.17746973782777786
SSL3|CC22,I,0.12451352924108505, 0.18256204740868676
SSL3|CC22,S,0.1546480506658554, 0.17018710573514303
SSL3|CC22,L,0.11361341178417206, 0.16533302432960933
SSL3|CC22,K,0.16309800744056702, 0.16047940817144182
SSL3|CC22,E,0.1788017600774765, 0.14950782888465458
SSL3|CC22,L,0.09331149607896805, 0.14803383499383926
SSL3|CC22,D,0.1554226577281952, 0.15381555010875067
SSL3|CC22,F,0.197515606880188, 0.16231430487500298
SSL3|CC22,K,0.1646459400653839, 0.16002267681890064
SSL3|CC22,L,0.11124758422374725, 0.15076080875264275
SSL3|CC22,R,0.20668348670005798, 0.161610452665223
SSL3|CC22,K,0.1901022046804428, 0.17592108084095848
SSL3|CC22,Q,0.14247335493564606, 0.1775104370382097
SSL3|CC22,L,0.0954449474811554, 0.17827577557828692
SSL3|CC22,I,0.19095829129219055, 0.19646172059906852
SSL3|CC22,E,0.28421831130981445, 0.19437433944808113
SSL3|CC22,Q,0.2118198126554489, 0.20940494702921975
SSL3|CC22,H,0.1715339869260788, 0.21056275566418967
SSL3|CC22,N,0.27492108941078186, 0.22681580980618796
SSL3|CC22,L,0.18789705634117126, 0.22373664213551414
SSL3|CC22,Y,0.3253776729106903, 0.2075101203388638
SSL3|CC22,G,0.15289363265037537, 0.20350523624155256
SSL3|CC22,N,0.24172243475914001, 0.19232387178474003
SSL3|CC22,I,0.1632457822561264, 0.18148734668890634
SSL3|CC22,G,0.13817961513996124, 0.16486433686481583
SSL3|CC22,S,0.17577585577964783, 0.14135253056883812
SSL3|CC22,G,0.07090170681476593, 0.12989163854055935
SSL3|CC22,T,0.1773923635482788, 0.12404462322592735
SSL3|CC22,I,0.03828996792435646, 0.12329818598098224
SSL3|CC22,V,0.11377141624689102, 0.13049333749545944
SSL3|CC22,I,0.049745604395866394, 0.13594412265552414
SSL3|CC22,K,0.1890992969274521, 0.14413023450308377
SSL3|CC22,T,0.15652784705162048, 0.14800557949476773
SSL3|CC22,K,0.20293597877025604, 0.17069480568170547
SSL3|CC22,N,0.2248329222202301, 0.17702029479874504
SSL3|CC22,G,0.14457671344280243, 0.19264814423190224
SSL3|CC22,G,0.21227046847343445, 0.18570378422737122
SSL3|CC22,K,0.24249300360679626, 0.20022958517074585
SSL3|CC22,Y,0.1707008183002472, 0.18849987785021463
SSL3|CC22,T,0.190396249294281, 0.1939551764064365
SSL3|CC22,F,0.12660005688667297, 0.20684184465143415
SSL3|CC22,E,0.2872600555419922, 0.21442005866103703
SSL3|CC22,L,0.09736861288547516, 0.2145143879784478
SSL3|CC22,H,0.2739306092262268, 0.22656060920821297
SSL3|CC22,K,0.26055672764778137, 0.23454554544554818
SSL3|CC22,K,0.28047439455986023, 0.24437826540735033
SSL3|CC22,L,0.24334196746349335, 0.2429165376557244
SSL3|CC22,Q,0.27911680936813354, 0.25014104280206895
SSL3|CC22,E,0.26226067543029785, 0.23582004176245797
SSL3|CC22,H,0.21509453654289246, 0.2284170455402798
SSL3|CC22,R,0.274104505777359, 0.21599030494689941
SSL3|CC22,M,0.16238915920257568, 0.20576472083727518
SSL3|CC22,A,0.1450415998697281, 0.1959984136952294
SSL3|CC22,D,0.1939297616481781, 0.18145613537894356
SSL3|CC22,V,0.16863372921943665, 0.18112241559558445
SSL3|CC22,I,0.1513117104768753, 0.17125368118286133
SSL3|CC22,D,0.19122004508972168, 0.16433989836110008
SSL3|CC22,G,0.13138017058372498, 0.16541054348150888
SSL3|CC22,T,0.21209105849266052, 0.1702539407544666
SSL3|CC22,S,0.18528589606285095, 0.1578186634514067
SSL3|CC22,I,0.10016511380672455, 0.16358400053448147
SSL3|CC22,D,0.1546774059534073, 0.1490886252787378
SSL3|CC22,R,0.23752033710479736, 0.15538542220989862
SSL3|CC22,I,0.05671623349189758, 0.1449403299225701
SSL3|CC22,E,0.20319974422454834, 0.1447165177928077
SSL3|CC22,V,0.06076166778802872, 0.15507742100291783
SSL3|CC22,N,0.18805134296417236, 0.15285425550407833
SSL3|CC22,L,0.11808522790670395, 0.12646310693687862
SSL3|CC22,K,0.183271586894989, 0.12016130321555668
SSL3|CC22,S,0.19341324269771576, 0.09758355385727352
SSL3|CC22,S,0.13466891646385193, 0.09083225743638144
SSL3|CC30,Q,0.13027708232402802, 0.10109094116422865
SSL3|CC30,A,0.13465574383735657, 0.11937680509355333
SSL3|CC30,Q,0.16226314008235931, 0.1489643288983239
SSL3|CC30,K,0.2316664755344391, 0.17347451713350084
SSL3|CC30,E,0.2509560286998749, 0.20213724176088968
SSL3|CC30,I,0.16457277536392212, 0.20998257233036888
SSL3|CC30,N,0.2662877142429352, 0.2248394207821952
SSL3|CC30,P,0.2205916941165924, 0.22920569777488708
SSL3|CC30,K,0.25796452164649963, 0.21640965259737438
SSL3|CC30,Y,0.20088505744934082, 0.22096776879496044
SSL3|CC30,K,0.26836737990379333, 0.22493640830119452
SSL3|CC30,D,0.2015596330165863, 0.21595850669675404
SSL3|CC30,L,0.1165020689368248, 0.2106091007590294
SSL3|CC30,R,0.2919790744781494, 0.20470395104752648
SSL3|CC30,T,0.2002905309200287, 0.20921291493707234
SSL3|CC30,Y,0.1854865998029709, 0.19596097452772987
SSL3|CC30,Y,0.17244704067707062, 0.18965728332599005
SSL3|CC30,T,0.20481817424297333, 0.19904849264356825
SSL3|CC30,K,0.2414657324552536, 0.1875442796283298
SSL3|CC30,P,0.1490999162197113, 0.17845736940701803
SSL3|CC30,S,0.14482641220092773, 0.17948898176352182
SSL3|CC30,L,0.2010229527950287, 0.191205276383294
SSL3|CC30,E,0.18844115734100342, 0.19612890978654227
SSL3|CC30,F,0.11850833892822266, 0.19158707559108734
SSL3|CC30,E,0.19477111101150513, 0.19642379383246103
SSL3|CC30,K,0.27789369225502014, 0.2057532485988405
SSL3|CC30,Q,0.24913087487220764, 0.20953196121586692
SSL3|CC30,F,0.20058922469615936, 0.2045975493060218
SSL3|CC30,G,0.19263038039207458, 0.2190274414088991
SSL3|CC30,F,0.2287915050983429, 0.22279172970188987
SSL3|CC30,M,0.2350313663482666, 0.22341025703483158
SSL3|CC30,L,0.14403145015239716, 0.21004469196001688
SSL3|CC30,K,0.24837736785411835, 0.20902474886841244
SSL3|CC30,P,0.22864970564842224, 0.20082983374595642
SSL3|CC30,W,0.28346043825149536, 0.20688003963894314
SSL3|CC30,T,0.12884078919887543, 0.19846013188362122
SSL3|CC30,T,0.19140973687171936, 0.20589400827884674
SSL3|CC30,V,0.1188761442899704, 0.2015383607811398
SSL3|CC30,R,0.2832433581352234, 0.19322474466429818
SSL3|CC30,F,0.15925219655036926, 0.18900297582149506
SSL3|CC30,M,0.21093633770942688, 0.1994834840297699
SSL3|CC30,N,0.20917654037475586, 0.2028865118821462
SSL3|CC30,V,0.15382716059684753, 0.20723727179898155
SSL3|CC30,I,0.2454645186662674, 0.1912759625249439
SSL3|CC30,P,0.223165363073349, 0.19255326357152727
SSL3|CC30,D,0.22203698754310608, 0.17977296064297357
SSL3|CC30,W,0.15803298354148865, 0.1755985195438067
SSL3|CC30,F,0.13959157466888428, 0.16562166892819935
SSL3|CC30,I,0.17074790596961975, 0.151692695915699
SSL3|CC30,Y,0.0959136113524437, 0.13527836319473055
SSL3|CC30,K,0.17160657048225403, 0.12927686919768652
SSL3|CC30,I,0.06403550505638123, 0.12737958381573358
SSL3|CC30,A,0.12010376155376434, 0.1359308155046569
SSL3|CC30,L,0.07543636858463287, 0.14368958357307646
SSL3|CC30,V,0.16802354156970978, 0.1613861405187183
SSL3|CC30,G,0.14095741510391235, 0.17502728601296744
SSL3|CC30,K,0.21655265986919403, 0.20269349382983315
SSL3|CC30,D,0.2405768185853958, 0.21821004814571804
SSL3|CC30,D,0.2551826238632202, 0.2424891408946779
SSL3|CC30,K,0.2943768799304962, 0.25153720047738815
SSL3|CC30,K,0.3130313754081726, 0.2542337626218796
SSL3|CC30,Y,0.2597527503967285, 0.2591033909055922
SSL3|CC30,K,0.2939482033252716, 0.260478879014651
SSL3|CC30,D,0.24945607781410217, 0.2517488631937239
SSL3|CC30,G,0.16522647440433502, 0.23951892223623064
SSL3|CC30,P,0.2603793144226074, 0.21381860143608517
SSL3|CC30,Y,0.25295621156692505, 0.20042319430245292
SSL3|CC30,D,0.1766124814748764, 0.17171654726068178
SSL3|CC30,N,0.18430741131305695, 0.16450176926122773
SSL3|CC30,I,0.0817284882068634, 0.15234451534019577
SSL3|CC30,D,0.1391940861940384, 0.13560909570919144
SSL3|CC30,V,0.035588379949331284, 0.12355451492799653
SSL3|CC30,F,0.1845230758190155, 0.13220717054274347
SSL3|CC30,I,0.055811189115047455, 0.14518500740329424
SSL3|CC30,V,0.10976053774356842, 0.16204877404703033
SSL3|CC30,L,0.14446498453617096, 0.17087149330311352
SSL3|CC30,E,0.2544863820075989, 0.18603554119666418
SSL3|CC30,D,0.3011079430580139, 0.18788458324140972
SSL3|CC30,N,0.23350238800048828, 0.19042385203970802
SSL3|CC30,K,0.21859855949878693, 0.20092446191443336
SSL3|CC30,Y,0.17206481099128723, 0.21060668180386224
SSL3|CC30,Q,0.20116445422172546, 0.19633103162050247
SSL3|CC30,L,0.07866460829973221, 0.1836593391166793
SSL3|CC30,K,0.2042660266160965, 0.17102217922608057
SSL3|CC30,K,0.23160496354103088, 0.1661425174938308
SSL3|CC30,Y,0.12600553035736084, 0.16821438488033083
SSL3|CC30,S,0.18706271052360535, 0.16484049707651138
SSL3|CC30,V,0.11976794898509979, 0.1752009474568897
SSL3|CC30,G,0.17468160390853882, 0.17459696696864235
SSL3|CC30,G,0.1907116174697876, 0.1679601619640986
SSL3|CC30,I,0.17079946398735046, 0.1809240529934565
SSL3|CC30,T,0.1719086617231369, 0.18028421700000763
SSL3|CC30,K,0.19883020222187042, 0.19293291701210868
SSL3|CC30,T,0.17187371850013733, 0.19786333209938473
SSL3|CC30,N,0.24268054962158203, 0.19664583106835684
SSL3|CC30,S,0.1813041865825653, 0.20222217010127175
SSL3|CC30,K,0.2336062490940094, 0.19886026945379046
SSL3|CC30,K,0.21905533969402313, 0.20034593178166282
SSL3|CC30,V,0.1797541081905365, 0.19014250404304928
SSL3|CC30,D,0.2209865152835846, 0.18664478096697065
SSL3|CC30,H,0.14165155589580536, 0.17693952719370523
SSL3|CC30,K,0.21220116317272186, 0.16913947463035583
SSL3|CC30,A,0.08004286885261536, 0.15890472465091282
SSL3|CC30,E,0.2112010419368744, 0.15895266003078884
SSL3|CC30,L,0.09395690262317657, 0.1527042653825548
SSL3|CC30,S,0.16340577602386475, 0.16404661370648277
SSL3|CC30,I,0.12694258987903595, 0.16557956569724613
SSL3|CC30,T,0.18018552660942078, 0.19048435323768192
SSL3|CC30,K,0.16475096344947815, 0.20045984619193608
SSL3|CC30,K,0.24373269081115723, 0.2118067377143436
SSL3|CC30,D,0.22599773108959198, 0.22428014212184483
SSL3|CC30,E,0.3041859567165375, 0.2347391496102015
SSL3|CC30,K,0.30098047852516174, 0.23929964171515572
SSL3|CC30,G,0.19607892632484436, 0.24573634896013472
SSL3|CC30,K,0.27566641569137573, 0.2457338405980004
SSL3|CC30,I,0.22107365727424622, 0.2501824481619729
SSL3|CC30,S,0.22122995555400848, 0.2380826903714074
SSL3|CC30,H,0.22268132865428925, 0.23672301901711357
SSL3|CC30,D,0.24371011555194855, 0.23517420225673252
SSL3|CC30,D,0.26603519916534424, 0.22826862997478908
SSL3|CC30,S,0.19528813660144806, 0.21680621223317253
SSL3|CC30,E,0.28874343633651733, 0.21312210543288124
SSL3|CC30,Y,0.1821395754814148, 0.2078940115041203
SSL3|CC30,K,0.2135162651538849, 0.20383665710687637
SSL3|CC30,I,0.11791189759969711, 0.2028499949309561
SSL3|CC30,T,0.18807299435138702, 0.1952222627070215
SSL3|CC30,K,0.17562848329544067, 0.18020658277802998
SSL3|CC30,E,0.20719392597675323, 0.17359822740157446
SSL3|CC30,E,0.25715523958206177, 0.16839384784301123
SSL3|CC30,I,0.12663854658603668, 0.17580378386709425
SSL3|CC30,S,0.15360231697559357, 0.16569007022513282
SSL3|CC30,L,0.12266437709331512, 0.16395686484045452
SSL3|CC30,K,0.1666768491268158, 0.16301333655913672
SSL3|CC30,E,0.1846013218164444, 0.152933855023649
SSL3|CC30,L,0.09704957157373428, 0.15178735140297148
SSL3|CC30,D,0.16002963483333588, 0.1582495015528467
SSL3|CC30,F,0.19870217144489288, 0.16499999082750744
SSL3|CC30,K,0.16643990576267242, 0.16243308699793285
SSL3|CC30,L,0.11632001399993896, 0.15250595327880648
SSL3|CC30,R,0.21176166832447052, 0.16341529621018303
SSL3|CC30,K,0.18341878056526184, 0.17800124982992807
SSL3|CC30,Q,0.14357471466064453, 0.17938032415178087
SSL3|CC30,L,0.09525711834430695, 0.1803816556930542
SSL3|CC30,I,0.19523365795612335, 0.199405570824941
SSL3|CC30,E,0.29130321741104126, 0.1986322949330012
SSL3|CC30,Q,0.211113840341568, 0.21401443580786386
SSL3|CC30,H,0.17545188963413239, 0.21601380904515585
SSL3|CC30,N,0.28753525018692017, 0.23272283209694755
SSL3|CC30,L,0.20480218529701233, 0.2288744350274404
SSL3|CC30,Y,0.3218580484390259, 0.21156864199373457
SSL3|CC30,G,0.16156907379627228, 0.20715791980425516
SSL3|CC30,N,0.24563832581043243, 0.19547111209895876
SSL3|CC30,I,0.16059808433055878, 0.1836071949866083
SSL3|CC30,G,0.1355510801076889, 0.16477692210012013
SSL3|CC30,S,0.17141734063625336, 0.1406140054265658
SSL3|CC30,G,0.07027062028646469, 0.12784121847814983
SSL3|CC30,T,0.180759996175766, 0.11975934853156407
SSL3|CC30,I,0.035329729318618774, 0.11930110802253087
SSL3|CC30,V,0.10439179837703705, 0.1283815958433681
SSL3|CC30,I,0.046613991260528564, 0.13485166016552183
SSL3|CC30,K,0.17290149629116058, 0.1436708668867747
SSL3|CC30,T,0.15647391974925995, 0.14803381429778206
SSL3|CC30,K,0.217275470495224, 0.17095156345102522
SSL3|CC30,N,0.2296479195356369, 0.17749003403716618
SSL3|CC30,G,0.14964348077774048, 0.19290620585282645
SSL3|CC30,G,0.22002652287483215, 0.187122889690929
SSL3|CC30,K,0.2415894716978073, 0.20143837398952907
SSL3|CC30,Y,0.1632380336523056, 0.18767551084359488
SSL3|CC30,T,0.18535953760147095, 0.19375407695770264
SSL3|CC30,F,0.12085165083408356, 0.20635714795854357
SSL3|CC30,E,0.28531327843666077, 0.21423892511261833
SSL3|CC30,L,0.0934097021818161, 0.21373563177055782
SSL3|CC30,H,0.2843550145626068, 0.22663833366500008
SSL3|CC30,K,0.26307111978530884, 0.23467353648609585
SSL3|CC30,K,0.2909625172615051, 0.24595272375477684
SSL3|CC30,L,0.2370598316192627, 0.2440458486477534
SSL3|CC30,Q,0.27936235070228577, 0.2507472203837501
SSL3|CC30,E,0.257676362991333, 0.23507694403330484
SSL3|CC30,H,0.22236433625221252, 0.22704580426216125
SSL3|CC30,R,0.2681514024734497, 0.21335075133376652
SSL3|CC30,M,0.15372204780578613, 0.20411428974734414
SSL3|CC30,A,0.14332252740859985, 0.19511671198738945
SSL3|CC30,D,0.19079086184501648, 0.18020103375116983
SSL3|CC30,V,0.16770704090595245, 0.17998972203996447
SSL3|CC30,I,0.15393167734146118, 0.17070437139934963
SSL3|CC30,D,0.1983841508626938, 0.16426469137271246
SSL3|CC30,G,0.12343525886535645, 0.16689768185218176
SSL3|CC30,T,0.22046253085136414, 0.17139989386002222
SSL3|CC30,S,0.18458324670791626, 0.15896636868516603
SSL3|CC30,I,0.09576492756605148, 0.16342965389291444
SSL3|CC30,E,0.16701944172382355, 0.14761393310295212
SSL3|CC30,R,0.23131076991558075, 0.1560943726864126
SSL3|CC30,I,0.05580531433224678, 0.14480810571047995
SSL3|CC30,E,0.1941012442111969, 0.14519777107569906
SSL3|CC30,V,0.056042663753032684, 0.15684814213050735
SSL3|CC30,N,0.19975921511650085, 0.15404781326651573
SSL3|CC30,L,0.11888612806797028, 0.12834661660922897
SSL3|CC30,K,0.1880902349948883, 0.12214602612786823
SSL3|CC30,S,0.20061826705932617, 0.10057922121551302
SSL3|CC30,S,0.14181648194789886, 0.09435225857628717
SSL3|CC93,T,0.10512250661849976, 0.09613567590713501
SSL3|CC93,P,0.17034496366977692, 0.11489488184452057
SSL3|CC93,P,0.18259917199611664, 0.14019964469803703
SSL3|CC93,I,0.16900131106376648, 0.16078484720653957
SSL3|CC93,E,0.2381531298160553, 0.1901302867465549
SSL3|CC93,I,0.16883285343647003, 0.20030327472421858
SSL3|CC93,N,0.22774286568164825, 0.209402064482371
SSL3|CC93,P,0.18526682257652283, 0.21117601129743788
SSL3|CC93,K,0.26410895586013794, 0.20613170663515726
SSL3|CC93,Y,0.19667939841747284, 0.21120934022797477
SSL3|CC93,K,0.2522340714931488, 0.20877796245945823
SSL3|CC93,D,0.19856469333171844, 0.20344533522923788
SSL3|CC93,L,0.12360256910324097, 0.20047497749328613
SSL3|CC93,R,0.28385183215141296, 0.1916236248281267
SSL3|CC93,A,0.14695045351982117, 0.19351984560489655
SSL3|CC93,Y,0.17974922060966492, 0.1843942171997494
SSL3|CC93,Y,0.15853360295295715, 0.17948430942164528
SSL3|CC93,T,0.184446781873703, 0.18815537128183576
SSL3|CC93,K,0.2137453854084015, 0.1767240365346273
SSL3|CC93,P,0.17010341584682465, 0.17504952682389152
SSL3|CC93,S,0.15437552332878113, 0.17750022974279192
SSL3|CC93,F,0.20164212584495544, 0.1889896574947569
SSL3|CC93,E,0.18096981942653656, 0.19479972786373562
SSL3|CC93,F,0.13187986612319946, 0.19292950299051073
SSL3|CC93,E,0.20180554687976837, 0.19321675267484453
SSL3|CC93,K,0.2619384527206421, 0.19896170828077528
SSL3|CC93,Q,0.2367374151945114, 0.20188451144430372
SSL3|CC93,F,0.19691336154937744, 0.1973984357383516
SSL3|CC93,G,0.17268866300582886, 0.2111506677336163
SSL3|CC93,F,0.2060801237821579, 0.21112948987219068
SSL3|CC93,M,0.22794735431671143, 0.21188652184274462
SSL3|CC93,L,0.14059513807296753, 0.19913743022415373
SSL3|CC93,K,0.25564995408058167, 0.19782665454679066
SSL3|CC93,P,0.20161494612693787, 0.19101958804660374
SSL3|CC93,W,0.26875174045562744, 0.1978517986006207
SSL3|CC93,T,0.12199559062719345, 0.18891623119513193
SSL3|CC93,T,0.18511638045310974, 0.19364317589335972
SSL3|CC93,V,0.11142506450414658, 0.18882631924417284
SSL3|CC93,R,0.26757001876831055, 0.18371518618530697
SSL3|CC93,F,0.14752724766731262, 0.18149705396758187
SSL3|CC93,M,0.18313764035701752, 0.1937195501393742
SSL3|CC93,N,0.21229824423789978, 0.19602124144633612
SSL3|CC93,I,0.15561474859714508, 0.20900561246607038
SSL3|CC93,I,0.24878855049610138, 0.19157149891058603
SSL3|CC93,P,0.23199805617332458, 0.19426978793409136
SSL3|CC93,N,0.2058316022157669, 0.1829875128136741
SSL3|CC93,R,0.22828440368175507, 0.17999821073479122
SSL3|CC93,F,0.11066299676895142, 0.170270630882846
SSL3|CC93,I,0.17181184887886047, 0.15797456519471276
SSL3|CC93,Y,0.08159716427326202, 0.14123223804765278
SSL3|CC93,K,0.1853945255279541, 0.1367057106561131
SSL3|CC93,I,0.06806652992963791, 0.12716545247369343
SSL3|CC93,A,0.13812395930290222, 0.14040001150634554
SSL3|CC93,L,0.08131711184978485, 0.14793955037991205
SSL3|CC93,V,0.1650928556919098, 0.1686112011472384
SSL3|CC93,G,0.14242208003997803, 0.1803411634431945
SSL3|CC93,K,0.22977402806282043, 0.20575046208169726
SSL3|CC93,D,0.23966769874095917, 0.21878155403667027
SSL3|CC93,D,0.2676420211791992, 0.24142460525035858
SSL3|CC93,K,0.29096418619155884, 0.24991698894235823
SSL3|CC93,K,0.2967502176761627, 0.2534196790721681
SSL3|CC93,Y,0.2554037868976593, 0.25446615782048965
SSL3|CC93,K,0.28510457277297974, 0.25530291431479984
SSL3|CC93,D,0.24152430891990662, 0.2441181242465973
SSL3|CC93,G,0.1739462912082672, 0.2309649752246009
SSL3|CC93,P,0.23919233679771423, 0.2084472800294558
SSL3|CC93,Y,0.24719850718975067, 0.19583939926491845
SSL3|CC93,D,0.16697891056537628, 0.16834612604644564
SSL3|CC93,N,0.1725858449935913, 0.16177605672015083
SSL3|CC93,I,0.09409096091985703, 0.14852775757511458
SSL3|CC93,D,0.14193286001682281, 0.13435537409451273
SSL3|CC93,V,0.03766511380672455, 0.12090055106414689
SSL3|CC93,F,0.18239368498325348, 0.1304401271045208
SSL3|CC93,I,0.05471159890294075, 0.1432504765689373
SSL3|CC93,V,0.11164088547229767, 0.15732933456699053
SSL3|CC93,L,0.12610509991645813, 0.16441231510705417
SSL3|CC93,E,0.25283509492874146, 0.17647517431113455
SSL3|CC93,D,0.28787899017333984, 0.1773611476851834
SSL3|CC93,N,0.22080068290233612, 0.17998069607549244
SSL3|CC93,K,0.20567968487739563, 0.18991253856155607
SSL3|CC93,Y,0.14623084664344788, 0.20023142049709955
SSL3|CC93,Q,0.1903674453496933, 0.187079019844532
SSL3|CC93,L,0.0782875344157219, 0.17367085234986412
SSL3|CC93,K,0.20102746784687042, 0.16229133225149578
SSL3|CC93,K,0.2189750373363495, 0.15688283493121466
SSL3|CC93,Y,0.13446348905563354, 0.1609958733121554
SSL3|CC93,S,0.16720548272132874, 0.15845832311444813
SSL3|CC93,V,0.11838500201702118, 0.16811655792925093
SSL3|CC93,G,0.15700320899486542, 0.1676297833522161
SSL3|CC93,G,0.18324819207191467, 0.16124558283223045
SSL3|CC93,I,0.16752949357032776, 0.17112360563543108
SSL3|CC93,T,0.16521164774894714, 0.17140228384070927
SSL3|CC93,K,0.19664649665355682, 0.1826049354341295
SSL3|CC93,T,0.16151723265647888, 0.18796294099754757
SSL3|CC93,N,0.2233656942844391, 0.1871796515252855
SSL3|CC93,S,0.1697135865688324, 0.19138050741619533
SSL3|CC93,K,0.21920886635780334, 0.1885704199473063
SSL3|CC93,K,0.20522525906562805, 0.18790863123204973
SSL3|CC93,V,0.1761985868215561, 0.17945828702714708
SSL3|CC93,D,0.20533719658851624, 0.17705007394154867
SSL3|CC93,H,0.13992086052894592, 0.16805553519063526
SSL3|CC93,K,0.19069039821624756, 0.1628672273622619
SSL3|CC93,A,0.08546413481235504, 0.1511189192533493
SSL3|CC93,E,0.20169177651405334, 0.14768458240562016
SSL3|CC93,L,0.08876273781061172, 0.14376111990875667
SSL3|CC93,N,0.17251409590244293, 0.1560867147313224
SSL3|CC93,I,0.09949048608541489, 0.16132331722312504
SSL3|CC93,T,0.1452895551919937, 0.17564246555169424
SSL3|CC93,K,0.170026034116745, 0.17954598863919577
SSL3|CC93,E,0.25085121393203735, 0.18270627409219742
SSL3|CC93,D,0.2378198206424713, 0.18710433029466206
SSL3|CC93,N,0.21433646976947784, 0.18809924357467228
SSL3|CC93,K,0.23682348430156708, 0.19271526568465763
SSL3|CC93,G,0.11720530688762665, 0.18559563325511086
SSL3|CC93,K,0.21209660172462463, 0.17734920316272312
SSL3|CC93,I,0.1084447056055069, 0.16768476532565224
SSL3|CC93,S,0.18683375418186188, 0.16100389096471998
SSL3|CC93,S,0.10594934225082397, 0.15726583699385324
SSL3|CC93,D,0.1766333431005478, 0.15909232530328962
SSL3|CC93,V,0.1508398801088333, 0.15571063425805834
SSL3|CC93,S,0.15420860052108765, 0.1542973228626781
SSL3|CC93,E,0.20318099856376648, 0.15228809167941412
SSL3|CC93,Y,0.13364370167255402, 0.15724760542313257
SSL3|CC93,K,0.18166138231754303, 0.15914787269300884
SSL3|CC93,I,0.09572490304708481, 0.16812733064095178
SSL3|CC93,T,0.16875067353248596, 0.16301491691006553
SSL3|CC93,K,0.15058496594429016, 0.15750810503959656
SSL3|CC93,E,0.1937357485294342, 0.15459904157453114
SSL3|CC93,E,0.23165500164031982, 0.15194180690579945
SSL3|CC93,I,0.10819687694311142, 0.1596530924240748
SSL3|CC93,S,0.1536196917295456, 0.1499456051323149
SSL3|CC93,L,0.10746213048696518, 0.1494116269879871
SSL3|CC93,K,0.15774627029895782, 0.14642712308300865
SSL3|CC93,E,0.1651264727115631, 0.13728807204299504
SSL3|CC93,L,0.08138328790664673, 0.13630146947171953
SSL3|CC93,D,0.14577916264533997, 0.14019350045257145
SSL3|CC93,F,0.1668752133846283, 0.14666151586506102
SSL3|CC93,K,0.14940354228019714, 0.14465610600180095
SSL3|CC93,L,0.09931745380163193, 0.13601169652409023
SSL3|CC93,R,0.18864797055721283, 0.14719829625553554
SSL3|CC93,K,0.16567426919937134, 0.16072820954852635
SSL3|CC93,Q,0.1396975815296173, 0.1651013625992669
SSL3|CC93,L,0.0873267874121666, 0.16673868729008567
SSL3|CC93,I,0.18206268548965454, 0.18562546289629406
SSL3|CC93,E,0.2675483822822571, 0.1864740194545852
SSL3|CC93,Q,0.20623359084129333, 0.20290286093950272
SSL3|CC93,H,0.16413946449756622, 0.20481278581751716
SSL3|CC93,N,0.2692984342575073, 0.22252392437722948
SSL3|CC93,L,0.19628497958183289, 0.22086463040775722
SSL3|CC93,Y,0.31353384256362915, 0.20679445399178398
SSL3|CC93,G,0.15688690543174744, 0.20197955105039808
SSL3|CC93,N,0.24672703444957733, 0.19112766202953127
SSL3|CC93,I,0.1671290397644043, 0.18038337346580294
SSL3|CC93,G,0.14091679453849792, 0.16222237257493866
SSL3|CC93,S,0.1628994643688202, 0.13699250130189788
SSL3|CC93,G,0.06647246330976486, 0.125568808366855
SSL3|CC93,T,0.17259983718395233, 0.11321446920434634
SSL3|CC93,I,0.03283597156405449, 0.11071291855639881
SSL3|CC93,V,0.08646500110626221, 0.11778402287099096
SSL3|CC93,I,0.05407366901636124, 0.1242493453125159
SSL3|CC93,K,0.1355379819869995, 0.13486887887120247
SSL3|CC93,M,0.1446150839328766, 0.1408995609316561
SSL3|CC93,K,0.20455673336982727, 0.16182387289073732
SSL3|CC93,N,0.22108736634254456, 0.1751653394765324
SSL3|CC93,G,0.16204826533794403, 0.1879631347126431
SSL3|CC93,G,0.22687597572803497, 0.1887249317434099
SSL3|CC93,K,0.22115477919578552, 0.20461787780125937
SSL3|CC93,Y,0.20653820037841797, 0.19294900943835577
SSL3|CC93,T,0.16925382614135742, 0.19961369948254692
SSL3|CC93,F,0.14239415526390076, 0.20793593343761232
SSL3|CC93,E,0.28765159845352173, 0.21285074866480297
SSL3|CC93,L,0.09953691810369492, 0.2135449308488104
SSL3|CC93,H,0.2810695767402649, 0.2200669472416242
SSL3|CC93,K,0.23694837093353271, 0.22581194423966938
SSL3|CC93,K,0.27110931277275085, 0.2319893812139829
SSL3|CC93,L,0.22740241885185242, 0.22819744961129296
SSL3|CC93,Q,0.26523634791374207, 0.23278811739550698
SSL3|CC93,E,0.22095879912376404, 0.21584527525636885
SSL3|CC93,H,0.19799108803272247, 0.20866002804703182
SSL3|CC93,R,0.25352421402931213, 0.19577712482876247
SSL3|CC93,M,0.1408529281616211, 0.185761089126269
SSL3|CC93,A,0.12858399748802185, 0.1762581616640091
SSL3|CC93,D,0.1722811460494995, 0.16529431607988146
SSL3|CC93,V,0.15516318380832672, 0.1677261061138577
SSL3|CC93,I,0.13725809752941132, 0.1629660444127189
SSL3|CC93,D,0.1797100007534027, 0.15571691426965925
SSL3|CC93,G,0.1222841888666153, 0.15353641659021378
SSL3|CC93,T,0.2198771983385086, 0.1455741830997997
SSL3|CC93,N,0.2106836587190628, 0.13370424177911547
SSL3|CC93,I,0.07561075687408447, 0.13663549058967167
SSL3|CC93,D,0.10895951837301254, 0.12173878691262668
SSL3|CC93,S,0.1006210446357727, 0.12687592084209123
SSL3|CC93,I,0.04833371192216873, 0.1130056186682648
SSL3|CC93,E,0.16363933682441711, 0.1030357682870494
SSL3|CC93,V,0.04563966765999794, 0.09463457307881779
SSL3|CC93,N,0.16851839423179626, 0.08252795992626084
SSL3|CC93,I,0.09504447877407074, 0.07134784385561943
SSL3|CC93,K,0.12095500528812408, 0.0659774314198229
SSL7|CC1,K,0.14267964661121368, 0.10451928774515788
SSL7|CC1,E,0.22176432609558105, 0.12841962112320793
SSL7|CC1,K,0.20866826176643372, 0.143670916557312
SSL7|CC1,Q,0.16254693269729614, 0.16182478765646616
SSL7|CC1,E,0.2050144225358963, 0.17848194473319584
SSL7|CC1,R,0.21510300040245056, 0.17766091889805263
SSL7|CC1,V,0.13726165890693665, 0.17407697439193726
SSL7|CC1,Q,0.1633848398923874, 0.16855635907914904
SSL7|CC1,H,0.14991441369056702, 0.16540667911370596
SSL7|CC1,L,0.13529041409492493, 0.16574836439556545
SSL7|CC1,Y,0.1895088255405426, 0.1611065599653456
SSL7|CC1,D,0.15898272395133972, 0.15782733178801006
SSL7|CC1,I,0.1341998130083084, 0.15898069822125965
SSL7|CC1,K,0.20808959007263184, 0.1731377119819323
SSL7|CC1,D,0.1733267605304718, 0.17898423059119117
SSL7|CC1,L,0.1077486053109169, 0.1780717828207546
SSL7|CC1,H,0.1737651377916336, 0.17871526132027307
SSL7|CC1,R,0.2773275375366211, 0.1842831944425901
SSL7|CC1,Y,0.1879090815782547, 0.1850545894768503
SSL7|CC1,Y,0.18129679560661316, 0.18554878483215967
SSL7|CC1,S,0.16477403044700623, 0.19085326625241172
SSL7|CC1,S,0.18431121110916138, 0.19022549192110697
SSL7|CC1,E,0.21503214538097382, 0.1711138611038526
SSL7|CC1,S,0.17777451872825623, 0.16387564771705204
SSL7|CC1,F,0.15548893809318542, 0.1594986485110389
SSL7|CC1,E,0.16811516880989075, 0.14938300351301828
SSL7|CC1,F,0.10532286018133163, 0.14413649837176004
SSL7|CC1,S,0.12276516109704971, 0.12744806044631535
SSL7|CC1,N,0.1419038027524948, 0.12166203889581892
SSL7|CC1,I,0.07373322546482086, 0.11266076068083446
SSL7|CC1,S,0.13709266483783722, 0.11339177853531307
SSL7|CC1,G,0.06483620405197144, 0.12569544133212832
SSL7|CC1,K,0.12570032477378845, 0.13580040799246895
SSL7|CC1,V,0.0744774341583252, 0.15329703523053062
SSL7|CC1,E,0.17469432950019836, 0.1685620297988256
SSL7|CC1,N,0.21605582535266876, 0.1768058439095815
SSL7|CC1,Y,0.21370986104011536, 0.1805724799633026
SSL7|CC1,N,0.29937344789505005, 0.17640305889977348
SSL7|CC1,G,0.2111181765794754, 0.17162373744779164
SSL7|CC1,S,0.2112869918346405, 0.1668158479862743
SSL7|CC1,N,0.09873592853546143, 0.1490584843688541
SSL7|CC1,V,0.08817553520202637, 0.1442898131079144
SSL7|CC1,V,0.031463541090488434, 0.1252386768658956
SSL7|CC1,R,0.13142332434654236, 0.12897044585810769
SSL7|CC1,F,0.05623955279588699, 0.1361262947320938
SSL7|CC1,N,0.17079181969165802, 0.14983059134748247
SSL7|CC1,Q,0.1279132217168808, 0.16583065523041618
SSL7|CC1,E,0.24470409750938416, 0.17398338516553244
SSL7|CC1,N,0.27568963170051575, 0.18248102731174892
SSL7|CC1,Q,0.22207459807395935, 0.18251252878043386
SSL7|CC1,N,0.23217611014842987, 0.18785609015160137
SSL7|CC1,H,0.10483811050653458, 0.18043000333838993
SSL7|CC1,Q,0.20790210366249084, 0.17549677358733284
SSL7|CC1,L,0.05652306601405144, 0.1692810124821133
SSL7|CC1,F,0.21888387203216553, 0.1677487227651808
SSL7|CC1,L,0.06107844039797783, 0.1559327377213372
SSL7|CC1,S,0.2003050297498703, 0.1595902434653706
SSL7|CC1,G,0.21974778175354004, 0.15792998257610533
SSL7|CC1,K,0.20828399062156677, 0.16891461569401953
SSL7|CC1,D,0.12583224475383759, 0.1554696075618267
SSL7|CC1,K,0.13775566220283508, 0.16753668586413065
SSL7|CC1,D,0.1929597556591034, 0.1675947540336185
SSL7|CC1,K,0.15538476407527924, 0.15712550613615248
SSL7|CC1,Y,0.09787879884243011, 0.14734147075149748
SSL7|CC1,K,0.16968214511871338, 0.15909727331664827
SSL7|CC1,E,0.20082764327526093, 0.16179021447896957
SSL7|CC1,G,0.12552455067634583, 0.16168121745189032
SSL7|CC1,L,0.12022767215967178, 0.16219324121872583
SSL7|CC1,E,0.2316344678401947, 0.1589973063932525
SSL7|CC1,G,0.1619921326637268, 0.15075808515151343
SSL7|CC1,Q,0.19197878241539001, 0.13631605522500145
SSL7|CC1,N,0.159992977976799, 0.13220294068257013
SSL7|CC1,V,0.06911538541316986, 0.13471893635061052
SSL7|CC1,F,0.09552915394306183, 0.12674249046378666
SSL7|CC1,V,0.07084937393665314, 0.12589373687903085
SSL7|CC1,V,0.08850651979446411, 0.1262530336777369
SSL7|CC1,K,0.14287163317203522, 0.134471348590321
SSL7|CC1,E,0.1598464548587799, 0.15012142062187195
SSL7|CC1,L,0.15435335040092468, 0.17304441829522452
SSL7|CC1,I,0.1952124536037445, 0.18283390005429587
SSL7|CC1,D,0.23395781219005585, 0.2079031897915734
SSL7|CC1,P,0.2099660336971283, 0.21532095968723297
SSL7|CC1,N,0.30183613300323486, 0.2168828464216656
SSL7|CC1,G,0.1589547097682953, 0.21412860850493112
SSL7|CC1,R,0.31413012742996216, 0.20580966605080497
SSL7|CC1,L,0.2096315622329712, 0.19490276939339107
SSL7|CC1,S,0.1739034354686737, 0.1842095363471243
SSL7|CC1,T,0.12956520915031433, 0.1608905005786154
SSL7|CC1,V,0.12034197151660919, 0.15774189846383202
SSL7|CC1,G,0.1357957422733307, 0.14073392666048473
SSL7|CC1,G,0.11372693628072739, 0.1351263862517145
SSL7|CC1,V,0.09196481108665466, 0.14013607717222637
SSL7|CC1,T,0.13061729073524475, 0.14586235334475836
SSL7|CC1,K,0.16105838119983673, 0.15365681300560632
SSL7|CC1,K,0.159163698554039, 0.15798146774371466
SSL7|CC1,N,0.21899065375328064, 0.16498875617980957
SSL7|CC1,N,0.1811016947031021, 0.18066595494747162
SSL7|CC1,Q,0.19049210846424103, 0.18328440851635402
SSL7|CC1,S,0.17471763491630554, 0.18919993605878618
SSL7|CC1,S,0.17679253220558167, 0.18705459270212385
SSL7|CC1,E,0.2330595999956131, 0.17813421785831451
SSL7|CC1,T,0.15418337285518646, 0.17307384974426693
SSL7|CC1,N,0.21429812908172607, 0.1711763474676344
SSL7|CC1,T,0.13985560834407806, 0.16392288274235195
SSL7|CC1,P,0.13870728015899658, 0.16098753611246744
SSL7|CC1,L,0.1355583816766739, 0.1537213987774319
SSL7|CC1,F,0.17341458797454834, 0.15031927327315012
SSL7|CC1,I,0.10943645238876343, 0.14731971091694301
SSL7|CC1,K,0.1503744125366211, 0.14772441817654502
SSL7|CC1,K,0.16766436398029327, 0.14825295408566794
SSL7|CC1,V,0.12356424331665039, 0.15681122574541304
SSL7|CC1,Y,0.18730206787586212, 0.15319262776109907
SSL7|CC1,G,0.14349797368049622, 0.1610164377424452
SSL7|CC1,G,0.1434641033411026, 0.1530067722002665
SSL7|CC1,N,0.21258282661437988, 0.14939561486244202
SSL7|CC1,L,0.14084720611572266, 0.14541354609860313
SSL7|CC1,D,0.1798507422208786, 0.13793406056033242
SSL7|CC1,A,0.07828742265701294, 0.13315040866533914
SSL7|CC1,S,0.13516394793987274, 0.12335269028941791
SSL7|CC1,I,0.08772562444210052, 0.11341336659259266
SSL7|CC1,E,0.11998669803142548, 0.10496388168798552
SSL7|CC1,S,0.10044510662555695, 0.09725802433159617
SSL7|CC1,F,0.055284637957811356, 0.1093860777715842
SSL7|CC1,L,0.12312891334295273, 0.11746545591288143
SSL7|CC1,I,0.06480184197425842, 0.12835553578204578
SSL7|CC1,N,0.11049802601337433, 0.12286895720495118
SSL7|CC1,K,0.1874399036169052, 0.12764287367463112
SSL7|CC1,E,0.20787835121154785, 0.13001121166679594
SSL7|CC1,E,0.18573634326457977, 0.13121942513518864
SSL7|CC1,V,0.070607490837574, 0.1376593369576666
SSL7|CC1,S,0.1434103548526764, 0.13022262934181425
SSL7|CC1,L,0.07659967988729477, 0.12267383270793492
SSL7|CC1,K,0.13400283455848694, 0.11575710111194187
SSL7|CC1,E,0.12276104837656021, 0.10714857114685906
SSL7|CC1,L,0.043567657470703125, 0.10575909457272953
SSL7|CC1,D,0.11950073391199112, 0.11134320207768017
SSL7|CC1,F,0.14562776684761047, 0.11847526455918948
SSL7|CC1,K,0.10825957357883453, 0.11510112012426059
SSL7|CC1,I,0.05810220167040825, 0.11098777626951535
SSL7|CC1,R,0.19366732239723206, 0.12707952368590567
SSL7|CC1,Q,0.1407882422208786, 0.13892043920026886
SSL7|CC1,H,0.10363553464412689, 0.1460604365501139
SSL7|CC1,L,0.08574095368385315, 0.1601881082687113
SSL7|CC1,V,0.18839338421821594, 0.17589127851857078
SSL7|CC1,K,0.22606897354125977, 0.17667557464705574
SSL7|CC1,N,0.20988774299621582, 0.18797861867480808
SSL7|CC1,Y,0.23540861904621124, 0.20296246806780496
SSL7|CC1,G,0.19943073391914368, 0.21401585307386187
SSL7|CC1,L,0.2007259875535965, 0.21807104183567894
SSL7|CC1,Y,0.24251563847064972, 0.2101894368728002
SSL7|CC1,K,0.23849017918109894, 0.20443543626202476
SSL7|CC1,G,0.18522141873836517, 0.20127220451831818
SSL7|CC1,T,0.2248900830745697, 0.18474065843555662
SSL7|CC1,T,0.15513452887535095, 0.17681589308712217
SSL7|CC1,K,0.15810173749923706, 0.15250804295970333
SSL7|CC1,Y,0.20693953335285187, 0.1322869842665063
SSL7|CC1,G,0.0506468191742897, 0.11566479897333516
SSL7|CC1,K,0.12940309941768646, 0.10137660201225016
SSL7|CC1,I,0.023744987323880196, 0.09664356191125181
SSL7|CC1,T,0.05650065094232559, 0.09713508830302292
SSL7|CC1,F,0.035621751099824905, 0.0963219716731045
SSL7|CC1,N,0.09629631042480469, 0.1054286929882235
SSL7|CC1,L,0.11253716796636581, 0.1168620940297842
SSL7|CC1,K,0.162525475025177, 0.13325754842824405
SSL7|CC1,D,0.19962148368358612, 0.14212948373622364
SSL7|CC1,G,0.13260731101036072, 0.15633321387900245
SSL7|CC1,E,0.2323037087917328, 0.1538511117299398
SSL7|CC1,K,0.17130407691001892, 0.1621190599269337
SSL7|CC1,Q,0.13634806871414185, 0.15331068138281503
SSL7|CC1,E,0.1634553223848343, 0.15331701272063786
SSL7|CC1,I,0.07395739108324051, 0.16154209441608852
SSL7|CC1,D,0.18694870173931122, 0.15959160526593527
SSL7|CC1,L,0.08325006812810898, 0.16265347599983215
SSL7|CC1,G,0.1996784657239914, 0.17189454204506344
SSL7|CC1,D,0.2066330462694168, 0.17239526907602945
SSL7|CC1,K,0.2147493064403534, 0.19158360279268688
SSL7|CC1,L,0.19886091351509094, 0.19146358056200874
SSL7|CC1,Q,0.21951766312122345, 0.20022505521774292
SSL7|CC1,F,0.16796186566352844, 0.19724009103245205
SSL7|CC1,E,0.24665239453315735, 0.19486810432540047
SSL7|CC1,H,0.185868501663208, 0.18754709760348
SSL7|CC1,M,0.1621033400297165, 0.17672733714183173
SSL7|CC1,G,0.1728137880563736, 0.1685417170325915
SSL7|CC1,D,0.18528516590595245, 0.16110646641916698
SSL7|CC1,V,0.14886024594306946, 0.1514169896642367
SSL7|CC1,L,0.1014830693602562, 0.1441067862841818
SSL7|CC1,N,0.14584708213806152, 0.13266092331873047
SSL7|CC1,S,0.10104461014270782, 0.12382460509737332
SSL7|CC1,K,0.1594471037387848, 0.12018550642662579
SSL7|CC1,D,0.12007667124271393, 0.1089859368900458
SSL7|CC1,I,0.05909057334065437, 0.10852228560381466
SSL7|CC1,Q,0.0932869240641594, 0.09771101839012569
SSL7|CC1,N,0.15253327786922455, 0.09969072126679951
SSL7|CC1,I,0.04806412011384964, 0.0944152060482237
SSL7|CC1,A,0.09731020778417587, 0.09951389829317729
SSL7|CC1,V,0.048545677214860916, 0.11296089614431064
SSL7|CC1,T,0.11886193603277206, 0.11823679217033917
SSL7|CC1,I,0.11196746677160263, 0.10128865018486977
SSL7|CC1,N,0.16596490144729614, 0.09594819239444202
SSL7|CC1,Q,0.1801135540008545, 0.08513594708508915
SSL7|CC1,I,0.14076998829841614, 0.07974198295010461
SSL7|CC5,K,0.1596006602048874, 0.11263468033737606
SSL7|CC5,E,0.24684472382068634, 0.13643404675854576
SSL7|CC5,K,0.21281123161315918, 0.15218471652931637
SSL7|CC5,Q,0.18151597678661346, 0.17075035803847843
SSL7|CC5,E,0.2129395306110382, 0.18752249909771812
SSL7|CC5,R,0.21419429779052734, 0.18443391223748526
SSL7|CC5,V,0.14175602793693542, 0.17867649263805813
SSL7|CC5,Q,0.1670907735824585, 0.17285628616809845
SSL7|CC5,H,0.15094926953315735, 0.16634876943296856
SSL7|CC5,L,0.13180337846279144, 0.16514595763550866
SSL7|CC5,Y,0.19502794742584229, 0.1609640477432145
SSL7|CC5,D,0.16042937338352203, 0.15675127257903418
SSL7|CC5,I,0.12294832617044449, 0.1577822044491768
SSL7|CC5,K,0.20211422443389893, 0.170805590848128
SSL7|CC5,D,0.17655710875988007, 0.17810369779666266
SSL7|CC5,L,0.10384105145931244, 0.17572740299834144
SSL7|CC5,Y,0.17636916041374207, 0.1749833251039187
SSL7|CC5,R,0.26815974712371826, 0.1814856876929601
SSL7|CC5,Y,0.19748634099960327, 0.18160444332493675
SSL7|CC5,Y,0.17364129424095154, 0.1797816041443083
SSL7|CC5,S,0.15373267233371735, 0.1847317765156428
SSL7|CC5,S,0.18146958947181702, 0.18414322866333854
SSL7|CC5,E,0.20318302512168884, 0.16748500367005667
SSL7|CC5,S,0.16015155613422394, 0.15902022106779945
SSL7|CC5,F,0.14839260280132294, 0.15619896766212252
SSL7|CC5,E,0.17107222974300385, 0.14815651542610592
SSL7|CC5,F,0.11823572218418121, 0.1435598052210278
SSL7|CC5,S,0.12130329757928848, 0.12962843726078668
SSL7|CC5,N,0.148250013589859, 0.12658454229434332
SSL7|CC5,I,0.08135060220956802, 0.11855736705991957
SSL7|CC5,S,0.1400991976261139, 0.12083569334612952
SSL7|CC5,G,0.07780071347951889, 0.13187407122717965
SSL7|CC5,K,0.13275650143623352, 0.14088986234532463
SSL7|CC5,V,0.07614802569150925, 0.15725953959756428
SSL7|CC5,E,0.19157716631889343, 0.17227916419506073
SSL7|CC5,N,0.2175811231136322, 0.1784652719895045
SSL7|CC5,Y,0.20244541764259338, 0.18087780641184914
SSL7|CC5,N,0.29557710886001587, 0.17585547847880256
SSL7|CC5,G,0.21652722358703613, 0.17211571749713686
SSL7|CC5,S,0.1957741677761078, 0.16513901038302314
SSL7|CC5,N,0.09951352328062057, 0.1483391515082783
SSL7|CC5,V,0.08755555003881454, 0.143456246289942
SSL7|CC5,V,0.04249017685651779, 0.12477364556656943
SSL7|CC5,R,0.12878680229187012, 0.12981438719564015
SSL7|CC5,F,0.06638239324092865, 0.14033779253562292
SSL7|CC5,N,0.15849927067756653, 0.15463712811470032
SSL7|CC5,Q,0.12743370234966278, 0.17036750664313635
SSL7|CC5,E,0.2618938982486725, 0.17678948822948667
SSL7|CC5,K,0.29048481583595276, 0.18305133200354046
SSL7|CC5,Q,0.2282075434923172, 0.18194940065344176
SSL7|CC5,N,0.22912895679473877, 0.1857041356464227
SSL7|CC5,H,0.1002880111336708, 0.17974570186601746
SSL7|CC5,Q,0.1851433962583542, 0.17534157426820862
SSL7|CC5,L,0.05646501109004021, 0.1637390318016211
SSL7|CC5,F,0.19229188561439514, 0.16008220074905288
SSL7|CC5,L,0.07380779832601547, 0.1487656662033664
SSL7|CC5,L,0.22225674986839294, 0.15244052683313689
SSL7|CC5,G,0.18606193363666534, 0.15340249778495896
SSL7|CC5,K,0.19529606401920319, 0.16506707088814843
SSL7|CC5,D,0.12728014588356018, 0.15434582034746805
SSL7|CC5,K,0.13336175680160522, 0.1642593832479583
SSL7|CC5,D,0.1938011348247528, 0.16296379847659004
SSL7|CC5,K,0.16144616901874542, 0.15896696266200808
SSL7|CC5,Y,0.09580063074827194, 0.14974120342069203
SSL7|CC5,K,0.16302986443042755, 0.16059873749812445
SSL7|CC5,K,0.2105964869260788, 0.16584912521971595
SSL7|CC5,G,0.15009041130542755, 0.16719147480196422
SSL7|CC5,L,0.1122642308473587, 0.1673012168871032
SSL7|CC5,E,0.22499795258045197, 0.16341118266185126
SSL7|CC5,G,0.18061524629592896, 0.1571715697646141
SSL7|CC5,Q,0.20588228106498718, 0.14160085635052788
SSL7|CC5,N,0.16243384778499603, 0.13510628127389485
SSL7|CC5,V,0.060790322721004486, 0.1381464194920328
SSL7|CC5,F,0.10687334835529327, 0.13125751829809612
SSL7|CC5,V,0.07046006619930267, 0.1270370657245318
SSL7|CC5,V,0.09163923561573029, 0.1247243161002795
SSL7|CC5,K,0.13962547481060028, 0.13168893506129584
SSL7|CC5,E,0.16299784183502197, 0.14672345916430155
SSL7|CC5,L,0.1426311731338501, 0.1653186000055737
SSL7|CC5,I,0.1850675344467163, 0.17443286875883737
SSL7|CC5,D,0.22511541843414307, 0.19833252827326456
SSL7|CC5,P,0.19610103964805603, 0.2056046293841468
SSL7|CC5,N,0.27422961592674255, 0.20713485611809623
SSL7|CC5,G,0.15248848497867584, 0.20551532175805834
SSL7|CC5,R,0.30673617124557495, 0.2000288102361891
SSL7|CC5,L,0.20507438480854034, 0.18768784983290565
SSL7|CC5,S,0.17676988244056702, 0.17967082725630867
SSL7|CC5,T,0.1280553638935089, 0.16110781166288587
SSL7|CC5,V,0.1356889307498932, 0.16011045707596672
SSL7|CC5,G,0.11404677480459213, 0.14668734040525225
SSL7|CC5,G,0.12394783645868301, 0.1444194581773546
SSL7|CC5,V,0.1071624755859375, 0.15090043677224052
SSL7|CC5,T,0.1435122936964035, 0.1568703055381775
SSL7|CC5,K,0.1859281212091446, 0.16538633075025347
SSL7|CC5,K,0.18466344475746155, 0.17268461568488014
SSL7|CC5,N,0.2350986897945404, 0.1783554040723377
SSL7|CC5,N,0.18178418278694153, 0.19358287586106193
SSL7|CC5,K,0.21233315765857697, 0.19496743215454948
SSL7|CC5,S,0.1797313392162323, 0.19647125403086343
SSL7|CC5,S,0.17498493194580078, 0.18782454397943285
SSL7|CC5,E,0.24420972168445587, 0.17666622499624887
SSL7|CC5,T,0.15597330033779144, 0.1676360865434011
SSL7|CC5,N,0.19946251809597015, 0.15947658320267996
SSL7|CC5,T,0.10684305429458618, 0.1500703195730845
SSL7|CC5,H,0.1346738189458847, 0.1467822723918491
SSL7|CC5,L,0.10051293671131134, 0.1397660324970881
SSL7|CC5,F,0.1388976275920868, 0.13525294015804926
SSL7|CC5,V,0.09507496654987335, 0.13400652590725157
SSL7|CC5,N,0.145392507314682, 0.13969984071122277
SSL7|CC5,K,0.18106356263160706, 0.14070825195974773
SSL7|CC5,V,0.1153554692864418, 0.15276487751139534
SSL7|CC5,Y,0.1882447898387909, 0.15433088855610955
SSL7|CC5,G,0.15808288753032684, 0.16534618784983954
SSL7|CC5,G,0.14374952018260956, 0.16187991615798739
SSL7|CC5,N,0.20902256667613983, 0.1580884349015024
SSL7|CC5,L,0.15299172699451447, 0.15934932231903076
SSL7|CC5,D,0.1942126601934433, 0.1528149363067415
SSL7|CC5,A,0.1141960620880127, 0.14789334932963052
SSL7|CC5,S,0.1469402313232422, 0.13970336649152967
SSL7|CC5,I,0.12670345604419708, 0.1306824203994539
SSL7|CC5,D,0.12943531572818756, 0.12313795586427052
SSL7|CC5,S,0.11378860473632812, 0.11538270033068126
SSL7|CC5,F,0.07003967463970184, 0.12109147922860251
SSL7|CC5,L,0.12783405184745789, 0.12904058810737398
SSL7|CC5,I,0.08509154617786407, 0.1379753061466747
SSL7|CC5,N,0.12441536039113998, 0.13249474515517554
SSL7|CC5,K,0.1655750721693039, 0.13489822960562176
SSL7|CC5,E,0.21848221123218536, 0.1387313711974356
SSL7|CC5,E,0.20711591839790344, 0.143393750819895
SSL7|CC5,V,0.08011026680469513, 0.15132075796524683
SSL7|CC5,S,0.13541996479034424, 0.14232433256175783
SSL7|CC5,L,0.1045379489660263, 0.1366814581884278
SSL7|CC5,K,0.1697954684495926, 0.13097445418437323
SSL7|CC5,E,0.15643461048603058, 0.12134721626838048
SSL7|CC5,L,0.04344753175973892, 0.11946262998713388
SSL7|CC5,D,0.1147892028093338, 0.12315560463402006
SSL7|CC5,F,0.16711917519569397, 0.13023212800423303
SSL7|CC5,K,0.12047077715396881, 0.121235734058751
SSL7|CC5,I,0.06314899027347565, 0.1088348233865367
SSL7|CC5,R,0.16865673661231995, 0.12032745902736981
SSL7|CC5,K,0.16822665929794312, 0.1337697733607557
SSL7|CC5,Q,0.08882792294025421, 0.13451706328325802
SSL7|CC5,L,0.04482641443610191, 0.13953603100445536
SSL7|CC5,V,0.14688125252723694, 0.14676765890585053
SSL7|CC5,E,0.23577003180980682, 0.14240982756018639
SSL7|CC5,K,0.17384478449821472, 0.1490394833187262
SSL7|CC5,Y,0.16564148664474487, 0.16136191743943426
SSL7|CC5,G,0.1282336413860321, 0.17361365093125236
SSL7|CC5,L,0.12943625450134277, 0.18116198314560783
SSL7|CC5,Y,0.22789356112480164, 0.17221204108662075
SSL7|CC5,K,0.1997298300266266, 0.1769070045815574
SSL7|CC5,G,0.1550920158624649, 0.18270069195164573
SSL7|CC5,T,0.21481624245643616, 0.1770360933409797
SSL7|CC5,T,0.15522055327892303, 0.17958782613277435
SSL7|CC5,K,0.21609945595264435, 0.16023465618491173
SSL7|CC5,Y,0.21778467297554016, 0.1490580104291439
SSL7|CC5,G,0.07725225389003754, 0.13849978314505684
SSL7|CC5,K,0.1524018496274948, 0.12471859074301189
SSL7|CC5,I,0.05371503159403801, 0.12119913680685891
SSL7|CC5,T,0.09914001822471619, 0.11511103063821793
SSL7|CC5,I,0.06006797030568123, 0.11298731383350161
SSL7|CC5,N,0.09078551083803177, 0.1311485461062855
SSL7|CC5,L,0.12354546785354614, 0.13758058928781086
SSL7|CC5,K,0.1613065004348755, 0.15233507545457947
SSL7|CC5,D,0.19867122173309326, 0.16105013547672165
SSL7|CC5,E,0.24070334434509277, 0.16892301622364256
SSL7|CC5,K,0.21029023826122284, 0.17112972090641657
SSL7|CC5,K,0.18650540709495544, 0.17726700256268182
SSL7|CC5,E,0.17757555842399597, 0.1726267784833908
SSL7|CC5,V,0.13092389702796936, 0.1710649463865492
SSL7|CC5,I,0.1106458529829979, 0.16492064793904623
SSL7|CC5,D,0.17878100275993347, 0.16286496155791813
SSL7|CC5,L,0.11954448372125626, 0.1610268238517973
SSL7|CC5,G,0.18461473286151886, 0.1595270898607042
SSL7|CC5,D,0.18540465831756592, 0.1591404891676373
SSL7|CC5,K,0.19178906083106995, 0.16884800212250817
SSL7|CC5,L,0.16996216773986816, 0.1722039489282502
SSL7|CC5,Q,0.16407795250415802, 0.17105263471603394
SSL7|CC5,F,0.12744449079036713, 0.16621186335881552
SSL7|CC5,E,0.19801346957683563, 0.16523958411481646
SSL7|CC5,R,0.20898452401161194, 0.1570425315035714
SSL7|CC5,M,0.10918265581130981, 0.1479386000169648
SSL7|CC5,G,0.14104779064655304, 0.14775867015123367
SSL7|CC5,D,0.1766541451215744, 0.14734025796254477
SSL7|CC5,V,0.1180155873298645, 0.14324626160992515
SSL7|CC5,L,0.08802678436040878, 0.13693477544519636
SSL7|CC5,N,0.16245858371257782, 0.13397926919990116
SSL7|CC5,S,0.1236787810921669, 0.1320361321171125
SSL7|CC5,K,0.16116750240325928, 0.12959214796622595
SSL7|CC5,D,0.15218114852905273, 0.12280843655268352
SSL7|CC5,I,0.08258309960365295, 0.12256353431277806
SSL7|CC5,Q,0.12355955690145493, 0.1132901401983367
SSL7|CC5,N,0.15465828776359558, 0.11183980935149723
SSL7|CC5,I,0.056962184607982635, 0.10560671488444011
SSL7|CC5,A,0.08582266420125961, 0.10589911705917782
SSL7|CC5,V,0.07899803668260574, 0.11520550482802921
SSL7|CC5,T,0.11062580347061157, 0.11555593626366721
SSL7|CC5,I,0.10506965219974518, 0.09837168206771214
SSL7|CC5,N,0.1548127681016922, 0.09204255044460297
SSL7|CC5,Q,0.16634058952331543, 0.08250669886668523
SSL7|CC5,I,0.12671343982219696, 0.0737291392352846
SSL7|CC8,K,0.12544694542884827, 0.09579856362607744
SSL7|CC8,E,0.20798125863075256, 0.11798525684409672
SSL7|CC8,K,0.18783347308635712, 0.13192215230729845
SSL7|CC8,Q,0.1506914645433426, 0.1480090171098709
SSL7|CC8,E,0.19023393094539642, 0.16322436266475254
SSL7|CC8,R,0.19968023896217346, 0.1621687263250351
SSL7|CC8,V,0.1254320591688156, 0.15815964175595176
SSL7|CC8,Q,0.14478178322315216, 0.15294705662462446
SSL7|CC8,H,0.13693810999393463, 0.14908125168747371
SSL7|CC8,L,0.1159462183713913, 0.14851272106170654
SSL7|CC8,Y,0.17189949750900269, 0.14417415691746605
SSL7|CC8,D,0.14092020690441132, 0.14057746364010704
SSL7|CC8,I,0.1158992201089859, 0.14208684530523089
SSL7|CC8,K,0.18511715531349182, 0.154659950070911
SSL7|CC8,D,0.1606331616640091, 0.15988195108042824
SSL7|CC8,L,0.09306181967258453, 0.15854964819219378
SSL7|CC8,H,0.15836621820926666, 0.15790197915501064
SSL7|CC8,R,0.25009605288505554, 0.16288496222760943
SSL7|CC8,Y,0.1629442274570465, 0.16393782529566023
SSL7|CC8,Y,0.15990877151489258, 0.16305439670880637
SSL7|CC8,S,0.13509118556976318, 0.16752171681986916
SSL7|CC8,S,0.16074606776237488, 0.16785811384518942
SSL7|CC8,E,0.1945929229259491, 0.15100888245635563
SSL7|CC8,S,0.15268230438232422, 0.14582755830552843
SSL7|CC8,F,0.13326770067214966, 0.14109164973100027
SSL7|CC8,E,0.16139379143714905, 0.13329480919573042
SSL7|CC8,F,0.09845297038555145, 0.12946814629766676
SSL7|CC8,S,0.11631231009960175, 0.11438942038350636
SSL7|CC8,N,0.1172855943441391, 0.11286790420611699
SSL7|CC8,I,0.0649196207523346, 0.10672379285097122
SSL7|CC8,S,0.12630610167980194, 0.10657271494468053
SSL7|CC8,G,0.0588843896985054, 0.11590440322955449
SSL7|CC8,K,0.13898865878582, 0.12357802275154325
SSL7|CC8,V,0.07797069847583771, 0.13807316372791925
SSL7|CC8,E,0.16003409028053284, 0.149702288210392
SSL7|CC8,N,0.18243816494941711, 0.1535093295905325
SSL7|CC8,Y,0.1853748857975006, 0.15698250714275572
SSL7|CC8,N,0.24774186313152313, 0.14934482673803964
SSL7|CC8,G,0.16958174109458923, 0.1447505797776911
SSL7|CC8,S,0.1605694741010666, 0.13998965298136076
SSL7|CC8,N,0.09014298766851425, 0.1258071396085951
SSL7|CC8,V,0.0702495351433754, 0.12358450061745113
SSL7|CC8,V,0.03662247583270073, 0.10805136130915748
SSL7|CC8,R,0.11718574911355972, 0.11518962019019657
SSL7|CC8,F,0.05479554459452629, 0.12590346071455213
SSL7|CC8,N,0.1653711348772049, 0.1394614569014973
SSL7|CC8,Q,0.10794360935688019, 0.15659771859645844
SSL7|CC8,E,0.23382607102394104, 0.1630657965110408
SSL7|CC8,N,0.2569940388202667, 0.16928552877571848
SSL7|CC8,Q,0.2121649533510208, 0.1695445573164357
SSL7|CC8,N,0.2244758903980255, 0.1682213789059056
SSL7|CC8,H,0.09483517706394196, 0.16325224646263653
SSL7|CC8,Q,0.17316333949565887, 0.15550253002179992
SSL7|CC8,L,0.05712680146098137, 0.14126117072171634
SSL7|CC8,F,0.15346252918243408, 0.13575422805216578
SSL7|CC8,L,0.06322141736745834, 0.12298425162831943
SSL7|CC8,L,0.16407862305641174, 0.12746553578310543
SSL7|CC8,G,0.12882180511951447, 0.12927658814522955
SSL7|CC8,K,0.1626024693250656, 0.14074808690283033
SSL7|CC8,D,0.10954610258340836, 0.1351410299539566
SSL7|CC8,K,0.135166734457016, 0.14699390282233557
SSL7|CC8,E,0.189462810754776, 0.14805177433623207
SSL7|CC8,K,0.16037029027938843, 0.14689995762374666
SSL7|CC8,Y,0.1029990166425705, 0.14101198895110023
SSL7|CC8,K,0.16989727318286896, 0.15295790466997358
SSL7|CC8,E,0.1735994666814804, 0.15243306590451133
SSL7|CC8,G,0.11845545470714569, 0.15433767437934875
SSL7|CC8,I,0.10961075127124786, 0.15109389026959738
SSL7|CC8,E,0.21705934405326843, 0.14868513411945766
SSL7|CC8,G,0.13044318556785583, 0.1396704258190261
SSL7|CC8,K,0.20660428702831268, 0.1287322383787897
SSL7|CC8,D,0.13117623329162598, 0.12426459209786521
SSL7|CC8,V,0.08132021129131317, 0.1255471259355545
SSL7|CC8,F,0.08876489847898483, 0.11546548538737827
SSL7|CC8,V,0.07515577971935272, 0.1141304216451115
SSL7|CC8,V,0.07824663817882538, 0.11023492531643973
SSL7|CC8,K,0.12115355581045151, 0.1162996416290601
SSL7|CC8,E,0.1263245791196823, 0.12522240231434503
SSL7|CC8,L,0.11842761188745499, 0.14742622607284123
SSL7|CC8,I,0.17154482007026672, 0.15397074984179604
SSL7|CC8,D,0.18575868010520935, 0.1791154079967075
SSL7|CC8,P,0.16162505745887756, 0.18489451789193684
SSL7|CC8,N,0.28859931230545044, 0.18668926838371488
SSL7|CC8,G,0.13405649363994598, 0.1866442933678627
SSL7|CC8,R,0.30454856157302856, 0.18060550755924648
SSL7|CC8,L,0.17316554486751556, 0.17355050808853573
SSL7|CC8,S,0.14247733354568481, 0.1678760192460484
SSL7|CC8,T,0.11802283674478531, 0.1472493964764807
SSL7|CC8,V,0.1171957477927208, 0.14581698096460766
SSL7|CC8,G,0.12226368486881256, 0.12783988068501154
SSL7|CC8,G,0.11055465787649155, 0.12849790768490899
SSL7|CC8,V,0.10295970737934113, 0.13827445854743323
SSL7|CC8,T,0.12116475403308868, 0.1455520192782084
SSL7|CC8,K,0.1427546590566635, 0.15564022544357511
SSL7|CC8,K,0.1790877878665924, 0.16121035234795678
SSL7|CC8,N,0.23046629130840302, 0.16736047466595969
SSL7|CC8,N,0.18352088332176208, 0.18026372459199694
SSL7|CC8,K,0.20798960328102112, 0.18193321923414865
SSL7|CC8,S,0.17239482700824738, 0.18681166734960344
SSL7|CC8,S,0.16590575873851776, 0.17766543643342125
SSL7|CC8,E,0.21908895671367645, 0.16648883703682157
SSL7|CC8,T,0.13619020581245422, 0.1553030295504464
SSL7|CC8,N,0.18666069209575653, 0.1476072089539634
SSL7|CC8,T,0.0967717096209526, 0.1391897483004464
SSL7|CC8,H,0.12987689673900604, 0.1350037439001931
SSL7|CC8,L,0.08284861594438553, 0.12941438290807936
SSL7|CC8,F,0.13872721791267395, 0.126783001754019
SSL7|CC8,V,0.09663768112659454, 0.12806823352972665
SSL7|CC8,N,0.1282317191362381, 0.13229416559139887
SSL7|CC8,K,0.1687847077846527, 0.13280899243222344
SSL7|CC8,V,0.11250777542591095, 0.1465101291735967
SSL7|CC8,Y,0.19822777807712555, 0.1476851221587923
SSL7|CC8,G,0.1348050981760025, 0.15778854489326477
SSL7|CC8,G,0.134510338306427, 0.1523476176791721
SSL7|CC8,N,0.206158846616745, 0.15071851015090942
SSL7|CC8,L,0.1493021547794342, 0.1506257818804847
SSL7|CC8,D,0.18756848573684692, 0.1414451930258009
SSL7|CC8,A,0.07926337420940399, 0.1384855318400595
SSL7|CC8,S,0.1541227400302887, 0.13151438617044026
SSL7|CC8,I,0.11167322099208832, 0.12269776314496994
SSL7|CC8,D,0.11560247838497162, 0.11442967255910237
SSL7|CC8,S,0.10816814750432968, 0.10633735027578142
SSL7|CC8,F,0.07177002727985382, 0.11255102852980296
SSL7|CC8,S,0.1268092393875122, 0.11434808373451233
SSL7|CC8,I,0.07488933950662613, 0.12227839562628004
SSL7|CC8,N,0.11473758518695831, 0.1182711993654569
SSL7|CC8,K,0.13518647849559784, 0.11859808365503947
SSL7|CC8,E,0.17029623687267303, 0.11772941301266353
SSL7|CC8,E,0.18304602801799774, 0.1154884257250362
SSL7|CC8,V,0.07953771203756332, 0.11922997567388746
SSL7|CC8,S,0.11111010611057281, 0.11270733715759383
SSL7|CC8,L,0.0639519914984703, 0.11009732178515858
SSL7|CC8,K,0.10664035379886627, 0.10484646964404318
SSL7|CC8,E,0.10856328904628754, 0.09689468849036428
SSL7|CC8,L,0.05603383854031563, 0.09501054344905747
SSL7|CC8,D,0.11169634014368057, 0.10270675313141611
SSL7|CC8,F,0.12303856760263443, 0.10892443565858735
SSL7|CC8,K,0.1114799976348877, 0.10867742076516151
SSL7|CC8,I,0.062580406665802, 0.1045406274497509
SSL7|CC8,R,0.18037599325180054, 0.11754710723956426
SSL7|CC8,Q,0.11991113424301147, 0.12805484897560543
SSL7|CC8,H,0.10441721975803375, 0.13423829360140693
SSL7|CC8,L,0.07133214920759201, 0.14186009847455555
SSL7|CC8,V,0.17309215664863586, 0.15238615622123083
SSL7|CC8,K,0.20626601576805115, 0.1486060677303208
SSL7|CC8,N,0.17868956923484802, 0.15849677307738197
SSL7|CC8,Y,0.1800762414932251, 0.16764669699801338
SSL7|CC8,G,0.15731492638587952, 0.17660584217972225
SSL7|CC8,L,0.14635519683361053, 0.17701436910364363
SSL7|CC8,Y,0.2089274823665619, 0.16964401304721832
SSL7|CC8,K,0.18676653504371643, 0.16467945774396262
SSL7|CC8,G,0.1519644558429718, 0.16514654954274496
SSL7|CC8,T,0.17676889896392822, 0.1521500940952036
SSL7|CC8,T,0.1399328112602234, 0.15196981156865755
SSL7|CC8,K,0.13400857150554657, 0.1318118390109804
SSL7|CC8,Y,0.18428006768226624, 0.11772272570265664
SSL7|CC8,G,0.04034682735800743, 0.10516474023461342
SSL7|CC8,K,0.14473265409469604, 0.09579407299558322
SSL7|CC8,I,0.027505729347467422, 0.09234661319189602
SSL7|CC8,T,0.05996451526880264, 0.09197158904539214
SSL7|CC8,I,0.03894258663058281, 0.091810987641414
SSL7|CC8,N,0.0924328938126564, 0.10041720006201002
SSL7|CC8,L,0.10890567302703857, 0.1099717335568534
SSL7|CC8,K,0.13063335418701172, 0.1257559172809124
SSL7|CC8,D,0.182834655046463, 0.13453370042973095
SSL7|CC8,G,0.11780273914337158, 0.14932604879140854
SSL7|CC8,E,0.23072345554828644, 0.14954405360751682
SSL7|CC8,K,0.1695633828639984, 0.15927589767509037
SSL7|CC8,Q,0.13896456360816956, 0.15436558590994942
SSL7|CC8,E,0.17207372188568115, 0.1531781835688485
SSL7|CC8,I,0.09439493715763092, 0.16283666094144186
SSL7|CC8,D,0.1964922696352005, 0.1584012872642941
SSL7|CC8,L,0.0864405483007431, 0.16019358899858263
SSL7|CC8,G,0.17214803397655487, 0.16415446334415013
SSL7|CC8,D,0.20472903549671173, 0.16074288388093314
SSL7|CC8,K,0.1908050924539566, 0.1730783780415853
SSL7|CC8,L,0.18569409847259521, 0.1771488537391027
SSL7|CC8,Q,0.17461243271827698, 0.18507951498031616
SSL7|CC8,F,0.1413695067167282, 0.18157808979352316
SSL7|CC8,E,0.20541438460350037, 0.17753841976324716
SSL7|CC8,R,0.23312655091285706, 0.17153899206055534
SSL7|CC8,M,0.15781649947166443, 0.16123094078567293
SSL7|CC8,G,0.14063520729541779, 0.15882027397553125
SSL7|CC8,D,0.1683720052242279, 0.1537552351752917
SSL7|CC8,V,0.13681024312973022, 0.15070921099848217
SSL7|CC8,L,0.09292163699865341, 0.13929572287533018
SSL7|CC8,N,0.15291643142700195, 0.1288466826081276
SSL7|CC8,S,0.09578415751457214, 0.12407082815965016
SSL7|CC8,K,0.17800016701221466, 0.12084536419974433
SSL7|CC8,D,0.13040515780448914, 0.10990994092490938
SSL7|CC8,I,0.06377513706684113, 0.11581748889552222
SSL7|CC8,N,0.09765251725912094, 0.1030973485774464
SSL7|CC8,K,0.13934282958507538, 0.10400423490338856
SSL7|CC8,I,0.03839143365621567, 0.09629863914516237
SSL7|CC8,E,0.146089568734169, 0.10182553281386693
SSL7|CC8,V,0.03843516856431961, 0.115357782277796
SSL7|CC8,T,0.10394613444805145, 0.11772432095474666
SSL7|CC8,L,0.10864980518817902, 0.10224178433418274
SSL7|CC8,K,0.1801472008228302, 0.0979760694834921
SSL7|CC8,Q,0.18556538224220276, 0.08174389517969555
SSL7|CC8,I,0.11895136535167694, 0.07747332089477116
SSL7|CC22,A,0.13156047463417053, 0.11557100216547649
SSL7|CC22,E,0.2594195008277893, 0.14107229643397862
SSL7|CC22,K,0.24133308231830597, 0.1591935141219033
SSL7|CC22,Q,0.18906983733177185, 0.1823802242676417
SSL7|CC22,E,0.21875612437725067, 0.2011138548453649
SSL7|CC22,R,0.22951164841651917, 0.2045072896613015
SSL7|CC22,V,0.16309095919132233, 0.20003942979706657
SSL7|CC22,Q,0.2086803913116455, 0.19425100915961796
SSL7|CC22,H,0.16860267519950867, 0.18788547151618534
SSL7|CC22,L,0.1621013879776001, 0.19447749190860325
SSL7|CC22,H,0.219208762049675, 0.1911950707435608
SSL7|CC22,D,0.1892372965812683, 0.18999599251482222
SSL7|CC22,I,0.1317799985408783, 0.18676123023033142
SSL7|CC22,R,0.27808430790901184, 0.20230618450376722
SSL7|CC22,D,0.19996985793113708, 0.21075468262036642
SSL7|CC22,L,0.15229925513267517, 0.21135066284073722
SSL7|CC22,H,0.17956753075122833, 0.21389035218291813
SSL7|CC22,R,0.3085072636604309, 0.2180486735370424
SSL7|CC22,Y,0.2381378710269928, 0.20949887732664743
SSL7|CC22,Y,0.2245725840330124, 0.20921805500984192
SSL7|CC22,S,0.2120945006608963, 0.21619860000080532
SSL7|CC22,A,0.16920489072799683, 0.22233843472268847
SSL7|CC22,P,0.20113614201545715, 0.21063110563490126
SSL7|CC22,S,0.1974424570798874, 0.20155224204063416
SSL7|CC22,F,0.21512416005134583, 0.1991218543714947
SSL7|CC22,E,0.23482604324817657, 0.1862279193268882
SSL7|CC22,Y,0.20314130187034607, 0.1871950477361679
SSL7|CC22,S,0.15642809867858887, 0.17502967847718132
SSL7|CC22,N,0.20269909501075745, 0.17142676644855076
SSL7|CC22,I,0.09604908525943756, 0.15927093393272823
SSL7|CC22,S,0.17790904641151428, 0.15676680538389418
SSL7|CC22,G,0.09164781868457794, 0.16170981691943276
SSL7|CC22,K,0.16501624882221222, 0.16738229327731663
SSL7|CC22,V,0.10572166740894318, 0.17910309963756138
SSL7|CC22,E,0.21228888630867004, 0.1928644064399931
SSL7|CC22,N,0.24762840569019318, 0.1982919457885954
SSL7|CC22,Y,0.20748038589954376, 0.20278149346510568
SSL7|CC22,N,0.3081863522529602, 0.19544703347815406
SSL7|CC22,G,0.21990084648132324, 0.1901494413614273
SSL7|CC22,S,0.22675690054893494, 0.18729880452156067
SSL7|CC22,N,0.13205374777317047, 0.16988201273812187
SSL7|CC22,V,0.09900610893964767, 0.16733309626579285
SSL7|CC22,V,0.05804333835840225, 0.15215561125013563
SSL7|CC22,R,0.1866331547498703, 0.15772305925687155
SSL7|CC22,F,0.09087727963924408, 0.1645449764198727
SSL7|CC22,N,0.18454013764858246, 0.18086555434597862
SSL7|CC22,Q,0.1715889871120453, 0.20240610755152172
SSL7|CC22,K,0.2700078785419464, 0.21353892154163784
SSL7|CC22,D,0.28815415501594543, 0.217408643828498
SSL7|CC22,Q,0.2789389491081238, 0.21965880857573616
SSL7|CC22,N,0.2928710877895355, 0.22435927225483787
SSL7|CC22,H,0.15823866426944733, 0.21696211894353232
SSL7|CC22,Q,0.22146065533161163, 0.21103237734900582
SSL7|CC22,L,0.11112876236438751, 0.20037076705031925
SSL7|CC22,F,0.22684431076049805, 0.19392644862333933
SSL7|CC22,L,0.1050146073102951, 0.18270506958166757
SSL7|CC22,L,0.21664020419120789, 0.18519202868143717
SSL7|CC22,G,0.19219966232776642, 0.18891568813059065
SSL7|CC22,K,0.22094008326530457, 0.2055630154079861
SSL7|CC22,D,0.19187867641448975, 0.1977448562781016
SSL7|CC22,K,0.18062129616737366, 0.2096324364344279
SSL7|CC22,E,0.2549735903739929, 0.21496321757634482
SSL7|CC22,E,0.26095470786094666, 0.21159303353892434
SSL7|CC22,Y,0.15648087859153748, 0.20285003715091282
SSL7|CC22,K,0.21200282871723175, 0.20994098318947685
SSL7|CC22,E,0.2646172344684601, 0.2130099485317866
SSL7|CC22,G,0.16186800599098206, 0.21080775227811602
SSL7|CC22,L,0.142253115773201, 0.2039632929695977
SSL7|CC22,Q,0.25569719076156616, 0.19665259371201196
SSL7|CC22,G,0.20824198424816132, 0.19059434947040346
SSL7|CC22,Q,0.23515382409095764, 0.17170981814463934
SSL7|CC22,N,0.19935457408428192, 0.1682865031891399
SSL7|CC22,V,0.09068458527326584, 0.1689490204056104
SSL7|CC22,F,0.15747863054275513, 0.16267132510741553
SSL7|CC22,V,0.09465645253658295, 0.15875407639476988
SSL7|CC22,V,0.13105817139148712, 0.15543892565700743
SSL7|CC22,Q,0.14821577072143555, 0.16047919044891992
SSL7|CC22,E,0.1991979330778122, 0.1734882245461146
SSL7|CC22,L,0.17298674583435059, 0.19113407697942522
SSL7|CC22,I,0.20531746745109558, 0.1986144052611457
SSL7|CC22,D,0.24471695721149445, 0.21913232571548885
SSL7|CC22,P,0.20776589214801788, 0.22379141880406273
SSL7|CC22,N,0.31629130244255066, 0.22153130008114708
SSL7|CC22,G,0.16197940707206726, 0.2192542470163769
SSL7|CC22,R,0.31571945548057556, 0.21317904690901437
SSL7|CC22,L,0.19014760851860046, 0.2053846021493276
SSL7|CC22,S,0.17885686457157135, 0.20050003793504503
SSL7|CC22,T,0.15249326825141907, 0.18256761299239266
SSL7|CC22,V,0.15064066648483276, 0.1859996947977278
SSL7|CC22,G,0.17456695437431335, 0.17641832762294346
SSL7|CC22,G,0.1638048142194748, 0.18293223943975237
SSL7|CC22,V,0.1548994779586792, 0.19295312960942587
SSL7|CC22,T,0.19286814332008362, 0.20402314596705967
SSL7|CC22,K,0.22948715090751648, 0.21911056174172294
SSL7|CC22,N,0.24877281486988068, 0.2241460813416375
SSL7|CC22,N,0.2690448760986328, 0.22933857639630637
SSL7|CC22,N,0.2521234154701233, 0.24334866139623854
SSL7|CC22,K,0.28642740845680237, 0.24179756310251024
SSL7|CC22,T,0.2198866307735443, 0.2428907553354899
SSL7|CC22,S,0.21053726971149445, 0.23186804354190826
SSL7|CC22,E,0.28099024295806885, 0.2196015003654692
SSL7|CC22,T,0.17890825867652893, 0.20313530249728096
SSL7|CC22,K,0.2393258810043335, 0.1873107941614257
SSL7|CC22,T,0.14956840872764587, 0.1759572939740287
SSL7|CC22,Q,0.15864598751068115, 0.17068269848823547
SSL7|CC22,L,0.10392763465642929, 0.16347306966781616
SSL7|CC22,V,0.14400683343410492, 0.160882121986813
SSL7|CC22,V,0.11770512908697128, 0.15964548952049679
SSL7|CC22,N,0.16306591033935547, 0.16193569368786281
SSL7|CC22,K,0.21610358357429504, 0.1657160288757748
SSL7|CC22,V,0.1555897295475006, 0.17763031605217192
SSL7|CC22,D,0.2281961888074875, 0.17550444768534768
SSL7|CC22,G,0.17018024623394012, 0.18503639019197887
SSL7|CC22,G,0.19266900420188904, 0.1822795925868882
SSL7|CC22,D,0.2111562192440033, 0.1715117452873124
SSL7|CC22,L,0.12487401813268661, 0.16545890354447895
SSL7|CC22,H,0.20349261164665222, 0.1593035732706388
SSL7|CC22,A,0.13825473189353943, 0.15572024964623982
SSL7|CC22,S,0.11919295787811279, 0.14631619469987023
SSL7|CC22,I,0.10111415386199951, 0.1384768792324596
SSL7|CC22,D,0.17279821634292603, 0.14486989875634512
SSL7|CC22,S,0.13793033361434937, 0.1443005601565043
SSL7|CC22,F,0.10803250968456268, 0.15259278813997904
SSL7|CC22,L,0.14060238003730774, 0.1665727181567086
SSL7|CC22,I,0.18241119384765625, 0.18440464635690054
SSL7|CC22,Q,0.19836856424808502, 0.17850441071722242
SSL7|CC22,K,0.212884783744812, 0.17854265206389958
SSL7|CC22,E,0.2450123280286789, 0.18132733636432224
SSL7|CC22,E,0.2616015076637268, 0.18899347550339168
SSL7|CC22,I,0.11969609558582306, 0.18794427646530998
SSL7|CC22,S,0.13827450573444366, 0.1745394633875953
SSL7|CC22,L,0.1330946683883667, 0.16648328635427687
SSL7|CC22,K,0.2095976322889328, 0.16284355190065172
SSL7|CC22,E,0.17296840250492096, 0.15074668493535784
SSL7|CC22,L,0.07772524654865265, 0.14603405280245674
SSL7|CC22,D,0.1403791904449463, 0.15174915972683165
SSL7|CC22,F,0.21225471794605255, 0.1556725659304195
SSL7|CC22,K,0.15272970497608185, 0.1462000384926796
SSL7|CC22,I,0.07728240638971329, 0.1347381298740705
SSL7|CC22,R,0.18971046805381775, 0.14628862920734617
SSL7|CC22,Q,0.16840532422065735, 0.15946717311938605
SSL7|CC22,Q,0.12434488534927368, 0.15526174257198969
SSL7|CC22,L,0.06981122493743896, 0.15651550971799427
SSL7|CC22,V,0.18167974054813385, 0.16270111501216888
SSL7|CC22,N,0.25898608565330505, 0.1591941151354048
SSL7|CC22,N,0.17440584301948547, 0.16326717535654703
SSL7|CC22,Y,0.16401360929012299, 0.17167085740301344
SSL7|CC22,G,0.13295285403728485, 0.1833587239185969
SSL7|CC22,L,0.15814746916294098, 0.18526892529593575
SSL7|CC22,Y,0.2050628662109375, 0.17577822340859306
SSL7|CC22,K,0.1999780237674713, 0.18343275454309252
SSL7|CC22,G,0.17500202357769012, 0.19029437336656782
SSL7|CC22,T,0.19887155294418335, 0.18620971590280533
SSL7|CC22,S,0.17356976866722107, 0.18499170492092767
SSL7|CC22,K,0.24329662322998047, 0.16840126862128577
SSL7|CC22,Y,0.22576817870140076, 0.15860317978594038
SSL7|CC22,G,0.0961909368634224, 0.1454507609208425
SSL7|CC22,K,0.14718537032604218, 0.1370655753546291
SSL7|CC22,I,0.055748939514160156, 0.13047295643223655
SSL7|CC22,I,0.11179522424936295, 0.1259574575556649
SSL7|CC22,I,0.05663025379180908, 0.12801769706938002
SSL7|CC22,N,0.12340488284826279, 0.14601869963937336
SSL7|CC22,L,0.11423619836568832, 0.14731938391923904
SSL7|CC22,K,0.20265713334083557, 0.15931209673484167
SSL7|CC22,D,0.24431033432483673, 0.15616711229085922
SSL7|CC22,E,0.2581999599933624, 0.1699124202132225
SSL7|CC22,N,0.15889152884483337, 0.162941116011805
SSL7|CC22,K,0.16368335485458374, 0.16593101330929333
SSL7|CC22,V,0.08349036425352097, 0.15313508320185873
SSL7|CC22,E,0.1803380250930786, 0.14813876358999145
SSL7|CC22,I,0.060663145035505295, 0.1409161558581723
SSL7|CC22,D,0.1411452740430832, 0.14544733406768906
SSL7|CC22,L,0.08749376237392426, 0.14931116377313933
SSL7|CC22,S,0.1993434578180313, 0.15715379806028473
SSL7|CC22,D,0.19319649040699005, 0.150839038607147
SSL7|CC22,K,0.199672132730484, 0.17025279998779297
SSL7|CC22,L,0.19845782220363617, 0.17955239944987827
SSL7|CC22,Q,0.1540740728378296, 0.18113650464349323
SSL7|CC22,F,0.12350519001483917, 0.17489543308814368
SSL7|CC22,E,0.23538699746131897, 0.17387660592794418
SSL7|CC22,R,0.2248416692018509, 0.16448315150207943
SSL7|CC22,M,0.10175070911645889, 0.15231954471932518
SSL7|CC22,G,0.14317381381988525, 0.15832200563616222
SSL7|CC22,D,0.1840270459651947, 0.15907464010847938
SSL7|CC22,V,0.11513104289770126, 0.15355639573600557
SSL7|CC22,L,0.08898536115884781, 0.1496054008603096
SSL7|CC22,N,0.2080962210893631, 0.1488793906238344
SSL7|CC22,S,0.13027890026569366, 0.16101518107785118
SSL7|CC22,K,0.18572279810905457, 0.154847158326043
SSL7|CC22,D,0.18928271532058716, 0.1509452255235778
SSL7|CC22,I,0.09521661698818207, 0.15316557635863623
SSL7|CC22,R,0.2523959279060364, 0.13856014774905312
SSL7|CC22,G,0.1285148411989212, 0.1377080496814516
SSL7|CC22,I,0.08001364767551422, 0.12918654498126772
SSL7|CC22,A,0.10896851867437363, 0.12720076657003826
SSL7|CC22,V,0.07664736360311508, 0.13613274776273304
SSL7|CC22,T,0.12261001765727997, 0.12244178934229745
SSL7|CC22,I,0.10902925580739975, 0.10816236254241732
SSL7|CC22,N,0.1714107096195221, 0.09927195724513796
SSL7|CC22,Q,0.175604447722435, 0.08716434405909644
SSL7|CC22,I,0.1291773021221161, 0.07864797032541698
SSL7|CC30,A,0.13836625218391418, 0.11229157447814941
SSL7|CC30,E,0.2516125738620758, 0.13620001739925808
SSL7|CC30,K,0.22900104522705078, 0.1529740807082918
SSL7|CC30,Q,0.18595275282859802, 0.17483749157852596
SSL7|CC30,E,0.20569154620170593, 0.19255202180809444
SSL7|CC30,R,0.21517598628997803, 0.1936295578877131
SSL7|CC30,V,0.1509665697813034, 0.18831367790699005
SSL7|CC30,Q,0.19677069783210754, 0.18219349616103703
SSL7|CC30,H,0.15943077206611633, 0.1742673623892996
SSL7|CC30,L,0.14806407690048218, 0.17988665650288263
SSL7|CC30,H,0.20376965403556824, 0.1762264279855622
SSL7|CC30,D,0.1739194095134735, 0.1734357467956013
SSL7|CC30,I,0.11461754888296127, 0.16883687923351923
SSL7|CC30,R,0.25626519322395325, 0.18378504862387976
SSL7|CC30,D,0.18223392963409424, 0.19099678016371197
SSL7|CC30,L,0.12585043907165527, 0.1896438573797544
SSL7|CC30,H,0.15538088977336884, 0.18928560862938562
SSL7|CC30,R,0.29396429657936096, 0.1986186984512541
SSL7|CC30,Y,0.21296966075897217, 0.1945771508746677
SSL7|CC30,Y,0.19159334897994995, 0.1948286278380288
SSL7|CC30,S,0.17069517076015472, 0.2002680069870419
SSL7|CC30,S,0.19861535727977753, 0.20574144853485954
SSL7|CC30,E,0.2198912650346756, 0.19176703029208714
SSL7|CC30,S,0.18449722230434418, 0.18194462690088484
SSL7|CC30,F,0.17480485141277313, 0.17870700359344482
SSL7|CC30,E,0.20464186370372772, 0.16843032588561377
SSL7|CC30,Y,0.16819453239440918, 0.1631048313445515
SSL7|CC30,S,0.12456803023815155, 0.14710722946458393
SSL7|CC30,N,0.1624547392129898, 0.14206773456599978
SSL7|CC30,V,0.07820507138967514, 0.13312719679541057
SSL7|CC30,S,0.15068590641021729, 0.13227629413207373
SSL7|CC30,G,0.07591284811496735, 0.14154270705249575
SSL7|CC30,K,0.1391417682170868, 0.14908134854502147
SSL7|CC30,V,0.0943400114774704, 0.164830158982012
SSL7|CC30,E,0.19698373973369598, 0.18079026374551985
SSL7|CC30,N,0.2515922486782074, 0.18819310433334774
SSL7|CC30,Y,0.19241580367088318, 0.19470157888200548
SSL7|CC30,N,0.30419403314590454, 0.1889894629518191
SSL7|CC30,G,0.22184601426124573, 0.18426846009161738
SSL7|CC30,S,0.21731147170066833, 0.18053613810075653
SSL7|CC30,N,0.13448911905288696, 0.16056237825089031
SSL7|CC30,V,0.0877327248454094, 0.15683774360352093
SSL7|CC30,V,0.05185098573565483, 0.1404295534723335
SSL7|CC30,R,0.1633928418159485, 0.14236258508430588
SSL7|CC30,F,0.07182841002941132, 0.14358956490953764
SSL7|CC30,N,0.15889409184455872, 0.15857243082589573
SSL7|CC30,P,0.1565203219652176, 0.18074623040027088
SSL7|CC30,K,0.2392432987689972, 0.19175481133990818
SSL7|CC30,D,0.2283542901277542, 0.1953533970647388
SSL7|CC30,Q,0.26933491230010986, 0.20029296312067243
SSL7|CC30,N,0.28729692101478577, 0.20461536116070217
SSL7|CC30,H,0.15092821419239044, 0.19738112886746725
SSL7|CC30,Q,0.19578011333942413, 0.19238189028369057
SSL7|CC30,L,0.11628450453281403, 0.18468180464373696
SSL7|CC30,F,0.19779567420482635, 0.17623277836375767
SSL7|CC30,L,0.09141223132610321, 0.16220151053534615
SSL7|CC30,L,0.19425015151500702, 0.16367170049084556
SSL7|CC30,G,0.1590535193681717, 0.16757480634583366
SSL7|CC30,K,0.19329367578029633, 0.17686576810148028
SSL7|CC30,D,0.16101551055908203, 0.1700053016344706
SSL7|CC30,K,0.16415992379188538, 0.18143288791179657
SSL7|CC30,E,0.23090806603431702, 0.18647027843528324
SSL7|CC30,Q,0.19990316033363342, 0.18519638975461325
SSL7|CC30,Y,0.1360514760017395, 0.17760683678918415
SSL7|CC30,K,0.19426050782203674, 0.18688697864611944
SSL7|CC30,E,0.23958666622638702, 0.19049914760722053
SSL7|CC30,G,0.14758852124214172, 0.18979932450585896
SSL7|CC30,L,0.12498769909143448, 0.1891929730772972
SSL7|CC30,Q,0.24453678727149963, 0.1828593553768264
SSL7|CC30,G,0.19666944444179535, 0.17754834642012915
SSL7|CC30,Q,0.22460965812206268, 0.16070348769426346
SSL7|CC30,N,0.19444599747657776, 0.1574545693066385
SSL7|CC30,V,0.07904891669750214, 0.1588653458489312
SSL7|CC30,F,0.14646142721176147, 0.15219715237617493
SSL7|CC30,V,0.08798293769359589, 0.14859704342153338
SSL7|CC30,V,0.11834825575351715, 0.14477851821316612
SSL7|CC30,Q,0.1376846879720688, 0.1501779771513409
SSL7|CC30,E,0.18452304601669312, 0.1640113807386822
SSL7|CC30,L,0.16426846385002136, 0.18157993257045746
SSL7|CC30,I,0.1902429312467575, 0.1892363280057907
SSL7|CC30,D,0.24304112792015076, 0.2102145618862576
SSL7|CC30,P,0.2035495489835739, 0.2169910321633021
SSL7|CC30,N,0.30457839369773865, 0.21548628310362497
SSL7|CC30,G,0.15689049661159515, 0.21343807710541618
SSL7|CC30,R,0.3071523606777191, 0.20828329854541355
SSL7|CC30,L,0.19867292046546936, 0.19865292145146263
SSL7|CC30,S,0.170980304479599, 0.19355819291538662
SSL7|CC30,T,0.14583460986614227, 0.17427664001782736
SSL7|CC30,V,0.1438499242067337, 0.17485963801542917
SSL7|CC30,G,0.1563677340745926, 0.16182572808530596
SSL7|CC30,G,0.15769699215888977, 0.1650851054324044
SSL7|CC30,V,0.1310444176197052, 0.17586556904845768
SSL7|CC30,T,0.1621374785900116, 0.18710263735718197
SSL7|CC30,K,0.1898471713066101, 0.20215983854399788
SSL7|CC30,K,0.22800731658935547, 0.20905057258076137
SSL7|CC30,N,0.26800447702407837, 0.21740400956736672
SSL7|CC30,N,0.24696822464466095, 0.23673799468411338
SSL7|CC30,K,0.2793647348880768, 0.23860182695918614
SSL7|CC30,T,0.21838434040546417, 0.24607459372944301
SSL7|CC30,S,0.2328779250383377, 0.23771399093998802
SSL7|CC30,E,0.3050502836704254, 0.22758333716127607
SSL7|CC30,T,0.1789119690656662, 0.21612011889616647
SSL7|CC30,N,0.2571020722389221, 0.20315400924947527
SSL7|CC30,T,0.15276189148426056, 0.19305097725656298
SSL7|CC30,P,0.17682859301567078, 0.18452409406503043
SSL7|CC30,L,0.14379926025867462, 0.17309612201319802
SSL7|CC30,F,0.16266974806785583, 0.1695877495739195
SSL7|CC30,V,0.12745705246925354, 0.16596761677000257
SSL7|CC30,N,0.15613597631454468, 0.16872645914554596
SSL7|CC30,K,0.20219853520393372, 0.17854378786351946
SSL7|CC30,V,0.14733661711215973, 0.18388396501541138
SSL7|CC30,N,0.22452087700366974, 0.17790195180310142
SSL7|CC30,G,0.177591472864151, 0.18666086428695255
SSL7|CC30,E,0.26518455147743225, 0.18319372832775116
SSL7|CC30,D,0.1918608546257019, 0.1744601453344027
SSL7|CC30,L,0.10883162915706635, 0.17065215524699953
SSL7|CC30,D,0.20628726482391357, 0.1641041793757015
SSL7|CC30,A,0.12493175268173218, 0.15916998932758966
SSL7|CC30,S,0.12359628826379776, 0.1412993280424012
SSL7|CC30,I,0.113064706325531, 0.13523408025503159
SSL7|CC30,D,0.1655890941619873, 0.14151233517461353
SSL7|CC30,S,0.13318376243114471, 0.1382758691906929
SSL7|CC30,F,0.10434859991073608, 0.14635267770952648
SSL7|CC30,L,0.1372736245393753, 0.15796364347139993
SSL7|CC30,I,0.16533592343330383, 0.17202840248743692
SSL7|CC30,Q,0.17715907096862793, 0.16590317255920833
SSL7|CC30,K,0.19762302935123444, 0.1657773173517651
SSL7|CC30,E,0.22809498012065887, 0.1682643708255556
SSL7|CC30,E,0.2396475374698639, 0.17541922960016462
SSL7|CC30,I,0.11046202480792999, 0.1755015965965059
SSL7|CC30,S,0.13205106556415558, 0.1642320735587014
SSL7|CC30,L,0.12673208117485046, 0.15715907679663765
SSL7|CC30,K,0.20166735351085663, 0.1535078485806783
SSL7|CC30,E,0.16607722640037537, 0.14272731045881906
SSL7|CC30,L,0.07573336362838745, 0.1388967823651102
SSL7|CC30,D,0.13396605849266052, 0.14366438074244392
SSL7|CC30,F,0.19523392617702484, 0.14617391675710678
SSL7|CC30,K,0.1426226943731308, 0.13699772871202892
SSL7|CC30,I,0.07598727196455002, 0.12598039127058452
SSL7|CC30,R,0.1749594509601593, 0.1364692739314503
SSL7|CC30,Q,0.1493179053068161, 0.14850469181934992
SSL7|CC30,Q,0.11908166110515594, 0.14608097987042534
SSL7|CC30,L,0.0669211894273758, 0.14786875330739552
SSL7|CC30,V,0.1701333075761795, 0.15321596794658238
SSL7|CC30,N,0.24228481948375702, 0.15078343947728476
SSL7|CC30,N,0.1734205186367035, 0.15617853899796805
SSL7|CC30,Y,0.15871265530586243, 0.16426590416166517
SSL7|CC30,G,0.12411220371723175, 0.17661266360017988
SSL7|CC30,L,0.1530666947364807, 0.17884918219513363
SSL7|CC30,Y,0.1978738009929657, 0.1710584345791075
SSL7|CC30,K,0.19186794757843018, 0.17763203216923606
SSL7|CC30,G,0.17804202437400818, 0.18491720490985447
SSL7|CC30,T,0.19026197493076324, 0.18124613165855408
SSL7|CC30,S,0.1721680909395218, 0.18019169237878588
SSL7|CC30,K,0.23258289694786072, 0.16396036619941393
SSL7|CC30,Y,0.22427920997142792, 0.15495301824476984
SSL7|CC30,G,0.09107254445552826, 0.14112946059968737
SSL7|CC30,K,0.1435767412185669, 0.1329775353272756
SSL7|CC30,I,0.05179186537861824, 0.1257468064626058
SSL7|CC30,I,0.1108018159866333, 0.12128034565183851
SSL7|CC30,I,0.053630005568265915, 0.12193641232119666
SSL7|CC30,N,0.11689464747905731, 0.14012768202357823
SSL7|CC30,L,0.10709153115749359, 0.14203116297721863
SSL7|CC30,K,0.1923847496509552, 0.15445688159929383
SSL7|CC30,D,0.23018380999565125, 0.15183874426616562
SSL7|CC30,E,0.2547939717769623, 0.16638714571793875
SSL7|CC30,N,0.16070806980133057, 0.16152802026934093
SSL7|CC30,K,0.16362333297729492, 0.16844633635547426
SSL7|CC30,V,0.08723857998847961, 0.1598389653695954
SSL7|CC30,E,0.18456561863422394, 0.15735281424389946
SSL7|CC30,I,0.0731625184416771, 0.1509220509065522
SSL7|CC30,D,0.16935637593269348, 0.15358327246374553
SSL7|CC30,L,0.11491841077804565, 0.15364580932590696
SSL7|CC30,G,0.2078084498643875, 0.1625228284133805
SSL7|CC30,D,0.1969171017408371, 0.1557423323392868
SSL7|CC30,K,0.18465906381607056, 0.1712531919280688
SSL7|CC30,L,0.16418616473674774, 0.17757750136984718
SSL7|CC30,Q,0.16713175177574158, 0.17790069513850743
SSL7|CC30,F,0.12354115396738052, 0.17270140681001875
SSL7|CC30,E,0.21276025474071503, 0.17138132287396324
SSL7|CC30,R,0.22627516090869904, 0.16476542916562822
SSL7|CC30,M,0.1178271546959877, 0.15726166052950752
SSL7|CC30,G,0.1610148549079895, 0.15954687115218905
SSL7|CC30,D,0.18503634631633759, 0.1591281791528066
SSL7|CC30,V,0.1251160204410553, 0.15497548215919071
SSL7|CC30,L,0.09665224701166153, 0.1498793661594391
SSL7|CC30,N,0.18769864737987518, 0.14632556173536512
SSL7|CC30,S,0.11977292597293854, 0.1556971851322386
SSL7|CC30,K,0.175385981798172, 0.14854756825500065
SSL7|CC30,D,0.18041011691093445, 0.1428041151828236
SSL7|CC30,I,0.08584291487932205, 0.14635677635669708
SSL7|CC30,R,0.24535946547985077, 0.13342529038588205
SSL7|CC30,G,0.12068979442119598, 0.1335111740562651
SSL7|CC30,I,0.07342494279146194, 0.12559030287795597
SSL7|CC30,S,0.12862619757652283, 0.12348906530274285
SSL7|CC30,V,0.07131527364253998, 0.13327554447783363
SSL7|CC30,T,0.1205458790063858, 0.12033861461612913
SSL7|CC30,I,0.10409814119338989, 0.10692863745821847
SSL7|CC30,N,0.16149897873401642, 0.09877031048138936
SSL7|CC30,Q,0.17392122745513916, 0.0844785107506646
SSL7|CC30,I,0.1289270967245102, 0.07655459145704906
SSL7|CC93,K,0.17185720801353455, 0.11639182435141669
SSL7|CC93,D,0.2473047524690628, 0.1394314467906952
SSL7|CC93,K,0.217088982462883, 0.15385687351226807
SSL7|CC93,Q,0.18884488940238953, 0.17237605485651228
SSL7|CC93,E,0.22243058681488037, 0.1893908894724316
SSL7|CC93,R,0.20735660195350647, 0.1838296362095409
SSL7|CC93,V,0.12982884049415588, 0.17840328729814953
SSL7|CC93,Q,0.16667263209819794, 0.1740137678053644
SSL7|CC93,H,0.15313351154327393, 0.16840782513221106
SSL7|CC93,L,0.12180592864751816, 0.16741224212778938
SSL7|CC93,Y,0.19846761226654053, 0.16685932295189965
SSL7|CC93,D,0.17758330702781677, 0.16789519207345116
SSL7|CC93,I,0.1383914053440094, 0.16961701628234652
SSL7|CC93,K,0.21347033977508545, 0.18339397427108553
SSL7|CC93,D,0.20238032937049866, 0.1907732751634386
SSL7|CC93,L,0.1391516625881195, 0.1905211243364546
SSL7|CC93,H,0.18216904997825623, 0.1909483555290434
SSL7|CC93,R,0.27712613344192505, 0.19059310522344378
SSL7|CC93,Y,0.18821963667869568, 0.18505378398630354
SSL7|CC93,Y,0.1961982548236847, 0.18188990652561188
SSL7|CC93,S,0.18142838776111603, 0.18622322214974296
SSL7|CC93,A,0.13519415259361267, 0.1862310767173767
SSL7|CC93,P,0.16361644864082336, 0.1737861368391249
SSL7|CC93,S,0.17390543222427368, 0.16611187822288936
SSL7|CC93,F,0.17815150320529938, 0.1630804439385732
SSL7|CC93,E,0.18223974108695984, 0.15379249221748775
SSL7|CC93,Y,0.1651216745376587, 0.16021603345870972
SSL7|CC93,S,0.11915130913257599, 0.15055735657612482
SSL7|CC93,N,0.16891534626483917, 0.15300271991226408
SSL7|CC93,I,0.09783682227134705, 0.14652669512563282
SSL7|CC93,N,0.1930060237646103, 0.1467907420463032
SSL7|CC93,G,0.07668835669755936, 0.15496930397219127
SSL7|CC93,K,0.19591370224952698, 0.16114706380499733
SSL7|CC93,V,0.11986728012561798, 0.17147626562250984
SSL7|CC93,E,0.18461616337299347, 0.18162225931882858
SSL7|CC93,N,0.23872873187065125, 0.18104970869090822
SSL7|CC93,Y,0.1747511476278305, 0.18661139243178898
SSL7|CC93,N,0.2618781626224518, 0.17350283761819205
SSL7|CC93,G,0.18915076553821564, 0.16607410253749955
SSL7|CC93,S,0.18785306811332703, 0.16131000427736175
SSL7|CC93,N,0.12674351036548615, 0.1432042299873299
SSL7|CC93,V,0.07793670892715454, 0.14300920690099397
SSL7|CC93,V,0.05300866439938545, 0.1292258579697874
SSL7|CC93,R,0.14173927903175354, 0.13391859291328323
SSL7|CC93,F,0.07577676326036453, 0.14190862203637758
SSL7|CC93,E,0.1729959398508072, 0.15423180452651447
SSL7|CC93,Q,0.1378280222415924, 0.17484401787320772
SSL7|CC93,K,0.23138538002967834, 0.18579667889409596
SSL7|CC93,D,0.25976333022117615, 0.18951400534974205
SSL7|CC93,Q,0.23765215277671814, 0.19145674175686306
SSL7|CC93,N,0.2634466290473938, 0.19149897495905557
SSL7|CC93,H,0.15158261358737946, 0.18692116936047873
SSL7|CC93,Q,0.17519521713256836, 0.18015211820602417
SSL7|CC93,L,0.09326139092445374, 0.16931033300028908
SSL7|CC93,F,0.17337603867053986, 0.16335304578145346
SSL7|CC93,L,0.09662777185440063, 0.15269709957970512
SSL7|CC93,L,0.1704639196395874, 0.1546515574057897
SSL7|CC93,G,0.16218726336956024, 0.1625042739841673
SSL7|CC93,K,0.18403656780719757, 0.17725294662846458
SSL7|CC93,D,0.16754311323165894, 0.1721387654542923
SSL7|CC93,K,0.1691727340221405, 0.1826147370868259
SSL7|CC93,E,0.24586966633796692, 0.18854049344857535
SSL7|CC93,E,0.22599944472312927, 0.1865195631980896
SSL7|CC93,Y,0.1273484081029892, 0.17969453003671434
SSL7|CC93,K,0.19091151654720306, 0.1867899696032206
SSL7|CC93,E,0.22379572689533234, 0.18895932700898913
SSL7|CC93,G,0.1439988911151886, 0.18399322695202297
SSL7|CC93,L,0.12261126935482025, 0.17847703728410932
SSL7|CC93,K,0.23140206933021545, 0.1737794296609031
SSL7|CC93,G,0.188696950674057, 0.16739011307557425
SSL7|CC93,Q,0.2011747658252716, 0.15292240016990238
SSL7|CC93,N,0.17635373771190643, 0.1506937046845754
SSL7|CC93,V,0.085069939494133, 0.15034126655922997
SSL7|CC93,F,0.13340766727924347, 0.14322067548831305
SSL7|CC93,V,0.09358631074428558, 0.13830504731999504
SSL7|CC93,V,0.12394063174724579, 0.13493864321046406
SSL7|CC93,Q,0.11943932622671127, 0.13938257843255997
SSL7|CC93,E,0.1673167496919632, 0.15021222912602955
SSL7|CC93,L,0.14445629715919495, 0.16705980483028623
SSL7|CC93,I,0.1708771288394928, 0.17201324552297592
SSL7|CC93,D,0.21634915471076965, 0.1916534279783567
SSL7|CC93,P,0.1825367957353592, 0.19708253774378034
SSL7|CC93,N,0.2850358486175537, 0.1953430540031857
SSL7|CC93,G,0.13816727697849274, 0.19381023115581936
SSL7|CC93,R,0.3007022738456726, 0.18979388309849632
SSL7|CC93,L,0.1683013141155243, 0.18201033108764225
SSL7|CC93,S,0.15166139602661133, 0.1770191788673401
SSL7|CC93,T,0.13066089153289795, 0.1592888037363688
SSL7|CC93,V,0.1347299963235855, 0.1598844610982471
SSL7|CC93,G,0.14629718661308289, 0.1473097817765342
SSL7|CC93,G,0.13761642575263977, 0.15302611721886528
SSL7|CC93,V,0.12546247243881226, 0.16417937146292794
SSL7|CC93,T,0.14352819323539734, 0.1727902955479092
SSL7|CC93,K,0.18753015995025635, 0.18317092458407083
SSL7|CC93,K,0.2197483330965042, 0.1882962253358629
SSL7|CC93,N,0.25204068422317505, 0.19365578227572972
SSL7|CC93,N,0.2081592082977295, 0.20720238818062675
SSL7|CC93,K,0.22815565764904022, 0.20865732431411743
SSL7|CC93,S,0.19242489337921143, 0.21034258272912768
SSL7|CC93,S,0.18585243821144104, 0.19836167163319057
SSL7|CC93,E,0.24738192558288574, 0.1861304690440496
SSL7|CC93,T,0.15662261843681335, 0.17514576100640827
SSL7|CC93,N,0.2026974856853485, 0.1670161278711425
SSL7|CC93,T,0.11192013323307037, 0.158615380525589
SSL7|CC93,H,0.14195986092090607, 0.15572106507089403
SSL7|CC93,L,0.10929683595895767, 0.14955771797233158
SSL7|CC93,F,0.15498895943164825, 0.1474952201048533
SSL7|CC93,V,0.11681816726922989, 0.14713158210118613
SSL7|CC93,N,0.1598035991191864, 0.15314200851652357
SSL7|CC93,K,0.19191180169582367, 0.15318535765012106
SSL7|CC93,V,0.13806013762950897, 0.16360260794560114
SSL7|CC93,Y,0.19942474365234375, 0.16381017780966228
SSL7|CC93,G,0.16601397097110748, 0.1709294335709678
SSL7|CC93,G,0.1423500031232834, 0.1634761318564415
SSL7|CC93,N,0.2030520886182785, 0.15786978850762048
SSL7|CC93,L,0.15685708820819855, 0.1540289248029391
SSL7|CC93,D,0.1808914691209793, 0.14376029786136416
SSL7|CC93,A,0.09272388368844986, 0.13587553136878544
SSL7|CC93,S,0.14145471155643463, 0.12602991652157572
SSL7|CC93,I,0.1034923642873764, 0.11603028285834524
SSL7|CC93,D,0.10700710117816925, 0.10572733523117171
SSL7|CC93,S,0.09505107253789902, 0.09718384386764632
SSL7|CC93,F,0.05373946949839592, 0.10409115710192257
SSL7|CC93,L,0.11305538564920425, 0.11179018144806226
SSL7|CC93,I,0.06413055956363678, 0.1211042350365056
SSL7|CC93,N,0.1040000468492508, 0.11666842674215634
SSL7|CC93,K,0.15488970279693604, 0.12075081591804822
SSL7|CC93,E,0.2107459306716919, 0.12391347603665458
SSL7|CC93,E,0.1873188465833664, 0.12832853529188368
SSL7|CC93,V,0.06708482652902603, 0.1369858897394604
SSL7|CC93,S,0.1317925751209259, 0.1297677101360427
SSL7|CC93,L,0.08220341056585312, 0.1255392481883367
SSL7|CC93,K,0.15279091894626617, 0.11890442338254717
SSL7|CC93,E,0.1420467495918274, 0.1111930583914121
SSL7|CC93,L,0.039036430418491364, 0.11016828484005398
SSL7|CC93,D,0.11683354526758194, 0.11419984863864051
SSL7|CC93,F,0.15103250741958618, 0.12411231713162528
SSL7|CC93,K,0.11791656166315079, 0.11728414313660727
SSL7|CC93,I,0.05786186456680298, 0.10671396429340045
SSL7|CC93,R,0.16807664930820465, 0.11977450342641936
SSL7|CC93,K,0.17141562700271606, 0.13402487710118294
SSL7|CC93,Q,0.09133735299110413, 0.1368859795232614
SSL7|CC93,L,0.04691514000296593, 0.1431680466565821
SSL7|CC93,V,0.15658128261566162, 0.15233999283777344
SSL7|CC93,E,0.2450869083404541, 0.14941512337989277
SSL7|CC93,K,0.17678242921829224, 0.1574052700565921
SSL7|CC93,Y,0.1744551658630371, 0.17079467698931694
SSL7|CC93,G,0.14040938019752502, 0.18449878858195412
SSL7|CC93,L,0.14175282418727875, 0.19068891637855107
SSL7|CC93,Y,0.24332694709300995, 0.17968753145800698
SSL7|CC93,K,0.21184201538562775, 0.17994312279754215
SSL7|CC93,G,0.17025214433670044, 0.18250580463144514
SSL7|CC93,T,0.21229243278503418, 0.17346231556600994
SSL7|CC93,T,0.14607444405555725, 0.17268586738242042
SSL7|CC93,K,0.1790827512741089, 0.14937270805239677
SSL7|CC93,Y,0.19751930236816406, 0.13382664033108288
SSL7|CC93,G,0.059017978608608246, 0.11990453427036603
SSL7|CC93,K,0.13476479053497314, 0.10437190160155296
SSL7|CC93,I,0.03350851312279701, 0.10025100699729389
SSL7|CC93,T,0.07192740589380264, 0.09763153849376573
SSL7|CC93,I,0.04495318979024887, 0.09570255668626891
SSL7|CC93,N,0.07249873876571655, 0.115048721846607
SSL7|CC93,L,0.10898639261722565, 0.12273987175689803
SSL7|CC93,K,0.15550753474235535, 0.13779953784412807
SSL7|CC93,D,0.18015846610069275, 0.1478892821404669
SSL7|CC93,E,0.233133465051651, 0.15595916575855678
SSL7|CC93,K,0.20398513972759247, 0.15858409222629335
SSL7|CC93,K,0.16904550790786743, 0.16482830295960108
SSL7|CC93,E,0.16273510456085205, 0.1588937449786398
SSL7|CC93,V,0.11758214235305786, 0.16047191868225733
SSL7|CC93,I,0.09612307697534561, 0.1566908268464936
SSL7|CC93,D,0.16518428921699524, 0.1560991050468551
SSL7|CC93,L,0.10209651291370392, 0.1584946190317472
SSL7|CC93,G,0.19436202943325043, 0.1584121079908477
SSL7|CC93,D,0.19910363852977753, 0.1595637160870764
SSL7|CC93,K,0.19865964353084564, 0.17111764517095354
SSL7|CC93,L,0.19060513377189636, 0.17660979098743862
SSL7|CC93,Q,0.16199250519275665, 0.175668994585673
SSL7|CC93,F,0.1279466152191162, 0.16734319842523998
SSL7|CC93,E,0.20010843873023987, 0.163012881245878
SSL7|CC93,R,0.21461360156536102, 0.15253086967600715
SSL7|CC93,M,0.09362934529781342, 0.13932017154163784
SSL7|CC93,G,0.11942986398935318, 0.1376544882853826
SSL7|CC93,D,0.16013078391551971, 0.13520209987958273
SSL7|CC93,V,0.10432153940200806, 0.1306319534778595
SSL7|CC93,L,0.07170885056257248, 0.12166068454583485
SSL7|CC93,N,0.14700135588645935, 0.11797562655475405
SSL7|CC93,S,0.10587511956691742, 0.11673495587375429
SSL7|CC93,K,0.15897712111473083, 0.1144646414452129
SSL7|CC93,D,0.13387218117713928, 0.10840799949235386
SSL7|CC93,I,0.06046382337808609, 0.10984839954309994
SSL7|CC93,Q,0.10826382786035538, 0.1004341592391332
SSL7|CC93,N,0.13969795405864716, 0.10102801107698017
SSL7|CC93,I,0.04981176182627678, 0.09573273774650362
SSL7|CC93,A,0.08467245101928711, 0.09777878473202388
SSL7|CC93,V,0.06227319315075874, 0.1099592794974645
SSL7|CC93,T,0.11121978610754013, 0.11240788383616342
SSL7|CC93,I,0.1113196611404419, 0.09688588894075817
SSL7|CC93,N,0.1522866040468216, 0.09135124873783854
SSL7|CC93,Q,0.1700882762670517, 0.0819431986245844
SSL7|CC93,I,0.13030126690864563, 0.07502395494116677
SSL11|CC1,I,0.10046210139989853, 0.09801054249207179
SSL11|CC1,E,0.21281957626342773, 0.11021977414687474
SSL11|CC1,Q,0.1659630835056305, 0.13117060313622156
SSL11|CC1,S,0.12890949845314026, 0.1424671138326327
SSL11|CC1,R,0.2739406228065491, 0.16006670312749016
SSL11|CC1,L,0.10988308489322662, 0.168092495865292
SSL11|CC1,S,0.1885574609041214, 0.1670841889248954
SSL11|CC1,V,0.1016685962677002, 0.16896994246376884
SSL11|CC1,T,0.15839630365371704, 0.17207076814439562
SSL11|CC1,S,0.17269423604011536, 0.16445780131551954
SSL11|CC1,K,0.2037448137998581, 0.17787162628438738
SSL11|CC1,D,0.18293486535549164, 0.16642770833439297
SSL11|CC1,T,0.15681692957878113, 0.18170939054754046
SSL11|CC1,Q,0.20542392134666443, 0.18974501225683424
SSL11|CC1,E,0.2306075096130371, 0.19374498890505898
SSL11|CC1,L,0.08556219935417175, 0.18872534069750044
SSL11|CC1,K,0.23920373618602753, 0.19415027068720925
SSL11|CC1,K,0.23071689903736115, 0.2013992104265425
SSL11|CC1,Y,0.20869402587413788, 0.20429490009943643
SSL11|CC1,Y,0.15856797993183136, 0.203409966495302
SSL11|CC1,S,0.2317592352628708, 0.22043567068046993
SSL11|CC1,G,0.22205738723278046, 0.22197468082110086
SSL11|CC1,T,0.23148512840270996, 0.21834208071231842
SSL11|CC1,G,0.22264310717582703, 0.2215299838119083
SSL11|CC1,Y,0.2387935370206833, 0.23089649279912314
SSL11|CC1,N,0.25305482745170593, 0.2170336213376787
SSL11|CC1,F,0.1980234980583191, 0.21618587440914577
SSL11|CC1,Q,0.23738515377044678, 0.20305919233295652
SSL11|CC1,N,0.24286656081676483, 0.2102324358291096
SSL11|CC1,V,0.10699339210987091, 0.21522241251336205
SSL11|CC1,S,0.2144276648759842, 0.22105690588553747
SSL11|CC1,G,0.11334498971700668, 0.221599490278297
SSL11|CC1,Y,0.28720229864120483, 0.22189866917000878
SSL11|CC1,R,0.2837033271789551, 0.21787141346269184
SSL11|CC1,E,0.3055652678012848, 0.21773645612928602
SSL11|CC1,G,0.2029067575931549, 0.2149815840853585
SSL11|CC1,N,0.24007776379585266, 0.21692108031776217
SSL11|CC1,K,0.20662125945091248, 0.2087434223956532
SSL11|CC1,M,0.1057787761092186, 0.20180690205759472
SSL11|CC1,N,0.1896338164806366, 0.1873699716395802
SSL11|CC1,I,0.13080045580863953, 0.1972031651271714
SSL11|CC1,I,0.21360337734222412, 0.2057451167040401
SSL11|CC1,D,0.22127464413642883, 0.20793610397312376
SSL11|CC1,G,0.17563289403915405, 0.22156358924176958
SSL11|CC1,P,0.29140549898147583, 0.21738110979398093
SSL11|CC1,Q,0.3169553279876709, 0.21881018744574654
SSL11|CC1,L,0.2263401448726654, 0.2122909194893307
SSL11|CC1,N,0.22842614352703094, 0.2010764264398151
SSL11|CC1,V,0.15199150145053864, 0.20481268564860025
SSL11|CC1,V,0.14366215467453003, 0.19314883318212298
SSL11|CC1,T,0.1549299657344818, 0.1781567417913013
SSL11|CC1,L,0.12034420669078827, 0.17385764916737875
SSL11|CC1,L,0.20925922691822052, 0.1697834630807241
SSL11|CC1,G,0.18643082678318024, 0.17991847958829668
SSL11|CC1,T,0.18202650547027588, 0.19706294768386418
SSL11|CC1,D,0.18764831125736237, 0.19597853554619682
SSL11|CC1,K,0.19175846874713898, 0.20814423097504509
SSL11|CC1,E,0.24320665001869202, 0.21014014383157095
SSL11|CC1,R,0.29796236753463745, 0.21550376878844368
SSL11|CC1,F,0.14517025649547577, 0.22663789656427172
SSL11|CC1,K,0.22983546555042267, 0.2322716944747501
SSL11|CC1,D,0.22722244262695312, 0.23240539100435045
SSL11|CC1,D,0.2347034513950348, 0.23083966308169895
SSL11|CC1,E,0.28223365545272827, 0.21266498665014902
SSL11|CC1,D,0.23835249245166779, 0.21061294939782885
SSL11|CC1,Y,0.19296173751354218, 0.2033531450563007
SSL11|CC1,E,0.2291150987148285, 0.1842684874104129
SSL11|CC1,G,0.13439027965068817, 0.17460142034623358
SSL11|CC1,L,0.12670192122459412, 0.15212144744065073
SSL11|CC1,D,0.1644972264766693, 0.1374196314977275
SSL11|CC1,V,0.055460523813962936, 0.144103539072805
SSL11|CC1,F,0.14769984781742096, 0.14729610623584855
SSL11|CC1,V,0.0799138993024826, 0.1541026255322827
SSL11|CC1,V,0.10603614896535873, 0.17291950061917305
SSL11|CC1,R,0.2531169056892395, 0.17743828602963024
SSL11|CC1,E,0.25784820318222046, 0.2084780294034216
SSL11|CC1,G,0.1956489533185959, 0.22508042140139473
SSL11|CC1,S,0.29605379700660706, 0.23873115165366066
SSL11|CC1,G,0.205166295170784, 0.2511135737101237
SSL11|CC1,K,0.3348182141780853, 0.2506100634733836
SSL11|CC1,H,0.2971213757991791, 0.2343818230761422
SSL11|CC1,A,0.20277047157287598, 0.23362618684768677
SSL11|CC1,D,0.217477947473526, 0.2136092260479927
SSL11|CC1,N,0.2485853135585785, 0.20628993130392498
SSL11|CC1,I,0.11179403960704803, 0.183325142496162
SSL11|CC1,S,0.18884822726249695, 0.1629232664903005
SSL11|CC1,I,0.1159011498093605, 0.15600458284219107
SSL11|CC1,G,0.1392926424741745, 0.15181448724534777
SSL11|CC1,G,0.12813511490821838, 0.1455314209063848
SSL11|CC1,I,0.11350449174642563, 0.15996352334817251
SSL11|CC1,T,0.14050231873989105, 0.16500556634532082
SSL11|CC1,K,0.17976708710193634, 0.18278281970156562
SSL11|CC1,T,0.19203771650791168, 0.18955198178688684
SSL11|CC1,N,0.2416829615831375, 0.19710980769660738
SSL11|CC1,K,0.23422661423683167, 0.2106633202897178
SSL11|CC1,N,0.27589643001556396, 0.21330070661173928
SSL11|CC1,Q,0.20021510124206543, 0.21100036137633854
SSL11|CC1,Y,0.19615554809570312, 0.20816515386104584
SSL11|CC1,K,0.23548610508441925, 0.20070177482234108
SSL11|CC1,D,0.1642387956380844, 0.19517753521601358
SSL11|CC1,P,0.15906397998332977, 0.1747567339075936
SSL11|CC1,V,0.1665208488702774, 0.17170680893792045
SSL11|CC1,Q,0.17451255023479462, 0.16259039524528715
SSL11|CC1,N,0.18450845777988434, 0.1555149397916264
SSL11|CC1,V,0.09210921823978424, 0.15639298409223557
SSL11|CC1,N,0.17276577651500702, 0.15883591191636193
SSL11|CC1,L,0.11410782486200333, 0.16799332118696636
SSL11|CC1,L,0.17180700600147247, 0.1760403091708819
SSL11|CC1,T,0.1721411943435669, 0.1890433488620652
SSL11|CC1,S,0.18105033040046692, 0.20255213065279853
SSL11|CC1,K,0.24893753230571747, 0.214248179561562
SSL11|CC1,S,0.24693544209003448, 0.2278123613860872
SSL11|CC1,N,0.30153581500053406, 0.22831196420722538
SSL11|CC1,G,0.21368825435638428, 0.22345193392700619
SSL11|CC1,Q,0.2780302166938782, 0.22439643243948618
SSL11|CC1,N,0.2361854612827301, 0.21086553235848746
SSL11|CC1,T,0.176303431391716, 0.20458724432521397
SSL11|CC1,A,0.12840092182159424, 0.1894366360372967
SSL11|CC1,S,0.18955081701278687, 0.1896063139041265
SSL11|CC1,V,0.12715943157672882, 0.18256211943096584
SSL11|CC1,T,0.19043084979057312, 0.1709538714753257
SSL11|CC1,S,0.16518034040927887, 0.16928543978267246
SSL11|CC1,E,0.21521535515785217, 0.16803213291698033
SSL11|CC1,Y,0.21463246643543243, 0.166991478867001
SSL11|CC1,Y,0.1317112296819687, 0.17469856639703116
SSL11|CC1,S,0.16128754615783691, 0.17753959695498148
SSL11|CC1,I,0.11712116003036499, 0.1851356029510498
SSL11|CC1,N,0.18018493056297302, 0.17449911601013607
SSL11|CC1,K,0.19652321934700012, 0.16891854173607296
SSL11|CC1,E,0.21600012481212616, 0.16478396703799567
SSL11|CC1,E,0.23354439437389374, 0.16619980418019825
SSL11|CC1,I,0.1194869726896286, 0.17346443484226862
SSL11|CC1,S,0.16440729796886444, 0.1626911246114307
SSL11|CC1,L,0.09450005739927292, 0.16153045826488072
SSL11|CC1,K,0.17403008043766022, 0.1606428606642617
SSL11|CC1,E,0.1825028359889984, 0.1546526683701409
SSL11|CC1,L,0.08322513848543167, 0.15350533525149027
SSL11|CC1,D,0.18607722222805023, 0.15389830039607155
SSL11|CC1,F,0.20801174640655518, 0.16548283977640998
SSL11|CC1,K,0.17963266372680664, 0.1606486447983318
SSL11|CC1,L,0.10916097462177277, 0.15044215073188147
SSL11|CC1,R,0.16794398427009583, 0.161303225490782
SSL11|CC1,K,0.19876091182231903, 0.1696226845184962
SSL11|CC1,Q,0.13052232563495636, 0.16424626608689627
SSL11|CC1,L,0.09064438939094543, 0.16030637588765886
SSL11|CC1,I,0.1809748113155365, 0.1787901355160607
SSL11|CC1,D,0.260952353477478, 0.17852427727646297
SSL11|CC1,K,0.15962398052215576, 0.1868259741200341
SSL11|CC1,H,0.14417365193367004, 0.19712642663054997
SSL11|CC1,D,0.2755148112773895, 0.20927758514881134
SSL11|CC1,L,0.16555126011371613, 0.2125686075952318
SSL11|CC1,Y,0.27347618341445923, 0.1979065885146459
SSL11|CC1,K,0.223226398229599, 0.20371190872457293
SSL11|CC1,T,0.20000481605529785, 0.21009697516759238
SSL11|CC1,E,0.21059401333332062, 0.18666772627168232
SSL11|CC1,P,0.1289941817522049, 0.1863899471031295
SSL11|CC1,K,0.21187186241149902, 0.15865646592444843
SSL11|CC1,D,0.20163924992084503, 0.14780271011922094
SSL11|CC1,S,0.06465157121419907, 0.1285067130294111
SSL11|CC1,K,0.16305124759674072, 0.12427396865354644
SSL11|CC1,I,0.023874852806329727, 0.1243409775197506
SSL11|CC1,K,0.12554259598255157, 0.12257027419077025
SSL11|CC1,V,0.026340842247009277, 0.12868846083680788
SSL11|CC1,S,0.17249931395053864, 0.14282912554012406
SSL11|CC1,M,0.1295972615480423, 0.1499099222322305
SSL11|CC1,K,0.19593553245067596, 0.17224899431069693
SSL11|CC1,N,0.2567029297351837, 0.17655212349361843
SSL11|CC1,G,0.1919175535440445, 0.18780460291438633
SSL11|CC1,G,0.22677841782569885, 0.17624667783578238
SSL11|CC1,Y,0.22492650151252747, 0.1877219643857744
SSL11|CC1,Y,0.16427075862884521, 0.1742212325334549
SSL11|CC1,T,0.1276131570339203, 0.17014223668310377
SSL11|CC1,F,0.06847798824310303, 0.17436965803305307
SSL11|CC1,E,0.23287484049797058, 0.17758958372804853
SSL11|CC1,L,0.07442894577980042, 0.16819216476546395
SSL11|CC1,N,0.21999196708202362, 0.1747765408621894
SSL11|CC1,K,0.22996434569358826, 0.1722090029054218
SSL11|CC1,K,0.25575774908065796, 0.18516548971335092
SSL11|CC1,L,0.14034973084926605, 0.18849162426259783
SSL11|CC1,Q,0.2235301434993744, 0.20663447015815312
SSL11|CC1,P,0.10450531542301178, 0.20272361404365963
SSL11|CC1,H,0.18508636951446533, 0.20269032650523716
SSL11|CC1,R,0.2628100514411926, 0.19597520762019688
SSL11|CC1,M,0.23771455883979797, 0.19128838760985267
SSL11|CC1,G,0.18479426205158234, 0.18814381708701453
SSL11|CC1,D,0.22966475784778595, 0.18787182205253178
SSL11|CC1,T,0.1953216791152954, 0.19549906419383156
SSL11|CC1,I,0.09816835075616837, 0.18990422619713676
SSL11|CC1,D,0.19522900879383087, 0.1691859463850657
SSL11|CC1,S,0.10205736011266708, 0.16436839600404105
SSL11|CC1,R,0.25373154878616333, 0.1522974752717548
SSL11|CC1,N,0.21245650947093964, 0.13386579975485802
SSL11|CC1,I,0.05125004053115845, 0.13828712908758056
SSL11|CC1,K,0.14143630862236023, 0.12111751445465618
SSL11|CC1,K,0.12102647125720978, 0.12844819451371828
SSL11|CC1,I,0.02943659946322441, 0.10968630636731784
SSL11|CC1,E,0.1379603147506714, 0.08608002753721343
SSL11|CC1,V,0.04070247709751129, 0.08038557858930694
SSL11|CC1,N,0.16803348064422607, 0.06467043318682247
SSL11|CC1,L,0.08487455546855927, 0.05122304749157694
SSL11|CC5,S,0.1294732391834259, 0.10069758858945635
SSL11|CC5,T,0.2003314197063446, 0.12590256498919594
SSL11|CC5,L,0.2051447629928589, 0.14908172190189362
SSL11|CC5,E,0.24338078498840332, 0.17026416626241472
SSL11|CC5,V,0.1279480904340744, 0.1814492808447944
SSL11|CC5,R,0.22684478759765625, 0.18585548798243204
SSL11|CC5,S,0.20861241221427917, 0.1844586713446511
SSL11|CC5,Q,0.19064199924468994, 0.18122259113523695
SSL11|CC5,A,0.10066603124141693, 0.16186060508092245
SSL11|CC5,T,0.16912910342216492, 0.16429568496015337
SSL11|CC5,Q,0.18776006996631622, 0.16278400189346737
SSL11|CC5,D,0.1760200411081314, 0.16110601193375057
SSL11|CC5,L,0.06912291049957275, 0.15093592802683511
SSL11|CC5,S,0.1498638093471527, 0.16460114551915062
SSL11|CC5,E,0.2132396399974823, 0.1664779997534222
SSL11|CC5,Y,0.193510502576828, 0.17055904699696434
SSL11|CC5,Y,0.09911124408245087, 0.166045551498731
SSL11|CC5,K,0.22365298867225647, 0.16948261774248546
SSL11|CC5,G,0.18602079153060913, 0.17542675385872522
SSL11|CC5,R,0.2244894951581955, 0.16258067886034647
SSL11|CC5,G,0.13539858162403107, 0.16263367401229012
SSL11|CC5,F,0.10005650669336319, 0.1697288023100959
SSL11|CC5,E,0.20336103439331055, 0.15800321929984623
SSL11|CC5,L,0.09762496501207352, 0.15791768663459355
SSL11|CC5,T,0.19398745894432068, 0.14893158939149645
SSL11|CC5,N,0.16296739876270294, 0.16200034651491377
SSL11|CC5,V,0.11812274158000946, 0.1853478956553671
SSL11|CC5,T,0.18525099754333496, 0.19581001417504418
SSL11|CC5,G,0.14361461997032166, 0.20483463009198508
SSL11|CC5,Y,0.253017395734787, 0.19729509949684143
SSL11|CC5,K,0.31018444895744324, 0.19435499277379778
SSL11|CC5,Y,0.29752010107040405, 0.1869303339885341
SSL11|CC5,G,0.17884650826454163, 0.1762400786909792
SSL11|CC5,N,0.12613168358802795, 0.16800375738077694
SSL11|CC5,K,0.13650643825531006, 0.15732753235432836
SSL11|CC5,V,0.051300812512636185, 0.14348458871245384
SSL11|CC5,T,0.08903869986534119, 0.14346136939194468
SSL11|CC5,F,0.06948772817850113, 0.15554648265242577
SSL11|CC5,I,0.15693137049674988, 0.1692705067495505
SSL11|CC5,D,0.1855979561805725, 0.18234493459264436
SSL11|CC5,N,0.29731112718582153, 0.19661494344472885
SSL11|CC5,S,0.28761252760887146, 0.20619643645154107
SSL11|CC5,Q,0.24964790046215057, 0.2075953765047921
SSL11|CC5,Q,0.2541762888431549, 0.21131479740142822
SSL11|CC5,I,0.17973089218139648, 0.20261484550105202
SSL11|CC5,D,0.175272136926651, 0.1970361653301451
SSL11|CC5,V,0.08207818865776062, 0.1877785904539956
SSL11|CC5,T,0.19040615856647491, 0.18955094284481472
SSL11|CC5,L,0.10729838907718658, 0.1830882430076599
SSL11|CC5,T,0.2471030056476593, 0.19132938649919298
SSL11|CC5,G,0.204294353723526, 0.18896287348535326
SSL11|CC5,N,0.2655990719795227, 0.2027373645040724
SSL11|CC5,E,0.1960119903087616, 0.1988665842347675
SSL11|CC5,K,0.2539011836051941, 0.21461654040548536
SSL11|CC5,L,0.1539735198020935, 0.21526660521825156
SSL11|CC5,T,0.2060486078262329, 0.2226659423775143
SSL11|CC5,V,0.1555691361427307, 0.2221244772275289
SSL11|CC5,K,0.24904799461364746, 0.23140347003936768
SSL11|CC5,D,0.25295358896255493, 0.2212881694237391
SSL11|CC5,D,0.27088838815689087, 0.2270655400223202
SSL11|CC5,D,0.26072588562965393, 0.23294307125939262
SSL11|CC5,E,0.27952292561531067, 0.2253938482867347
SSL11|CC5,V,0.16286347806453705, 0.22171256277296278
SSL11|CC5,S,0.20596985518932343, 0.2031648556391398
SSL11|CC5,N,0.25894638895988464, 0.1974967039293713
SSL11|CC5,V,0.0876261293888092, 0.18507340550422668
SSL11|CC5,D,0.21591642498970032, 0.17321744561195374
SSL11|CC5,V,0.0860242247581482, 0.1837233023511039
SSL11|CC5,F,0.2198750227689743, 0.18999731540679932
SSL11|CC5,V,0.14891619980335236, 0.18462801641888088
SSL11|CC5,V,0.17281928658485413, 0.20388306180636087
SSL11|CC5,R,0.2574161887168884, 0.20796427461836073
SSL11|CC5,E,0.2624359726905823, 0.2266412079334259
SSL11|CC5,G,0.21062269806861877, 0.22286249697208405
SSL11|CC5,S,0.26092153787612915, 0.22580840521388584
SSL11|CC5,D,0.252647340297699, 0.22393489546245998
SSL11|CC5,K,0.25411662459373474, 0.21775665051407284
SSL11|CC5,S,0.18586662411689758, 0.2042726394202974
SSL11|CC5,A,0.17542937397956848, 0.1992452409532335
SSL11|CC5,I,0.15595769882202148, 0.18951155576441023
SSL11|CC5,T,0.2018119841814041, 0.1832981357971827
SSL11|CC5,T,0.1410798728466034, 0.1745332876841227
SSL11|CC5,S,0.16537611186504364, 0.17592856619093153
SSL11|CC5,I,0.17331837117671967, 0.1769088175561693
SSL11|CC5,G,0.19672656059265137, 0.1868704789214664
SSL11|CC5,G,0.17523299157619476, 0.18739527960618338
SSL11|CC5,I,0.19842413067817688, 0.20604714585675132
SSL11|CC5,T,0.18425163626670837, 0.2096860392226113
SSL11|CC5,K,0.24561265110969543, 0.2197279930114746
SSL11|CC5,T,0.2065351903438568, 0.2286687129073673
SSL11|CC5,N,0.3089466691017151, 0.2356128990650177
SSL11|CC5,G,0.1981261521577835, 0.244561192062166
SSL11|CC5,T,0.26369595527648926, 0.24572333362367418
SSL11|CC5,Q,0.2771930396556854, 0.23928587635358176
SSL11|CC5,H,0.23773066699504852, 0.2398697485526403
SSL11|CC5,K,0.2789587676525116, 0.2305496848291821
SSL11|CC5,D,0.19471091032028198, 0.23504159185621473
SSL11|CC5,T,0.18767553567886353, 0.22150465514924791
SSL11|CC5,V,0.2117900401353836, 0.21937288840611777
SSL11|CC5,Q,0.22506609559059143, 0.20914250281121996
SSL11|CC5,N,0.23855331540107727, 0.20188040865792167
SSL11|CC5,V,0.14186352491378784, 0.19889581865734524
SSL11|CC5,N,0.25800713896751404, 0.2028458168109258
SSL11|CC5,L,0.14565719664096832, 0.20894916852315268
SSL11|CC5,S,0.21359992027282715, 0.21088319851292503
SSL11|CC5,V,0.167849600315094, 0.21658238603009117
SSL11|CC5,S,0.22322551906108856, 0.22367587520016563
SSL11|CC5,K,0.2667202055454254, 0.22767813503742218
SSL11|CC5,S,0.24247236549854279, 0.2363608396715588
SSL11|CC5,T,0.2898460030555725, 0.23724064727624258
SSL11|CC5,G,0.205704927444458, 0.23543869786792332
SSL11|CC5,Q,0.2940274775028229, 0.2327434735165702
SSL11|CC5,H,0.22380153834819794, 0.22363461057345072
SSL11|CC5,T,0.22151818871498108, 0.22378834750917223
SSL11|CC5,T,0.15163205564022064, 0.21534002820650736
SSL11|CC5,S,0.19896849989891052, 0.2230396436320411
SSL11|CC5,V,0.18474043905735016, 0.22402441501617432
SSL11|CC5,T,0.24385599792003632, 0.2300969643725289
SSL11|CC5,S,0.21381112933158875, 0.2299598885907067
SSL11|CC5,E,0.2750014662742615, 0.23411854439311558
SSL11|CC5,Y,0.302890419960022, 0.24129423830244276
SSL11|CC5,Y,0.2784544825553894, 0.24422140419483185
SSL11|CC5,S,0.22028450667858124, 0.2409082767036226
SSL11|CC5,I,0.18905995786190033, 0.24309429195192125
SSL11|CC5,Y,0.2635497450828552, 0.22505518628491294
SSL11|CC5,K,0.21108493208885193, 0.21179005172517565
SSL11|CC5,E,0.21403785049915314, 0.1928004026412964
SSL11|CC5,E,0.23348526656627655, 0.18946421146392822
SSL11|CC5,I,0.11264951527118683, 0.18892853127585518
SSL11|CC5,S,0.18350420892238617, 0.16819593807061514
SSL11|CC5,L,0.10754764080047607, 0.16307691236337027
SSL11|CC5,K,0.19025878608226776, 0.1597819444206026
SSL11|CC5,E,0.18423883616924286, 0.15261514319313896
SSL11|CC5,L,0.07695640623569489, 0.1486737330754598
SSL11|CC5,D,0.16501370072364807, 0.14989611672030556
SSL11|CC5,F,0.18438313901424408, 0.1582270877228843
SSL11|CC5,K,0.168984055519104, 0.15134354929129282
SSL11|CC5,L,0.07717682421207428, 0.14149629241890377
SSL11|CC5,R,0.19450566172599792, 0.15717970000372994
SSL11|CC5,K,0.1825263798236847, 0.16775676276948717
SSL11|CC5,H,0.12830694019794464, 0.16768057975504133
SSL11|CC5,L,0.0956135243177414, 0.1675521946615643
SSL11|CC5,I,0.21810707449913025, 0.1899572710196177
SSL11|CC5,D,0.26020726561546326, 0.18837298618422615
SSL11|CC5,K,0.18369749188423157, 0.19760123557514614
SSL11|CC5,H,0.16782858967781067, 0.20872597065236834
SSL11|CC5,D,0.27882251143455505, 0.21847717629538643
SSL11|CC5,L,0.18024709820747375, 0.21614765458636814
SSL11|CC5,Y,0.2655806243419647, 0.20188818706406486
SSL11|CC5,K,0.22842955589294434, 0.20636618302928078
SSL11|CC5,T,0.18337437510490417, 0.21131865845786202
SSL11|CC5,E,0.1971413791179657, 0.18745512598090702
SSL11|CC5,P,0.1318720579147339, 0.18843375311957467
SSL11|CC5,K,0.22399945557117462, 0.1611471033344666
SSL11|CC5,D,0.2124008685350418, 0.15338081680238247
SSL11|CC5,S,0.06405071914196014, 0.13570130264593494
SSL11|CC5,K,0.18905474245548248, 0.12975679400066534
SSL11|CC5,I,0.020000776275992393, 0.12958687937094104
SSL11|CC5,R,0.158532977104187, 0.12712964146501488
SSL11|CC5,I,0.024258747696876526, 0.13016914224459064
SSL11|CC5,T,0.14364080131053925, 0.14182572128872076
SSL11|CC5,M,0.13034282624721527, 0.14607533543474144
SSL11|CC5,K,0.20188431441783905, 0.17362695766819847
SSL11|CC5,N,0.23975637555122375, 0.17820149825678933
SSL11|CC5,G,0.16895993053913116, 0.19693630768193138
SSL11|CC5,G,0.22730126976966858, 0.19064375758171082
SSL11|CC5,Y,0.2679653763771057, 0.20455780790911782
SSL11|CC5,Y,0.19970384240150452, 0.1917732200688786
SSL11|CC5,T,0.1928720325231552, 0.1930476369129287
SSL11|CC5,F,0.08700785040855408, 0.20084407180547714
SSL11|CC5,E,0.2555692791938782, 0.2067131358716223
SSL11|CC5,L,0.08682302385568619, 0.19316687103774813
SSL11|CC5,N,0.25122612714767456, 0.19940835154718822
SSL11|CC5,K,0.23912784457206726, 0.1908011751042472
SSL11|CC5,K,0.280122846364975, 0.20417884157763588
SSL11|CC5,L,0.14604899287223816, 0.20963073935773638
SSL11|CC5,Q,0.25587716698646545, 0.2295432695084148
SSL11|CC5,P,0.11540744453668594, 0.2218639941679107
SSL11|CC5,H,0.20740684866905212, 0.2204787110288938
SSL11|CC5,R,0.3046363592147827, 0.2117901618282
SSL11|CC5,M,0.266035795211792, 0.20588532669676674
SSL11|CC5,G,0.1821126490831375, 0.20211560444699395
SSL11|CC5,D,0.22666029632091522, 0.20107952091428968
SSL11|CC5,T,0.20192590355873108, 0.20675439635912576
SSL11|CC5,I,0.09290547668933868, 0.19590785602728525
SSL11|CC5,D,0.22194966673851013, 0.17119958582851622
SSL11|CC5,S,0.10608269274234772, 0.167079020705488
SSL11|CC5,R,0.2584807276725769, 0.15627374996741614
SSL11|CC5,N,0.20701749622821808, 0.13723832017017734
SSL11|CC5,I,0.043661363422870636, 0.14106636059780917
SSL11|CC5,E,0.14502756297588348, 0.12055526777274078
SSL11|CC5,K,0.12941285967826843, 0.12849899236526754
SSL11|CC5,I,0.030607035383582115, 0.10992046880225341
SSL11|CC5,E,0.1273578405380249, 0.08691852477689584
SSL11|CC5,V,0.03734983131289482, 0.08206726217435466
SSL11|CC5,N,0.1775762140750885, 0.0659530885103676
SSL11|CC5,L,0.09127401560544968, 0.05157388187944889
SSL11|CC8,S,0.10336370766162872, 0.08429025361935298
SSL11|CC8,T,0.1697012186050415, 0.1178014154235522
SSL11|CC8,L,0.12813226878643036, 0.135197504527039
SSL11|CC8,E,0.2574216425418854, 0.1586326915356848
SSL11|CC8,V,0.09999344497919083, 0.17641288455989626
SSL11|CC8,R,0.30160045623779297, 0.1913811754849222
SSL11|CC8,S,0.15656480193138123, 0.19857898934019935
SSL11|CC8,Q,0.2109166830778122, 0.212736786239677
SSL11|CC8,A,0.16002173721790314, 0.20343048787779278
SSL11|CC8,T,0.23807832598686218, 0.22198963165283203
SSL11|CC8,Q,0.234481543302536, 0.2188489536444346
SSL11|CC8,D,0.2555524408817291, 0.2272494633992513
SSL11|CC8,L,0.17366495728492737, 0.2313058508767022
SSL11|CC8,S,0.26702573895454407, 0.23714173005686867
SSL11|CC8,E,0.2733343541622162, 0.23891379601425594
SSL11|CC8,Y,0.23216938972473145, 0.22957977818118203
SSL11|CC8,Y,0.2474241703748703, 0.22359981801774767
SSL11|CC8,N,0.21254464983940125, 0.22352098921934763
SSL11|CC8,R,0.2540269196033478, 0.21886585818396675
SSL11|CC8,P,0.1504753828048706, 0.21327879197067684
SSL11|CC8,F,0.20173279941082, 0.21159450047545963
SSL11|CC8,F,0.1729554980993271, 0.21270106236139932
SSL11|CC8,E,0.22512955963611603, 0.21790115369690788
SSL11|CC8,Y,0.22305075824260712, 0.22211101651191711
SSL11|CC8,T,0.2170107662677765, 0.2293788128428989
SSL11|CC8,N,0.25738322734832764, 0.24287879963715872
SSL11|CC8,Q,0.25934547185897827, 0.251490549908744
SSL11|CC8,S,0.2919156849384308, 0.2499470909436544
SSL11|CC8,G,0.21588554978370667, 0.2561473498741786
SSL11|CC8,Y,0.3232326805591583, 0.24352216720581055
SSL11|CC8,K,0.25046125054359436, 0.23811750610669455
SSL11|CC8,E,0.21123842895030975, 0.21918227771917978
SSL11|CC8,E,0.27885308861732483, 0.2031781723101934
SSL11|CC8,G,0.1033841222524643, 0.19014885856045616
SSL11|CC8,K,0.20874127745628357, 0.17303961680995095
SSL11|CC8,V,0.08892841637134552, 0.16003548602263132
SSL11|CC8,T,0.1478787362575531, 0.1569905678431193
SSL11|CC8,F,0.09862172603607178, 0.14369179639551374
SSL11|CC8,T,0.1692495048046112, 0.14223136752843857
SSL11|CC8,P,0.1334240734577179, 0.13167884283595616
SSL11|CC8,N,0.18383416533470154, 0.1288606963223881
SSL11|CC8,Y,0.15916414558887482, 0.12809083610773087
SSL11|CC8,Q,0.09024026244878769, 0.12308154379328091
SSL11|CC8,L,0.1137685552239418, 0.1200919503139125
SSL11|CC8,I,0.06356509774923325, 0.11458369468649228
SSL11|CC8,D,0.14094999432563782, 0.11599112426241238
SSL11|CC8,V,0.05353809520602226, 0.1111692376434803
SSL11|CC8,T,0.1423431634902954, 0.12212414004736477
SSL11|CC8,L,0.08384977281093597, 0.13048521553476652
SSL11|CC8,T,0.19650103151798248, 0.152147911902931
SSL11|CC8,G,0.11576716601848602, 0.16317616692847675
SSL11|CC8,N,0.18883438408374786, 0.1831778734922409
SSL11|CC8,E,0.18901823461055756, 0.18312261336379582
SSL11|CC8,K,0.2585293650627136, 0.1918177472220527
SSL11|CC8,Q,0.24020428955554962, 0.19935827950636545
SSL11|CC8,N,0.2335534542798996, 0.2119508468442493
SSL11|CC8,F,0.14184582233428955, 0.20104812333981195
SSL11|CC8,G,0.1621059775352478, 0.1988920213447677
SSL11|CC8,E,0.2643658220767975, 0.19357796096139485
SSL11|CC8,D,0.2291002720594406, 0.17384094496568045
SSL11|CC8,I,0.0907098725438118, 0.16945333116584355
SSL11|CC8,S,0.169613316655159, 0.1600198352502452
SSL11|CC8,N,0.2107028216123581, 0.16090178862214088
SSL11|CC8,V,0.06257114559412003, 0.13890988586677444
SSL11|CC8,D,0.1940649300813675, 0.12777341198590067
SSL11|CC8,I,0.056944359093904495, 0.1366377112766107
SSL11|CC8,F,0.17004355788230896, 0.13578525392545593
SSL11|CC8,V,0.0664386972784996, 0.1350530025859674
SSL11|CC8,V,0.12887200713157654, 0.15249706928928694
SSL11|CC8,R,0.17048856616020203, 0.15968987801008755
SSL11|CC8,E,0.16194120049476624, 0.19086895634730658
SSL11|CC8,N,0.20411255955696106, 0.20578218085898292
SSL11|CC8,S,0.21956774592399597, 0.22269555760754478
SSL11|CC8,D,0.258800208568573, 0.24179810451136696
SSL11|CC8,R,0.33755606412887573, 0.24806737734211814
SSL11|CC8,S,0.30426257848739624, 0.2471948911746343
SSL11|CC8,G,0.21865908801555634, 0.24985097348690033
SSL11|CC8,N,0.30079492926597595, 0.2438230961561203
SSL11|CC8,T,0.2269120216369629, 0.23706046243508658
SSL11|CC8,A,0.1540888249874115, 0.2204692545864317
SSL11|CC8,S,0.22801730036735535, 0.20587775111198425
SSL11|CC8,I,0.1653168499469757, 0.20321630272600386
SSL11|CC8,G,0.1979365050792694, 0.1955109934012095
SSL11|CC8,G,0.18823519349098206, 0.19457715253035227
SSL11|CC8,I,0.17293904721736908, 0.2110486643181907
SSL11|CC8,T,0.1947060525417328, 0.20980825026830038
SSL11|CC8,K,0.23144714534282684, 0.22529845436414084
SSL11|CC8,T,0.21850745379924774, 0.23096615241633522
SSL11|CC8,N,0.30233243107795715, 0.23969835539658865
SSL11|CC8,G,0.2168535739183426, 0.2443112697866228
SSL11|CC8,S,0.3047286868095398, 0.2436280283663008
SSL11|CC8,N,0.24894578754901886, 0.24207884901099735
SSL11|CC8,Y,0.26682502031326294, 0.2368286136123869
SSL11|CC8,I,0.2144552767276764, 0.2305603242582745
SSL11|CC8,D,0.18855687975883484, 0.22983956336975098
SSL11|CC8,K,0.21750453114509583, 0.21272610624631247
SSL11|CC8,V,0.17125533521175385, 0.21171197129620445
SSL11|CC8,K,0.24591782689094543, 0.19469885362519157
SSL11|CC8,D,0.21036672592163086, 0.19442519545555115
SSL11|CC8,V,0.15070757269859314, 0.19087162779437172
SSL11|CC8,N,0.23981857299804688, 0.18722771108150482
SSL11|CC8,L,0.11370696127414703, 0.18689519498083326
SSL11|CC8,I,0.21199235320091248, 0.18555247121387058
SSL11|CC8,I,0.1565747708082199, 0.18186639746030173
SSL11|CC8,T,0.18470928072929382, 0.1872317377063963
SSL11|CC8,K,0.16826269030570984, 0.18326561318503487
SSL11|CC8,N,0.23383331298828125, 0.19067048529783884
SSL11|CC8,I,0.1771920621395111, 0.19311800433529747
SSL11|CC8,D,0.19899563491344452, 0.19665667083528307
SSL11|CC8,S,0.20412345230579376, 0.20319182839658526
SSL11|CC8,V,0.18035081028938293, 0.21025607817702824
SSL11|CC8,T,0.23402002453804016, 0.21024972862667507
SSL11|CC8,S,0.1884227693080902, 0.21648897892898983
SSL11|CC8,T,0.2435256987810135, 0.2127386728922526
SSL11|CC8,S,0.23184093832969666, 0.20985832975970375
SSL11|CC8,T,0.23377616703510284, 0.20814521941873762
SSL11|CC8,S,0.23334531486034393, 0.2024360497792562
SSL11|CC8,S,0.16524288058280945, 0.19548849927054512
SSL11|CC8,T,0.178200364112854, 0.19207557373576695
SSL11|CC8,Y,0.16493281722068787, 0.1860247684849633
SSL11|CC8,T,0.18263749778270721, 0.18300277325842115
SSL11|CC8,I,0.12589481472969055, 0.1867391351196501
SSL11|CC8,N,0.21280936896800995, 0.18593886494636536
SSL11|CC8,K,0.177383691072464, 0.18654845986101362
SSL11|CC8,E,0.20657820999622345, 0.1809862239493264
SSL11|CC8,E,0.2669725716114044, 0.181348098648919
SSL11|CC8,I,0.15804044902324677, 0.19270859162012735
SSL11|CC8,S,0.18368671834468842, 0.17909766319725248
SSL11|CC8,L,0.11487269401550293, 0.18075145367119047
SSL11|CC8,K,0.18589437007904053, 0.17293912917375565
SSL11|CC8,E,0.2281392514705658, 0.16573821422126558
SSL11|CC8,L,0.09031101316213608, 0.1578800090485149
SSL11|CC8,D,0.19226780533790588, 0.1656965571973059
SSL11|CC8,F,0.13626728951931, 0.17320577717489666
SSL11|CC8,K,0.20216433703899384, 0.17008589622047213
SSL11|CC8,L,0.0873166024684906, 0.15640012174844742
SSL11|CC8,R,0.2540356516838074, 0.16519386735227373
SSL11|CC8,K,0.18245567381381989, 0.17041942642794716
SSL11|CC8,H,0.15781544148921967, 0.1789003610610962
SSL11|CC8,L,0.10496728122234344, 0.1740214940574434
SSL11|CC8,I,0.16945472359657288, 0.19545631441805097
SSL11|CC8,D,0.23929783701896667, 0.18842192987600961
SSL11|CC8,K,0.21259570121765137, 0.19908882511986625
SSL11|CC8,H,0.15825453400611877, 0.2069703522655699
SSL11|CC8,N,0.28022998571395874, 0.21934293707211813
SSL11|CC8,L,0.19072619080543518, 0.22696590920289358
SSL11|CC8,Y,0.27845773100852966, 0.21727202832698822
SSL11|CC8,K,0.22874918580055237, 0.22184688680701786
SSL11|CC8,T,0.21632054448127747, 0.22730259762869942
SSL11|CC8,E,0.23806147277355194, 0.20294371826781166
SSL11|CC8,P,0.15205290913581848, 0.20518777685032952
SSL11|CC8,K,0.2537694275379181, 0.176880260101623
SSL11|CC8,D,0.20735593140125275, 0.1778702899399731
SSL11|CC8,S,0.061000071465969086, 0.15790766042967638
SSL11|CC8,K,0.2109227180480957, 0.14725098241534498
SSL11|CC8,I,0.023690080270171165, 0.14384598429832193
SSL11|CC8,R,0.23765945434570312, 0.14156321249902248
SSL11|CC8,I,0.036656878888607025, 0.14339439467423493
SSL11|CC8,T,0.1421513706445694, 0.1544007391979297
SSL11|CC8,M,0.12140792608261108, 0.15426508233779007
SSL11|CC8,K,0.23322448134422302, 0.17818149344788659
SSL11|CC8,D,0.22383657097816467, 0.17335907204283607
SSL11|CC8,G,0.1600571721792221, 0.1889321373568641
SSL11|CC8,G,0.209701806306839, 0.18575471805201638
SSL11|CC8,F,0.23893778026103973, 0.1976779450972875
SSL11|CC8,Y,0.19425766170024872, 0.18128983593649334
SSL11|CC8,T,0.176814466714859, 0.1806281382838885
SSL11|CC8,F,0.11355459690093994, 0.18344550910923216
SSL11|CC8,E,0.22871696949005127, 0.1860036262207561
SSL11|CC8,L,0.08573149889707565, 0.1807235504190127
SSL11|CC8,N,0.21788129210472107, 0.18310603582196766
SSL11|CC8,K,0.18541350960731506, 0.18210853222343656
SSL11|CC8,K,0.2327248603105545, 0.19030960980388853
SSL11|CC8,L,0.19141709804534912, 0.20110183540317747
SSL11|CC8,Q,0.21570003032684326, 0.21746566063827938
SSL11|CC8,T,0.16783693432807922, 0.220292490389612
SSL11|CC8,H,0.18736429512500763, 0.22122717069254982
SSL11|CC8,R,0.32584699988365173, 0.2173151671886444
SSL11|CC8,M,0.23300592601299286, 0.2091412925057941
SSL11|CC8,G,0.24332275986671448, 0.2055112404955758
SSL11|CC8,D,0.1938256323337555, 0.1968343729774157
SSL11|CC8,V,0.19751682877540588, 0.20601950999763277
SSL11|CC8,I,0.11785222589969635, 0.18805793838368523
SSL11|CC8,D,0.18302956223487854, 0.17094676858848995
SSL11|CC8,G,0.08974512666463852, 0.1626248839828703
SSL11|CC8,R,0.27003052830696106, 0.16054721838898128
SSL11|CC8,N,0.16419285535812378, 0.1442127815551228
SSL11|CC8,I,0.0790053978562355, 0.15283427221907508
SSL11|CC8,E,0.1684257984161377, 0.13883317303326395
SSL11|CC8,K,0.17512664198875427, 0.1512370974653297
SSL11|CC8,I,0.050506897270679474, 0.13042392374740708
SSL11|CC8,E,0.19544564187526703, 0.11218027315205997
SSL11|CC8,V,0.0570196695625782, 0.10340189561247826
SSL11|CC8,N,0.20138044655323029, 0.08468791801068518
SSL11|CC8,L,0.08271196484565735, 0.06522940223415692
SSL11|CC22,S,0.08584219217300415, 0.10575032399760352
SSL11|CC22,T,0.17896541953086853, 0.12875542541344961
SSL11|CC22,L,0.23924970626831055, 0.1512447264459398
SSL11|CC22,E,0.2708740234375, 0.1732944498459498
SSL11|CC22,V,0.17682157456874847, 0.18274055421352386
SSL11|CC22,R,0.20704591274261475, 0.18682967291937935
SSL11|CC22,S,0.2024037092924118, 0.19049231542481315
SSL11|CC22,Q,0.19844751060009003, 0.1852601816256841
SSL11|CC22,A,0.0850149393081665, 0.16117515539129576
SSL11|CC22,T,0.12264426052570343, 0.15994790237810877
SSL11|CC22,Q,0.21192920207977295, 0.1656068004667759
SSL11|CC22,D,0.192160502076149, 0.16744155892067486
SSL11|CC22,L,0.05410878732800484, 0.1599375361369716
SSL11|CC22,K,0.1657762974500656, 0.17815534811880854
SSL11|CC22,D,0.2579759955406189, 0.18643655255436897
SSL11|CC22,Y,0.21891653537750244, 0.18712689355015755
SSL11|CC22,Y,0.13091130554676056, 0.18847466384371123
SSL11|CC22,K,0.2489752471446991, 0.19301003962755203
SSL11|CC22,G,0.19717510044574738, 0.20432053920295504
SSL11|CC22,Q,0.21814227104187012, 0.18510309027300942
SSL11|CC22,S,0.20429043471813202, 0.18924042085806528
SSL11|CC22,F,0.09492716938257217, 0.19499640001191032
SSL11|CC22,D,0.2675707936286926, 0.18796221084064907
SSL11|CC22,L,0.08501895517110825, 0.185911120639907
SSL11|CC22,K,0.25615251064300537, 0.17340764237774742
SSL11|CC22,N,0.18271511793136597, 0.1785450213485294
SSL11|CC22,I,0.18566754460334778, 0.18658373836014006
SSL11|CC22,G,0.1787152886390686, 0.17981839759482277
SSL11|CC22,G,0.10561096668243408, 0.1861059996816847
SSL11|CC22,Y,0.2505268454551697, 0.1760161452823215
SSL11|CC22,K,0.16727562248706818, 0.17227752341164482
SSL11|CC22,E,0.2066827267408371, 0.15697361073560184
SSL11|CC22,G,0.1416073739528656, 0.15136687664522064
SSL11|CC22,N,0.16534382104873657, 0.1472823309401671
SSL11|CC22,K,0.14906752109527588, 0.13475859041015306
SSL11|CC22,V,0.04793233051896095, 0.1314694123963515
SSL11|CC22,T,0.12825468182563782, 0.13503182803591093
SSL11|CC22,F,0.06885005533695221, 0.13512535269061723
SSL11|CC22,I,0.13781318068504333, 0.14719646548231444
SSL11|CC22,Y,0.137673020362854, 0.15708337931169403
SSL11|CC22,H,0.23874446749687195, 0.1789101461569468
SSL11|CC22,N,0.14244909584522247, 0.19865396287706164
SSL11|CC22,Q,0.27398383617401123, 0.20822164913018545
SSL11|CC22,Q,0.23804974555969238, 0.21541236175431144
SSL11|CC22,I,0.24437323212623596, 0.21284619139300454
SSL11|CC22,D,0.30594903230667114, 0.20796356764104632
SSL11|CC22,V,0.15495923161506653, 0.20596880631314385
SSL11|CC22,T,0.20252959430217743, 0.1955567126472791
SSL11|CC22,L,0.11457748711109161, 0.17856324464082718
SSL11|CC22,T,0.19480085372924805, 0.16944408002826902
SSL11|CC22,G,0.12449624389410019, 0.1415979117155075
SSL11|CC22,N,0.18027499318122864, 0.14460250735282898
SSL11|CC22,E,0.08510853350162506, 0.1321055649055375
SSL11|CC22,K,0.16230075061321259, 0.13809438629282844
SSL11|CC22,L,0.055333517491817474, 0.14421008278926215
SSL11|CC22,E,0.18200059235095978, 0.1634743611017863
SSL11|CC22,F,0.09005711227655411, 0.1531854983833101
SSL11|CC22,N,0.1684768795967102, 0.16800762712955475
SSL11|CC22,D,0.24984212219715118, 0.15597708109352323
SSL11|CC22,D,0.2978747487068176, 0.1648534420463774
SSL11|CC22,G,0.08767522871494293, 0.1644658711221483
SSL11|CC22,E,0.21850769221782684, 0.16368884841601053
SSL11|CC22,I,0.054025836288928986, 0.17003032068411508
SSL11|CC22,S,0.13522076606750488, 0.15114572809802163
SSL11|CC22,N,0.17851245403289795, 0.1451855351527532
SSL11|CC22,V,0.08306390792131424, 0.15211143096288046
SSL11|CC22,D,0.22555013000965118, 0.14410877227783203
SSL11|CC22,V,0.07988078892230988, 0.16996782273054123
SSL11|CC22,F,0.24423301219940186, 0.17457031127479342
SSL11|CC22,V,0.15000829100608826, 0.17963743954896927
SSL11|CC22,V,0.14648376405239105, 0.1957511736287011
SSL11|CC22,R,0.28675729036331177, 0.20014186865753597
SSL11|CC22,E,0.17664316296577454, 0.22972217202186584
SSL11|CC22,N,0.22411660850048065, 0.23202940821647644
SSL11|CC22,S,0.22808751463890076, 0.23835369447867075
SSL11|CC22,D,0.26506638526916504, 0.24675921433501774
SSL11|CC22,R,0.3461035192012787, 0.24067814648151398
SSL11|CC22,S,0.2649981379508972, 0.24366146491633522
SSL11|CC22,G,0.2069268673658371, 0.24450303779708016
SSL11|CC22,I,0.22213344275951385, 0.25347880522410077
SSL11|CC22,T,0.23202767968177795, 0.24963575767146218
SSL11|CC22,S,0.20349302887916565, 0.2335040784544415
SSL11|CC22,S,0.23169076442718506, 0.2275350723001692
SSL11|CC22,N,0.3088694214820862, 0.2274002813630634
SSL11|CC22,G,0.23047895729541779, 0.22337563501463997
SSL11|CC22,G,0.20091840624809265, 0.21660412516858843
SSL11|CC22,I,0.2112770825624466, 0.21680092646016014
SSL11|CC22,T,0.20571374893188477, 0.21416004333231184
SSL11|CC22,T,0.185911625623703, 0.20309155186017355
SSL11|CC22,S,0.17108409106731415, 0.19803367058436075
SSL11|CC22,N,0.20526424050331116, 0.18803410563204023
SSL11|CC22,K,0.2079228162765503, 0.17817249811357921
SSL11|CC22,Q,0.2092529982328415, 0.17313872360520893
SSL11|CC22,D,0.18495802581310272, 0.16501923402150473
SSL11|CC22,I,0.11092232167720795, 0.1533447785509957
SSL11|CC22,I,0.12252261489629745, 0.15304311944378746
SSL11|CC22,D,0.16040977835655212, 0.14512115882502663
SSL11|CC22,N,0.11283621937036514, 0.12799180754356915
SSL11|CC22,V,0.06601399183273315, 0.1302534362508191
SSL11|CC22,K,0.2025493085384369, 0.12365694799356991
SSL11|CC22,S,0.13662517070770264, 0.12927404253019226
SSL11|CC22,V,0.0550888366997242, 0.12168714942203628
SSL11|CC22,N,0.20531268417835236, 0.12675388115975592
SSL11|CC22,M,0.05155392736196518, 0.13712076139118937
SSL11|CC22,Q,0.17307646572589874, 0.13990284792251056
SSL11|CC22,I,0.0921277403831482, 0.15213186335232523
SSL11|CC22,T,0.15843680500984192, 0.1790786377257771
SSL11|CC22,K,0.15931591391563416, 0.19086289488606983
SSL11|CC22,K,0.22758808732032776, 0.22142783304055533
SSL11|CC22,T,0.24668630957603455, 0.23205506139331394
SSL11|CC22,S,0.297609806060791, 0.25724273920059204
SSL11|CC22,S,0.31137099862098694, 0.26147157450517017
SSL11|CC22,N,0.3266383707523346, 0.26649849613507587
SSL11|CC22,T,0.2687215209007263, 0.2644495103094313
SSL11|CC22,E,0.3188168406486511, 0.2577892425987456
SSL11|CC22,T,0.19649632275104523, 0.24353449212180245
SSL11|CC22,V,0.20455820858478546, 0.24036530984772575
SSL11|CC22,T,0.20914721488952637, 0.2251169350412157
SSL11|CC22,S,0.18674390017986298, 0.2176530361175537
SSL11|CC22,S,0.16931705176830292, 0.196023720006148
SSL11|CC22,Y,0.2828483581542969, 0.19349079247978
SSL11|CC22,Y,0.1894029974937439, 0.18423475490676033
SSL11|CC22,S,0.20154643058776855, 0.18375934494866264
SSL11|CC22,I,0.12415299564599991, 0.18759802480538687
SSL11|CC22,S,0.1736999750137329, 0.1833284960852729
SSL11|CC22,K,0.12125387042760849, 0.16857955190870497
SSL11|CC22,E,0.20486852526664734, 0.15773981395694944
SSL11|CC22,N,0.22129201889038086, 0.15169131010770798
SSL11|CC22,I,0.13089129328727722, 0.1555115713013543
SSL11|CC22,S,0.15010786056518555, 0.14419658316506279
SSL11|CC22,L,0.09184535592794418, 0.14887821425994238
SSL11|CC22,K,0.14710989594459534, 0.14551151212718752
SSL11|CC22,E,0.15853534638881683, 0.13928719609975815
SSL11|CC22,L,0.07186508178710938, 0.13511537263790765
SSL11|CC22,D,0.16338855028152466, 0.14478709548711777
SSL11|CC22,F,0.17456820607185364, 0.15634455614619786
SSL11|CC22,K,0.16527317464351654, 0.1563764446311527
SSL11|CC22,L,0.09334488213062286, 0.15204324987199572
SSL11|CC22,R,0.23715336620807648, 0.16397195392184788
SSL11|CC22,K,0.19586250185966492, 0.17055348389678532
SSL11|CC22,H,0.14739689230918884, 0.17295558750629425
SSL11|CC22,L,0.11953659355640411, 0.18203744623396131
SSL11|CC22,I,0.1792234182357788, 0.19063522418340048
SSL11|CC22,D,0.2226223200559616, 0.1935393363237381
SSL11|CC22,K,0.19618713855743408, 0.2014989372756746
SSL11|CC22,N,0.24700990319252014, 0.2105781055159039
SSL11|CC22,G,0.17072488367557526, 0.21667654315630594
SSL11|CC22,L,0.2632903754711151, 0.21982787218358782
SSL11|CC22,Y,0.2674989104270935, 0.20893863671355778
SSL11|CC22,K,0.22910940647125244, 0.20983814034197065
SSL11|CC22,T,0.17442253232002258, 0.2060932351483239
SSL11|CC22,E,0.2075853794813156, 0.1929191951122549
SSL11|CC22,P,0.12461920082569122, 0.18224614072177145
SSL11|CC22,K,0.20428267121315002, 0.15512783639132977
SSL11|CC22,N,0.2133057564496994, 0.15359758647779623
SSL11|CC22,S,0.052158523350954056, 0.13712037810020977
SSL11|CC22,K,0.16723288595676422, 0.13127868581149313
SSL11|CC22,I,0.023434171453118324, 0.12797286816769177
SSL11|CC22,R,0.21533715724945068, 0.12698480528261927
SSL11|CC22,V,0.026127656921744347, 0.12162077965007888
SSL11|CC22,T,0.1550101488828659, 0.13127532435788047
SSL11|CC22,M,0.09486684203147888, 0.13292409479618073
SSL11|CC22,E,0.19539010524749756, 0.15654031828873688
SSL11|CC22,D,0.16502952575683594, 0.1520700460920731
SSL11|CC22,G,0.13904942572116852, 0.1677178144454956
SSL11|CC22,G,0.18207181990146637, 0.16009843018319872
SSL11|CC22,F,0.23598018288612366, 0.17485640115208095
SSL11|CC22,Y,0.17510470747947693, 0.1621425731314553
SSL11|CC22,T,0.1669575721025467, 0.1677477310101191
SSL11|CC22,F,0.08643569052219391, 0.17760607600212097
SSL11|CC22,E,0.22768858075141907, 0.18577891091505686
SSL11|CC22,L,0.08096565306186676, 0.1770868781540129
SSL11|CC22,N,0.21547594666481018, 0.18334829145007664
SSL11|CC22,K,0.22777453064918518, 0.18023852672841814
SSL11|CC22,K,0.2556273341178894, 0.19641572071446312
SSL11|CC22,L,0.1577518880367279, 0.20319520930449167
SSL11|CC22,Q,0.2314574271440506, 0.2211136586136288
SSL11|CC22,T,0.13896968960762024, 0.2161705063449012
SSL11|CC22,N,0.23203043639659882, 0.21101764837900797
SSL11|CC22,R,0.288703978061676, 0.20127973126040566
SSL11|CC22,M,0.24223169684410095, 0.19794259468714395
SSL11|CC22,G,0.1709875762462616, 0.19312775962882572
SSL11|CC22,D,0.18139880895614624, 0.1883590834008323
SSL11|CC22,V,0.16798608005046844, 0.18047123650709787
SSL11|CC22,I,0.12771765887737274, 0.1669991927014457
SSL11|CC22,D,0.1881239116191864, 0.14782486855983734
SSL11|CC22,G,0.09605160355567932, 0.14630454613102806
SSL11|CC22,T,0.1610398143529892, 0.14816479053762224
SSL11|CC22,K,0.16745558381080627, 0.1346017730732759
SSL11|CC22,I,0.06966277956962585, 0.13752872372666994
SSL11|CC22,K,0.15730467438697815, 0.12096719195445378
SSL11|CC22,E,0.19814100861549377, 0.13438714295625687
SSL11|CC22,I,0.04591892287135124, 0.1264328642023934
SSL11|CC22,N,0.1540602147579193, 0.12244919935862224
SSL11|CC22,V,0.03907012566924095, 0.11470889051755269
SSL11|CC22,E,0.21683116257190704, 0.09723059336344402
SSL11|CC22,L,0.08945130556821823, 0.07521492573950025
SSL11|CC22,N,0.13160260021686554, 0.07011282319823901
SSL11|CC30,S,0.10057087987661362, 0.09927693092160755
SSL11|CC30,E,0.22493648529052734, 0.11093128969271977
SSL11|CC30,Q,0.16687068343162537, 0.13126610302262837
SSL11|CC30,S,0.14672254025936127, 0.14331570929951137
SSL11|CC30,R,0.25439178943634033, 0.16049383083979288
SSL11|CC30,L,0.10488922894001007, 0.16816524747345182
SSL11|CC30,S,0.18301331996917725, 0.16688874612251917
SSL11|CC30,V,0.10844645649194717, 0.16888587921857834
SSL11|CC30,T,0.15460309386253357, 0.17238517022795147
SSL11|CC30,S,0.16961362957954407, 0.16762373430861366
SSL11|CC30,N,0.21344797313213348, 0.17943554868300757
SSL11|CC30,D,0.18484488129615784, 0.17002929664320415
SSL11|CC30,T,0.17821615934371948, 0.18294642865657806
SSL11|CC30,Q,0.2115388661623001, 0.18978877696726057
SSL11|CC30,E,0.21119555830955505, 0.19185286429193285
SSL11|CC30,L,0.09835705161094666, 0.18570367495218912
SSL11|CC30,K,0.22470064461231232, 0.18735566404130724
SSL11|CC30,K,0.21618422865867615, 0.1891694168249766
SSL11|CC30,Y,0.18819041550159454, 0.19059844646188948
SSL11|CC30,Y,0.15810526907444, 0.18873664074473911
SSL11|CC30,S,0.19971278309822083, 0.20044335391786364
SSL11|CC30,G,0.19453993439674377, 0.198540437552664
SSL11|CC30,T,0.224400132894516, 0.19383429321977827
SSL11|CC30,G,0.19443930685520172, 0.1950960805018743
SSL11|CC30,Y,0.20371747016906738, 0.20247496167818704
SSL11|CC30,N,0.20757439732551575, 0.19368803997834524
SSL11|CC30,F,0.17382892966270447, 0.1966740306880739
SSL11|CC30,Q,0.19954650104045868, 0.18642233146561515
SSL11|CC30,N,0.22451519966125488, 0.19129472805394065
SSL11|CC30,V,0.12063048779964447, 0.20001325176821816
SSL11|CC30,S,0.22141385078430176, 0.20780760877662235
SSL11|CC30,G,0.1321348398923874, 0.21959641741381752
SSL11|CC30,Y,0.23829087615013123, 0.22058507800102234
SSL11|CC30,R,0.2821841835975647, 0.2199777513742447
SSL11|CC30,E,0.27772361040115356, 0.22380581829282972
SSL11|CC30,K,0.27992820739746094, 0.22183732357290056
SSL11|CC30,D,0.20844444632530212, 0.22250627643532223
SSL11|CC30,K,0.21904926002025604, 0.2142346418566174
SSL11|CC30,M,0.1550830900669098, 0.20676058365239036
SSL11|CC30,N,0.20369739830493927, 0.19324756496482426
SSL11|CC30,I,0.13815541565418243, 0.18320736620161268
SSL11|CC30,I,0.16384616494178772, 0.1872630235221651
SSL11|CC30,D,0.21491765975952148, 0.1776773300435808
SSL11|CC30,G,0.15610644221305847, 0.18135578599241045
SSL11|CC30,T,0.18956641852855682, 0.17118571781449848
SSL11|CC30,Q,0.24494536221027374, 0.1710459382997619
SSL11|CC30,L,0.13277801871299744, 0.16722081353267035
SSL11|CC30,N,0.18818919360637665, 0.15614311976565254
SSL11|CC30,V,0.11216678470373154, 0.16195291529099146
SSL11|CC30,V,0.13689740002155304, 0.16185727301571104
SSL11|CC30,T,0.12942004203796387, 0.15506542805168363
SSL11|CC30,L,0.11521841585636139, 0.15947840693924162
SSL11|CC30,L,0.2083946019411087, 0.15857286502917609
SSL11|CC30,G,0.18870563805103302, 0.17117034726672703
SSL11|CC30,T,0.1838187575340271, 0.18808448480235207
SSL11|CC30,D,0.1724948287010193, 0.1910613195763694
SSL11|CC30,K,0.18003931641578674, 0.20631496442688835
SSL11|CC30,E,0.22554412484169006, 0.21112012366453806
SSL11|CC30,R,0.28912463784217834, 0.21443072954813638
SSL11|CC30,F,0.15621155500411987, 0.21980580687522888
SSL11|CC30,K,0.2525012195110321, 0.22685594028896755
SSL11|CC30,D,0.25164103507995605, 0.23120738897058699
SSL11|CC30,Y,0.21850109100341797, 0.23021595842308468
SSL11|CC30,D,0.2321944534778595, 0.22501721481482187
SSL11|CC30,Y,0.23594602942466736, 0.22499988145298427
SSL11|CC30,D,0.21920235455036163, 0.21295776963233948
SSL11|CC30,Y,0.2166212499141693, 0.20434163014094034
SSL11|CC30,E,0.2423359453678131, 0.18757346272468567
SSL11|CC30,G,0.15605555474758148, 0.17690759234958225
SSL11|CC30,L,0.14412221312522888, 0.1609520415465037
SSL11|CC30,D,0.1740957796573639, 0.15053891970051658
SSL11|CC30,V,0.06758758425712585, 0.15190698537561628
SSL11|CC30,F,0.1362016201019287, 0.15216831200652653
SSL11|CC30,V,0.09234607219696045, 0.1559163729349772
SSL11|CC30,V,0.12548425793647766, 0.1695761481920878
SSL11|CC30,R,0.22893384099006653, 0.17210383382108477
SSL11|CC30,E,0.24468788504600525, 0.19790573749277326
SSL11|CC30,G,0.1897881031036377, 0.21287155316935646
SSL11|CC30,S,0.26706019043922424, 0.2187852445575926
SSL11|CC30,G,0.1968449503183365, 0.2294236272573471
SSL11|CC30,K,0.2998047173023224, 0.23010589016808403
SSL11|CC30,Q,0.27089396119117737, 0.21421636641025543
SSL11|CC30,A,0.14556929469108582, 0.21477800442112815
SSL11|CC30,E,0.2212297022342682, 0.1987880269686381
SSL11|CC30,N,0.2350742071866989, 0.19529197613398233
SSL11|CC30,I,0.10168217122554779, 0.17738576730092367
SSL11|CC30,S,0.1948428452014923, 0.16491088105572593
SSL11|CC30,I,0.12315039336681366, 0.16709988647037083
SSL11|CC30,G,0.16538049280643463, 0.16791178617212507
SSL11|CC30,G,0.1386488378047943, 0.16203681462340885
SSL11|CC30,I,0.1586199849843979, 0.17304972310860953
SSL11|CC30,T,0.1652703434228897, 0.17794769340091282
SSL11|CC30,K,0.22853679955005646, 0.19807430273956722
SSL11|CC30,T,0.18219946324825287, 0.20135246382819283
SSL11|CC30,N,0.20079834759235382, 0.20772776338789198
SSL11|CC30,K,0.23892457783222198, 0.2158817383978102
SSL11|CC30,N,0.30428987741470337, 0.2151702129178577
SSL11|CC30,D,0.19488394260406494, 0.2074024478594462
SSL11|CC30,Y,0.1960265338420868, 0.20644694401158226
SSL11|CC30,K,0.2320057600736618, 0.2095426983303494
SSL11|CC30,D,0.15886661410331726, 0.20399623446994358
SSL11|CC30,F,0.15862691402435303, 0.1851380301846398
SSL11|CC30,V,0.17359992861747742, 0.18370405005084145
SSL11|CC30,N,0.22866013646125793, 0.17518379290898642
SSL11|CC30,N,0.18900640308856964, 0.17430613769425285
SSL11|CC30,V,0.1345660388469696, 0.17010545978943506
SSL11|CC30,G,0.18197812139987946, 0.17554045799705717
SSL11|CC30,L,0.11934421956539154, 0.1852967714269956
SSL11|CC30,E,0.22410686314105988, 0.1823834685815705
SSL11|CC30,I,0.12106051295995712, 0.19481891642014185
SSL11|CC30,T,0.20754189789295197, 0.20887535396549436
SSL11|CC30,K,0.2614067494869232, 0.22345649947722754
SSL11|CC30,P,0.20244041085243225, 0.24511818670564228
SSL11|CC30,T,0.30092543363571167, 0.24787392301691902
SSL11|CC30,G,0.2610739767551422, 0.2624414049916797
SSL11|CC30,H,0.3132084310054779, 0.2662770516342587
SSL11|CC30,N,0.31429940462112427, 0.27234673500061035
SSL11|CC30,T,0.24890848994255066, 0.28022294574313694
SSL11|CC30,A,0.25216785073280334, 0.264393322997623
SSL11|CC30,T,0.24206271767616272, 0.2573608507712682
SSL11|CC30,R,0.31603389978408813, 0.2401871366633309
SSL11|CC30,Q,0.2733263075351715, 0.21987126270929971
SSL11|CC30,A,0.15845882892608643, 0.2211038139131334
SSL11|CC30,E,0.1977817267179489, 0.20428719205988777
SSL11|CC30,T,0.15864500403404236, 0.19628344724575678
SSL11|CC30,Y,0.13145653903484344, 0.17970237715376747
SSL11|CC30,R,0.26000145077705383, 0.17210140741533703
SSL11|CC30,I,0.10081825405359268, 0.18007494592004353
SSL11|CC30,N,0.17002901434898376, 0.16958152088854048
SSL11|CC30,K,0.1668042689561844, 0.16826996703942618
SSL11|CC30,E,0.20491757988929749, 0.16213375826676688
SSL11|CC30,E,0.23022067546844482, 0.14836881889237297
SSL11|CC30,I,0.10334090143442154, 0.1532123444808854
SSL11|CC30,S,0.14684101939201355, 0.14144126656982633
SSL11|CC30,L,0.07623066008090973, 0.1379800612727801
SSL11|CC30,K,0.13611699640750885, 0.1310122451848454
SSL11|CC30,E,0.14440998435020447, 0.11964232474565506
SSL11|CC30,L,0.06408931314945221, 0.11561402926842372
SSL11|CC30,D,0.13565342128276825, 0.12200148320860332
SSL11|CC30,F,0.14220723509788513, 0.13026781462960774
SSL11|CC30,K,0.1278913915157318, 0.12786351889371872
SSL11|CC30,L,0.06708624213933945, 0.12124428153038025
SSL11|CC30,R,0.20432810485363007, 0.13798981573846605
SSL11|CC30,K,0.15062764286994934, 0.14859123362435234
SSL11|CC30,H,0.11447833478450775, 0.15123748944865334
SSL11|CC30,L,0.08483684808015823, 0.16030754811233944
SSL11|CC30,I,0.21479912102222443, 0.18453382038407856
SSL11|CC30,E,0.23106618225574493, 0.18232587890492546
SSL11|CC30,N,0.16602353751659393, 0.1890506868561109
SSL11|CC30,H,0.20952191948890686, 0.1994219579630428
SSL11|CC30,E,0.28512269258499146, 0.2119994213183721
SSL11|CC30,L,0.18445663154125214, 0.21301348341835868
SSL11|CC30,Y,0.2111509144306183, 0.20266084538565743
SSL11|CC30,K,0.20781977474689484, 0.20777296357684666
SSL11|CC30,T,0.19803401827812195, 0.20775970485475329
SSL11|CC30,E,0.22392567992210388, 0.18105581402778625
SSL11|CC30,P,0.1378924399614334, 0.1791657871670193
SSL11|CC30,K,0.21203260123729706, 0.15826725276807943
SSL11|CC30,D,0.20940259099006653, 0.15441066999402311
SSL11|CC30,G,0.04478767514228821, 0.13567808642983437
SSL11|CC30,K,0.16744638979434967, 0.12845624859134355
SSL11|CC30,I,0.023064104840159416, 0.12758095272713238
SSL11|CC30,R,0.17311052978038788, 0.12915659820040068
SSL11|CC30,I,0.02944076620042324, 0.13335270889931256
SSL11|CC30,T,0.15892913937568665, 0.15264531183573934
SSL11|CC30,M,0.13001477718353271, 0.16543512915571532
SSL11|CC30,K,0.22621341049671173, 0.19280637366076311
SSL11|CC30,G,0.24716758728027344, 0.1965043501307567
SSL11|CC30,G,0.2184211015701294, 0.21459368699126774
SSL11|CC30,G,0.2825547456741333, 0.20956705179479387
SSL11|CC30,Y,0.2694053053855896, 0.22375979854000938
SSL11|CC30,Y,0.2063923180103302, 0.2065217536356714
SSL11|CC30,T,0.19224479794502258, 0.20432841198311913
SSL11|CC30,F,0.11368942260742188, 0.2047272167272038
SSL11|CC30,E,0.2577494978904724, 0.20267315788401497
SSL11|CC30,L,0.07107100635766983, 0.18968084040615293
SSL11|CC30,N,0.22742751240730286, 0.19160235342052248
SSL11|CC30,K,0.22201034426689148, 0.1837617341015074
SSL11|CC30,K,0.26406821608543396, 0.19232933885521358
SSL11|CC30,L,0.15247444808483124, 0.19386391010549334
SSL11|CC30,Q,0.22368593513965607, 0.20962356279293695
SSL11|CC30,P,0.12167922407388687, 0.20332414988014433
SSL11|CC30,H,0.1907978653907776, 0.20342277073197895
SSL11|CC30,R,0.2715606391429901, 0.19456879049539566
SSL11|CC30,M,0.21290788054466248, 0.18851520121097565
SSL11|CC30,G,0.1707327961921692, 0.18409111930264366
SSL11|CC30,D,0.22289793193340302, 0.17880335615740883
SSL11|CC30,V,0.1843823939561844, 0.18776864972379473
SSL11|CC30,I,0.09799214452505112, 0.1798826406399409
SSL11|CC30,D,0.18386919796466827, 0.16224275984697872
SSL11|CC30,G,0.07408935576677322, 0.15992005293567976
SSL11|CC30,R,0.27148550748825073, 0.150090627786186
SSL11|CC30,N,0.20058655738830566, 0.13366656709048483
SSL11|CC30,I,0.05414895340800285, 0.1403601827720801
SSL11|CC30,E,0.14982843399047852, 0.12416491450534926
SSL11|CC30,K,0.1344331055879593, 0.13640532683995035
SSL11|CC30,I,0.03656584769487381, 0.11594566247529453
SSL11|CC30,E,0.15823468565940857, 0.11251096965538131
SSL11|CC30,V,0.03811178356409073, 0.10649441927671432
SSL11|CC30,D,0.18425306677818298, 0.08984681549999449
SSL11|CC30,L,0.08734852820634842, 0.07490980376799901
SSL11|CC30,Y,0.1696743220090866, 0.07084693180190192
SSL11|CC93,I,0.10260893404483795, 0.08890803489420149
SSL11|CC93,E,0.18763414025306702, 0.09807847440242767
SSL11|CC93,Q,0.15474289655685425, 0.11672154896789128
SSL11|CC93,S,0.10255086421966553, 0.12662771923674476
SSL11|CC93,R,0.25263547897338867, 0.14302915086348852
SSL11|CC93,L,0.08253395557403564, 0.14640887164407307
SSL11|CC93,S,0.16778767108917236, 0.146658164759477
SSL11|CC93,V,0.08915553241968155, 0.15198453184631136
SSL11|CC93,T,0.14761288464069366, 0.15946203718582788
SSL11|CC93,S,0.13302642107009888, 0.15775387734174728
SSL11|CC93,K,0.18987777829170227, 0.17599530600839192
SSL11|CC93,D,0.20268020033836365, 0.17093219773636925
SSL11|CC93,T,0.16984841227531433, 0.18591768708493975
SSL11|CC93,Q,0.2372620403766632, 0.18924327029122245
SSL11|CC93,E,0.24670681357383728, 0.19445405072636074
SSL11|CC93,L,0.12221969664096832, 0.1939740346537696
SSL11|CC93,K,0.2240249365568161, 0.19277548127704197
SSL11|CC93,S,0.17754313349723816, 0.19597731199529436
SSL11|CC93,Y,0.17992344498634338, 0.192267002330886
SSL11|CC93,Y,0.18555763363838196, 0.18698491818375057
SSL11|CC93,S,0.19189321994781494, 0.19446369343333775
SSL11|CC93,G,0.19866488873958588, 0.19633888701597849
SSL11|CC93,T,0.20386925339698792, 0.19793799850675795
SSL11|CC93,G,0.19916805624961853, 0.2025306522846222
SSL11|CC93,F,0.1895286738872528, 0.2068274286058214
SSL11|CC93,N,0.24090167880058289, 0.20132061176829869
SSL11|CC93,F,0.19193513691425323, 0.2048000709878074
SSL11|CC93,Q,0.22125732898712158, 0.19849614964591134
SSL11|CC93,N,0.2242286205291748, 0.20349305868148804
SSL11|CC93,V,0.14233186841011047, 0.21570703387260437
SSL11|CC93,S,0.22998002171516418, 0.2199500302473704
SSL11|CC93,G,0.1471339613199234, 0.23127557668421003
SSL11|CC93,Y,0.24414023756980896, 0.23176382150914934
SSL11|CC93,R,0.2994544506072998, 0.23269255956013998
SSL11|CC93,E,0.2790886461734772, 0.23359576861063638
SSL11|CC93,E,0.29386505484580994, 0.2308693743414349
SSL11|CC93,N,0.22565153241157532, 0.22810113430023193
SSL11|CC93,K,0.23258726298809052, 0.22027805778715345
SSL11|CC93,M,0.15046074986457825, 0.20507973101403978
SSL11|CC93,N,0.20544247329235077, 0.19375336998038822
SSL11|CC93,V,0.12221980094909668, 0.18190718359417385
SSL11|CC93,I,0.17373254895210266, 0.18334053456783295
SSL11|CC93,V,0.16266950964927673, 0.17385411262512207
SSL11|CC93,G,0.1771513968706131, 0.1775309079223209
SSL11|CC93,Q,0.18724937736988068, 0.16720366064045164
SSL11|CC93,Q,0.23855169117450714, 0.17027446213695738
SSL11|CC93,L,0.14720946550369263, 0.17032905336883333
SSL11|CC93,N,0.18355190753936768, 0.1663873733745681
SSL11|CC93,V,0.1124972477555275, 0.16457568522956637
SSL11|CC93,I,0.14985701441764832, 0.16441180722581017
SSL11|CC93,S,0.1742238700389862, 0.15852564656072193
SSL11|CC93,L,0.1271943897008896, 0.16348260723882252
SSL11|CC93,L,0.16084620356559753, 0.16416793647739622
SSL11|CC93,G,0.18577447533607483, 0.17719743649164835
SSL11|CC93,S,0.18557624518871307, 0.1933182974656423
SSL11|CC93,D,0.1918221116065979, 0.19450491501225364
SSL11|CC93,K,0.18971987068653107, 0.20774720940324995
SSL11|CC93,E,0.2297627478837967, 0.2137121988667382
SSL11|CC93,R,0.29494476318359375, 0.2142641842365265
SSL11|CC93,F,0.18490342795848846, 0.22410290936628977
SSL11|CC93,D,0.24637503921985626, 0.23030177255471548
SSL11|CC93,D,0.21453110873699188, 0.23180382450421652
SSL11|CC93,G,0.1907423436641693, 0.2278907150030136
SSL11|CC93,K,0.27412477135658264, 0.21753383841779497
SSL11|CC93,D,0.2476118803024292, 0.20968092646863726
SSL11|CC93,Y,0.2032383382320404, 0.2021841953198115
SSL11|CC93,N,0.19454476237297058, 0.18617108547025257
SSL11|CC93,N,0.20173287391662598, 0.18190251870287788
SSL11|CC93,L,0.11422722041606903, 0.16150001022550795
SSL11|CC93,D,0.1789044588804245, 0.14829587770832908
SSL11|CC93,V,0.07041312009096146, 0.1490700129005644
SSL11|CC93,F,0.15232524275779724, 0.1537399474117491
SSL11|CC93,V,0.09050219506025314, 0.15579066508346134
SSL11|CC93,V,0.12877468764781952, 0.17338058021333483
SSL11|CC93,R,0.2102055549621582, 0.1772235416703754
SSL11|CC93,E,0.2365741729736328, 0.20219651609659195
SSL11|CC93,G,0.22018933296203613, 0.21779266744852066
SSL11|CC93,S,0.2725364565849304, 0.22870620257324642
SSL11|CC93,G,0.21349111199378967, 0.23417558934953478
SSL11|CC93,K,0.2951698899269104, 0.2364354564083947
SSL11|CC93,Q,0.29269060492515564, 0.22361776067150962
SSL11|CC93,A,0.18872401118278503, 0.22115245627032387
SSL11|CC93,D,0.17799916863441467, 0.20413392119937473
SSL11|CC93,N,0.23054435849189758, 0.195880479282803
SSL11|CC93,I,0.12121491134166718, 0.17920256654421488
SSL11|CC93,S,0.19800159335136414, 0.15747747156355116
SSL11|CC93,I,0.11936964094638824, 0.1552484631538391
SSL11|CC93,G,0.13921013474464417, 0.15636640124850804
SSL11|CC93,G,0.1450686752796173, 0.14907710088623893
SSL11|CC93,I,0.09716475009918213, 0.16178828477859497
SSL11|CC93,T,0.1686629354953766, 0.16662593020333183
SSL11|CC93,K,0.18806061148643494, 0.1797333707412084
SSL11|CC93,T,0.16494065523147583, 0.18748575448989868
SSL11|CC93,N,0.2356155663728714, 0.1866124471028646
SSL11|CC93,E,0.24154040217399597, 0.1959649920463562
SSL11|CC93,N,0.23733660578727722, 0.18960840668943194
SSL11|CC93,K,0.20898158848285675, 0.18550420138570997
SSL11|CC93,Y,0.13720890879631042, 0.18376710017522177
SSL11|CC93,K,0.1813376545906067, 0.18147802684042189
SSL11|CC93,D,0.11145366728305817, 0.17643711467583975
SSL11|CC93,T,0.15112276375293732, 0.16298085533910328
SSL11|CC93,V,0.1493067443370819, 0.16205969370073742
SSL11|CC93,K,0.21501390635967255, 0.15744082464112175
SSL11|CC93,H,0.19617219269275665, 0.15947954853375754
SSL11|CC93,V,0.11623027175664902, 0.16242144174045986
SSL11|CC93,N,0.2006911337375641, 0.17407983375920189
SSL11|CC93,M,0.09563908725976944, 0.1872054355012046
SSL11|CC93,F,0.1996861696243286, 0.19135543704032898
SSL11|CC93,I,0.1379307061433792, 0.19776742491457197
SSL11|CC93,Y,0.2560482919216156, 0.21595860769351324
SSL11|CC93,R,0.2674371600151062, 0.22529922839668062
SSL11|CC93,N,0.252363920211792, 0.24568242331345877
SSL11|CC93,T,0.2538800835609436, 0.2473192678557502
SSL11|CC93,S,0.27995091676712036, 0.2542959137095345
SSL11|CC93,H,0.28475672006607056, 0.24727832277615866
SSL11|CC93,N,0.2790878415107727, 0.23662085831165314
SSL11|CC93,T,0.21441777050495148, 0.23646783663166893
SSL11|CC93,T,0.20072051882743835, 0.2241237974829144
SSL11|CC93,T,0.1928899735212326, 0.21182861427466074
SSL11|CC93,V,0.17151997983455658, 0.20193706121709612
SSL11|CC93,K,0.2509867250919342, 0.19516225324736702
SSL11|CC93,S,0.1427837312221527, 0.1947499712308248
SSL11|CC93,T,0.16929426789283752, 0.1896735148297416
SSL11|CC93,F,0.1957327425479889, 0.19402129451433817
SSL11|CC93,H,0.21811456978321075, 0.1976548218064838
SSL11|CC93,N,0.21070723235607147, 0.19172029859489864
SSL11|CC93,I,0.15503241121768951, 0.20214741428693137
SSL11|CC93,Y,0.23201999068260193, 0.1950769308540556
SSL11|CC93,K,0.2042217254638672, 0.19063615136676365
SSL11|CC93,E,0.19757601618766785, 0.17613136768341064
SSL11|CC93,E,0.23662777245044708, 0.1694341931078169
SSL11|CC93,I,0.10565991699695587, 0.16971511642138162
SSL11|CC93,S,0.15576572716236115, 0.1540508915980657
SSL11|CC93,L,0.08757151663303375, 0.15126874215073055
SSL11|CC93,K,0.15043266117572784, 0.1466885142856174
SSL11|CC93,E,0.15756072103977203, 0.13758865661091274
SSL11|CC93,L,0.09104196727275848, 0.13688701722357008
SSL11|CC93,D,0.17918238043785095, 0.13871694770124224
SSL11|CC93,F,0.15635396540164948, 0.14609390497207642
SSL11|CC93,K,0.15472905337810516, 0.1436219165722529
SSL11|CC93,L,0.09934516251087189, 0.1371054607960913
SSL11|CC93,R,0.17223510146141052, 0.14954240537352032
SSL11|CC93,K,0.15396413207054138, 0.15583139575190014
SSL11|CC93,Q,0.12818476557731628, 0.15742022544145584
SSL11|CC93,L,0.09891261905431747, 0.16255042370822695
SSL11|CC93,I,0.20297446846961975, 0.18283933649460474
SSL11|CC93,D,0.23578329384326935, 0.18496616101927227
SSL11|CC93,N,0.17065343260765076, 0.1931579535206159
SSL11|CC93,H,0.2009008377790451, 0.20415610323349634
SSL11|CC93,D,0.2819453775882721, 0.21311081449190775
SSL11|CC93,L,0.19137652218341827, 0.21252190073331198
SSL11|CC93,Y,0.22769026458263397, 0.20074771344661713
SSL11|CC93,K,0.22716811299324036, 0.20211208363374075
SSL11|CC93,T,0.17950502038002014, 0.20291386379135978
SSL11|CC93,E,0.1976742446422577, 0.17808260437515047
SSL11|CC93,P,0.12981560826301575, 0.1749447708328565
SSL11|CC93,K,0.1829327642917633, 0.1528689677102698
SSL11|CC93,D,0.20811685919761658, 0.14269155739910072
SSL11|CC93,S,0.05846404284238815, 0.12724624636272588
SSL11|CC93,K,0.16313602030277252, 0.12318276593254672
SSL11|CC93,I,0.029008036479353905, 0.12266848381194803
SSL11|CC93,T,0.1355714201927185, 0.12137006285289924
SSL11|CC93,V,0.04049722105264664, 0.12515939006374943
SSL11|CC93,T,0.16110292077064514, 0.1361862269954549
SSL11|CC93,M,0.12518706917762756, 0.14428198482427332
SSL11|CC93,N,0.1712469756603241, 0.16833173814747068
SSL11|CC93,N,0.24222080409526825, 0.17602847102615568
SSL11|CC93,G,0.15770557522773743, 0.18561815387672848
SSL11|CC93,G,0.23599784076213837, 0.1813101139333513
SSL11|CC93,Y,0.2454558163881302, 0.1947394178973304
SSL11|CC93,Y,0.20484201610088348, 0.186325057513184
SSL11|CC93,T,0.12680436670780182, 0.18160752041472328
SSL11|CC93,F,0.12233056128025055, 0.1882183841533131
SSL11|CC93,E,0.24605080485343933, 0.1904475266734759
SSL11|CC93,L,0.09551773220300674, 0.18541819271114138
SSL11|CC93,N,0.1997629702091217, 0.18750137504604128
SSL11|CC93,K,0.21720334887504578, 0.1980185020301077
SSL11|CC93,K,0.2560601234436035, 0.2012317900856336
SSL11|CC93,L,0.20019181072711945, 0.20504496743281683
SSL11|CC93,Q,0.2235906571149826, 0.2135036720169915
SSL11|CC93,E,0.22145850956439972, 0.2084904114405314
SSL11|CC93,H,0.15125015377998352, 0.20672558744748434
SSL11|CC93,R,0.2803694009780884, 0.19838415914111668
SSL11|CC93,M,0.17164607346057892, 0.19126341243584952
SSL11|CC93,G,0.15464362502098083, 0.18719911740885842
SSL11|CC93,D,0.20131993293762207, 0.17392983535925546
SSL11|CC93,V,0.18098726868629456, 0.18018350667423672
SSL11|CC93,I,0.13610509037971497, 0.17081239322821298
SSL11|CC93,D,0.18701200187206268, 0.16072607454326418
SSL11|CC93,G,0.10203497111797333, 0.16007030258576074
SSL11|CC93,T,0.20753319561481476, 0.15689172761307824
SSL11|CC93,K,0.19602937996387482, 0.14225176142321694
SSL11|CC93,I,0.08086920529603958, 0.14317001071241167
SSL11|CC93,K,0.14874167740345, 0.12801469158795145
SSL11|CC93,E,0.1727127581834793, 0.13635093925727737
SSL11|CC93,I,0.04922757297754288, 0.12487790692183706
SSL11|CC93,N,0.14436933398246765, 0.11734732530183262
SSL11|CC93,V,0.0506141297519207, 0.10836185804671711
SSL11|CC93,E,0.17706120014190674, 0.09183500500188933
SSL11|CC93,L,0.1042759045958519, 0.0726446985370583
SSL11|CC93,N,0.12825414538383484, 0.06717496820622021